location_id,sensors_id,location,datetime,lat,lon,parameter,units,value
7425,21603,Parramatta North-7425,2020-02-01T01:00:00+11:00,-33.799444,150.997778,pm10,µg/m³,26.9
7425,21603,Parramatta North-7425,2020-02-01T02:00:00+11:00,-33.799444,150.997778,pm10,µg/m³,27.5
7425,21603,Parramatta North-7425,2020-02-01T03:00:00+11:00,-33.799444,150.997778,pm10,µg/m³,27.5
7425,21603,Parramatta North-7425,2020-02-01T04:00:00+11:00,-33.799444,150.997778,pm10,µg/m³,27.5
7425,21603,Parramatta North-7425,2020-02-01T05:00:00+11:00,-33.799444,150.997778,pm10,µg/m³,27.9
7425,21603,Parramatta North-7425,2020-02-01T06:00:00+11:00,-33.799444,150.997778,pm10,µg/m³,28.1
7425,21603,Parramatta North-7425,2020-02-01T07:00:00+11:00,-33.799444,150.997778,pm10,µg/m³,28.1
7425,21603,Parramatta North-7425,2020-02-01T08:00:00+11:00,-33.799444,150.997778,pm10,µg/m³,28.2
7425,21603,Parramatta North-7425,2020-02-01T09:00:00+11:00,-33.799444,150.997778,pm10,µg/m³,27.7
7425,21603,Parramatta North-7425,2020-02-01T10:00:00+11:00,-33.799444,150.997778,pm10,µg/m³,28.5
7425,21603,Parramatta North-7425,2020-02-01T11:00:00+11:00,-33.799444,150.997778,pm10,µg/m³,28.9
7425,21603,Parramatta North-7425,2020-02-01T12:00:00+11:00,-33.799444,150.997778,pm10,µg/m³,29.9
7425,21603,Parramatta North-7425,2020-02-01T13:00:00+11:00,-33.799444,150.997778,pm10,µg/m³,25.4
7425,21603,Parramatta North-7425,2020-02-01T14:00:00+11:00,-33.799444,150.997778,pm10,µg/m³,26.9
7425,21603,Parramatta North-7425,2020-02-01T15:00:00+11:00,-33.799444,150.997778,pm10,µg/m³,26.6
7425,21603,Parramatta North-7425,2020-02-01T16:00:00+11:00,-33.799444,150.997778,pm10,µg/m³,28.5
7425,21603,Parramatta North-7425,2020-02-01T17:00:00+11:00,-33.799444,150.997778,pm10,µg/m³,29.2
7425,21603,Parramatta North-7425,2020-02-01T18:00:00+11:00,-33.799444,150.997778,pm10,µg/m³,30.2
7425,21603,Parramatta North-7425,2020-02-01T19:00:00+11:00,-33.799444,150.997778,pm10,µg/m³,31.5
7425,21603,Parramatta North-7425,2020-02-01T20:00:00+11:00,-33.799444,150.997778,pm10,µg/m³,32.3
7425,21603,Parramatta North-7425,2020-02-01T21:00:00+11:00,-33.799444,150.997778,pm10,µg/m³,33.0
7425,21603,Parramatta North-7425,2020-02-01T22:00:00+11:00,-33.799444,150.997778,pm10,µg/m³,33.3
7425,21603,Parramatta North-7425,2020-02-01T23:00:00+11:00,-33.799444,150.997778,pm10,µg/m³,33.4
7425,21604,Parramatta North-7425,2020-02-01T01:00:00+11:00,-33.799444,150.997778,pm25,µg/m³,12.4
7425,21604,Parramatta North-7425,2020-02-01T02:00:00+11:00,-33.799444,150.997778,pm25,µg/m³,12.6
7425,21604,Parramatta North-7425,2020-02-01T03:00:00+11:00,-33.799444,150.997778,pm25,µg/m³,12.7
7425,21604,Parramatta North-7425,2020-02-01T04:00:00+11:00,-33.799444,150.997778,pm25,µg/m³,12.9
7425,21604,Parramatta North-7425,2020-02-01T05:00:00+11:00,-33.799444,150.997778,pm25,µg/m³,12.9
7425,21604,Parramatta North-7425,2020-02-01T06:00:00+11:00,-33.799444,150.997778,pm25,µg/m³,12.3
7425,21604,Parramatta North-7425,2020-02-01T07:00:00+11:00,-33.799444,150.997778,pm25,µg/m³,12.2
7425,21604,Parramatta North-7425,2020-02-01T08:00:00+11:00,-33.799444,150.997778,pm25,µg/m³,12.1
7425,21604,Parramatta North-7425,2020-02-01T09:00:00+11:00,-33.799444,150.997778,pm25,µg/m³,11.9
7425,21604,Parramatta North-7425,2020-02-01T10:00:00+11:00,-33.799444,150.997778,pm25,µg/m³,11.7
7425,21604,Parramatta North-7425,2020-02-01T11:00:00+11:00,-33.799444,150.997778,pm25,µg/m³,11.4
7425,21604,Parramatta North-7425,2020-02-01T12:00:00+11:00,-33.799444,150.997778,pm25,µg/m³,11.3
7425,21604,Parramatta North-7425,2020-02-01T13:00:00+11:00,-33.799444,150.997778,pm25,µg/m³,11.2
7425,21604,Parramatta North-7425,2020-02-01T14:00:00+11:00,-33.799444,150.997778,pm25,µg/m³,11.2
7425,21604,Parramatta North-7425,2020-02-01T15:00:00+11:00,-33.799444,150.997778,pm25,µg/m³,11.1
7425,21604,Parramatta North-7425,2020-02-01T16:00:00+11:00,-33.799444,150.997778,pm25,µg/m³,10.8
7425,21604,Parramatta North-7425,2020-02-01T17:00:00+11:00,-33.799444,150.997778,pm25,µg/m³,10.6
7425,21604,Parramatta North-7425,2020-02-01T18:00:00+11:00,-33.799444,150.997778,pm25,µg/m³,10.4
7425,21604,Parramatta North-7425,2020-02-01T19:00:00+11:00,-33.799444,150.997778,pm25,µg/m³,10.5
7425,21604,Parramatta North-7425,2020-02-01T20:00:00+11:00,-33.799444,150.997778,pm25,µg/m³,10.7
7425,21604,Parramatta North-7425,2020-02-01T21:00:00+11:00,-33.799444,150.997778,pm25,µg/m³,10.7
7425,21604,Parramatta North-7425,2020-02-01T22:00:00+11:00,-33.799444,150.997778,pm25,µg/m³,10.4
7425,21604,Parramatta North-7425,2020-02-01T23:00:00+11:00,-33.799444,150.997778,pm25,µg/m³,10.5
7425,25469,Parramatta North-7425,2020-02-01T01:00:00+11:00,-33.799444,150.997778,no2,ppm,0.01
7425,25469,Parramatta North-7425,2020-02-01T03:00:00+11:00,-33.799444,150.997778,no2,ppm,0.012
7425,25469,Parramatta North-7425,2020-02-01T04:00:00+11:00,-33.799444,150.997778,no2,ppm,0.011
7425,25469,Parramatta North-7425,2020-02-01T05:00:00+11:00,-33.799444,150.997778,no2,ppm,0.008
7425,25469,Parramatta North-7425,2020-02-01T06:00:00+11:00,-33.799444,150.997778,no2,ppm,0.008
7425,25469,Parramatta North-7425,2020-02-01T07:00:00+11:00,-33.799444,150.997778,no2,ppm,0.01
7425,25469,Parramatta North-7425,2020-02-01T08:00:00+11:00,-33.799444,150.997778,no2,ppm,0.013
7425,25469,Parramatta North-7425,2020-02-01T09:00:00+11:00,-33.799444,150.997778,no2,ppm,0.006
7425,25469,Parramatta North-7425,2020-02-01T10:00:00+11:00,-33.799444,150.997778,no2,ppm,0.013
7425,25469,Parramatta North-7425,2020-02-01T11:00:00+11:00,-33.799444,150.997778,no2,ppm,0.01
7425,25469,Parramatta North-7425,2020-02-01T12:00:00+11:00,-33.799444,150.997778,no2,ppm,0.002
7425,25469,Parramatta North-7425,2020-02-01T13:00:00+11:00,-33.799444,150.997778,no2,ppm,0.001
7425,25469,Parramatta North-7425,2020-02-01T14:00:00+11:00,-33.799444,150.997778,no2,ppm,0.002
7425,25469,Parramatta North-7425,2020-02-01T15:00:00+11:00,-33.799444,150.997778,no2,ppm,0.003
7425,25469,Parramatta North-7425,2020-02-01T16:00:00+11:00,-33.799444,150.997778,no2,ppm,0.004
7425,25469,Parramatta North-7425,2020-02-01T17:00:00+11:00,-33.799444,150.997778,no2,ppm,0.002
7425,25469,Parramatta North-7425,2020-02-01T18:00:00+11:00,-33.799444,150.997778,no2,ppm,0.003
7425,25469,Parramatta North-7425,2020-02-01T19:00:00+11:00,-33.799444,150.997778,no2,ppm,0.003
7425,25469,Parramatta North-7425,2020-02-01T20:00:00+11:00,-33.799444,150.997778,no2,ppm,0.008
7425,25469,Parramatta North-7425,2020-02-01T21:00:00+11:00,-33.799444,150.997778,no2,ppm,0.02
7425,25469,Parramatta North-7425,2020-02-01T22:00:00+11:00,-33.799444,150.997778,no2,ppm,0.016
7425,25469,Parramatta North-7425,2020-02-01T23:00:00+11:00,-33.799444,150.997778,no2,ppm,0.02
7425,28317,Parramatta North-7425,2020-02-01T01:00:00+11:00,-33.799444,150.997778,co,ppm,0.2
7425,28317,Parramatta North-7425,2020-02-01T02:00:00+11:00,-33.799444,150.997778,co,ppm,0.2
7425,28317,Parramatta North-7425,2020-02-01T03:00:00+11:00,-33.799444,150.997778,co,ppm,0.2
7425,28317,Parramatta North-7425,2020-02-01T04:00:00+11:00,-33.799444,150.997778,co,ppm,0.2
7425,28317,Parramatta North-7425,2020-02-01T05:00:00+11:00,-33.799444,150.997778,co,ppm,0.2
7425,28317,Parramatta North-7425,2020-02-01T06:00:00+11:00,-33.799444,150.997778,co,ppm,0.2
7425,28317,Parramatta North-7425,2020-02-01T07:00:00+11:00,-33.799444,150.997778,co,ppm,0.2
7425,28317,Parramatta North-7425,2020-02-01T08:00:00+11:00,-33.799444,150.997778,co,ppm,0.2
7425,28317,Parramatta North-7425,2020-02-01T09:00:00+11:00,-33.799444,150.997778,co,ppm,0.2
7425,28317,Parramatta North-7425,2020-02-01T10:00:00+11:00,-33.799444,150.997778,co,ppm,0.2
7425,28317,Parramatta North-7425,2020-02-01T11:00:00+11:00,-33.799444,150.997778,co,ppm,0.2
7425,28317,Parramatta North-7425,2020-02-01T12:00:00+11:00,-33.799444,150.997778,co,ppm,0.2
7425,28317,Parramatta North-7425,2020-02-01T13:00:00+11:00,-33.799444,150.997778,co,ppm,0.2
7425,28317,Parramatta North-7425,2020-02-01T14:00:00+11:00,-33.799444,150.997778,co,ppm,0.2
7425,28317,Parramatta North-7425,2020-02-01T15:00:00+11:00,-33.799444,150.997778,co,ppm,0.2
7425,28317,Parramatta North-7425,2020-02-01T16:00:00+11:00,-33.799444,150.997778,co,ppm,0.2
7425,28317,Parramatta North-7425,2020-02-01T17:00:00+11:00,-33.799444,150.997778,co,ppm,0.2
7425,28317,Parramatta North-7425,2020-02-01T18:00:00+11:00,-33.799444,150.997778,co,ppm,0.2
7425,28317,Parramatta North-7425,2020-02-01T19:00:00+11:00,-33.799444,150.997778,co,ppm,0.2
7425,28317,Parramatta North-7425,2020-02-01T20:00:00+11:00,-33.799444,150.997778,co,ppm,0.2
7425,28317,Parramatta North-7425,2020-02-01T21:00:00+11:00,-33.799444,150.997778,co,ppm,0.2
7425,28317,Parramatta North-7425,2020-02-01T22:00:00+11:00,-33.799444,150.997778,co,ppm,0.2
7425,28317,Parramatta North-7425,2020-02-01T23:00:00+11:00,-33.799444,150.997778,co,ppm,0.2
7425,25471,Parramatta North-7425,2020-02-01T01:00:00+11:00,-33.799444,150.997778,so2,ppm,0.002
7425,25471,Parramatta North-7425,2020-02-01T03:00:00+11:00,-33.799444,150.997778,so2,ppm,0.002
7425,25471,Parramatta North-7425,2020-02-01T04:00:00+11:00,-33.799444,150.997778,so2,ppm,0.002
7425,25471,Parramatta North-7425,2020-02-01T05:00:00+11:00,-33.799444,150.997778,so2,ppm,0.001
7425,25471,Parramatta North-7425,2020-02-01T06:00:00+11:00,-33.799444,150.997778,so2,ppm,0.001
7425,25471,Parramatta North-7425,2020-02-01T07:00:00+11:00,-33.799444,150.997778,so2,ppm,0.001
7425,25471,Parramatta North-7425,2020-02-01T08:00:00+11:00,-33.799444,150.997778,so2,ppm,0.002
7425,25471,Parramatta North-7425,2020-02-01T09:00:00+11:00,-33.799444,150.997778,so2,ppm,0.001
7425,25471,Parramatta North-7425,2020-02-01T10:00:00+11:00,-33.799444,150.997778,so2,ppm,0.001
7425,25471,Parramatta North-7425,2020-02-01T11:00:00+11:00,-33.799444,150.997778,so2,ppm,0.001
7425,25471,Parramatta North-7425,2020-02-01T12:00:00+11:00,-33.799444,150.997778,so2,ppm,0.001
7425,25471,Parramatta North-7425,2020-02-01T13:00:00+11:00,-33.799444,150.997778,so2,ppm,0.001
7425,25471,Parramatta North-7425,2020-02-01T14:00:00+11:00,-33.799444,150.997778,so2,ppm,0.001
7425,25471,Parramatta North-7425,2020-02-01T15:00:00+11:00,-33.799444,150.997778,so2,ppm,0.001
7425,25471,Parramatta North-7425,2020-02-01T16:00:00+11:00,-33.799444,150.997778,so2,ppm,0.001
7425,25471,Parramatta North-7425,2020-02-01T17:00:00+11:00,-33.799444,150.997778,so2,ppm,0.001
7425,25471,Parramatta North-7425,2020-02-01T18:00:00+11:00,-33.799444,150.997778,so2,ppm,0.002
7425,25471,Parramatta North-7425,2020-02-01T19:00:00+11:00,-33.799444,150.997778,so2,ppm,0.001
7425,25471,Parramatta North-7425,2020-02-01T20:00:00+11:00,-33.799444,150.997778,so2,ppm,0.007
7425,25471,Parramatta North-7425,2020-02-01T21:00:00+11:00,-33.799444,150.997778,so2,ppm,0.02
7425,25471,Parramatta North-7425,2020-02-01T22:00:00+11:00,-33.799444,150.997778,so2,ppm,0.011
7425,25471,Parramatta North-7425,2020-02-01T23:00:00+11:00,-33.799444,150.997778,so2,ppm,0.007
7425,25470,Parramatta North-7425,2020-02-01T01:00:00+11:00,-33.799444,150.997778,o3,ppm,0.007
7425,25470,Parramatta North-7425,2020-02-01T02:00:00+11:00,-33.799444,150.997778,o3,ppm,0.008
7425,25470,Parramatta North-7425,2020-02-01T03:00:00+11:00,-33.799444,150.997778,o3,ppm,0.005
7425,25470,Parramatta North-7425,2020-02-01T04:00:00+11:00,-33.799444,150.997778,o3,ppm,0.003
7425,25470,Parramatta North-7425,2020-02-01T05:00:00+11:00,-33.799444,150.997778,o3,ppm,0.005
7425,25470,Parramatta North-7425,2020-02-01T06:00:00+11:00,-33.799444,150.997778,o3,ppm,0.004
7425,25470,Parramatta North-7425,2020-02-01T07:00:00+11:00,-33.799444,150.997778,o3,ppm,0.005
7425,25470,Parramatta North-7425,2020-02-01T08:00:00+11:00,-33.799444,150.997778,o3,ppm,0.012
7425,25470,Parramatta North-7425,2020-02-01T09:00:00+11:00,-33.799444,150.997778,o3,ppm,0.04
7425,25470,Parramatta North-7425,2020-02-01T10:00:00+11:00,-33.799444,150.997778,o3,ppm,0.062
7425,25470,Parramatta North-7425,2020-02-01T11:00:00+11:00,-33.799444,150.997778,o3,ppm,0.093
7425,25470,Parramatta North-7425,2020-02-01T12:00:00+11:00,-33.799444,150.997778,o3,ppm,0.078
7425,25470,Parramatta North-7425,2020-02-01T13:00:00+11:00,-33.799444,150.997778,o3,ppm,0.074
7425,25470,Parramatta North-7425,2020-02-01T14:00:00+11:00,-33.799444,150.997778,o3,ppm,0.078
7425,25470,Parramatta North-7425,2020-02-01T15:00:00+11:00,-33.799444,150.997778,o3,ppm,0.086
7425,25470,Parramatta North-7425,2020-02-01T16:00:00+11:00,-33.799444,150.997778,o3,ppm,0.08
7425,25470,Parramatta North-7425,2020-02-01T17:00:00+11:00,-33.799444,150.997778,o3,ppm,0.073
7425,25470,Parramatta North-7425,2020-02-01T18:00:00+11:00,-33.799444,150.997778,o3,ppm,0.074
7425,25470,Parramatta North-7425,2020-02-01T19:00:00+11:00,-33.799444,150.997778,o3,ppm,0.065
7425,25470,Parramatta North-7425,2020-02-01T20:00:00+11:00,-33.799444,150.997778,o3,ppm,0.052
7425,25470,Parramatta North-7425,2020-02-01T21:00:00+11:00,-33.799444,150.997778,o3,ppm,0.033
7425,25470,Parramatta North-7425,2020-02-01T22:00:00+11:00,-33.799444,150.997778,o3,ppm,0.032
7425,25470,Parramatta North-7425,2020-02-01T23:00:00+11:00,-33.799444,150.997778,o3,ppm,0.02
7425,21603,Parramatta North-7425,2020-02-02T01:00:00+11:00,-33.799444,150.997778,pm10,µg/m³,34.9
7425,21603,Parramatta North-7425,2020-02-02T02:00:00+11:00,-33.799444,150.997778,pm10,µg/m³,35.9
7425,21603,Parramatta North-7425,2020-02-02T03:00:00+11:00,-33.799444,150.997778,pm10,µg/m³,36.9
7425,21603,Parramatta North-7425,2020-02-02T04:00:00+11:00,-33.799444,150.997778,pm10,µg/m³,37.4
7425,21603,Parramatta North-7425,2020-02-02T05:00:00+11:00,-33.799444,150.997778,pm10,µg/m³,38.1
7425,21603,Parramatta North-7425,2020-02-02T07:00:00+11:00,-33.799444,150.997778,pm10,µg/m³,41.1
7425,21603,Parramatta North-7425,2020-02-02T08:00:00+11:00,-33.799444,150.997778,pm10,µg/m³,43.7
7425,21603,Parramatta North-7425,2020-02-02T09:00:00+11:00,-33.799444,150.997778,pm10,µg/m³,46.2
7425,21603,Parramatta North-7425,2020-02-02T10:00:00+11:00,-33.799444,150.997778,pm10,µg/m³,46.5
7425,21603,Parramatta North-7425,2020-02-02T11:00:00+11:00,-33.799444,150.997778,pm10,µg/m³,46.2
7425,21603,Parramatta North-7425,2020-02-02T12:00:00+11:00,-33.799444,150.997778,pm10,µg/m³,46.2
7425,21603,Parramatta North-7425,2020-02-02T13:00:00+11:00,-33.799444,150.997778,pm10,µg/m³,48.5
7425,21603,Parramatta North-7425,2020-02-02T14:00:00+11:00,-33.799444,150.997778,pm10,µg/m³,47.2
7425,21603,Parramatta North-7425,2020-02-02T15:00:00+11:00,-33.799444,150.997778,pm10,µg/m³,48.1
7425,21603,Parramatta North-7425,2020-02-02T16:00:00+11:00,-33.799444,150.997778,pm10,µg/m³,48.7
7425,21603,Parramatta North-7425,2020-02-02T17:00:00+11:00,-33.799444,150.997778,pm10,µg/m³,48.7
7425,21603,Parramatta North-7425,2020-02-02T18:00:00+11:00,-33.799444,150.997778,pm10,µg/m³,48.2
7425,21603,Parramatta North-7425,2020-02-02T19:00:00+11:00,-33.799444,150.997778,pm10,µg/m³,47.0
7425,21603,Parramatta North-7425,2020-02-02T20:00:00+11:00,-33.799444,150.997778,pm10,µg/m³,45.5
7425,21603,Parramatta North-7425,2020-02-02T21:00:00+11:00,-33.799444,150.997778,pm10,µg/m³,44.2
7425,21603,Parramatta North-7425,2020-02-02T22:00:00+11:00,-33.799444,150.997778,pm10,µg/m³,42.9
7425,21603,Parramatta North-7425,2020-02-02T23:00:00+11:00,-33.799444,150.997778,pm10,µg/m³,41.3
7425,21604,Parramatta North-7425,2020-02-02T01:00:00+11:00,-33.799444,150.997778,pm25,µg/m³,10.9
7425,21604,Parramatta North-7425,2020-02-02T02:00:00+11:00,-33.799444,150.997778,pm25,µg/m³,11.1
7425,21604,Parramatta North-7425,2020-02-02T03:00:00+11:00,-33.799444,150.997778,pm25,µg/m³,11.4
7425,21604,Parramatta North-7425,2020-02-02T04:00:00+11:00,-33.799444,150.997778,pm25,µg/m³,11.7
7425,21604,Parramatta North-7425,2020-02-02T05:00:00+11:00,-33.799444,150.997778,pm25,µg/m³,12.0
7425,21604,Parramatta North-7425,2020-02-02T07:00:00+11:00,-33.799444,150.997778,pm25,µg/m³,13.6
7425,21604,Parramatta North-7425,2020-02-02T08:00:00+11:00,-33.799444,150.997778,pm25,µg/m³,14.8
7425,21604,Parramatta North-7425,2020-02-02T09:00:00+11:00,-33.799444,150.997778,pm25,µg/m³,16.4
7425,21604,Parramatta North-7425,2020-02-02T10:00:00+11:00,-33.799444,150.997778,pm25,µg/m³,17.6
7425,21604,Parramatta North-7425,2020-02-02T11:00:00+11:00,-33.799444,150.997778,pm25,µg/m³,18.1
7425,21604,Parramatta North-7425,2020-02-02T12:00:00+11:00,-33.799444,150.997778,pm25,µg/m³,18.5
7425,21604,Parramatta North-7425,2020-02-02T13:00:00+11:00,-33.799444,150.997778,pm25,µg/m³,18.9
7425,21604,Parramatta North-7425,2020-02-02T14:00:00+11:00,-33.799444,150.997778,pm25,µg/m³,19.2
7425,21604,Parramatta North-7425,2020-02-02T15:00:00+11:00,-33.799444,150.997778,pm25,µg/m³,19.8
7425,21604,Parramatta North-7425,2020-02-02T16:00:00+11:00,-33.799444,150.997778,pm25,µg/m³,20.3
7425,21604,Parramatta North-7425,2020-02-02T17:00:00+11:00,-33.799444,150.997778,pm25,µg/m³,20.7
7425,21604,Parramatta North-7425,2020-02-02T18:00:00+11:00,-33.799444,150.997778,pm25,µg/m³,20.8
7425,21604,Parramatta North-7425,2020-02-02T19:00:00+11:00,-33.799444,150.997778,pm25,µg/m³,20.7
7425,21604,Parramatta North-7425,2020-02-02T20:00:00+11:00,-33.799444,150.997778,pm25,µg/m³,20.2
7425,21604,Parramatta North-7425,2020-02-02T21:00:00+11:00,-33.799444,150.997778,pm25,µg/m³,19.9
7425,21604,Parramatta North-7425,2020-02-02T22:00:00+11:00,-33.799444,150.997778,pm25,µg/m³,19.8
7425,21604,Parramatta North-7425,2020-02-02T23:00:00+11:00,-33.799444,150.997778,pm25,µg/m³,19.6
7425,25469,Parramatta North-7425,2020-02-02T01:00:00+11:00,-33.799444,150.997778,no2,ppm,0.013
7425,25469,Parramatta North-7425,2020-02-02T03:00:00+11:00,-33.799444,150.997778,no2,ppm,0.009
7425,25469,Parramatta North-7425,2020-02-02T04:00:00+11:00,-33.799444,150.997778,no2,ppm,0.009
7425,25469,Parramatta North-7425,2020-02-02T05:00:00+11:00,-33.799444,150.997778,no2,ppm,0.006
7425,25469,Parramatta North-7425,2020-02-02T07:00:00+11:00,-33.799444,150.997778,no2,ppm,0.002
7425,25469,Parramatta North-7425,2020-02-02T08:00:00+11:00,-33.799444,150.997778,no2,ppm,0.003
7425,25469,Parramatta North-7425,2020-02-02T09:00:00+11:00,-33.799444,150.997778,no2,ppm,0.003
7425,25469,Parramatta North-7425,2020-02-02T10:00:00+11:00,-33.799444,150.997778,no2,ppm,0.006
7425,25469,Parramatta North-7425,2020-02-02T11:00:00+11:00,-33.799444,150.997778,no2,ppm,0.008
7425,25469,Parramatta North-7425,2020-02-02T12:00:00+11:00,-33.799444,150.997778,no2,ppm,0.007
7425,25469,Parramatta North-7425,2020-02-02T13:00:00+11:00,-33.799444,150.997778,no2,ppm,0.008
7425,25469,Parramatta North-7425,2020-02-02T14:00:00+11:00,-33.799444,150.997778,no2,ppm,0.004
7425,25469,Parramatta North-7425,2020-02-02T15:00:00+11:00,-33.799444,150.997778,no2,ppm,0.002
7425,25469,Parramatta North-7425,2020-02-02T16:00:00+11:00,-33.799444,150.997778,no2,ppm,0.001
7425,25469,Parramatta North-7425,2020-02-02T17:00:00+11:00,-33.799444,150.997778,no2,ppm,0.002
7425,25469,Parramatta North-7425,2020-02-02T18:00:00+11:00,-33.799444,150.997778,no2,ppm,0.002
7425,25469,Parramatta North-7425,2020-02-02T19:00:00+11:00,-33.799444,150.997778,no2,ppm,0.002
7425,25469,Parramatta North-7425,2020-02-02T20:00:00+11:00,-33.799444,150.997778,no2,ppm,0.003
7425,25469,Parramatta North-7425,2020-02-02T21:00:00+11:00,-33.799444,150.997778,no2,ppm,0.003
7425,25469,Parramatta North-7425,2020-02-02T22:00:00+11:00,-33.799444,150.997778,no2,ppm,0.005
7425,25469,Parramatta North-7425,2020-02-02T23:00:00+11:00,-33.799444,150.997778,no2,ppm,0.004
7425,28317,Parramatta North-7425,2020-02-02T01:00:00+11:00,-33.799444,150.997778,co,ppm,0.2
7425,28317,Parramatta North-7425,2020-02-02T02:00:00+11:00,-33.799444,150.997778,co,ppm,0.2
7425,28317,Parramatta North-7425,2020-02-02T03:00:00+11:00,-33.799444,150.997778,co,ppm,0.2
7425,28317,Parramatta North-7425,2020-02-02T04:00:00+11:00,-33.799444,150.997778,co,ppm,0.2
7425,28317,Parramatta North-7425,2020-02-02T05:00:00+11:00,-33.799444,150.997778,co,ppm,0.2
7425,28317,Parramatta North-7425,2020-02-02T07:00:00+11:00,-33.799444,150.997778,co,ppm,0.3
7425,28317,Parramatta North-7425,2020-02-02T08:00:00+11:00,-33.799444,150.997778,co,ppm,0.3
7425,28317,Parramatta North-7425,2020-02-02T09:00:00+11:00,-33.799444,150.997778,co,ppm,0.4
7425,28317,Parramatta North-7425,2020-02-02T10:00:00+11:00,-33.799444,150.997778,co,ppm,0.4
7425,28317,Parramatta North-7425,2020-02-02T11:00:00+11:00,-33.799444,150.997778,co,ppm,0.4
7425,28317,Parramatta North-7425,2020-02-02T12:00:00+11:00,-33.799444,150.997778,co,ppm,0.4
7425,28317,Parramatta North-7425,2020-02-02T13:00:00+11:00,-33.799444,150.997778,co,ppm,0.4
7425,28317,Parramatta North-7425,2020-02-02T14:00:00+11:00,-33.799444,150.997778,co,ppm,0.4
7425,28317,Parramatta North-7425,2020-02-02T15:00:00+11:00,-33.799444,150.997778,co,ppm,0.4
7425,28317,Parramatta North-7425,2020-02-02T16:00:00+11:00,-33.799444,150.997778,co,ppm,0.3
7425,28317,Parramatta North-7425,2020-02-02T17:00:00+11:00,-33.799444,150.997778,co,ppm,0.3
7425,28317,Parramatta North-7425,2020-02-02T18:00:00+11:00,-33.799444,150.997778,co,ppm,0.2
7425,28317,Parramatta North-7425,2020-02-02T19:00:00+11:00,-33.799444,150.997778,co,ppm,0.2
7425,28317,Parramatta North-7425,2020-02-02T20:00:00+11:00,-33.799444,150.997778,co,ppm,0.2
7425,28317,Parramatta North-7425,2020-02-02T21:00:00+11:00,-33.799444,150.997778,co,ppm,0.2
7425,28317,Parramatta North-7425,2020-02-02T22:00:00+11:00,-33.799444,150.997778,co,ppm,0.2
7425,28317,Parramatta North-7425,2020-02-02T23:00:00+11:00,-33.799444,150.997778,co,ppm,0.2
7425,25471,Parramatta North-7425,2020-02-02T01:00:00+11:00,-33.799444,150.997778,so2,ppm,0.003
7425,25471,Parramatta North-7425,2020-02-02T03:00:00+11:00,-33.799444,150.997778,so2,ppm,0.001
7425,25471,Parramatta North-7425,2020-02-02T04:00:00+11:00,-33.799444,150.997778,so2,ppm,0.001
7425,25471,Parramatta North-7425,2020-02-02T05:00:00+11:00,-33.799444,150.997778,so2,ppm,0.002
7425,25471,Parramatta North-7425,2020-02-02T07:00:00+11:00,-33.799444,150.997778,so2,ppm,0.001
7425,25471,Parramatta North-7425,2020-02-02T08:00:00+11:00,-33.799444,150.997778,so2,ppm,0.001
7425,25471,Parramatta North-7425,2020-02-02T09:00:00+11:00,-33.799444,150.997778,so2,ppm,0.001
7425,25471,Parramatta North-7425,2020-02-02T10:00:00+11:00,-33.799444,150.997778,so2,ppm,0.001
7425,25471,Parramatta North-7425,2020-02-02T11:00:00+11:00,-33.799444,150.997778,so2,ppm,0.001
7425,25471,Parramatta North-7425,2020-02-02T12:00:00+11:00,-33.799444,150.997778,so2,ppm,0.001
7425,25471,Parramatta North-7425,2020-02-02T13:00:00+11:00,-33.799444,150.997778,so2,ppm,0.001
7425,25471,Parramatta North-7425,2020-02-02T14:00:00+11:00,-33.799444,150.997778,so2,ppm,0.001
7425,25471,Parramatta North-7425,2020-02-02T15:00:00+11:00,-33.799444,150.997778,so2,ppm,0.001
7425,25471,Parramatta North-7425,2020-02-02T16:00:00+11:00,-33.799444,150.997778,so2,ppm,0.0
7425,25471,Parramatta North-7425,2020-02-02T17:00:00+11:00,-33.799444,150.997778,so2,ppm,0.0
7425,25471,Parramatta North-7425,2020-02-02T18:00:00+11:00,-33.799444,150.997778,so2,ppm,0.0
7425,25471,Parramatta North-7425,2020-02-02T19:00:00+11:00,-33.799444,150.997778,so2,ppm,0.0
7425,25471,Parramatta North-7425,2020-02-02T20:00:00+11:00,-33.799444,150.997778,so2,ppm,0.0
7425,25471,Parramatta North-7425,2020-02-02T21:00:00+11:00,-33.799444,150.997778,so2,ppm,0.0
7425,25471,Parramatta North-7425,2020-02-02T22:00:00+11:00,-33.799444,150.997778,so2,ppm,0.0
7425,25471,Parramatta North-7425,2020-02-02T23:00:00+11:00,-33.799444,150.997778,so2,ppm,0.0
7425,25470,Parramatta North-7425,2020-02-02T01:00:00+11:00,-33.799444,150.997778,o3,ppm,0.014
7425,25470,Parramatta North-7425,2020-02-02T02:00:00+11:00,-33.799444,150.997778,o3,ppm,0.016
7425,25470,Parramatta North-7425,2020-02-02T03:00:00+11:00,-33.799444,150.997778,o3,ppm,0.016
7425,25470,Parramatta North-7425,2020-02-02T04:00:00+11:00,-33.799444,150.997778,o3,ppm,0.015
7425,25470,Parramatta North-7425,2020-02-02T05:00:00+11:00,-33.799444,150.997778,o3,ppm,0.018
7425,25470,Parramatta North-7425,2020-02-02T07:00:00+11:00,-33.799444,150.997778,o3,ppm,0.036
7425,25470,Parramatta North-7425,2020-02-02T08:00:00+11:00,-33.799444,150.997778,o3,ppm,0.033
7425,25470,Parramatta North-7425,2020-02-02T09:00:00+11:00,-33.799444,150.997778,o3,ppm,0.033
7425,25470,Parramatta North-7425,2020-02-02T10:00:00+11:00,-33.799444,150.997778,o3,ppm,0.032
7425,25470,Parramatta North-7425,2020-02-02T11:00:00+11:00,-33.799444,150.997778,o3,ppm,0.03
7425,25470,Parramatta North-7425,2020-02-02T12:00:00+11:00,-33.799444,150.997778,o3,ppm,0.035
7425,25470,Parramatta North-7425,2020-02-02T13:00:00+11:00,-33.799444,150.997778,o3,ppm,0.044
7425,25470,Parramatta North-7425,2020-02-02T14:00:00+11:00,-33.799444,150.997778,o3,ppm,0.04
7425,25470,Parramatta North-7425,2020-02-02T15:00:00+11:00,-33.799444,150.997778,o3,ppm,0.038
7425,25470,Parramatta North-7425,2020-02-02T16:00:00+11:00,-33.799444,150.997778,o3,ppm,0.032
7425,25470,Parramatta North-7425,2020-02-02T17:00:00+11:00,-33.799444,150.997778,o3,ppm,0.027
7425,25470,Parramatta North-7425,2020-02-02T18:00:00+11:00,-33.799444,150.997778,o3,ppm,0.024
7425,25470,Parramatta North-7425,2020-02-02T19:00:00+11:00,-33.799444,150.997778,o3,ppm,0.022
7425,25470,Parramatta North-7425,2020-02-02T20:00:00+11:00,-33.799444,150.997778,o3,ppm,0.021
7425,25470,Parramatta North-7425,2020-02-02T21:00:00+11:00,-33.799444,150.997778,o3,ppm,0.017
7425,25470,Parramatta North-7425,2020-02-02T22:00:00+11:00,-33.799444,150.997778,o3,ppm,0.015
7425,25470,Parramatta North-7425,2020-02-02T23:00:00+11:00,-33.799444,150.997778,o3,ppm,0.018
7425,21603,Parramatta North-7425,2020-02-03T01:00:00+11:00,-33.799444,150.997778,pm10,µg/m³,39.3
7425,21603,Parramatta North-7425,2020-02-03T02:00:00+11:00,-33.799444,150.997778,pm10,µg/m³,38.3
7425,21603,Parramatta North-7425,2020-02-03T03:00:00+11:00,-33.799444,150.997778,pm10,µg/m³,37.4
7425,21603,Parramatta North-7425,2020-02-03T04:00:00+11:00,-33.799444,150.997778,pm10,µg/m³,36.6
7425,21603,Parramatta North-7425,2020-02-03T05:00:00+11:00,-33.799444,150.997778,pm10,µg/m³,35.6
7425,21603,Parramatta North-7425,2020-02-03T06:00:00+11:00,-33.799444,150.997778,pm10,µg/m³,34.6
7425,21603,Parramatta North-7425,2020-02-03T07:00:00+11:00,-33.799444,150.997778,pm10,µg/m³,32.8
7425,21603,Parramatta North-7425,2020-02-03T08:00:00+11:00,-33.799444,150.997778,pm10,µg/m³,29.9
7425,21603,Parramatta North-7425,2020-02-03T09:00:00+11:00,-33.799444,150.997778,pm10,µg/m³,27.8
7425,21603,Parramatta North-7425,2020-02-03T10:00:00+11:00,-33.799444,150.997778,pm10,µg/m³,26.3
7425,21603,Parramatta North-7425,2020-02-03T11:00:00+11:00,-33.799444,150.997778,pm10,µg/m³,25.6
7425,21603,Parramatta North-7425,2020-02-03T12:00:00+11:00,-33.799444,150.997778,pm10,µg/m³,23.6
7425,21603,Parramatta North-7425,2020-02-03T13:00:00+11:00,-33.799444,150.997778,pm10,µg/m³,22.3
7425,21603,Parramatta North-7425,2020-02-03T14:00:00+11:00,-33.799444,150.997778,pm10,µg/m³,20.8
7425,21603,Parramatta North-7425,2020-02-03T15:00:00+11:00,-33.799444,150.997778,pm10,µg/m³,19.2
7425,21603,Parramatta North-7425,2020-02-03T16:00:00+11:00,-33.799444,150.997778,pm10,µg/m³,18.2
7425,21603,Parramatta North-7425,2020-02-03T17:00:00+11:00,-33.799444,150.997778,pm10,µg/m³,18.5
7425,21603,Parramatta North-7425,2020-02-03T18:00:00+11:00,-33.799444,150.997778,pm10,µg/m³,21.2
7425,21603,Parramatta North-7425,2020-02-03T19:00:00+11:00,-33.799444,150.997778,pm10,µg/m³,22.7
7425,21603,Parramatta North-7425,2020-02-03T20:00:00+11:00,-33.799444,150.997778,pm10,µg/m³,24.7
7425,21603,Parramatta North-7425,2020-02-03T21:00:00+11:00,-33.799444,150.997778,pm10,µg/m³,27.2
7425,21603,Parramatta North-7425,2020-02-03T22:00:00+11:00,-33.799444,150.997778,pm10,µg/m³,32.2
7425,21603,Parramatta North-7425,2020-02-03T23:00:00+11:00,-33.799444,150.997778,pm10,µg/m³,36.2
7425,21604,Parramatta North-7425,2020-02-03T01:00:00+11:00,-33.799444,150.997778,pm25,µg/m³,18.9
7425,21604,Parramatta North-7425,2020-02-03T02:00:00+11:00,-33.799444,150.997778,pm25,µg/m³,18.7
7425,21604,Parramatta North-7425,2020-02-03T03:00:00+11:00,-33.799444,150.997778,pm25,µg/m³,18.3
7425,21604,Parramatta North-7425,2020-02-03T04:00:00+11:00,-33.799444,150.997778,pm25,µg/m³,17.9
7425,21604,Parramatta North-7425,2020-02-03T05:00:00+11:00,-33.799444,150.997778,pm25,µg/m³,17.5
7425,21604,Parramatta North-7425,2020-02-03T06:00:00+11:00,-33.799444,150.997778,pm25,µg/m³,16.8
7425,21604,Parramatta North-7425,2020-02-03T07:00:00+11:00,-33.799444,150.997778,pm25,µg/m³,15.8
7425,21604,Parramatta North-7425,2020-02-03T08:00:00+11:00,-33.799444,150.997778,pm25,µg/m³,14.5
7425,21604,Parramatta North-7425,2020-02-03T09:00:00+11:00,-33.799444,150.997778,pm25,µg/m³,12.7
7425,21604,Parramatta North-7425,2020-02-03T10:00:00+11:00,-33.799444,150.997778,pm25,µg/m³,11.4
7425,21604,Parramatta North-7425,2020-02-03T11:00:00+11:00,-33.799444,150.997778,pm25,µg/m³,10.6
7425,21604,Parramatta North-7425,2020-02-03T12:00:00+11:00,-33.799444,150.997778,pm25,µg/m³,10.0
7425,21604,Parramatta North-7425,2020-02-03T13:00:00+11:00,-33.799444,150.997778,pm25,µg/m³,9.5
7425,21604,Parramatta North-7425,2020-02-03T14:00:00+11:00,-33.799444,150.997778,pm25,µg/m³,9.2
7425,21604,Parramatta North-7425,2020-02-03T15:00:00+11:00,-33.799444,150.997778,pm25,µg/m³,9.0
7425,21604,Parramatta North-7425,2020-02-03T16:00:00+11:00,-33.799444,150.997778,pm25,µg/m³,8.6
7425,21604,Parramatta North-7425,2020-02-03T17:00:00+11:00,-33.799444,150.997778,pm25,µg/m³,8.1
7425,21604,Parramatta North-7425,2020-02-03T18:00:00+11:00,-33.799444,150.997778,pm25,µg/m³,7.9
7425,21604,Parramatta North-7425,2020-02-03T19:00:00+11:00,-33.799444,150.997778,pm25,µg/m³,8.2
7425,21604,Parramatta North-7425,2020-02-03T20:00:00+11:00,-33.799444,150.997778,pm25,µg/m³,9.0
7425,21604,Parramatta North-7425,2020-02-03T21:00:00+11:00,-33.799444,150.997778,pm25,µg/m³,9.8
7425,21604,Parramatta North-7425,2020-02-03T22:00:00+11:00,-33.799444,150.997778,pm25,µg/m³,11.4
7425,21604,Parramatta North-7425,2020-02-03T23:00:00+11:00,-33.799444,150.997778,pm25,µg/m³,13.6
7425,25469,Parramatta North-7425,2020-02-03T01:00:00+11:00,-33.799444,150.997778,no2,ppm,0.002
7425,25469,Parramatta North-7425,2020-02-03T03:00:00+11:00,-33.799444,150.997778,no2,ppm,0.002
7425,25469,Parramatta North-7425,2020-02-03T04:00:00+11:00,-33.799444,150.997778,no2,ppm,0.003
7425,25469,Parramatta North-7425,2020-02-03T05:00:00+11:00,-33.799444,150.997778,no2,ppm,0.007
7425,25469,Parramatta North-7425,2020-02-03T06:00:00+11:00,-33.799444,150.997778,no2,ppm,0.009
7425,25469,Parramatta North-7425,2020-02-03T07:00:00+11:00,-33.799444,150.997778,no2,ppm,0.015
7425,25469,Parramatta North-7425,2020-02-03T08:00:00+11:00,-33.799444,150.997778,no2,ppm,0.015
7425,25469,Parramatta North-7425,2020-02-03T09:00:00+11:00,-33.799444,150.997778,no2,ppm,0.013
7425,25469,Parramatta North-7425,2020-02-03T10:00:00+11:00,-33.799444,150.997778,no2,ppm,0.011
7425,25469,Parramatta North-7425,2020-02-03T11:00:00+11:00,-33.799444,150.997778,no2,ppm,0.006
7425,25469,Parramatta North-7425,2020-02-03T12:00:00+11:00,-33.799444,150.997778,no2,ppm,0.006
7425,25469,Parramatta North-7425,2020-02-03T13:00:00+11:00,-33.799444,150.997778,no2,ppm,0.004
7425,25469,Parramatta North-7425,2020-02-03T14:00:00+11:00,-33.799444,150.997778,no2,ppm,0.003
7425,25469,Parramatta North-7425,2020-02-03T15:00:00+11:00,-33.799444,150.997778,no2,ppm,0.003
7425,25469,Parramatta North-7425,2020-02-03T16:00:00+11:00,-33.799444,150.997778,no2,ppm,0.005
7425,25469,Parramatta North-7425,2020-02-03T17:00:00+11:00,-33.799444,150.997778,no2,ppm,0.007
7425,25469,Parramatta North-7425,2020-02-03T18:00:00+11:00,-33.799444,150.997778,no2,ppm,0.002
7425,25469,Parramatta North-7425,2020-02-03T19:00:00+11:00,-33.799444,150.997778,no2,ppm,0.001
7425,25469,Parramatta North-7425,2020-02-03T20:00:00+11:00,-33.799444,150.997778,no2,ppm,0.001
7425,25469,Parramatta North-7425,2020-02-03T21:00:00+11:00,-33.799444,150.997778,no2,ppm,0.001
7425,25469,Parramatta North-7425,2020-02-03T22:00:00+11:00,-33.799444,150.997778,no2,ppm,0.001
7425,25469,Parramatta North-7425,2020-02-03T23:00:00+11:00,-33.799444,150.997778,no2,ppm,0.001
7425,28317,Parramatta North-7425,2020-02-03T01:00:00+11:00,-33.799444,150.997778,co,ppm,0.2
7425,28317,Parramatta North-7425,2020-02-03T02:00:00+11:00,-33.799444,150.997778,co,ppm,0.2
7425,28317,Parramatta North-7425,2020-02-03T03:00:00+11:00,-33.799444,150.997778,co,ppm,0.2
7425,28317,Parramatta North-7425,2020-02-03T04:00:00+11:00,-33.799444,150.997778,co,ppm,0.2
7425,28317,Parramatta North-7425,2020-02-03T05:00:00+11:00,-33.799444,150.997778,co,ppm,0.2
7425,28317,Parramatta North-7425,2020-02-03T06:00:00+11:00,-33.799444,150.997778,co,ppm,0.2
7425,28317,Parramatta North-7425,2020-02-03T07:00:00+11:00,-33.799444,150.997778,co,ppm,0.2
7425,28317,Parramatta North-7425,2020-02-03T08:00:00+11:00,-33.799444,150.997778,co,ppm,0.2
7425,28317,Parramatta North-7425,2020-02-03T09:00:00+11:00,-33.799444,150.997778,co,ppm,0.3
7425,28317,Parramatta North-7425,2020-02-03T10:00:00+11:00,-33.799444,150.997778,co,ppm,0.3
7425,28317,Parramatta North-7425,2020-02-03T11:00:00+11:00,-33.799444,150.997778,co,ppm,0.3
7425,28317,Parramatta North-7425,2020-02-03T12:00:00+11:00,-33.799444,150.997778,co,ppm,0.3
7425,28317,Parramatta North-7425,2020-02-03T13:00:00+11:00,-33.799444,150.997778,co,ppm,0.3
7425,28317,Parramatta North-7425,2020-02-03T14:00:00+11:00,-33.799444,150.997778,co,ppm,0.3
7425,28317,Parramatta North-7425,2020-02-03T15:00:00+11:00,-33.799444,150.997778,co,ppm,0.2
7425,28317,Parramatta North-7425,2020-02-03T16:00:00+11:00,-33.799444,150.997778,co,ppm,0.2
7425,28317,Parramatta North-7425,2020-02-03T17:00:00+11:00,-33.799444,150.997778,co,ppm,0.2
7425,28317,Parramatta North-7425,2020-02-03T18:00:00+11:00,-33.799444,150.997778,co,ppm,0.2
7425,28317,Parramatta North-7425,2020-02-03T19:00:00+11:00,-33.799444,150.997778,co,ppm,0.2
7425,28317,Parramatta North-7425,2020-02-03T20:00:00+11:00,-33.799444,150.997778,co,ppm,0.2
7425,28317,Parramatta North-7425,2020-02-03T21:00:00+11:00,-33.799444,150.997778,co,ppm,0.2
7425,28317,Parramatta North-7425,2020-02-03T22:00:00+11:00,-33.799444,150.997778,co,ppm,0.2
7425,28317,Parramatta North-7425,2020-02-03T23:00:00+11:00,-33.799444,150.997778,co,ppm,0.3
7425,25471,Parramatta North-7425,2020-02-03T01:00:00+11:00,-33.799444,150.997778,so2,ppm,0.0
7425,25471,Parramatta North-7425,2020-02-03T03:00:00+11:00,-33.799444,150.997778,so2,ppm,0.0
7425,25471,Parramatta North-7425,2020-02-03T04:00:00+11:00,-33.799444,150.997778,so2,ppm,0.0
7425,25471,Parramatta North-7425,2020-02-03T05:00:00+11:00,-33.799444,150.997778,so2,ppm,0.0
7425,25471,Parramatta North-7425,2020-02-03T06:00:00+11:00,-33.799444,150.997778,so2,ppm,0.0
7425,25471,Parramatta North-7425,2020-02-03T07:00:00+11:00,-33.799444,150.997778,so2,ppm,0.0
7425,25471,Parramatta North-7425,2020-02-03T08:00:00+11:00,-33.799444,150.997778,so2,ppm,0.0
7425,25471,Parramatta North-7425,2020-02-03T09:00:00+11:00,-33.799444,150.997778,so2,ppm,0.0
7425,25471,Parramatta North-7425,2020-02-03T10:00:00+11:00,-33.799444,150.997778,so2,ppm,0.0
7425,25471,Parramatta North-7425,2020-02-03T11:00:00+11:00,-33.799444,150.997778,so2,ppm,0.0
7425,25471,Parramatta North-7425,2020-02-03T12:00:00+11:00,-33.799444,150.997778,so2,ppm,0.0
7425,25471,Parramatta North-7425,2020-02-03T13:00:00+11:00,-33.799444,150.997778,so2,ppm,0.0
7425,25471,Parramatta North-7425,2020-02-03T14:00:00+11:00,-33.799444,150.997778,so2,ppm,0.001
7425,25471,Parramatta North-7425,2020-02-03T15:00:00+11:00,-33.799444,150.997778,so2,ppm,0.0
7425,25471,Parramatta North-7425,2020-02-03T16:00:00+11:00,-33.799444,150.997778,so2,ppm,0.001
7425,25471,Parramatta North-7425,2020-02-03T17:00:00+11:00,-33.799444,150.997778,so2,ppm,0.001
7425,25471,Parramatta North-7425,2020-02-03T18:00:00+11:00,-33.799444,150.997778,so2,ppm,0.0
7425,25471,Parramatta North-7425,2020-02-03T19:00:00+11:00,-33.799444,150.997778,so2,ppm,0.0
7425,25471,Parramatta North-7425,2020-02-03T20:00:00+11:00,-33.799444,150.997778,so2,ppm,0.0
7425,25471,Parramatta North-7425,2020-02-03T21:00:00+11:00,-33.799444,150.997778,so2,ppm,0.0
7425,25471,Parramatta North-7425,2020-02-03T22:00:00+11:00,-33.799444,150.997778,so2,ppm,0.0
7425,25471,Parramatta North-7425,2020-02-03T23:00:00+11:00,-33.799444,150.997778,so2,ppm,0.0
7425,25470,Parramatta North-7425,2020-02-03T01:00:00+11:00,-33.799444,150.997778,o3,ppm,0.017
7425,25470,Parramatta North-7425,2020-02-03T02:00:00+11:00,-33.799444,150.997778,o3,ppm,0.018
7425,25470,Parramatta North-7425,2020-02-03T03:00:00+11:00,-33.799444,150.997778,o3,ppm,0.016
7425,25470,Parramatta North-7425,2020-02-03T04:00:00+11:00,-33.799444,150.997778,o3,ppm,0.013
7425,25470,Parramatta North-7425,2020-02-03T05:00:00+11:00,-33.799444,150.997778,o3,ppm,0.009
7425,25470,Parramatta North-7425,2020-02-03T06:00:00+11:00,-33.799444,150.997778,o3,ppm,0.008
7425,25470,Parramatta North-7425,2020-02-03T07:00:00+11:00,-33.799444,150.997778,o3,ppm,0.004
7425,25470,Parramatta North-7425,2020-02-03T08:00:00+11:00,-33.799444,150.997778,o3,ppm,0.003
7425,25470,Parramatta North-7425,2020-02-03T09:00:00+11:00,-33.799444,150.997778,o3,ppm,0.006
7425,25470,Parramatta North-7425,2020-02-03T10:00:00+11:00,-33.799444,150.997778,o3,ppm,0.01
7425,25470,Parramatta North-7425,2020-02-03T11:00:00+11:00,-33.799444,150.997778,o3,ppm,0.016
7425,25470,Parramatta North-7425,2020-02-03T12:00:00+11:00,-33.799444,150.997778,o3,ppm,0.032
7425,25470,Parramatta North-7425,2020-02-03T13:00:00+11:00,-33.799444,150.997778,o3,ppm,0.051
7425,25470,Parramatta North-7425,2020-02-03T14:00:00+11:00,-33.799444,150.997778,o3,ppm,0.058
7425,25470,Parramatta North-7425,2020-02-03T15:00:00+11:00,-33.799444,150.997778,o3,ppm,0.053
7425,25470,Parramatta North-7425,2020-02-03T16:00:00+11:00,-33.799444,150.997778,o3,ppm,0.057
7425,25470,Parramatta North-7425,2020-02-03T17:00:00+11:00,-33.799444,150.997778,o3,ppm,0.062
7425,25470,Parramatta North-7425,2020-02-03T18:00:00+11:00,-33.799444,150.997778,o3,ppm,0.042
7425,25470,Parramatta North-7425,2020-02-03T19:00:00+11:00,-33.799444,150.997778,o3,ppm,0.025
7425,25470,Parramatta North-7425,2020-02-03T20:00:00+11:00,-33.799444,150.997778,o3,ppm,0.023
7425,25470,Parramatta North-7425,2020-02-03T21:00:00+11:00,-33.799444,150.997778,o3,ppm,0.023
7425,25470,Parramatta North-7425,2020-02-03T22:00:00+11:00,-33.799444,150.997778,o3,ppm,0.023
7425,25470,Parramatta North-7425,2020-02-03T23:00:00+11:00,-33.799444,150.997778,o3,ppm,0.023
7425,21603,Parramatta North-7425,2020-02-04T01:00:00+11:00,-33.799444,150.997778,pm10,µg/m³,37.8
7425,21603,Parramatta North-7425,2020-02-04T02:00:00+11:00,-33.799444,150.997778,pm10,µg/m³,38.0
7425,21603,Parramatta North-7425,2020-02-04T03:00:00+11:00,-33.799444,150.997778,pm10,µg/m³,38.2
7425,21603,Parramatta North-7425,2020-02-04T04:00:00+11:00,-33.799444,150.997778,pm10,µg/m³,38.8
7425,21603,Parramatta North-7425,2020-02-04T05:00:00+11:00,-33.799444,150.997778,pm10,µg/m³,40.4
7425,21603,Parramatta North-7425,2020-02-04T06:00:00+11:00,-33.799444,150.997778,pm10,µg/m³,41.9
7425,21603,Parramatta North-7425,2020-02-04T07:00:00+11:00,-33.799444,150.997778,pm10,µg/m³,42.8
7425,21603,Parramatta North-7425,2020-02-04T08:00:00+11:00,-33.799444,150.997778,pm10,µg/m³,44.5
7425,21603,Parramatta North-7425,2020-02-04T09:00:00+11:00,-33.799444,150.997778,pm10,µg/m³,46.5
7425,21603,Parramatta North-7425,2020-02-04T10:00:00+11:00,-33.799444,150.997778,pm10,µg/m³,47.0
7425,21603,Parramatta North-7425,2020-02-04T11:00:00+11:00,-33.799444,150.997778,pm10,µg/m³,47.0
7425,21603,Parramatta North-7425,2020-02-04T12:00:00+11:00,-33.799444,150.997778,pm10,µg/m³,49.4
7425,21603,Parramatta North-7425,2020-02-04T13:00:00+11:00,-33.799444,150.997778,pm10,µg/m³,49.8
7425,21603,Parramatta North-7425,2020-02-04T14:00:00+11:00,-33.799444,150.997778,pm10,µg/m³,49.9
7425,21603,Parramatta North-7425,2020-02-04T15:00:00+11:00,-33.799444,150.997778,pm10,µg/m³,50.1
7425,21603,Parramatta North-7425,2020-02-04T16:00:00+11:00,-33.799444,150.997778,pm10,µg/m³,49.7
7425,21603,Parramatta North-7425,2020-02-04T17:00:00+11:00,-33.799444,150.997778,pm10,µg/m³,49.6
7425,21603,Parramatta North-7425,2020-02-04T18:00:00+11:00,-33.799444,150.997778,pm10,µg/m³,47.9
7425,21603,Parramatta North-7425,2020-02-04T19:00:00+11:00,-33.799444,150.997778,pm10,µg/m³,47.2
7425,21603,Parramatta North-7425,2020-02-04T20:00:00+11:00,-33.799444,150.997778,pm10,µg/m³,46.4
7425,21603,Parramatta North-7425,2020-02-04T21:00:00+11:00,-33.799444,150.997778,pm10,µg/m³,44.5
7425,21603,Parramatta North-7425,2020-02-04T22:00:00+11:00,-33.799444,150.997778,pm10,µg/m³,41.5
7425,21603,Parramatta North-7425,2020-02-04T23:00:00+11:00,-33.799444,150.997778,pm10,µg/m³,38.7
7425,21604,Parramatta North-7425,2020-02-04T01:00:00+11:00,-33.799444,150.997778,pm25,µg/m³,16.7
7425,21604,Parramatta North-7425,2020-02-04T02:00:00+11:00,-33.799444,150.997778,pm25,µg/m³,17.4
7425,21604,Parramatta North-7425,2020-02-04T03:00:00+11:00,-33.799444,150.997778,pm25,µg/m³,17.9
7425,21604,Parramatta North-7425,2020-02-04T04:00:00+11:00,-33.799444,150.997778,pm25,µg/m³,18.2
7425,21604,Parramatta North-7425,2020-02-04T05:00:00+11:00,-33.799444,150.997778,pm25,µg/m³,18.7
7425,21604,Parramatta North-7425,2020-02-04T06:00:00+11:00,-33.799444,150.997778,pm25,µg/m³,19.5
7425,21604,Parramatta North-7425,2020-02-04T07:00:00+11:00,-33.799444,150.997778,pm25,µg/m³,20.7
7425,21604,Parramatta North-7425,2020-02-04T08:00:00+11:00,-33.799444,150.997778,pm25,µg/m³,21.8
7425,21604,Parramatta North-7425,2020-02-04T09:00:00+11:00,-33.799444,150.997778,pm25,µg/m³,22.9
7425,21604,Parramatta North-7425,2020-02-04T10:00:00+11:00,-33.799444,150.997778,pm25,µg/m³,24.0
7425,21604,Parramatta North-7425,2020-02-04T11:00:00+11:00,-33.799444,150.997778,pm25,µg/m³,24.7
7425,21604,Parramatta North-7425,2020-02-04T12:00:00+11:00,-33.799444,150.997778,pm25,µg/m³,25.2
7425,21604,Parramatta North-7425,2020-02-04T13:00:00+11:00,-33.799444,150.997778,pm25,µg/m³,25.7
7425,21604,Parramatta North-7425,2020-02-04T14:00:00+11:00,-33.799444,150.997778,pm25,µg/m³,26.3
7425,21604,Parramatta North-7425,2020-02-04T15:00:00+11:00,-33.799444,150.997778,pm25,µg/m³,26.8
7425,21604,Parramatta North-7425,2020-02-04T16:00:00+11:00,-33.799444,150.997778,pm25,µg/m³,27.7
7425,21604,Parramatta North-7425,2020-02-04T17:00:00+11:00,-33.799444,150.997778,pm25,µg/m³,27.5
7425,21604,Parramatta North-7425,2020-02-04T18:00:00+11:00,-33.799444,150.997778,pm25,µg/m³,27.1
7425,21604,Parramatta North-7425,2020-02-04T19:00:00+11:00,-33.799444,150.997778,pm25,µg/m³,26.7
7425,21604,Parramatta North-7425,2020-02-04T20:00:00+11:00,-33.799444,150.997778,pm25,µg/m³,26.0
7425,21604,Parramatta North-7425,2020-02-04T21:00:00+11:00,-33.799444,150.997778,pm25,µg/m³,25.1
7425,21604,Parramatta North-7425,2020-02-04T22:00:00+11:00,-33.799444,150.997778,pm25,µg/m³,23.3
7425,21604,Parramatta North-7425,2020-02-04T23:00:00+11:00,-33.799444,150.997778,pm25,µg/m³,21.1
7425,25469,Parramatta North-7425,2020-02-04T01:00:00+11:00,-33.799444,150.997778,no2,ppm,0.0
7425,25469,Parramatta North-7425,2020-02-04T03:00:00+11:00,-33.799444,150.997778,no2,ppm,0.0
7425,25469,Parramatta North-7425,2020-02-04T04:00:00+11:00,-33.799444,150.997778,no2,ppm,0.0
7425,25469,Parramatta North-7425,2020-02-04T05:00:00+11:00,-33.799444,150.997778,no2,ppm,0.001
7425,25469,Parramatta North-7425,2020-02-04T06:00:00+11:00,-33.799444,150.997778,no2,ppm,0.005
7425,25469,Parramatta North-7425,2020-02-04T07:00:00+11:00,-33.799444,150.997778,no2,ppm,0.006
7425,25469,Parramatta North-7425,2020-02-04T08:00:00+11:00,-33.799444,150.997778,no2,ppm,0.005
7425,25469,Parramatta North-7425,2020-02-04T09:00:00+11:00,-33.799444,150.997778,no2,ppm,0.005
7425,25469,Parramatta North-7425,2020-02-04T10:00:00+11:00,-33.799444,150.997778,no2,ppm,0.003
7425,25469,Parramatta North-7425,2020-02-04T11:00:00+11:00,-33.799444,150.997778,no2,ppm,0.003
7425,25469,Parramatta North-7425,2020-02-04T12:00:00+11:00,-33.799444,150.997778,no2,ppm,0.003
7425,25469,Parramatta North-7425,2020-02-04T13:00:00+11:00,-33.799444,150.997778,no2,ppm,0.003
7425,25469,Parramatta North-7425,2020-02-04T14:00:00+11:00,-33.799444,150.997778,no2,ppm,0.003
7425,25469,Parramatta North-7425,2020-02-04T15:00:00+11:00,-33.799444,150.997778,no2,ppm,0.004
7425,25469,Parramatta North-7425,2020-02-04T16:00:00+11:00,-33.799444,150.997778,no2,ppm,0.005
7425,25469,Parramatta North-7425,2020-02-04T17:00:00+11:00,-33.799444,150.997778,no2,ppm,0.003
7425,25469,Parramatta North-7425,2020-02-04T18:00:00+11:00,-33.799444,150.997778,no2,ppm,0.003
7425,25469,Parramatta North-7425,2020-02-04T19:00:00+11:00,-33.799444,150.997778,no2,ppm,0.002
7425,25469,Parramatta North-7425,2020-02-04T20:00:00+11:00,-33.799444,150.997778,no2,ppm,0.002
7425,25469,Parramatta North-7425,2020-02-04T21:00:00+11:00,-33.799444,150.997778,no2,ppm,0.002
7425,25469,Parramatta North-7425,2020-02-04T22:00:00+11:00,-33.799444,150.997778,no2,ppm,0.005
7425,25469,Parramatta North-7425,2020-02-04T23:00:00+11:00,-33.799444,150.997778,no2,ppm,0.006
7425,28317,Parramatta North-7425,2020-02-04T01:00:00+11:00,-33.799444,150.997778,co,ppm,0.3
7425,28317,Parramatta North-7425,2020-02-04T02:00:00+11:00,-33.799444,150.997778,co,ppm,0.3
7425,28317,Parramatta North-7425,2020-02-04T03:00:00+11:00,-33.799444,150.997778,co,ppm,0.3
7425,28317,Parramatta North-7425,2020-02-04T04:00:00+11:00,-33.799444,150.997778,co,ppm,0.3
7425,28317,Parramatta North-7425,2020-02-04T05:00:00+11:00,-33.799444,150.997778,co,ppm,0.2
7425,28317,Parramatta North-7425,2020-02-04T06:00:00+11:00,-33.799444,150.997778,co,ppm,0.2
7425,28317,Parramatta North-7425,2020-02-04T07:00:00+11:00,-33.799444,150.997778,co,ppm,0.3
7425,28317,Parramatta North-7425,2020-02-04T08:00:00+11:00,-33.799444,150.997778,co,ppm,0.3
7425,28317,Parramatta North-7425,2020-02-04T09:00:00+11:00,-33.799444,150.997778,co,ppm,0.3
7425,28317,Parramatta North-7425,2020-02-04T10:00:00+11:00,-33.799444,150.997778,co,ppm,0.3
7425,28317,Parramatta North-7425,2020-02-04T11:00:00+11:00,-33.799444,150.997778,co,ppm,0.3
7425,28317,Parramatta North-7425,2020-02-04T12:00:00+11:00,-33.799444,150.997778,co,ppm,0.4
7425,28317,Parramatta North-7425,2020-02-04T13:00:00+11:00,-33.799444,150.997778,co,ppm,0.4
7425,28317,Parramatta North-7425,2020-02-04T14:00:00+11:00,-33.799444,150.997778,co,ppm,0.4
7425,28317,Parramatta North-7425,2020-02-04T15:00:00+11:00,-33.799444,150.997778,co,ppm,0.3
7425,28317,Parramatta North-7425,2020-02-04T16:00:00+11:00,-33.799444,150.997778,co,ppm,0.3
7425,28317,Parramatta North-7425,2020-02-04T17:00:00+11:00,-33.799444,150.997778,co,ppm,0.3
7425,28317,Parramatta North-7425,2020-02-04T18:00:00+11:00,-33.799444,150.997778,co,ppm,0.3
7425,28317,Parramatta North-7425,2020-02-04T19:00:00+11:00,-33.799444,150.997778,co,ppm,0.3
7425,28317,Parramatta North-7425,2020-02-04T20:00:00+11:00,-33.799444,150.997778,co,ppm,0.2
7425,28317,Parramatta North-7425,2020-02-04T21:00:00+11:00,-33.799444,150.997778,co,ppm,0.2
7425,28317,Parramatta North-7425,2020-02-04T22:00:00+11:00,-33.799444,150.997778,co,ppm,0.2
7425,28317,Parramatta North-7425,2020-02-04T23:00:00+11:00,-33.799444,150.997778,co,ppm,0.2
7425,25471,Parramatta North-7425,2020-02-04T01:00:00+11:00,-33.799444,150.997778,so2,ppm,0.0
7425,25471,Parramatta North-7425,2020-02-04T03:00:00+11:00,-33.799444,150.997778,so2,ppm,0.0
7425,25471,Parramatta North-7425,2020-02-04T04:00:00+11:00,-33.799444,150.997778,so2,ppm,0.0
7425,25471,Parramatta North-7425,2020-02-04T05:00:00+11:00,-33.799444,150.997778,so2,ppm,0.0
7425,25471,Parramatta North-7425,2020-02-04T06:00:00+11:00,-33.799444,150.997778,so2,ppm,0.001
7425,25471,Parramatta North-7425,2020-02-04T07:00:00+11:00,-33.799444,150.997778,so2,ppm,0.001
7425,25471,Parramatta North-7425,2020-02-04T08:00:00+11:00,-33.799444,150.997778,so2,ppm,0.001
7425,25471,Parramatta North-7425,2020-02-04T09:00:00+11:00,-33.799444,150.997778,so2,ppm,0.001
7425,25471,Parramatta North-7425,2020-02-04T10:00:00+11:00,-33.799444,150.997778,so2,ppm,0.001
7425,25471,Parramatta North-7425,2020-02-04T11:00:00+11:00,-33.799444,150.997778,so2,ppm,0.001
7425,25471,Parramatta North-7425,2020-02-04T12:00:00+11:00,-33.799444,150.997778,so2,ppm,0.0
7425,25471,Parramatta North-7425,2020-02-04T13:00:00+11:00,-33.799444,150.997778,so2,ppm,0.0
7425,25471,Parramatta North-7425,2020-02-04T14:00:00+11:00,-33.799444,150.997778,so2,ppm,0.0
7425,25471,Parramatta North-7425,2020-02-04T15:00:00+11:00,-33.799444,150.997778,so2,ppm,0.0
7425,25471,Parramatta North-7425,2020-02-04T16:00:00+11:00,-33.799444,150.997778,so2,ppm,0.001
7425,25471,Parramatta North-7425,2020-02-04T17:00:00+11:00,-33.799444,150.997778,so2,ppm,0.0
7425,25471,Parramatta North-7425,2020-02-04T18:00:00+11:00,-33.799444,150.997778,so2,ppm,0.0
7425,25471,Parramatta North-7425,2020-02-04T19:00:00+11:00,-33.799444,150.997778,so2,ppm,0.0
7425,25471,Parramatta North-7425,2020-02-04T20:00:00+11:00,-33.799444,150.997778,so2,ppm,0.0
7425,25471,Parramatta North-7425,2020-02-04T21:00:00+11:00,-33.799444,150.997778,so2,ppm,0.0
7425,25471,Parramatta North-7425,2020-02-04T22:00:00+11:00,-33.799444,150.997778,so2,ppm,0.0
7425,25471,Parramatta North-7425,2020-02-04T23:00:00+11:00,-33.799444,150.997778,so2,ppm,0.0
7425,25470,Parramatta North-7425,2020-02-04T01:00:00+11:00,-33.799444,150.997778,o3,ppm,0.023
7425,25470,Parramatta North-7425,2020-02-04T02:00:00+11:00,-33.799444,150.997778,o3,ppm,0.023
7425,25470,Parramatta North-7425,2020-02-04T03:00:00+11:00,-33.799444,150.997778,o3,ppm,0.019
7425,25470,Parramatta North-7425,2020-02-04T04:00:00+11:00,-33.799444,150.997778,o3,ppm,0.018
7425,25470,Parramatta North-7425,2020-02-04T05:00:00+11:00,-33.799444,150.997778,o3,ppm,0.016
7425,25470,Parramatta North-7425,2020-02-04T06:00:00+11:00,-33.799444,150.997778,o3,ppm,0.011
7425,25470,Parramatta North-7425,2020-02-04T07:00:00+11:00,-33.799444,150.997778,o3,ppm,0.01
7425,25470,Parramatta North-7425,2020-02-04T08:00:00+11:00,-33.799444,150.997778,o3,ppm,0.014
7425,25470,Parramatta North-7425,2020-02-04T09:00:00+11:00,-33.799444,150.997778,o3,ppm,0.019
7425,25470,Parramatta North-7425,2020-02-04T10:00:00+11:00,-33.799444,150.997778,o3,ppm,0.025
7425,25470,Parramatta North-7425,2020-02-04T11:00:00+11:00,-33.799444,150.997778,o3,ppm,0.028
7425,25470,Parramatta North-7425,2020-02-04T12:00:00+11:00,-33.799444,150.997778,o3,ppm,0.029
7425,25470,Parramatta North-7425,2020-02-04T13:00:00+11:00,-33.799444,150.997778,o3,ppm,0.029
7425,25470,Parramatta North-7425,2020-02-04T14:00:00+11:00,-33.799444,150.997778,o3,ppm,0.029
7425,25470,Parramatta North-7425,2020-02-04T15:00:00+11:00,-33.799444,150.997778,o3,ppm,0.029
7425,25470,Parramatta North-7425,2020-02-04T16:00:00+11:00,-33.799444,150.997778,o3,ppm,0.029
7425,25470,Parramatta North-7425,2020-02-04T17:00:00+11:00,-33.799444,150.997778,o3,ppm,0.025
7425,25470,Parramatta North-7425,2020-02-04T18:00:00+11:00,-33.799444,150.997778,o3,ppm,0.022
7425,25470,Parramatta North-7425,2020-02-04T19:00:00+11:00,-33.799444,150.997778,o3,ppm,0.02
7425,25470,Parramatta North-7425,2020-02-04T20:00:00+11:00,-33.799444,150.997778,o3,ppm,0.019
7425,25470,Parramatta North-7425,2020-02-04T21:00:00+11:00,-33.799444,150.997778,o3,ppm,0.018
7425,25470,Parramatta North-7425,2020-02-04T22:00:00+11:00,-33.799444,150.997778,o3,ppm,0.015
7425,25470,Parramatta North-7425,2020-02-04T23:00:00+11:00,-33.799444,150.997778,o3,ppm,0.013
7425,21603,Parramatta North-7425,2020-02-05T01:00:00+11:00,-33.799444,150.997778,pm10,µg/m³,36.5
7425,21603,Parramatta North-7425,2020-02-05T02:00:00+11:00,-33.799444,150.997778,pm10,µg/m³,36.3
7425,21603,Parramatta North-7425,2020-02-05T03:00:00+11:00,-33.799444,150.997778,pm10,µg/m³,35.9
7425,21603,Parramatta North-7425,2020-02-05T04:00:00+11:00,-33.799444,150.997778,pm10,µg/m³,35.3
7425,21603,Parramatta North-7425,2020-02-05T05:00:00+11:00,-33.799444,150.997778,pm10,µg/m³,33.6
7425,21603,Parramatta North-7425,2020-02-05T06:00:00+11:00,-33.799444,150.997778,pm10,µg/m³,32.3
7425,21603,Parramatta North-7425,2020-02-05T07:00:00+11:00,-33.799444,150.997778,pm10,µg/m³,31.6
7425,21603,Parramatta North-7425,2020-02-05T08:00:00+11:00,-33.799444,150.997778,pm10,µg/m³,30.0
7425,21603,Parramatta North-7425,2020-02-05T09:00:00+11:00,-33.799444,150.997778,pm10,µg/m³,27.6
7425,21603,Parramatta North-7425,2020-02-05T10:00:00+11:00,-33.799444,150.997778,pm10,µg/m³,25.5
7425,21603,Parramatta North-7425,2020-02-05T11:00:00+11:00,-33.799444,150.997778,pm10,µg/m³,24.3
7425,21603,Parramatta North-7425,2020-02-05T12:00:00+11:00,-33.799444,150.997778,pm10,µg/m³,23.2
7425,21603,Parramatta North-7425,2020-02-05T13:00:00+11:00,-33.799444,150.997778,pm10,µg/m³,21.9
7425,21603,Parramatta North-7425,2020-02-05T14:00:00+11:00,-33.799444,150.997778,pm10,µg/m³,20.7
7425,21603,Parramatta North-7425,2020-02-05T15:00:00+11:00,-33.799444,150.997778,pm10,µg/m³,19.2
7425,21603,Parramatta North-7425,2020-02-05T16:00:00+11:00,-33.799444,150.997778,pm10,µg/m³,17.9
7425,21603,Parramatta North-7425,2020-02-05T17:00:00+11:00,-33.799444,150.997778,pm10,µg/m³,17.6
7425,21603,Parramatta North-7425,2020-02-05T18:00:00+11:00,-33.799444,150.997778,pm10,µg/m³,17.5
7425,21603,Parramatta North-7425,2020-02-05T19:00:00+11:00,-33.799444,150.997778,pm10,µg/m³,17.5
7425,21603,Parramatta North-7425,2020-02-05T20:00:00+11:00,-33.799444,150.997778,pm10,µg/m³,17.4
7425,21603,Parramatta North-7425,2020-02-05T21:00:00+11:00,-33.799444,150.997778,pm10,µg/m³,17.4
7425,21603,Parramatta North-7425,2020-02-05T22:00:00+11:00,-33.799444,150.997778,pm10,µg/m³,17.1
7425,21603,Parramatta North-7425,2020-02-05T23:00:00+11:00,-33.799444,150.997778,pm10,µg/m³,17.2
7425,21604,Parramatta North-7425,2020-02-05T01:00:00+11:00,-33.799444,150.997778,pm25,µg/m³,17.9
7425,21604,Parramatta North-7425,2020-02-05T02:00:00+11:00,-33.799444,150.997778,pm25,µg/m³,17.0
7425,21604,Parramatta North-7425,2020-02-05T03:00:00+11:00,-33.799444,150.997778,pm25,µg/m³,16.4
7425,21604,Parramatta North-7425,2020-02-05T04:00:00+11:00,-33.799444,150.997778,pm25,µg/m³,15.9
7425,21604,Parramatta North-7425,2020-02-05T05:00:00+11:00,-33.799444,150.997778,pm25,µg/m³,15.4
7425,21604,Parramatta North-7425,2020-02-05T06:00:00+11:00,-33.799444,150.997778,pm25,µg/m³,14.6
7425,21604,Parramatta North-7425,2020-02-05T07:00:00+11:00,-33.799444,150.997778,pm25,µg/m³,13.5
7425,21604,Parramatta North-7425,2020-02-05T08:00:00+11:00,-33.799444,150.997778,pm25,µg/m³,12.3
7425,21604,Parramatta North-7425,2020-02-05T09:00:00+11:00,-33.799444,150.997778,pm25,µg/m³,11.3
7425,21604,Parramatta North-7425,2020-02-05T10:00:00+11:00,-33.799444,150.997778,pm25,µg/m³,10.2
7425,21604,Parramatta North-7425,2020-02-05T11:00:00+11:00,-33.799444,150.997778,pm25,µg/m³,10.0
7425,21604,Parramatta North-7425,2020-02-05T12:00:00+11:00,-33.799444,150.997778,pm25,µg/m³,9.7
7425,21604,Parramatta North-7425,2020-02-05T13:00:00+11:00,-33.799444,150.997778,pm25,µg/m³,8.9
7425,21604,Parramatta North-7425,2020-02-05T14:00:00+11:00,-33.799444,150.997778,pm25,µg/m³,7.8
7425,21604,Parramatta North-7425,2020-02-05T15:00:00+11:00,-33.799444,150.997778,pm25,µg/m³,6.7
7425,21604,Parramatta North-7425,2020-02-05T16:00:00+11:00,-33.799444,150.997778,pm25,µg/m³,5.3
7425,21604,Parramatta North-7425,2020-02-05T17:00:00+11:00,-33.799444,150.997778,pm25,µg/m³,4.4
7425,21604,Parramatta North-7425,2020-02-05T18:00:00+11:00,-33.799444,150.997778,pm25,µg/m³,4.1
7425,21604,Parramatta North-7425,2020-02-05T19:00:00+11:00,-33.799444,150.997778,pm25,µg/m³,4.0
7425,21604,Parramatta North-7425,2020-02-05T20:00:00+11:00,-33.799444,150.997778,pm25,µg/m³,4.0
7425,21604,Parramatta North-7425,2020-02-05T21:00:00+11:00,-33.799444,150.997778,pm25,µg/m³,3.9
7425,21604,Parramatta North-7425,2020-02-05T22:00:00+11:00,-33.799444,150.997778,pm25,µg/m³,3.8
7425,21604,Parramatta North-7425,2020-02-05T23:00:00+11:00,-33.799444,150.997778,pm25,µg/m³,3.7
7425,25469,Parramatta North-7425,2020-02-05T01:00:00+11:00,-33.799444,150.997778,no2,ppm,0.003
7425,25469,Parramatta North-7425,2020-02-05T03:00:00+11:00,-33.799444,150.997778,no2,ppm,0.008
7425,25469,Parramatta North-7425,2020-02-05T04:00:00+11:00,-33.799444,150.997778,no2,ppm,0.009
7425,25469,Parramatta North-7425,2020-02-05T05:00:00+11:00,-33.799444,150.997778,no2,ppm,0.012
7425,25469,Parramatta North-7425,2020-02-05T06:00:00+11:00,-33.799444,150.997778,no2,ppm,0.011
7425,25469,Parramatta North-7425,2020-02-05T07:00:00+11:00,-33.799444,150.997778,no2,ppm,0.019
7425,25469,Parramatta North-7425,2020-02-05T08:00:00+11:00,-33.799444,150.997778,no2,ppm,0.01
7425,25469,Parramatta North-7425,2020-02-05T09:00:00+11:00,-33.799444,150.997778,no2,ppm,0.005
7425,25469,Parramatta North-7425,2020-02-05T10:00:00+11:00,-33.799444,150.997778,no2,ppm,0.001
7425,25469,Parramatta North-7425,2020-02-05T11:00:00+11:00,-33.799444,150.997778,no2,ppm,0.001
7425,25469,Parramatta North-7425,2020-02-05T12:00:00+11:00,-33.799444,150.997778,no2,ppm,0.001
7425,25469,Parramatta North-7425,2020-02-05T13:00:00+11:00,-33.799444,150.997778,no2,ppm,0.001
7425,25469,Parramatta North-7425,2020-02-05T14:00:00+11:00,-33.799444,150.997778,no2,ppm,0.001
7425,25469,Parramatta North-7425,2020-02-05T15:00:00+11:00,-33.799444,150.997778,no2,ppm,0.001
7425,25469,Parramatta North-7425,2020-02-05T16:00:00+11:00,-33.799444,150.997778,no2,ppm,0.0
7425,25469,Parramatta North-7425,2020-02-05T17:00:00+11:00,-33.799444,150.997778,no2,ppm,0.0
7425,25469,Parramatta North-7425,2020-02-05T18:00:00+11:00,-33.799444,150.997778,no2,ppm,0.0
7425,25469,Parramatta North-7425,2020-02-05T19:00:00+11:00,-33.799444,150.997778,no2,ppm,0.001
7425,25469,Parramatta North-7425,2020-02-05T20:00:00+11:00,-33.799444,150.997778,no2,ppm,0.001
7425,25469,Parramatta North-7425,2020-02-05T21:00:00+11:00,-33.799444,150.997778,no2,ppm,0.003
7425,25469,Parramatta North-7425,2020-02-05T22:00:00+11:00,-33.799444,150.997778,no2,ppm,0.004
7425,25469,Parramatta North-7425,2020-02-05T23:00:00+11:00,-33.799444,150.997778,no2,ppm,0.004
7425,28317,Parramatta North-7425,2020-02-05T01:00:00+11:00,-33.799444,150.997778,co,ppm,0.1
7425,28317,Parramatta North-7425,2020-02-05T02:00:00+11:00,-33.799444,150.997778,co,ppm,0.1
7425,28317,Parramatta North-7425,2020-02-05T03:00:00+11:00,-33.799444,150.997778,co,ppm,0.1
7425,28317,Parramatta North-7425,2020-02-05T04:00:00+11:00,-33.799444,150.997778,co,ppm,0.1
7425,28317,Parramatta North-7425,2020-02-05T05:00:00+11:00,-33.799444,150.997778,co,ppm,0.1
7425,28317,Parramatta North-7425,2020-02-05T06:00:00+11:00,-33.799444,150.997778,co,ppm,0.1
7425,28317,Parramatta North-7425,2020-02-05T07:00:00+11:00,-33.799444,150.997778,co,ppm,0.1
7425,28317,Parramatta North-7425,2020-02-05T08:00:00+11:00,-33.799444,150.997778,co,ppm,0.1
7425,28317,Parramatta North-7425,2020-02-05T09:00:00+11:00,-33.799444,150.997778,co,ppm,0.1
7425,28317,Parramatta North-7425,2020-02-05T10:00:00+11:00,-33.799444,150.997778,co,ppm,0.1
7425,28317,Parramatta North-7425,2020-02-05T11:00:00+11:00,-33.799444,150.997778,co,ppm,0.1
7425,28317,Parramatta North-7425,2020-02-05T12:00:00+11:00,-33.799444,150.997778,co,ppm,0.1
7425,28317,Parramatta North-7425,2020-02-05T13:00:00+11:00,-33.799444,150.997778,co,ppm,0.1
7425,28317,Parramatta North-7425,2020-02-05T14:00:00+11:00,-33.799444,150.997778,co,ppm,0.1
7425,28317,Parramatta North-7425,2020-02-05T15:00:00+11:00,-33.799444,150.997778,co,ppm,0.1
7425,28317,Parramatta North-7425,2020-02-05T16:00:00+11:00,-33.799444,150.997778,co,ppm,0.1
7425,28317,Parramatta North-7425,2020-02-05T17:00:00+11:00,-33.799444,150.997778,co,ppm,0.1
7425,28317,Parramatta North-7425,2020-02-05T18:00:00+11:00,-33.799444,150.997778,co,ppm,0.1
7425,28317,Parramatta North-7425,2020-02-05T19:00:00+11:00,-33.799444,150.997778,co,ppm,0.1
7425,28317,Parramatta North-7425,2020-02-05T20:00:00+11:00,-33.799444,150.997778,co,ppm,0.1
7425,28317,Parramatta North-7425,2020-02-05T21:00:00+11:00,-33.799444,150.997778,co,ppm,0.1
7425,28317,Parramatta North-7425,2020-02-05T22:00:00+11:00,-33.799444,150.997778,co,ppm,0.1
7425,28317,Parramatta North-7425,2020-02-05T23:00:00+11:00,-33.799444,150.997778,co,ppm,0.1
7425,25471,Parramatta North-7425,2020-02-05T01:00:00+11:00,-33.799444,150.997778,so2,ppm,0.0
7425,25471,Parramatta North-7425,2020-02-05T03:00:00+11:00,-33.799444,150.997778,so2,ppm,0.0
7425,25471,Parramatta North-7425,2020-02-05T04:00:00+11:00,-33.799444,150.997778,so2,ppm,0.0
7425,25471,Parramatta North-7425,2020-02-05T05:00:00+11:00,-33.799444,150.997778,so2,ppm,0.0
7425,25471,Parramatta North-7425,2020-02-05T06:00:00+11:00,-33.799444,150.997778,so2,ppm,0.0
7425,25471,Parramatta North-7425,2020-02-05T07:00:00+11:00,-33.799444,150.997778,so2,ppm,0.002
7425,25471,Parramatta North-7425,2020-02-05T08:00:00+11:00,-33.799444,150.997778,so2,ppm,0.001
7425,25471,Parramatta North-7425,2020-02-05T09:00:00+11:00,-33.799444,150.997778,so2,ppm,0.001
7425,25471,Parramatta North-7425,2020-02-05T10:00:00+11:00,-33.799444,150.997778,so2,ppm,0.001
7425,25471,Parramatta North-7425,2020-02-05T11:00:00+11:00,-33.799444,150.997778,so2,ppm,0.0
7425,25471,Parramatta North-7425,2020-02-05T12:00:00+11:00,-33.799444,150.997778,so2,ppm,0.0
7425,25471,Parramatta North-7425,2020-02-05T13:00:00+11:00,-33.799444,150.997778,so2,ppm,0.0
7425,25471,Parramatta North-7425,2020-02-05T14:00:00+11:00,-33.799444,150.997778,so2,ppm,0.0
7425,25471,Parramatta North-7425,2020-02-05T15:00:00+11:00,-33.799444,150.997778,so2,ppm,0.0
7425,25471,Parramatta North-7425,2020-02-05T16:00:00+11:00,-33.799444,150.997778,so2,ppm,0.0
7425,25471,Parramatta North-7425,2020-02-05T17:00:00+11:00,-33.799444,150.997778,so2,ppm,0.0
7425,25471,Parramatta North-7425,2020-02-05T18:00:00+11:00,-33.799444,150.997778,so2,ppm,0.0
7425,25471,Parramatta North-7425,2020-02-05T19:00:00+11:00,-33.799444,150.997778,so2,ppm,0.0
7425,25471,Parramatta North-7425,2020-02-05T20:00:00+11:00,-33.799444,150.997778,so2,ppm,0.0
7425,25471,Parramatta North-7425,2020-02-05T21:00:00+11:00,-33.799444,150.997778,so2,ppm,0.0
7425,25471,Parramatta North-7425,2020-02-05T22:00:00+11:00,-33.799444,150.997778,so2,ppm,0.0
7425,25471,Parramatta North-7425,2020-02-05T23:00:00+11:00,-33.799444,150.997778,so2,ppm,0.0
7425,25470,Parramatta North-7425,2020-02-05T01:00:00+11:00,-33.799444,150.997778,o3,ppm,0.015
7425,25470,Parramatta North-7425,2020-02-05T02:00:00+11:00,-33.799444,150.997778,o3,ppm,0.015
7425,25470,Parramatta North-7425,2020-02-05T03:00:00+11:00,-33.799444,150.997778,o3,ppm,0.006
7425,25470,Parramatta North-7425,2020-02-05T04:00:00+11:00,-33.799444,150.997778,o3,ppm,0.005
7425,25470,Parramatta North-7425,2020-02-05T05:00:00+11:00,-33.799444,150.997778,o3,ppm,0.001
7425,25470,Parramatta North-7425,2020-02-05T06:00:00+11:00,-33.799444,150.997778,o3,ppm,0.001
7425,25470,Parramatta North-7425,2020-02-05T07:00:00+11:00,-33.799444,150.997778,o3,ppm,0.002
7425,25470,Parramatta North-7425,2020-02-05T08:00:00+11:00,-33.799444,150.997778,o3,ppm,0.008
7425,25470,Parramatta North-7425,2020-02-05T09:00:00+11:00,-33.799444,150.997778,o3,ppm,0.016
7425,25470,Parramatta North-7425,2020-02-05T10:00:00+11:00,-33.799444,150.997778,o3,ppm,0.024
7425,25470,Parramatta North-7425,2020-02-05T11:00:00+11:00,-33.799444,150.997778,o3,ppm,0.029
7425,25470,Parramatta North-7425,2020-02-05T12:00:00+11:00,-33.799444,150.997778,o3,ppm,0.031
7425,25470,Parramatta North-7425,2020-02-05T13:00:00+11:00,-33.799444,150.997778,o3,ppm,0.03
7425,25470,Parramatta North-7425,2020-02-05T14:00:00+11:00,-33.799444,150.997778,o3,ppm,0.027
7425,25470,Parramatta North-7425,2020-02-05T15:00:00+11:00,-33.799444,150.997778,o3,ppm,0.026
7425,25470,Parramatta North-7425,2020-02-05T16:00:00+11:00,-33.799444,150.997778,o3,ppm,0.024
7425,25470,Parramatta North-7425,2020-02-05T17:00:00+11:00,-33.799444,150.997778,o3,ppm,0.023
7425,25470,Parramatta North-7425,2020-02-05T18:00:00+11:00,-33.799444,150.997778,o3,ppm,0.022
7425,25470,Parramatta North-7425,2020-02-05T19:00:00+11:00,-33.799444,150.997778,o3,ppm,0.021
7425,25470,Parramatta North-7425,2020-02-05T20:00:00+11:00,-33.799444,150.997778,o3,ppm,0.02
7425,25470,Parramatta North-7425,2020-02-05T21:00:00+11:00,-33.799444,150.997778,o3,ppm,0.018
7425,25470,Parramatta North-7425,2020-02-05T22:00:00+11:00,-33.799444,150.997778,o3,ppm,0.013
7425,25470,Parramatta North-7425,2020-02-05T23:00:00+11:00,-33.799444,150.997778,o3,ppm,0.009
7425,21603,Parramatta North-7425,2020-02-06T01:00:00+11:00,-33.799444,150.997778,pm10,µg/m³,18.3
7425,21603,Parramatta North-7425,2020-02-06T02:00:00+11:00,-33.799444,150.997778,pm10,µg/m³,17.8
7425,21603,Parramatta North-7425,2020-02-06T03:00:00+11:00,-33.799444,150.997778,pm10,µg/m³,17.9
7425,21603,Parramatta North-7425,2020-02-06T04:00:00+11:00,-33.799444,150.997778,pm10,µg/m³,17.7
7425,21603,Parramatta North-7425,2020-02-06T05:00:00+11:00,-33.799444,150.997778,pm10,µg/m³,18.0
7425,21603,Parramatta North-7425,2020-02-06T06:00:00+11:00,-33.799444,150.997778,pm10,µg/m³,17.3
7425,21603,Parramatta North-7425,2020-02-06T07:00:00+11:00,-33.799444,150.997778,pm10,µg/m³,16.2
7425,21603,Parramatta North-7425,2020-02-06T08:00:00+11:00,-33.799444,150.997778,pm10,µg/m³,16.5
7425,21603,Parramatta North-7425,2020-02-06T09:00:00+11:00,-33.799444,150.997778,pm10,µg/m³,16.3
7425,21603,Parramatta North-7425,2020-02-06T10:00:00+11:00,-33.799444,150.997778,pm10,µg/m³,16.5
7425,21603,Parramatta North-7425,2020-02-06T11:00:00+11:00,-33.799444,150.997778,pm10,µg/m³,16.5
7425,21603,Parramatta North-7425,2020-02-06T12:00:00+11:00,-33.799444,150.997778,pm10,µg/m³,15.8
7425,21603,Parramatta North-7425,2020-02-06T13:00:00+11:00,-33.799444,150.997778,pm10,µg/m³,15.1
7425,21603,Parramatta North-7425,2020-02-06T14:00:00+11:00,-33.799444,150.997778,pm10,µg/m³,14.4
7425,21603,Parramatta North-7425,2020-02-06T15:00:00+11:00,-33.799444,150.997778,pm10,µg/m³,14.2
7425,21603,Parramatta North-7425,2020-02-06T16:00:00+11:00,-33.799444,150.997778,pm10,µg/m³,13.8
7425,21603,Parramatta North-7425,2020-02-06T17:00:00+11:00,-33.799444,150.997778,pm10,µg/m³,13.3
7425,21603,Parramatta North-7425,2020-02-06T18:00:00+11:00,-33.799444,150.997778,pm10,µg/m³,12.4
7425,21603,Parramatta North-7425,2020-02-06T19:00:00+11:00,-33.799444,150.997778,pm10,µg/m³,12.0
7425,21603,Parramatta North-7425,2020-02-06T20:00:00+11:00,-33.799444,150.997778,pm10,µg/m³,22.0
7425,21603,Parramatta North-7425,2020-02-06T21:00:00+11:00,-33.799444,150.997778,pm10,µg/m³,12.0
7425,21603,Parramatta North-7425,2020-02-06T22:00:00+11:00,-33.799444,150.997778,pm10,µg/m³,10.0
7425,21603,Parramatta North-7425,2020-02-06T23:00:00+11:00,-33.799444,150.997778,pm10,µg/m³,6.0
7425,21604,Parramatta North-7425,2020-02-06T01:00:00+11:00,-33.799444,150.997778,pm25,µg/m³,4.2
7425,21604,Parramatta North-7425,2020-02-06T02:00:00+11:00,-33.799444,150.997778,pm25,µg/m³,4.1
7425,21604,Parramatta North-7425,2020-02-06T03:00:00+11:00,-33.799444,150.997778,pm25,µg/m³,3.8
7425,21604,Parramatta North-7425,2020-02-06T04:00:00+11:00,-33.799444,150.997778,pm25,µg/m³,3.6
7425,21604,Parramatta North-7425,2020-02-06T05:00:00+11:00,-33.799444,150.997778,pm25,µg/m³,3.6
7425,21604,Parramatta North-7425,2020-02-06T06:00:00+11:00,-33.799444,150.997778,pm25,µg/m³,3.5
7425,21604,Parramatta North-7425,2020-02-06T07:00:00+11:00,-33.799444,150.997778,pm25,µg/m³,3.4
7425,21604,Parramatta North-7425,2020-02-06T08:00:00+11:00,-33.799444,150.997778,pm25,µg/m³,3.2
7425,21604,Parramatta North-7425,2020-02-06T09:00:00+11:00,-33.799444,150.997778,pm25,µg/m³,3.2
7425,21604,Parramatta North-7425,2020-02-06T10:00:00+11:00,-33.799444,150.997778,pm25,µg/m³,3.0
7425,21604,Parramatta North-7425,2020-02-06T11:00:00+11:00,-33.799444,150.997778,pm25,µg/m³,2.6
7425,21604,Parramatta North-7425,2020-02-06T12:00:00+11:00,-33.799444,150.997778,pm25,µg/m³,2.2
7425,21604,Parramatta North-7425,2020-02-06T13:00:00+11:00,-33.799444,150.997778,pm25,µg/m³,2.0
7425,21604,Parramatta North-7425,2020-02-06T14:00:00+11:00,-33.799444,150.997778,pm25,µg/m³,2.2
7425,21604,Parramatta North-7425,2020-02-06T15:00:00+11:00,-33.799444,150.997778,pm25,µg/m³,2.3
7425,21604,Parramatta North-7425,2020-02-06T16:00:00+11:00,-33.799444,150.997778,pm25,µg/m³,2.4
7425,21604,Parramatta North-7425,2020-02-06T17:00:00+11:00,-33.799444,150.997778,pm25,µg/m³,2.5
7425,21604,Parramatta North-7425,2020-02-06T18:00:00+11:00,-33.799444,150.997778,pm25,µg/m³,2.1
7425,21604,Parramatta North-7425,2020-02-06T19:00:00+11:00,-33.799444,150.997778,pm25,µg/m³,2.0
7425,21604,Parramatta North-7425,2020-02-06T20:00:00+11:00,-33.799444,150.997778,pm25,µg/m³,5.0
7425,21604,Parramatta North-7425,2020-02-06T21:00:00+11:00,-33.799444,150.997778,pm25,µg/m³,6.0
7425,21604,Parramatta North-7425,2020-02-06T22:00:00+11:00,-33.799444,150.997778,pm25,µg/m³,4.0
7425,21604,Parramatta North-7425,2020-02-06T23:00:00+11:00,-33.799444,150.997778,pm25,µg/m³,3.0
7425,25469,Parramatta North-7425,2020-02-06T01:00:00+11:00,-33.799444,150.997778,no2,ppm,0.003
7425,25469,Parramatta North-7425,2020-02-06T03:00:00+11:00,-33.799444,150.997778,no2,ppm,0.002
7425,25469,Parramatta North-7425,2020-02-06T04:00:00+11:00,-33.799444,150.997778,no2,ppm,0.008
7425,25469,Parramatta North-7425,2020-02-06T05:00:00+11:00,-33.799444,150.997778,no2,ppm,0.01
7425,25469,Parramatta North-7425,2020-02-06T06:00:00+11:00,-33.799444,150.997778,no2,ppm,0.011
7425,25469,Parramatta North-7425,2020-02-06T07:00:00+11:00,-33.799444,150.997778,no2,ppm,0.008
7425,25469,Parramatta North-7425,2020-02-06T08:00:00+11:00,-33.799444,150.997778,no2,ppm,0.009
7425,25469,Parramatta North-7425,2020-02-06T09:00:00+11:00,-33.799444,150.997778,no2,ppm,0.004
7425,25469,Parramatta North-7425,2020-02-06T10:00:00+11:00,-33.799444,150.997778,no2,ppm,0.004
7425,25469,Parramatta North-7425,2020-02-06T12:00:00+11:00,-33.799444,150.997778,no2,ppm,0.001
7425,25469,Parramatta North-7425,2020-02-06T13:00:00+11:00,-33.799444,150.997778,no2,ppm,0.002
7425,25469,Parramatta North-7425,2020-02-06T14:00:00+11:00,-33.799444,150.997778,no2,ppm,0.0
7425,25469,Parramatta North-7425,2020-02-06T15:00:00+11:00,-33.799444,150.997778,no2,ppm,0.002
7425,25469,Parramatta North-7425,2020-02-06T16:00:00+11:00,-33.799444,150.997778,no2,ppm,0.003
7425,25469,Parramatta North-7425,2020-02-06T17:00:00+11:00,-33.799444,150.997778,no2,ppm,0.003
7425,25469,Parramatta North-7425,2020-02-06T18:00:00+11:00,-33.799444,150.997778,no2,ppm,0.005
7425,25469,Parramatta North-7425,2020-02-06T19:00:00+11:00,-33.799444,150.997778,no2,ppm,0.01
7425,25469,Parramatta North-7425,2020-02-06T20:00:00+11:00,-33.799444,150.997778,no2,ppm,0.012
7425,25469,Parramatta North-7425,2020-02-06T21:00:00+11:00,-33.799444,150.997778,no2,ppm,0.001
7425,25469,Parramatta North-7425,2020-02-06T22:00:00+11:00,-33.799444,150.997778,no2,ppm,0.003
7425,25469,Parramatta North-7425,2020-02-06T23:00:00+11:00,-33.799444,150.997778,no2,ppm,0.002
7425,28317,Parramatta North-7425,2020-02-06T01:00:00+11:00,-33.799444,150.997778,co,ppm,0.1
7425,28317,Parramatta North-7425,2020-02-06T02:00:00+11:00,-33.799444,150.997778,co,ppm,0.1
7425,28317,Parramatta North-7425,2020-02-06T03:00:00+11:00,-33.799444,150.997778,co,ppm,0.1
7425,28317,Parramatta North-7425,2020-02-06T04:00:00+11:00,-33.799444,150.997778,co,ppm,0.1
7425,28317,Parramatta North-7425,2020-02-06T05:00:00+11:00,-33.799444,150.997778,co,ppm,0.1
7425,28317,Parramatta North-7425,2020-02-06T06:00:00+11:00,-33.799444,150.997778,co,ppm,0.1
7425,28317,Parramatta North-7425,2020-02-06T07:00:00+11:00,-33.799444,150.997778,co,ppm,0.1
7425,28317,Parramatta North-7425,2020-02-06T08:00:00+11:00,-33.799444,150.997778,co,ppm,0.1
7425,28317,Parramatta North-7425,2020-02-06T09:00:00+11:00,-33.799444,150.997778,co,ppm,0.1
7425,28317,Parramatta North-7425,2020-02-06T10:00:00+11:00,-33.799444,150.997778,co,ppm,0.1
7425,28317,Parramatta North-7425,2020-02-06T11:00:00+11:00,-33.799444,150.997778,co,ppm,0.1
7425,28317,Parramatta North-7425,2020-02-06T12:00:00+11:00,-33.799444,150.997778,co,ppm,0.1
7425,28317,Parramatta North-7425,2020-02-06T13:00:00+11:00,-33.799444,150.997778,co,ppm,0.1
7425,28317,Parramatta North-7425,2020-02-06T14:00:00+11:00,-33.799444,150.997778,co,ppm,0.1
7425,28317,Parramatta North-7425,2020-02-06T15:00:00+11:00,-33.799444,150.997778,co,ppm,0.1
7425,28317,Parramatta North-7425,2020-02-06T16:00:00+11:00,-33.799444,150.997778,co,ppm,0.0
7425,28317,Parramatta North-7425,2020-02-06T17:00:00+11:00,-33.799444,150.997778,co,ppm,0.0
7425,28317,Parramatta North-7425,2020-02-06T18:00:00+11:00,-33.799444,150.997778,co,ppm,0.0
7425,28317,Parramatta North-7425,2020-02-06T19:00:00+11:00,-33.799444,150.997778,co,ppm,0.0
7425,28317,Parramatta North-7425,2020-02-06T20:00:00+11:00,-33.799444,150.997778,co,ppm,0.0
7425,28317,Parramatta North-7425,2020-02-06T21:00:00+11:00,-33.799444,150.997778,co,ppm,0.0
7425,28317,Parramatta North-7425,2020-02-06T22:00:00+11:00,-33.799444,150.997778,co,ppm,0.0
7425,28317,Parramatta North-7425,2020-02-06T23:00:00+11:00,-33.799444,150.997778,co,ppm,0.0
7425,25471,Parramatta North-7425,2020-02-06T01:00:00+11:00,-33.799444,150.997778,so2,ppm,0.0
7425,25471,Parramatta North-7425,2020-02-06T03:00:00+11:00,-33.799444,150.997778,so2,ppm,0.0
7425,25471,Parramatta North-7425,2020-02-06T04:00:00+11:00,-33.799444,150.997778,so2,ppm,0.0
7425,25471,Parramatta North-7425,2020-02-06T05:00:00+11:00,-33.799444,150.997778,so2,ppm,0.0
7425,25471,Parramatta North-7425,2020-02-06T06:00:00+11:00,-33.799444,150.997778,so2,ppm,0.0
7425,25471,Parramatta North-7425,2020-02-06T07:00:00+11:00,-33.799444,150.997778,so2,ppm,0.0
7425,25471,Parramatta North-7425,2020-02-06T08:00:00+11:00,-33.799444,150.997778,so2,ppm,0.0
7425,25471,Parramatta North-7425,2020-02-06T09:00:00+11:00,-33.799444,150.997778,so2,ppm,0.0
7425,25471,Parramatta North-7425,2020-02-06T10:00:00+11:00,-33.799444,150.997778,so2,ppm,0.0
7425,25471,Parramatta North-7425,2020-02-06T12:00:00+11:00,-33.799444,150.997778,so2,ppm,0.0
7425,25471,Parramatta North-7425,2020-02-06T13:00:00+11:00,-33.799444,150.997778,so2,ppm,-0.001
7425,25471,Parramatta North-7425,2020-02-06T14:00:00+11:00,-33.799444,150.997778,so2,ppm,0.0
7425,25471,Parramatta North-7425,2020-02-06T15:00:00+11:00,-33.799444,150.997778,so2,ppm,0.0
7425,25471,Parramatta North-7425,2020-02-06T16:00:00+11:00,-33.799444,150.997778,so2,ppm,0.0
7425,25471,Parramatta North-7425,2020-02-06T17:00:00+11:00,-33.799444,150.997778,so2,ppm,0.0
7425,25471,Parramatta North-7425,2020-02-06T18:00:00+11:00,-33.799444,150.997778,so2,ppm,0.0
7425,25471,Parramatta North-7425,2020-02-06T19:00:00+11:00,-33.799444,150.997778,so2,ppm,0.0
7425,25471,Parramatta North-7425,2020-02-06T20:00:00+11:00,-33.799444,150.997778,so2,ppm,0.001
7425,25471,Parramatta North-7425,2020-02-06T21:00:00+11:00,-33.799444,150.997778,so2,ppm,0.0
7425,25471,Parramatta North-7425,2020-02-06T22:00:00+11:00,-33.799444,150.997778,so2,ppm,0.0
7425,25471,Parramatta North-7425,2020-02-06T23:00:00+11:00,-33.799444,150.997778,so2,ppm,0.0
7425,25470,Parramatta North-7425,2020-02-06T01:00:00+11:00,-33.799444,150.997778,o3,ppm,0.014
7425,25470,Parramatta North-7425,2020-02-06T02:00:00+11:00,-33.799444,150.997778,o3,ppm,0.01
7425,25470,Parramatta North-7425,2020-02-06T03:00:00+11:00,-33.799444,150.997778,o3,ppm,0.01
7425,25470,Parramatta North-7425,2020-02-06T04:00:00+11:00,-33.799444,150.997778,o3,ppm,0.006
7425,25470,Parramatta North-7425,2020-02-06T05:00:00+11:00,-33.799444,150.997778,o3,ppm,0.003
7425,25470,Parramatta North-7425,2020-02-06T06:00:00+11:00,-33.799444,150.997778,o3,ppm,0.005
7425,25470,Parramatta North-7425,2020-02-06T07:00:00+11:00,-33.799444,150.997778,o3,ppm,0.008
7425,25470,Parramatta North-7425,2020-02-06T08:00:00+11:00,-33.799444,150.997778,o3,ppm,0.008
7425,25470,Parramatta North-7425,2020-02-06T09:00:00+11:00,-33.799444,150.997778,o3,ppm,0.013
7425,25470,Parramatta North-7425,2020-02-06T10:00:00+11:00,-33.799444,150.997778,o3,ppm,0.014
7425,25470,Parramatta North-7425,2020-02-06T11:00:00+11:00,-33.799444,150.997778,o3,ppm,0.012
7425,25470,Parramatta North-7425,2020-02-06T12:00:00+11:00,-33.799444,150.997778,o3,ppm,0.015
7425,25470,Parramatta North-7425,2020-02-06T13:00:00+11:00,-33.799444,150.997778,o3,ppm,0.015
7425,25470,Parramatta North-7425,2020-02-06T14:00:00+11:00,-33.799444,150.997778,o3,ppm,0.018
7425,25470,Parramatta North-7425,2020-02-06T15:00:00+11:00,-33.799444,150.997778,o3,ppm,0.017
7425,25470,Parramatta North-7425,2020-02-06T16:00:00+11:00,-33.799444,150.997778,o3,ppm,0.015
7425,25470,Parramatta North-7425,2020-02-06T17:00:00+11:00,-33.799444,150.997778,o3,ppm,0.015
7425,25470,Parramatta North-7425,2020-02-06T18:00:00+11:00,-33.799444,150.997778,o3,ppm,0.013
7425,25470,Parramatta North-7425,2020-02-06T19:00:00+11:00,-33.799444,150.997778,o3,ppm,0.009
7425,25470,Parramatta North-7425,2020-02-06T20:00:00+11:00,-33.799444,150.997778,o3,ppm,0.006
7425,25470,Parramatta North-7425,2020-02-06T21:00:00+11:00,-33.799444,150.997778,o3,ppm,0.017
7425,25470,Parramatta North-7425,2020-02-06T22:00:00+11:00,-33.799444,150.997778,o3,ppm,0.013
7425,25470,Parramatta North-7425,2020-02-06T23:00:00+11:00,-33.799444,150.997778,o3,ppm,0.013
7425,21603,Parramatta North-7425,2020-02-07T01:00:00+11:00,-33.799444,150.997778,pm10,µg/m³,7.0
7425,21603,Parramatta North-7425,2020-02-07T02:00:00+11:00,-33.799444,150.997778,pm10,µg/m³,9.0
7425,21603,Parramatta North-7425,2020-02-07T03:00:00+11:00,-33.799444,150.997778,pm10,µg/m³,14.0
7425,21603,Parramatta North-7425,2020-02-07T04:00:00+11:00,-33.799444,150.997778,pm10,µg/m³,6.0
7425,21603,Parramatta North-7425,2020-02-07T05:00:00+11:00,-33.799444,150.997778,pm10,µg/m³,6.0
7425,21603,Parramatta North-7425,2020-02-07T06:00:00+11:00,-33.799444,150.997778,pm10,µg/m³,6.0
7425,21603,Parramatta North-7425,2020-02-07T07:00:00+11:00,-33.799444,150.997778,pm10,µg/m³,7.0
7425,21603,Parramatta North-7425,2020-02-07T08:00:00+11:00,-33.799444,150.997778,pm10,µg/m³,9.0
7425,21603,Parramatta North-7425,2020-02-07T09:00:00+11:00,-33.799444,150.997778,pm10,µg/m³,6.0
7425,21603,Parramatta North-7425,2020-02-07T10:00:00+11:00,-33.799444,150.997778,pm10,µg/m³,12.0
7425,21603,Parramatta North-7425,2020-02-07T11:00:00+11:00,-33.799444,150.997778,pm10,µg/m³,13.0
7425,21603,Parramatta North-7425,2020-02-07T12:00:00+11:00,-33.799444,150.997778,pm10,µg/m³,6.0
7425,21603,Parramatta North-7425,2020-02-07T13:00:00+11:00,-33.799444,150.997778,pm10,µg/m³,9.0
7425,21603,Parramatta North-7425,2020-02-07T14:00:00+11:00,-33.799444,150.997778,pm10,µg/m³,13.0
7425,21603,Parramatta North-7425,2020-02-07T15:00:00+11:00,-33.799444,150.997778,pm10,µg/m³,19.0
7425,21603,Parramatta North-7425,2020-02-07T16:00:00+11:00,-33.799444,150.997778,pm10,µg/m³,9.0
7425,21603,Parramatta North-7425,2020-02-07T17:00:00+11:00,-33.799444,150.997778,pm10,µg/m³,12.0
7425,21603,Parramatta North-7425,2020-02-07T18:00:00+11:00,-33.799444,150.997778,pm10,µg/m³,23.0
7425,21603,Parramatta North-7425,2020-02-07T19:00:00+11:00,-33.799444,150.997778,pm10,µg/m³,15.0
7425,21603,Parramatta North-7425,2020-02-07T20:00:00+11:00,-33.799444,150.997778,pm10,µg/m³,12.6
7425,21603,Parramatta North-7425,2020-02-07T21:00:00+11:00,-33.799444,150.997778,pm10,µg/m³,16.5
7425,21603,Parramatta North-7425,2020-02-07T22:00:00+11:00,-33.799444,150.997778,pm10,µg/m³,12.1
7425,21603,Parramatta North-7425,2020-02-07T23:00:00+11:00,-33.799444,150.997778,pm10,µg/m³,5.6
7425,21604,Parramatta North-7425,2020-02-07T01:00:00+11:00,-33.799444,150.997778,pm25,µg/m³,0.0
7425,21604,Parramatta North-7425,2020-02-07T02:00:00+11:00,-33.799444,150.997778,pm25,µg/m³,1.0
7425,21604,Parramatta North-7425,2020-02-07T03:00:00+11:00,-33.799444,150.997778,pm25,µg/m³,-1.0
7425,21604,Parramatta North-7425,2020-02-07T04:00:00+11:00,-33.799444,150.997778,pm25,µg/m³,1.0
7425,21604,Parramatta North-7425,2020-02-07T05:00:00+11:00,-33.799444,150.997778,pm25,µg/m³,5.0
7425,21604,Parramatta North-7425,2020-02-07T06:00:00+11:00,-33.799444,150.997778,pm25,µg/m³,1.0
7425,21604,Parramatta North-7425,2020-02-07T07:00:00+11:00,-33.799444,150.997778,pm25,µg/m³,6.0
7425,21604,Parramatta North-7425,2020-02-07T08:00:00+11:00,-33.799444,150.997778,pm25,µg/m³,11.0
7425,21604,Parramatta North-7425,2020-02-07T09:00:00+11:00,-33.799444,150.997778,pm25,µg/m³,2.0
7425,21604,Parramatta North-7425,2020-02-07T10:00:00+11:00,-33.799444,150.997778,pm25,µg/m³,1.0
7425,21604,Parramatta North-7425,2020-02-07T11:00:00+11:00,-33.799444,150.997778,pm25,µg/m³,1.0
7425,21604,Parramatta North-7425,2020-02-07T12:00:00+11:00,-33.799444,150.997778,pm25,µg/m³,0.0
7425,21604,Parramatta North-7425,2020-02-07T13:00:00+11:00,-33.799444,150.997778,pm25,µg/m³,5.0
7425,21604,Parramatta North-7425,2020-02-07T14:00:00+11:00,-33.799444,150.997778,pm25,µg/m³,3.0
7425,21604,Parramatta North-7425,2020-02-07T15:00:00+11:00,-33.799444,150.997778,pm25,µg/m³,6.0
7425,21604,Parramatta North-7425,2020-02-07T16:00:00+11:00,-33.799444,150.997778,pm25,µg/m³,5.0
7425,21604,Parramatta North-7425,2020-02-07T17:00:00+11:00,-33.799444,150.997778,pm25,µg/m³,6.0
7425,21604,Parramatta North-7425,2020-02-07T18:00:00+11:00,-33.799444,150.997778,pm25,µg/m³,6.0
7425,21604,Parramatta North-7425,2020-02-07T19:00:00+11:00,-33.799444,150.997778,pm25,µg/m³,3.8
7425,21604,Parramatta North-7425,2020-02-07T20:00:00+11:00,-33.799444,150.997778,pm25,µg/m³,4.1
7425,21604,Parramatta North-7425,2020-02-07T21:00:00+11:00,-33.799444,150.997778,pm25,µg/m³,1.7
7425,21604,Parramatta North-7425,2020-02-07T22:00:00+11:00,-33.799444,150.997778,pm25,µg/m³,-2.8
7425,21604,Parramatta North-7425,2020-02-07T23:00:00+11:00,-33.799444,150.997778,pm25,µg/m³,1.0
7425,25469,Parramatta North-7425,2020-02-07T01:00:00+11:00,-33.799444,150.997778,no2,ppm,0.0
7425,25469,Parramatta North-7425,2020-02-07T03:00:00+11:00,-33.799444,150.997778,no2,ppm,0.002
7425,25469,Parramatta North-7425,2020-02-07T04:00:00+11:00,-33.799444,150.997778,no2,ppm,0.0
7425,25469,Parramatta North-7425,2020-02-07T05:00:00+11:00,-33.799444,150.997778,no2,ppm,0.0
7425,25469,Parramatta North-7425,2020-02-07T06:00:00+11:00,-33.799444,150.997778,no2,ppm,0.002
7425,25469,Parramatta North-7425,2020-02-07T07:00:00+11:00,-33.799444,150.997778,no2,ppm,0.009
7425,25469,Parramatta North-7425,2020-02-07T08:00:00+11:00,-33.799444,150.997778,no2,ppm,0.012
7425,25469,Parramatta North-7425,2020-02-07T09:00:00+11:00,-33.799444,150.997778,no2,ppm,0.008
7425,25469,Parramatta North-7425,2020-02-07T10:00:00+11:00,-33.799444,150.997778,no2,ppm,0.005
7425,25469,Parramatta North-7425,2020-02-07T11:00:00+11:00,-33.799444,150.997778,no2,ppm,0.005
7425,25469,Parramatta North-7425,2020-02-07T12:00:00+11:00,-33.799444,150.997778,no2,ppm,0.008
7425,25469,Parramatta North-7425,2020-02-07T13:00:00+11:00,-33.799444,150.997778,no2,ppm,0.009
7425,25469,Parramatta North-7425,2020-02-07T14:00:00+11:00,-33.799444,150.997778,no2,ppm,0.013
7425,25469,Parramatta North-7425,2020-02-07T15:00:00+11:00,-33.799444,150.997778,no2,ppm,0.007
7425,25469,Parramatta North-7425,2020-02-07T16:00:00+11:00,-33.799444,150.997778,no2,ppm,0.003
7425,25469,Parramatta North-7425,2020-02-07T17:00:00+11:00,-33.799444,150.997778,no2,ppm,0.003
7425,25469,Parramatta North-7425,2020-02-07T18:00:00+11:00,-33.799444,150.997778,no2,ppm,0.004
7425,25469,Parramatta North-7425,2020-02-07T19:00:00+11:00,-33.799444,150.997778,no2,ppm,0.003
7425,25469,Parramatta North-7425,2020-02-07T20:00:00+11:00,-33.799444,150.997778,no2,ppm,0.001
7425,25469,Parramatta North-7425,2020-02-07T21:00:00+11:00,-33.799444,150.997778,no2,ppm,0.002
7425,25469,Parramatta North-7425,2020-02-07T22:00:00+11:00,-33.799444,150.997778,no2,ppm,0.002
7425,25469,Parramatta North-7425,2020-02-07T23:00:00+11:00,-33.799444,150.997778,no2,ppm,0.0
7425,28317,Parramatta North-7425,2020-02-07T01:00:00+11:00,-33.799444,150.997778,co,ppm,0.0
7425,28317,Parramatta North-7425,2020-02-07T02:00:00+11:00,-33.799444,150.997778,co,ppm,0.0
7425,28317,Parramatta North-7425,2020-02-07T03:00:00+11:00,-33.799444,150.997778,co,ppm,0.0
7425,28317,Parramatta North-7425,2020-02-07T04:00:00+11:00,-33.799444,150.997778,co,ppm,0.0
7425,28317,Parramatta North-7425,2020-02-07T05:00:00+11:00,-33.799444,150.997778,co,ppm,0.1
7425,28317,Parramatta North-7425,2020-02-07T06:00:00+11:00,-33.799444,150.997778,co,ppm,0.1
7425,28317,Parramatta North-7425,2020-02-07T07:00:00+11:00,-33.799444,150.997778,co,ppm,0.1
7425,28317,Parramatta North-7425,2020-02-07T08:00:00+11:00,-33.799444,150.997778,co,ppm,0.1
7425,28317,Parramatta North-7425,2020-02-07T09:00:00+11:00,-33.799444,150.997778,co,ppm,0.1
7425,28317,Parramatta North-7425,2020-02-07T10:00:00+11:00,-33.799444,150.997778,co,ppm,0.1
7425,28317,Parramatta North-7425,2020-02-07T11:00:00+11:00,-33.799444,150.997778,co,ppm,0.1
7425,28317,Parramatta North-7425,2020-02-07T12:00:00+11:00,-33.799444,150.997778,co,ppm,0.1
7425,28317,Parramatta North-7425,2020-02-07T13:00:00+11:00,-33.799444,150.997778,co,ppm,0.1
7425,28317,Parramatta North-7425,2020-02-07T14:00:00+11:00,-33.799444,150.997778,co,ppm,0.1
7425,28317,Parramatta North-7425,2020-02-07T15:00:00+11:00,-33.799444,150.997778,co,ppm,0.1
7425,28317,Parramatta North-7425,2020-02-07T16:00:00+11:00,-33.799444,150.997778,co,ppm,0.1
7425,28317,Parramatta North-7425,2020-02-07T17:00:00+11:00,-33.799444,150.997778,co,ppm,0.1
7425,28317,Parramatta North-7425,2020-02-07T18:00:00+11:00,-33.799444,150.997778,co,ppm,0.1
7425,28317,Parramatta North-7425,2020-02-07T19:00:00+11:00,-33.799444,150.997778,co,ppm,0.1
7425,28317,Parramatta North-7425,2020-02-07T20:00:00+11:00,-33.799444,150.997778,co,ppm,0.1
7425,28317,Parramatta North-7425,2020-02-07T21:00:00+11:00,-33.799444,150.997778,co,ppm,0.1
7425,28317,Parramatta North-7425,2020-02-07T22:00:00+11:00,-33.799444,150.997778,co,ppm,0.1
7425,28317,Parramatta North-7425,2020-02-07T23:00:00+11:00,-33.799444,150.997778,co,ppm,0.1
7425,25471,Parramatta North-7425,2020-02-07T01:00:00+11:00,-33.799444,150.997778,so2,ppm,0.0
7425,25471,Parramatta North-7425,2020-02-07T03:00:00+11:00,-33.799444,150.997778,so2,ppm,0.0
7425,25471,Parramatta North-7425,2020-02-07T04:00:00+11:00,-33.799444,150.997778,so2,ppm,0.0
7425,25471,Parramatta North-7425,2020-02-07T05:00:00+11:00,-33.799444,150.997778,so2,ppm,0.0
7425,25471,Parramatta North-7425,2020-02-07T06:00:00+11:00,-33.799444,150.997778,so2,ppm,0.0
7425,25471,Parramatta North-7425,2020-02-07T07:00:00+11:00,-33.799444,150.997778,so2,ppm,0.0
7425,25471,Parramatta North-7425,2020-02-07T08:00:00+11:00,-33.799444,150.997778,so2,ppm,0.0
7425,25471,Parramatta North-7425,2020-02-07T09:00:00+11:00,-33.799444,150.997778,so2,ppm,0.0
7425,25471,Parramatta North-7425,2020-02-07T10:00:00+11:00,-33.799444,150.997778,so2,ppm,0.0
7425,25471,Parramatta North-7425,2020-02-07T11:00:00+11:00,-33.799444,150.997778,so2,ppm,0.0
7425,25471,Parramatta North-7425,2020-02-07T12:00:00+11:00,-33.799444,150.997778,so2,ppm,0.0
7425,25471,Parramatta North-7425,2020-02-07T13:00:00+11:00,-33.799444,150.997778,so2,ppm,0.0
7425,25471,Parramatta North-7425,2020-02-07T14:00:00+11:00,-33.799444,150.997778,so2,ppm,0.0
7425,25471,Parramatta North-7425,2020-02-07T15:00:00+11:00,-33.799444,150.997778,so2,ppm,0.0
7425,25471,Parramatta North-7425,2020-02-07T16:00:00+11:00,-33.799444,150.997778,so2,ppm,0.0
7425,25471,Parramatta North-7425,2020-02-07T17:00:00+11:00,-33.799444,150.997778,so2,ppm,0.0
7425,25471,Parramatta North-7425,2020-02-07T18:00:00+11:00,-33.799444,150.997778,so2,ppm,0.0
7425,25471,Parramatta North-7425,2020-02-07T19:00:00+11:00,-33.799444,150.997778,so2,ppm,0.0
7425,25471,Parramatta North-7425,2020-02-07T20:00:00+11:00,-33.799444,150.997778,so2,ppm,0.0
7425,25471,Parramatta North-7425,2020-02-07T21:00:00+11:00,-33.799444,150.997778,so2,ppm,0.0
7425,25471,Parramatta North-7425,2020-02-07T22:00:00+11:00,-33.799444,150.997778,so2,ppm,0.0
7425,25471,Parramatta North-7425,2020-02-07T23:00:00+11:00,-33.799444,150.997778,so2,ppm,0.0
7425,25470,Parramatta North-7425,2020-02-07T01:00:00+11:00,-33.799444,150.997778,o3,ppm,0.017
7425,25470,Parramatta North-7425,2020-02-07T02:00:00+11:00,-33.799444,150.997778,o3,ppm,0.015
7425,25470,Parramatta North-7425,2020-02-07T03:00:00+11:00,-33.799444,150.997778,o3,ppm,0.015
7425,25470,Parramatta North-7425,2020-02-07T04:00:00+11:00,-33.799444,150.997778,o3,ppm,0.024
7425,25470,Parramatta North-7425,2020-02-07T05:00:00+11:00,-33.799444,150.997778,o3,ppm,0.026
7425,25470,Parramatta North-7425,2020-02-07T06:00:00+11:00,-33.799444,150.997778,o3,ppm,0.027
7425,25470,Parramatta North-7425,2020-02-07T07:00:00+11:00,-33.799444,150.997778,o3,ppm,0.02
7425,25470,Parramatta North-7425,2020-02-07T08:00:00+11:00,-33.799444,150.997778,o3,ppm,0.016
7425,25470,Parramatta North-7425,2020-02-07T09:00:00+11:00,-33.799444,150.997778,o3,ppm,0.019
7425,25470,Parramatta North-7425,2020-02-07T10:00:00+11:00,-33.799444,150.997778,o3,ppm,0.023
7425,25470,Parramatta North-7425,2020-02-07T11:00:00+11:00,-33.799444,150.997778,o3,ppm,0.023
7425,25470,Parramatta North-7425,2020-02-07T12:00:00+11:00,-33.799444,150.997778,o3,ppm,0.021
7425,25470,Parramatta North-7425,2020-02-07T13:00:00+11:00,-33.799444,150.997778,o3,ppm,0.019
7425,25470,Parramatta North-7425,2020-02-07T14:00:00+11:00,-33.799444,150.997778,o3,ppm,0.013
7425,25470,Parramatta North-7425,2020-02-07T15:00:00+11:00,-33.799444,150.997778,o3,ppm,0.017
7425,25470,Parramatta North-7425,2020-02-07T16:00:00+11:00,-33.799444,150.997778,o3,ppm,0.023
7425,25470,Parramatta North-7425,2020-02-07T17:00:00+11:00,-33.799444,150.997778,o3,ppm,0.025
7425,25470,Parramatta North-7425,2020-02-07T18:00:00+11:00,-33.799444,150.997778,o3,ppm,0.023
7425,25470,Parramatta North-7425,2020-02-07T19:00:00+11:00,-33.799444,150.997778,o3,ppm,0.023
7425,25470,Parramatta North-7425,2020-02-07T20:00:00+11:00,-33.799444,150.997778,o3,ppm,0.025
7425,25470,Parramatta North-7425,2020-02-07T21:00:00+11:00,-33.799444,150.997778,o3,ppm,0.025
7425,25470,Parramatta North-7425,2020-02-07T22:00:00+11:00,-33.799444,150.997778,o3,ppm,0.022
7425,25470,Parramatta North-7425,2020-02-07T23:00:00+11:00,-33.799444,150.997778,o3,ppm,0.024
7425,21603,Parramatta North-7425,2020-02-09T01:00:00+11:00,-33.799444,150.997778,pm10,µg/m³,22.4
7425,21603,Parramatta North-7425,2020-02-09T02:00:00+11:00,-33.799444,150.997778,pm10,µg/m³,24.1
7425,21603,Parramatta North-7425,2020-02-09T03:00:00+11:00,-33.799444,150.997778,pm10,µg/m³,24.5
7425,21603,Parramatta North-7425,2020-02-09T05:00:00+11:00,-33.799444,150.997778,pm10,µg/m³,22.5
7425,21603,Parramatta North-7425,2020-02-09T06:00:00+11:00,-33.799444,150.997778,pm10,µg/m³,13.9
7425,21603,Parramatta North-7425,2020-02-09T08:00:00+11:00,-33.799444,150.997778,pm10,µg/m³,10.6
7425,21603,Parramatta North-7425,2020-02-09T09:00:00+11:00,-33.799444,150.997778,pm10,µg/m³,5.9
7425,21603,Parramatta North-7425,2020-02-09T10:00:00+11:00,-33.799444,150.997778,pm10,µg/m³,7.4
7425,21603,Parramatta North-7425,2020-02-09T11:00:00+11:00,-33.799444,150.997778,pm10,µg/m³,12.0
7425,21603,Parramatta North-7425,2020-02-09T12:00:00+11:00,-33.799444,150.997778,pm10,µg/m³,10.2
7425,21603,Parramatta North-7425,2020-02-09T13:00:00+11:00,-33.799444,150.997778,pm10,µg/m³,7.9
7425,21603,Parramatta North-7425,2020-02-09T14:00:00+11:00,-33.799444,150.997778,pm10,µg/m³,4.3
7425,21603,Parramatta North-7425,2020-02-09T15:00:00+11:00,-33.799444,150.997778,pm10,µg/m³,4.5
7425,21603,Parramatta North-7425,2020-02-09T16:00:00+11:00,-33.799444,150.997778,pm10,µg/m³,5.8
7425,21603,Parramatta North-7425,2020-02-09T17:00:00+11:00,-33.799444,150.997778,pm10,µg/m³,11.4
7425,21603,Parramatta North-7425,2020-02-09T18:00:00+11:00,-33.799444,150.997778,pm10,µg/m³,6.4
7425,21603,Parramatta North-7425,2020-02-09T19:00:00+11:00,-33.799444,150.997778,pm10,µg/m³,5.3
7425,21603,Parramatta North-7425,2020-02-09T20:00:00+11:00,-33.799444,150.997778,pm10,µg/m³,6.6
7425,21603,Parramatta North-7425,2020-02-09T21:00:00+11:00,-33.799444,150.997778,pm10,µg/m³,6.6
7425,21603,Parramatta North-7425,2020-02-09T22:00:00+11:00,-33.799444,150.997778,pm10,µg/m³,20.6
7425,21603,Parramatta North-7425,2020-02-09T23:00:00+11:00,-33.799444,150.997778,pm10,µg/m³,12.5
7425,21604,Parramatta North-7425,2020-02-09T01:00:00+11:00,-33.799444,150.997778,pm25,µg/m³,3.2
7425,21604,Parramatta North-7425,2020-02-09T02:00:00+11:00,-33.799444,150.997778,pm25,µg/m³,4.4
7425,21604,Parramatta North-7425,2020-02-09T03:00:00+11:00,-33.799444,150.997778,pm25,µg/m³,2.9
7425,21604,Parramatta North-7425,2020-02-09T05:00:00+11:00,-33.799444,150.997778,pm25,µg/m³,5.0
7425,21604,Parramatta North-7425,2020-02-09T06:00:00+11:00,-33.799444,150.997778,pm25,µg/m³,2.3
7425,21604,Parramatta North-7425,2020-02-09T08:00:00+11:00,-33.799444,150.997778,pm25,µg/m³,2.3
7425,21604,Parramatta North-7425,2020-02-09T09:00:00+11:00,-33.799444,150.997778,pm25,µg/m³,-1.2
7425,21604,Parramatta North-7425,2020-02-09T10:00:00+11:00,-33.799444,150.997778,pm25,µg/m³,0.3
7425,21604,Parramatta North-7425,2020-02-09T11:00:00+11:00,-33.799444,150.997778,pm25,µg/m³,0.4
7425,21604,Parramatta North-7425,2020-02-09T12:00:00+11:00,-33.799444,150.997778,pm25,µg/m³,0.5
7425,21604,Parramatta North-7425,2020-02-09T13:00:00+11:00,-33.799444,150.997778,pm25,µg/m³,1.3
7425,21604,Parramatta North-7425,2020-02-09T14:00:00+11:00,-33.799444,150.997778,pm25,µg/m³,2.9
7425,21604,Parramatta North-7425,2020-02-09T15:00:00+11:00,-33.799444,150.997778,pm25,µg/m³,1.0
7425,21604,Parramatta North-7425,2020-02-09T16:00:00+11:00,-33.799444,150.997778,pm25,µg/m³,3.6
7425,21604,Parramatta North-7425,2020-02-09T17:00:00+11:00,-33.799444,150.997778,pm25,µg/m³,3.2
7425,21604,Parramatta North-7425,2020-02-09T18:00:00+11:00,-33.799444,150.997778,pm25,µg/m³,0.6
7425,21604,Parramatta North-7425,2020-02-09T19:00:00+11:00,-33.799444,150.997778,pm25,µg/m³,3.0
7425,21604,Parramatta North-7425,2020-02-09T20:00:00+11:00,-33.799444,150.997778,pm25,µg/m³,0.9
7425,21604,Parramatta North-7425,2020-02-09T21:00:00+11:00,-33.799444,150.997778,pm25,µg/m³,-0.7
7425,21604,Parramatta North-7425,2020-02-09T22:00:00+11:00,-33.799444,150.997778,pm25,µg/m³,-0.3
7425,21604,Parramatta North-7425,2020-02-09T23:00:00+11:00,-33.799444,150.997778,pm25,µg/m³,2.5
7425,25469,Parramatta North-7425,2020-02-09T01:00:00+11:00,-33.799444,150.997778,no2,ppm,0.0
7425,25469,Parramatta North-7425,2020-02-09T03:00:00+11:00,-33.799444,150.997778,no2,ppm,0.0
7425,25469,Parramatta North-7425,2020-02-09T05:00:00+11:00,-33.799444,150.997778,no2,ppm,0.0
7425,25469,Parramatta North-7425,2020-02-09T06:00:00+11:00,-33.799444,150.997778,no2,ppm,0.0
7425,25469,Parramatta North-7425,2020-02-09T08:00:00+11:00,-33.799444,150.997778,no2,ppm,0.001
7425,25469,Parramatta North-7425,2020-02-09T09:00:00+11:00,-33.799444,150.997778,no2,ppm,0.001
7425,25469,Parramatta North-7425,2020-02-09T10:00:00+11:00,-33.799444,150.997778,no2,ppm,0.001
7425,25469,Parramatta North-7425,2020-02-09T11:00:00+11:00,-33.799444,150.997778,no2,ppm,0.0
7425,25469,Parramatta North-7425,2020-02-09T12:00:00+11:00,-33.799444,150.997778,no2,ppm,0.0
7425,25469,Parramatta North-7425,2020-02-09T13:00:00+11:00,-33.799444,150.997778,no2,ppm,0.0
7425,25469,Parramatta North-7425,2020-02-09T14:00:00+11:00,-33.799444,150.997778,no2,ppm,0.0
7425,25469,Parramatta North-7425,2020-02-09T15:00:00+11:00,-33.799444,150.997778,no2,ppm,0.0
7425,25469,Parramatta North-7425,2020-02-09T16:00:00+11:00,-33.799444,150.997778,no2,ppm,0.0
7425,25469,Parramatta North-7425,2020-02-09T17:00:00+11:00,-33.799444,150.997778,no2,ppm,0.0
7425,25469,Parramatta North-7425,2020-02-09T18:00:00+11:00,-33.799444,150.997778,no2,ppm,0.001
7425,25469,Parramatta North-7425,2020-02-09T19:00:00+11:00,-33.799444,150.997778,no2,ppm,0.002
7425,25469,Parramatta North-7425,2020-02-09T20:00:00+11:00,-33.799444,150.997778,no2,ppm,0.0
7425,25469,Parramatta North-7425,2020-02-09T21:00:00+11:00,-33.799444,150.997778,no2,ppm,-0.001
7425,25469,Parramatta North-7425,2020-02-09T22:00:00+11:00,-33.799444,150.997778,no2,ppm,-0.001
7425,25469,Parramatta North-7425,2020-02-09T23:00:00+11:00,-33.799444,150.997778,no2,ppm,-0.001
7425,28317,Parramatta North-7425,2020-02-09T01:00:00+11:00,-33.799444,150.997778,co,ppm,0.1
7425,28317,Parramatta North-7425,2020-02-09T02:00:00+11:00,-33.799444,150.997778,co,ppm,0.1
7425,28317,Parramatta North-7425,2020-02-09T03:00:00+11:00,-33.799444,150.997778,co,ppm,0.1
7425,28317,Parramatta North-7425,2020-02-09T05:00:00+11:00,-33.799444,150.997778,co,ppm,0.1
7425,28317,Parramatta North-7425,2020-02-09T06:00:00+11:00,-33.799444,150.997778,co,ppm,0.1
7425,28317,Parramatta North-7425,2020-02-09T08:00:00+11:00,-33.799444,150.997778,co,ppm,0.1
7425,28317,Parramatta North-7425,2020-02-09T09:00:00+11:00,-33.799444,150.997778,co,ppm,0.1
7425,28317,Parramatta North-7425,2020-02-09T10:00:00+11:00,-33.799444,150.997778,co,ppm,0.1
7425,28317,Parramatta North-7425,2020-02-09T11:00:00+11:00,-33.799444,150.997778,co,ppm,0.1
7425,28317,Parramatta North-7425,2020-02-09T12:00:00+11:00,-33.799444,150.997778,co,ppm,0.1
7425,28317,Parramatta North-7425,2020-02-09T13:00:00+11:00,-33.799444,150.997778,co,ppm,0.1
7425,28317,Parramatta North-7425,2020-02-09T14:00:00+11:00,-33.799444,150.997778,co,ppm,0.1
7425,28317,Parramatta North-7425,2020-02-09T15:00:00+11:00,-33.799444,150.997778,co,ppm,0.1
7425,28317,Parramatta North-7425,2020-02-09T16:00:00+11:00,-33.799444,150.997778,co,ppm,0.1
7425,28317,Parramatta North-7425,2020-02-09T17:00:00+11:00,-33.799444,150.997778,co,ppm,0.1
7425,28317,Parramatta North-7425,2020-02-09T18:00:00+11:00,-33.799444,150.997778,co,ppm,0.1
7425,28317,Parramatta North-7425,2020-02-09T19:00:00+11:00,-33.799444,150.997778,co,ppm,0.1
7425,28317,Parramatta North-7425,2020-02-09T20:00:00+11:00,-33.799444,150.997778,co,ppm,0.1
7425,28317,Parramatta North-7425,2020-02-09T21:00:00+11:00,-33.799444,150.997778,co,ppm,0.1
7425,28317,Parramatta North-7425,2020-02-09T22:00:00+11:00,-33.799444,150.997778,co,ppm,0.1
7425,28317,Parramatta North-7425,2020-02-09T23:00:00+11:00,-33.799444,150.997778,co,ppm,0.1
7425,25471,Parramatta North-7425,2020-02-09T01:00:00+11:00,-33.799444,150.997778,so2,ppm,0.0
7425,25471,Parramatta North-7425,2020-02-09T03:00:00+11:00,-33.799444,150.997778,so2,ppm,0.0
7425,25471,Parramatta North-7425,2020-02-09T05:00:00+11:00,-33.799444,150.997778,so2,ppm,0.0
7425,25471,Parramatta North-7425,2020-02-09T06:00:00+11:00,-33.799444,150.997778,so2,ppm,0.0
7425,25471,Parramatta North-7425,2020-02-09T08:00:00+11:00,-33.799444,150.997778,so2,ppm,0.0
7425,25471,Parramatta North-7425,2020-02-09T09:00:00+11:00,-33.799444,150.997778,so2,ppm,0.0
7425,25471,Parramatta North-7425,2020-02-09T10:00:00+11:00,-33.799444,150.997778,so2,ppm,0.0
7425,25471,Parramatta North-7425,2020-02-09T11:00:00+11:00,-33.799444,150.997778,so2,ppm,0.0
7425,25471,Parramatta North-7425,2020-02-09T12:00:00+11:00,-33.799444,150.997778,so2,ppm,0.0
7425,25471,Parramatta North-7425,2020-02-09T13:00:00+11:00,-33.799444,150.997778,so2,ppm,0.0
7425,25471,Parramatta North-7425,2020-02-09T14:00:00+11:00,-33.799444,150.997778,so2,ppm,0.0
7425,25471,Parramatta North-7425,2020-02-09T15:00:00+11:00,-33.799444,150.997778,so2,ppm,0.0
7425,25471,Parramatta North-7425,2020-02-09T16:00:00+11:00,-33.799444,150.997778,so2,ppm,0.0
7425,25471,Parramatta North-7425,2020-02-09T17:00:00+11:00,-33.799444,150.997778,so2,ppm,0.0
7425,25471,Parramatta North-7425,2020-02-09T18:00:00+11:00,-33.799444,150.997778,so2,ppm,0.0
7425,25471,Parramatta North-7425,2020-02-09T19:00:00+11:00,-33.799444,150.997778,so2,ppm,0.0
7425,25471,Parramatta North-7425,2020-02-09T20:00:00+11:00,-33.799444,150.997778,so2,ppm,0.0
7425,25471,Parramatta North-7425,2020-02-09T21:00:00+11:00,-33.799444,150.997778,so2,ppm,0.0
7425,25471,Parramatta North-7425,2020-02-09T22:00:00+11:00,-33.799444,150.997778,so2,ppm,0.0
7425,25471,Parramatta North-7425,2020-02-09T23:00:00+11:00,-33.799444,150.997778,so2,ppm,0.0
7425,25470,Parramatta North-7425,2020-02-09T01:00:00+11:00,-33.799444,150.997778,o3,ppm,0.015
7425,25470,Parramatta North-7425,2020-02-09T02:00:00+11:00,-33.799444,150.997778,o3,ppm,0.015
7425,25470,Parramatta North-7425,2020-02-09T03:00:00+11:00,-33.799444,150.997778,o3,ppm,0.017
7425,25470,Parramatta North-7425,2020-02-09T05:00:00+11:00,-33.799444,150.997778,o3,ppm,0.019
7425,25470,Parramatta North-7425,2020-02-09T06:00:00+11:00,-33.799444,150.997778,o3,ppm,0.02
7425,25470,Parramatta North-7425,2020-02-09T08:00:00+11:00,-33.799444,150.997778,o3,ppm,0.019
7425,25470,Parramatta North-7425,2020-02-09T09:00:00+11:00,-33.799444,150.997778,o3,ppm,0.02
7425,25470,Parramatta North-7425,2020-02-09T10:00:00+11:00,-33.799444,150.997778,o3,ppm,0.02
7425,25470,Parramatta North-7425,2020-02-09T11:00:00+11:00,-33.799444,150.997778,o3,ppm,0.021
7425,25470,Parramatta North-7425,2020-02-09T12:00:00+11:00,-33.799444,150.997778,o3,ppm,0.021
7425,25470,Parramatta North-7425,2020-02-09T13:00:00+11:00,-33.799444,150.997778,o3,ppm,0.021
7425,25470,Parramatta North-7425,2020-02-09T14:00:00+11:00,-33.799444,150.997778,o3,ppm,0.021
7425,25470,Parramatta North-7425,2020-02-09T15:00:00+11:00,-33.799444,150.997778,o3,ppm,0.02
7425,25470,Parramatta North-7425,2020-02-09T16:00:00+11:00,-33.799444,150.997778,o3,ppm,0.021
7425,25470,Parramatta North-7425,2020-02-09T17:00:00+11:00,-33.799444,150.997778,o3,ppm,0.029
7425,25470,Parramatta North-7425,2020-02-09T18:00:00+11:00,-33.799444,150.997778,o3,ppm,0.03
7425,25470,Parramatta North-7425,2020-02-09T19:00:00+11:00,-33.799444,150.997778,o3,ppm,0.02
7425,25470,Parramatta North-7425,2020-02-09T20:00:00+11:00,-33.799444,150.997778,o3,ppm,0.019
7425,25470,Parramatta North-7425,2020-02-09T21:00:00+11:00,-33.799444,150.997778,o3,ppm,0.02
7425,25470,Parramatta North-7425,2020-02-09T22:00:00+11:00,-33.799444,150.997778,o3,ppm,0.021
7425,25470,Parramatta North-7425,2020-02-09T23:00:00+11:00,-33.799444,150.997778,o3,ppm,0.02
7425,21603,Parramatta North-7425,2020-02-10T01:00:00+11:00,-33.799444,150.997778,pm10,µg/m³,4.5
7425,25470,Parramatta North-7425,2020-02-10T01:00:00+11:00,-33.799444,150.997778,o3,ppm,0.02
7425,25470,Parramatta North-7425,2020-02-10T02:00:00+11:00,-33.799444,150.997778,o3,ppm,0.02
7425,25470,Parramatta North-7425,2020-02-10T03:00:00+11:00,-33.799444,150.997778,o3,ppm,0.02
7425,25470,Parramatta North-7425,2020-02-10T04:00:00+11:00,-33.799444,150.997778,o3,ppm,0.015
7425,25470,Parramatta North-7425,2020-02-10T05:00:00+11:00,-33.799444,150.997778,o3,ppm,0.01
7425,25470,Parramatta North-7425,2020-02-10T06:00:00+11:00,-33.799444,150.997778,o3,ppm,0.006
7425,25470,Parramatta North-7425,2020-02-10T07:00:00+11:00,-33.799444,150.997778,o3,ppm,0.005
7425,25470,Parramatta North-7425,2020-02-10T08:00:00+11:00,-33.799444,150.997778,o3,ppm,0.009
7425,25470,Parramatta North-7425,2020-02-10T09:00:00+11:00,-33.799444,150.997778,o3,ppm,0.009
7425,25470,Parramatta North-7425,2020-02-10T10:00:00+11:00,-33.799444,150.997778,o3,ppm,0.017
7425,25470,Parramatta North-7425,2020-02-10T11:00:00+11:00,-33.799444,150.997778,o3,ppm,0.024
7425,25470,Parramatta North-7425,2020-02-10T12:00:00+11:00,-33.799444,150.997778,o3,ppm,0.03
7425,25470,Parramatta North-7425,2020-02-10T13:00:00+11:00,-33.799444,150.997778,o3,ppm,0.04
7425,25470,Parramatta North-7425,2020-02-10T14:00:00+11:00,-33.799444,150.997778,o3,ppm,0.05
7425,25470,Parramatta North-7425,2020-02-10T15:00:00+11:00,-33.799444,150.997778,o3,ppm,0.057
7425,25470,Parramatta North-7425,2020-02-10T16:00:00+11:00,-33.799444,150.997778,o3,ppm,0.043
7425,25470,Parramatta North-7425,2020-02-10T17:00:00+11:00,-33.799444,150.997778,o3,ppm,0.033
7425,25470,Parramatta North-7425,2020-02-10T18:00:00+11:00,-33.799444,150.997778,o3,ppm,0.027
7425,25470,Parramatta North-7425,2020-02-10T19:00:00+11:00,-33.799444,150.997778,o3,ppm,0.024
7425,25470,Parramatta North-7425,2020-02-10T20:00:00+11:00,-33.799444,150.997778,o3,ppm,0.022
7425,25470,Parramatta North-7425,2020-02-10T21:00:00+11:00,-33.799444,150.997778,o3,ppm,0.021
7425,25470,Parramatta North-7425,2020-02-10T22:00:00+11:00,-33.799444,150.997778,o3,ppm,0.015
7425,25470,Parramatta North-7425,2020-02-10T23:00:00+11:00,-33.799444,150.997778,o3,ppm,0.015
7425,21603,Parramatta North-7425,2020-02-10T02:00:00+11:00,-33.799444,150.997778,pm10,µg/m³,7.3
7425,21603,Parramatta North-7425,2020-02-10T03:00:00+11:00,-33.799444,150.997778,pm10,µg/m³,8.9
7425,21603,Parramatta North-7425,2020-02-10T04:00:00+11:00,-33.799444,150.997778,pm10,µg/m³,15.7
7425,21603,Parramatta North-7425,2020-02-10T05:00:00+11:00,-33.799444,150.997778,pm10,µg/m³,15.0
7425,21603,Parramatta North-7425,2020-02-10T06:00:00+11:00,-33.799444,150.997778,pm10,µg/m³,10.0
7425,21603,Parramatta North-7425,2020-02-10T07:00:00+11:00,-33.799444,150.997778,pm10,µg/m³,10.1
7425,21603,Parramatta North-7425,2020-02-10T08:00:00+11:00,-33.799444,150.997778,pm10,µg/m³,10.3
7425,21603,Parramatta North-7425,2020-02-10T09:00:00+11:00,-33.799444,150.997778,pm10,µg/m³,9.1
7425,21603,Parramatta North-7425,2020-02-10T10:00:00+11:00,-33.799444,150.997778,pm10,µg/m³,9.3
7425,21603,Parramatta North-7425,2020-02-10T11:00:00+11:00,-33.799444,150.997778,pm10,µg/m³,9.7
7425,21603,Parramatta North-7425,2020-02-10T12:00:00+11:00,-33.799444,150.997778,pm10,µg/m³,10.5
7425,21603,Parramatta North-7425,2020-02-10T13:00:00+11:00,-33.799444,150.997778,pm10,µg/m³,11.5
7425,21603,Parramatta North-7425,2020-02-10T14:00:00+11:00,-33.799444,150.997778,pm10,µg/m³,13.5
7425,21603,Parramatta North-7425,2020-02-10T15:00:00+11:00,-33.799444,150.997778,pm10,µg/m³,11.1
7425,21603,Parramatta North-7425,2020-02-10T16:00:00+11:00,-33.799444,150.997778,pm10,µg/m³,22.1
7425,21603,Parramatta North-7425,2020-02-10T17:00:00+11:00,-33.799444,150.997778,pm10,µg/m³,12.8
7425,21603,Parramatta North-7425,2020-02-10T18:00:00+11:00,-33.799444,150.997778,pm10,µg/m³,13.3
7425,21603,Parramatta North-7425,2020-02-10T19:00:00+11:00,-33.799444,150.997778,pm10,µg/m³,13.0
7425,21603,Parramatta North-7425,2020-02-10T20:00:00+11:00,-33.799444,150.997778,pm10,µg/m³,15.9
7425,21603,Parramatta North-7425,2020-02-10T21:00:00+11:00,-33.799444,150.997778,pm10,µg/m³,18.0
7425,21603,Parramatta North-7425,2020-02-10T22:00:00+11:00,-33.799444,150.997778,pm10,µg/m³,17.4
7425,21603,Parramatta North-7425,2020-02-10T23:00:00+11:00,-33.799444,150.997778,pm10,µg/m³,15.8
7425,21604,Parramatta North-7425,2020-02-10T01:00:00+11:00,-33.799444,150.997778,pm25,µg/m³,0.9
7425,21604,Parramatta North-7425,2020-02-10T02:00:00+11:00,-33.799444,150.997778,pm25,µg/m³,1.8
7425,21604,Parramatta North-7425,2020-02-10T03:00:00+11:00,-33.799444,150.997778,pm25,µg/m³,1.4
7425,21604,Parramatta North-7425,2020-02-10T04:00:00+11:00,-33.799444,150.997778,pm25,µg/m³,1.1
7425,21604,Parramatta North-7425,2020-02-10T05:00:00+11:00,-33.799444,150.997778,pm25,µg/m³,4.4
7425,21604,Parramatta North-7425,2020-02-10T06:00:00+11:00,-33.799444,150.997778,pm25,µg/m³,2.3
7425,21604,Parramatta North-7425,2020-02-10T07:00:00+11:00,-33.799444,150.997778,pm25,µg/m³,2.6
7425,21604,Parramatta North-7425,2020-02-10T08:00:00+11:00,-33.799444,150.997778,pm25,µg/m³,4.3
7425,21604,Parramatta North-7425,2020-02-10T09:00:00+11:00,-33.799444,150.997778,pm25,µg/m³,2.6
7425,21604,Parramatta North-7425,2020-02-10T10:00:00+11:00,-33.799444,150.997778,pm25,µg/m³,9.7
7425,21604,Parramatta North-7425,2020-02-10T11:00:00+11:00,-33.799444,150.997778,pm25,µg/m³,5.5
7425,21604,Parramatta North-7425,2020-02-10T12:00:00+11:00,-33.799444,150.997778,pm25,µg/m³,1.6
7425,21604,Parramatta North-7425,2020-02-10T13:00:00+11:00,-33.799444,150.997778,pm25,µg/m³,3.3
7425,21604,Parramatta North-7425,2020-02-10T14:00:00+11:00,-33.799444,150.997778,pm25,µg/m³,7.0
7425,21604,Parramatta North-7425,2020-02-10T15:00:00+11:00,-33.799444,150.997778,pm25,µg/m³,7.2
7425,21604,Parramatta North-7425,2020-02-10T16:00:00+11:00,-33.799444,150.997778,pm25,µg/m³,7.3
7425,21604,Parramatta North-7425,2020-02-10T17:00:00+11:00,-33.799444,150.997778,pm25,µg/m³,5.7
7425,21604,Parramatta North-7425,2020-02-10T18:00:00+11:00,-33.799444,150.997778,pm25,µg/m³,3.1
7425,21604,Parramatta North-7425,2020-02-10T19:00:00+11:00,-33.799444,150.997778,pm25,µg/m³,4.0
7425,21604,Parramatta North-7425,2020-02-10T20:00:00+11:00,-33.799444,150.997778,pm25,µg/m³,4.0
7425,21604,Parramatta North-7425,2020-02-10T21:00:00+11:00,-33.799444,150.997778,pm25,µg/m³,1.2
7425,21604,Parramatta North-7425,2020-02-10T22:00:00+11:00,-33.799444,150.997778,pm25,µg/m³,2.6
7425,21604,Parramatta North-7425,2020-02-10T23:00:00+11:00,-33.799444,150.997778,pm25,µg/m³,2.1
7425,25469,Parramatta North-7425,2020-02-10T01:00:00+11:00,-33.799444,150.997778,no2,ppm,-0.001
7425,25469,Parramatta North-7425,2020-02-10T03:00:00+11:00,-33.799444,150.997778,no2,ppm,0.001
7425,25469,Parramatta North-7425,2020-02-10T04:00:00+11:00,-33.799444,150.997778,no2,ppm,0.002
7425,25469,Parramatta North-7425,2020-02-10T05:00:00+11:00,-33.799444,150.997778,no2,ppm,0.007
7425,25469,Parramatta North-7425,2020-02-10T06:00:00+11:00,-33.799444,150.997778,no2,ppm,0.01
7425,25469,Parramatta North-7425,2020-02-10T07:00:00+11:00,-33.799444,150.997778,no2,ppm,0.011
7425,25469,Parramatta North-7425,2020-02-10T08:00:00+11:00,-33.799444,150.997778,no2,ppm,0.007
7425,25469,Parramatta North-7425,2020-02-10T09:00:00+11:00,-33.799444,150.997778,no2,ppm,0.009
7425,25469,Parramatta North-7425,2020-02-10T10:00:00+11:00,-33.799444,150.997778,no2,ppm,0.006
7425,25469,Parramatta North-7425,2020-02-10T11:00:00+11:00,-33.799444,150.997778,no2,ppm,0.005
7425,25469,Parramatta North-7425,2020-02-10T12:00:00+11:00,-33.799444,150.997778,no2,ppm,0.003
7425,25469,Parramatta North-7425,2020-02-10T13:00:00+11:00,-33.799444,150.997778,no2,ppm,0.004
7425,25469,Parramatta North-7425,2020-02-10T14:00:00+11:00,-33.799444,150.997778,no2,ppm,0.004
7425,25469,Parramatta North-7425,2020-02-10T15:00:00+11:00,-33.799444,150.997778,no2,ppm,0.003
7425,25469,Parramatta North-7425,2020-02-10T16:00:00+11:00,-33.799444,150.997778,no2,ppm,0.005
7425,25469,Parramatta North-7425,2020-02-10T17:00:00+11:00,-33.799444,150.997778,no2,ppm,0.003
7425,25469,Parramatta North-7425,2020-02-10T18:00:00+11:00,-33.799444,150.997778,no2,ppm,0.003
7425,25469,Parramatta North-7425,2020-02-10T19:00:00+11:00,-33.799444,150.997778,no2,ppm,0.004
7425,25469,Parramatta North-7425,2020-02-10T20:00:00+11:00,-33.799444,150.997778,no2,ppm,0.004
7425,25469,Parramatta North-7425,2020-02-10T21:00:00+11:00,-33.799444,150.997778,no2,ppm,0.005
7425,25469,Parramatta North-7425,2020-02-10T22:00:00+11:00,-33.799444,150.997778,no2,ppm,0.007
7425,25469,Parramatta North-7425,2020-02-10T23:00:00+11:00,-33.799444,150.997778,no2,ppm,0.006
7425,28317,Parramatta North-7425,2020-02-10T01:00:00+11:00,-33.799444,150.997778,co,ppm,0.1
7425,28317,Parramatta North-7425,2020-02-10T02:00:00+11:00,-33.799444,150.997778,co,ppm,0.1
7425,28317,Parramatta North-7425,2020-02-10T03:00:00+11:00,-33.799444,150.997778,co,ppm,0.1
7425,28317,Parramatta North-7425,2020-02-10T04:00:00+11:00,-33.799444,150.997778,co,ppm,0.1
7425,28317,Parramatta North-7425,2020-02-10T05:00:00+11:00,-33.799444,150.997778,co,ppm,0.1
7425,28317,Parramatta North-7425,2020-02-10T06:00:00+11:00,-33.799444,150.997778,co,ppm,0.1
7425,28317,Parramatta North-7425,2020-02-10T07:00:00+11:00,-33.799444,150.997778,co,ppm,0.1
7425,28317,Parramatta North-7425,2020-02-10T08:00:00+11:00,-33.799444,150.997778,co,ppm,0.1
7425,28317,Parramatta North-7425,2020-02-10T09:00:00+11:00,-33.799444,150.997778,co,ppm,0.1
7425,28317,Parramatta North-7425,2020-02-10T10:00:00+11:00,-33.799444,150.997778,co,ppm,0.1
7425,28317,Parramatta North-7425,2020-02-10T11:00:00+11:00,-33.799444,150.997778,co,ppm,0.1
7425,28317,Parramatta North-7425,2020-02-10T12:00:00+11:00,-33.799444,150.997778,co,ppm,0.1
7425,28317,Parramatta North-7425,2020-02-10T13:00:00+11:00,-33.799444,150.997778,co,ppm,0.1
7425,28317,Parramatta North-7425,2020-02-10T14:00:00+11:00,-33.799444,150.997778,co,ppm,0.1
7425,28317,Parramatta North-7425,2020-02-10T15:00:00+11:00,-33.799444,150.997778,co,ppm,0.1
7425,28317,Parramatta North-7425,2020-02-10T16:00:00+11:00,-33.799444,150.997778,co,ppm,0.1
7425,28317,Parramatta North-7425,2020-02-10T17:00:00+11:00,-33.799444,150.997778,co,ppm,0.1
7425,28317,Parramatta North-7425,2020-02-10T18:00:00+11:00,-33.799444,150.997778,co,ppm,0.1
7425,28317,Parramatta North-7425,2020-02-10T19:00:00+11:00,-33.799444,150.997778,co,ppm,0.1
7425,28317,Parramatta North-7425,2020-02-10T20:00:00+11:00,-33.799444,150.997778,co,ppm,0.1
7425,28317,Parramatta North-7425,2020-02-10T21:00:00+11:00,-33.799444,150.997778,co,ppm,0.1
7425,28317,Parramatta North-7425,2020-02-10T22:00:00+11:00,-33.799444,150.997778,co,ppm,0.1
7425,28317,Parramatta North-7425,2020-02-10T23:00:00+11:00,-33.799444,150.997778,co,ppm,0.1
7425,25471,Parramatta North-7425,2020-02-10T01:00:00+11:00,-33.799444,150.997778,so2,ppm,0.0
7425,25471,Parramatta North-7425,2020-02-10T03:00:00+11:00,-33.799444,150.997778,so2,ppm,0.0
7425,25471,Parramatta North-7425,2020-02-10T04:00:00+11:00,-33.799444,150.997778,so2,ppm,0.0
7425,25471,Parramatta North-7425,2020-02-10T05:00:00+11:00,-33.799444,150.997778,so2,ppm,0.0
7425,25471,Parramatta North-7425,2020-02-10T06:00:00+11:00,-33.799444,150.997778,so2,ppm,0.0
7425,25471,Parramatta North-7425,2020-02-10T07:00:00+11:00,-33.799444,150.997778,so2,ppm,0.0
7425,25471,Parramatta North-7425,2020-02-10T08:00:00+11:00,-33.799444,150.997778,so2,ppm,0.001
7425,25471,Parramatta North-7425,2020-02-10T09:00:00+11:00,-33.799444,150.997778,so2,ppm,0.003
7425,25471,Parramatta North-7425,2020-02-10T10:00:00+11:00,-33.799444,150.997778,so2,ppm,0.002
7425,25471,Parramatta North-7425,2020-02-10T11:00:00+11:00,-33.799444,150.997778,so2,ppm,0.002
7425,25471,Parramatta North-7425,2020-02-10T12:00:00+11:00,-33.799444,150.997778,so2,ppm,0.001
7425,25471,Parramatta North-7425,2020-02-10T13:00:00+11:00,-33.799444,150.997778,so2,ppm,0.002
7425,25471,Parramatta North-7425,2020-02-10T14:00:00+11:00,-33.799444,150.997778,so2,ppm,0.002
7425,25471,Parramatta North-7425,2020-02-10T15:00:00+11:00,-33.799444,150.997778,so2,ppm,0.002
7425,25471,Parramatta North-7425,2020-02-10T16:00:00+11:00,-33.799444,150.997778,so2,ppm,0.001
7425,25471,Parramatta North-7425,2020-02-10T17:00:00+11:00,-33.799444,150.997778,so2,ppm,0.0
7425,25471,Parramatta North-7425,2020-02-10T18:00:00+11:00,-33.799444,150.997778,so2,ppm,0.0
7425,25471,Parramatta North-7425,2020-02-10T19:00:00+11:00,-33.799444,150.997778,so2,ppm,0.0
7425,25471,Parramatta North-7425,2020-02-10T20:00:00+11:00,-33.799444,150.997778,so2,ppm,0.0
7425,25471,Parramatta North-7425,2020-02-10T21:00:00+11:00,-33.799444,150.997778,so2,ppm,0.0
7425,25471,Parramatta North-7425,2020-02-10T22:00:00+11:00,-33.799444,150.997778,so2,ppm,0.0
7425,25471,Parramatta North-7425,2020-02-10T23:00:00+11:00,-33.799444,150.997778,so2,ppm,0.001
7425,21603,Parramatta North-7425,2020-02-11T01:00:00+11:00,-33.799444,150.997778,pm10,µg/m³,14.8
7425,21603,Parramatta North-7425,2020-02-11T02:00:00+11:00,-33.799444,150.997778,pm10,µg/m³,16.3
7425,21603,Parramatta North-7425,2020-02-11T03:00:00+11:00,-33.799444,150.997778,pm10,µg/m³,12.8
7425,21603,Parramatta North-7425,2020-02-11T04:00:00+11:00,-33.799444,150.997778,pm10,µg/m³,13.3
7425,21603,Parramatta North-7425,2020-02-11T05:00:00+11:00,-33.799444,150.997778,pm10,µg/m³,15.1
7425,21603,Parramatta North-7425,2020-02-11T06:00:00+11:00,-33.799444,150.997778,pm10,µg/m³,16.9
7425,21603,Parramatta North-7425,2020-02-11T07:00:00+11:00,-33.799444,150.997778,pm10,µg/m³,24.2
7425,21603,Parramatta North-7425,2020-02-11T08:00:00+11:00,-33.799444,150.997778,pm10,µg/m³,24.1
7425,21603,Parramatta North-7425,2020-02-11T09:00:00+11:00,-33.799444,150.997778,pm10,µg/m³,21.8
7425,21603,Parramatta North-7425,2020-02-11T10:00:00+11:00,-33.799444,150.997778,pm10,µg/m³,26.5
7425,21603,Parramatta North-7425,2020-02-11T11:00:00+11:00,-33.799444,150.997778,pm10,µg/m³,24.4
7425,21603,Parramatta North-7425,2020-02-11T12:00:00+11:00,-33.799444,150.997778,pm10,µg/m³,22.9
7425,21603,Parramatta North-7425,2020-02-11T13:00:00+11:00,-33.799444,150.997778,pm10,µg/m³,9.5
7425,21603,Parramatta North-7425,2020-02-11T14:00:00+11:00,-33.799444,150.997778,pm10,µg/m³,17.5
7425,21603,Parramatta North-7425,2020-02-11T15:00:00+11:00,-33.799444,150.997778,pm10,µg/m³,26.9
7425,21603,Parramatta North-7425,2020-02-11T16:00:00+11:00,-33.799444,150.997778,pm10,µg/m³,17.3
7425,21603,Parramatta North-7425,2020-02-11T17:00:00+11:00,-33.799444,150.997778,pm10,µg/m³,12.8
7425,21603,Parramatta North-7425,2020-02-11T18:00:00+11:00,-33.799444,150.997778,pm10,µg/m³,18.4
7425,21603,Parramatta North-7425,2020-02-11T19:00:00+11:00,-33.799444,150.997778,pm10,µg/m³,15.3
7425,21603,Parramatta North-7425,2020-02-11T20:00:00+11:00,-33.799444,150.997778,pm10,µg/m³,15.5
7425,21603,Parramatta North-7425,2020-02-11T21:00:00+11:00,-33.799444,150.997778,pm10,µg/m³,15.1
7425,21603,Parramatta North-7425,2020-02-11T22:00:00+11:00,-33.799444,150.997778,pm10,µg/m³,13.3
7425,21603,Parramatta North-7425,2020-02-11T23:00:00+11:00,-33.799444,150.997778,pm10,µg/m³,10.2
7425,21604,Parramatta North-7425,2020-02-11T01:00:00+11:00,-33.799444,150.997778,pm25,µg/m³,11.4
7425,21604,Parramatta North-7425,2020-02-11T02:00:00+11:00,-33.799444,150.997778,pm25,µg/m³,2.3
7425,21604,Parramatta North-7425,2020-02-11T03:00:00+11:00,-33.799444,150.997778,pm25,µg/m³,1.8
7425,21604,Parramatta North-7425,2020-02-11T04:00:00+11:00,-33.799444,150.997778,pm25,µg/m³,3.9
7425,21604,Parramatta North-7425,2020-02-11T05:00:00+11:00,-33.799444,150.997778,pm25,µg/m³,3.6
7425,21604,Parramatta North-7425,2020-02-11T06:00:00+11:00,-33.799444,150.997778,pm25,µg/m³,3.5
7425,21604,Parramatta North-7425,2020-02-11T07:00:00+11:00,-33.799444,150.997778,pm25,µg/m³,4.4
7425,21604,Parramatta North-7425,2020-02-11T08:00:00+11:00,-33.799444,150.997778,pm25,µg/m³,8.5
7425,21604,Parramatta North-7425,2020-02-11T09:00:00+11:00,-33.799444,150.997778,pm25,µg/m³,14.3
7425,21604,Parramatta North-7425,2020-02-11T10:00:00+11:00,-33.799444,150.997778,pm25,µg/m³,6.8
7425,21604,Parramatta North-7425,2020-02-11T11:00:00+11:00,-33.799444,150.997778,pm25,µg/m³,5.8
7425,21604,Parramatta North-7425,2020-02-11T12:00:00+11:00,-33.799444,150.997778,pm25,µg/m³,7.1
7425,21604,Parramatta North-7425,2020-02-11T13:00:00+11:00,-33.799444,150.997778,pm25,µg/m³,10.2
7425,21604,Parramatta North-7425,2020-02-11T14:00:00+11:00,-33.799444,150.997778,pm25,µg/m³,9.6
7425,21604,Parramatta North-7425,2020-02-11T15:00:00+11:00,-33.799444,150.997778,pm25,µg/m³,9.3
7425,21604,Parramatta North-7425,2020-02-11T16:00:00+11:00,-33.799444,150.997778,pm25,µg/m³,9.3
7425,21604,Parramatta North-7425,2020-02-11T17:00:00+11:00,-33.799444,150.997778,pm25,µg/m³,10.3
7425,21604,Parramatta North-7425,2020-02-11T18:00:00+11:00,-33.799444,150.997778,pm25,µg/m³,8.3
7425,21604,Parramatta North-7425,2020-02-11T19:00:00+11:00,-33.799444,150.997778,pm25,µg/m³,4.7
7425,21604,Parramatta North-7425,2020-02-11T20:00:00+11:00,-33.799444,150.997778,pm25,µg/m³,2.0
7425,21604,Parramatta North-7425,2020-02-11T21:00:00+11:00,-33.799444,150.997778,pm25,µg/m³,-0.8
7425,21604,Parramatta North-7425,2020-02-11T22:00:00+11:00,-33.799444,150.997778,pm25,µg/m³,-0.1
7425,21604,Parramatta North-7425,2020-02-11T23:00:00+11:00,-33.799444,150.997778,pm25,µg/m³,3.1
7425,25469,Parramatta North-7425,2020-02-11T01:00:00+11:00,-33.799444,150.997778,no2,ppm,0.007
7425,25469,Parramatta North-7425,2020-02-11T03:00:00+11:00,-33.799444,150.997778,no2,ppm,0.004
7425,25469,Parramatta North-7425,2020-02-11T04:00:00+11:00,-33.799444,150.997778,no2,ppm,0.004
7425,25469,Parramatta North-7425,2020-02-11T05:00:00+11:00,-33.799444,150.997778,no2,ppm,0.005
7425,25469,Parramatta North-7425,2020-02-11T06:00:00+11:00,-33.799444,150.997778,no2,ppm,0.014
7425,25469,Parramatta North-7425,2020-02-11T07:00:00+11:00,-33.799444,150.997778,no2,ppm,0.018
7425,25469,Parramatta North-7425,2020-02-11T08:00:00+11:00,-33.799444,150.997778,no2,ppm,0.013
7425,25469,Parramatta North-7425,2020-02-11T09:00:00+11:00,-33.799444,150.997778,no2,ppm,0.014
7425,25469,Parramatta North-7425,2020-02-11T10:00:00+11:00,-33.799444,150.997778,no2,ppm,0.015
7425,25469,Parramatta North-7425,2020-02-11T11:00:00+11:00,-33.799444,150.997778,no2,ppm,0.009
7425,25469,Parramatta North-7425,2020-02-11T12:00:00+11:00,-33.799444,150.997778,no2,ppm,0.007
7425,25469,Parramatta North-7425,2020-02-11T13:00:00+11:00,-33.799444,150.997778,no2,ppm,0.003
7425,25469,Parramatta North-7425,2020-02-11T14:00:00+11:00,-33.799444,150.997778,no2,ppm,0.004
7425,25469,Parramatta North-7425,2020-02-11T15:00:00+11:00,-33.799444,150.997778,no2,ppm,0.005
7425,25469,Parramatta North-7425,2020-02-11T16:00:00+11:00,-33.799444,150.997778,no2,ppm,0.006
7425,25469,Parramatta North-7425,2020-02-11T17:00:00+11:00,-33.799444,150.997778,no2,ppm,0.006
7425,25469,Parramatta North-7425,2020-02-11T18:00:00+11:00,-33.799444,150.997778,no2,ppm,0.004
7425,25469,Parramatta North-7425,2020-02-11T19:00:00+11:00,-33.799444,150.997778,no2,ppm,0.003
7425,25469,Parramatta North-7425,2020-02-11T20:00:00+11:00,-33.799444,150.997778,no2,ppm,0.002
7425,25469,Parramatta North-7425,2020-02-11T21:00:00+11:00,-33.799444,150.997778,no2,ppm,0.002
7425,25469,Parramatta North-7425,2020-02-11T22:00:00+11:00,-33.799444,150.997778,no2,ppm,0.003
7425,25469,Parramatta North-7425,2020-02-11T23:00:00+11:00,-33.799444,150.997778,no2,ppm,0.003
7425,28317,Parramatta North-7425,2020-02-11T01:00:00+11:00,-33.799444,150.997778,co,ppm,0.1
7425,28317,Parramatta North-7425,2020-02-11T02:00:00+11:00,-33.799444,150.997778,co,ppm,0.2
7425,28317,Parramatta North-7425,2020-02-11T03:00:00+11:00,-33.799444,150.997778,co,ppm,0.2
7425,28317,Parramatta North-7425,2020-02-11T04:00:00+11:00,-33.799444,150.997778,co,ppm,0.2
7425,28317,Parramatta North-7425,2020-02-11T05:00:00+11:00,-33.799444,150.997778,co,ppm,0.2
7425,28317,Parramatta North-7425,2020-02-11T06:00:00+11:00,-33.799444,150.997778,co,ppm,0.2
7425,28317,Parramatta North-7425,2020-02-11T07:00:00+11:00,-33.799444,150.997778,co,ppm,0.2
7425,28317,Parramatta North-7425,2020-02-11T08:00:00+11:00,-33.799444,150.997778,co,ppm,0.2
7425,28317,Parramatta North-7425,2020-02-11T09:00:00+11:00,-33.799444,150.997778,co,ppm,0.2
7425,28317,Parramatta North-7425,2020-02-11T10:00:00+11:00,-33.799444,150.997778,co,ppm,0.2
7425,28317,Parramatta North-7425,2020-02-11T11:00:00+11:00,-33.799444,150.997778,co,ppm,0.2
7425,28317,Parramatta North-7425,2020-02-11T12:00:00+11:00,-33.799444,150.997778,co,ppm,0.2
7425,28317,Parramatta North-7425,2020-02-11T13:00:00+11:00,-33.799444,150.997778,co,ppm,0.2
7425,28317,Parramatta North-7425,2020-02-11T14:00:00+11:00,-33.799444,150.997778,co,ppm,0.2
7425,28317,Parramatta North-7425,2020-02-11T15:00:00+11:00,-33.799444,150.997778,co,ppm,0.2
7425,28317,Parramatta North-7425,2020-02-11T16:00:00+11:00,-33.799444,150.997778,co,ppm,0.2
7425,28317,Parramatta North-7425,2020-02-11T17:00:00+11:00,-33.799444,150.997778,co,ppm,0.1
7425,28317,Parramatta North-7425,2020-02-11T18:00:00+11:00,-33.799444,150.997778,co,ppm,0.1
7425,28317,Parramatta North-7425,2020-02-11T19:00:00+11:00,-33.799444,150.997778,co,ppm,0.1
7425,28317,Parramatta North-7425,2020-02-11T20:00:00+11:00,-33.799444,150.997778,co,ppm,0.1
7425,28317,Parramatta North-7425,2020-02-11T21:00:00+11:00,-33.799444,150.997778,co,ppm,0.1
7425,28317,Parramatta North-7425,2020-02-11T22:00:00+11:00,-33.799444,150.997778,co,ppm,0.1
7425,28317,Parramatta North-7425,2020-02-11T23:00:00+11:00,-33.799444,150.997778,co,ppm,0.1
7425,25471,Parramatta North-7425,2020-02-11T01:00:00+11:00,-33.799444,150.997778,so2,ppm,0.001
7425,25471,Parramatta North-7425,2020-02-11T03:00:00+11:00,-33.799444,150.997778,so2,ppm,0.001
7425,25471,Parramatta North-7425,2020-02-11T04:00:00+11:00,-33.799444,150.997778,so2,ppm,0.001
7425,25471,Parramatta North-7425,2020-02-11T05:00:00+11:00,-33.799444,150.997778,so2,ppm,0.001
7425,25471,Parramatta North-7425,2020-02-11T06:00:00+11:00,-33.799444,150.997778,so2,ppm,0.001
7425,25471,Parramatta North-7425,2020-02-11T07:00:00+11:00,-33.799444,150.997778,so2,ppm,0.002
7425,25471,Parramatta North-7425,2020-02-11T08:00:00+11:00,-33.799444,150.997778,so2,ppm,0.002
7425,25471,Parramatta North-7425,2020-02-11T09:00:00+11:00,-33.799444,150.997778,so2,ppm,0.003
7425,25471,Parramatta North-7425,2020-02-11T10:00:00+11:00,-33.799444,150.997778,so2,ppm,0.004
7425,25471,Parramatta North-7425,2020-02-11T11:00:00+11:00,-33.799444,150.997778,so2,ppm,0.003
7425,25471,Parramatta North-7425,2020-02-11T12:00:00+11:00,-33.799444,150.997778,so2,ppm,0.002
7425,25471,Parramatta North-7425,2020-02-11T13:00:00+11:00,-33.799444,150.997778,so2,ppm,0.001
7425,25471,Parramatta North-7425,2020-02-11T14:00:00+11:00,-33.799444,150.997778,so2,ppm,0.004
7425,25471,Parramatta North-7425,2020-02-11T15:00:00+11:00,-33.799444,150.997778,so2,ppm,0.002
7425,25471,Parramatta North-7425,2020-02-11T16:00:00+11:00,-33.799444,150.997778,so2,ppm,0.004
7425,25471,Parramatta North-7425,2020-02-11T17:00:00+11:00,-33.799444,150.997778,so2,ppm,0.005
7425,25471,Parramatta North-7425,2020-02-11T18:00:00+11:00,-33.799444,150.997778,so2,ppm,0.001
7425,25471,Parramatta North-7425,2020-02-11T19:00:00+11:00,-33.799444,150.997778,so2,ppm,0.001
7425,25471,Parramatta North-7425,2020-02-11T20:00:00+11:00,-33.799444,150.997778,so2,ppm,0.001
7425,25471,Parramatta North-7425,2020-02-11T21:00:00+11:00,-33.799444,150.997778,so2,ppm,0.001
7425,25471,Parramatta North-7425,2020-02-11T22:00:00+11:00,-33.799444,150.997778,so2,ppm,0.001
7425,25471,Parramatta North-7425,2020-02-11T23:00:00+11:00,-33.799444,150.997778,so2,ppm,0.001
7425,25470,Parramatta North-7425,2020-02-11T01:00:00+11:00,-33.799444,150.997778,o3,ppm,0.009
7425,25470,Parramatta North-7425,2020-02-11T02:00:00+11:00,-33.799444,150.997778,o3,ppm,0.012
7425,25470,Parramatta North-7425,2020-02-11T03:00:00+11:00,-33.799444,150.997778,o3,ppm,0.023
7425,25470,Parramatta North-7425,2020-02-11T04:00:00+11:00,-33.799444,150.997778,o3,ppm,0.018
7425,25470,Parramatta North-7425,2020-02-11T05:00:00+11:00,-33.799444,150.997778,o3,ppm,0.012
7425,25470,Parramatta North-7425,2020-02-11T06:00:00+11:00,-33.799444,150.997778,o3,ppm,0.003
7425,25470,Parramatta North-7425,2020-02-11T07:00:00+11:00,-33.799444,150.997778,o3,ppm,0.002
7425,25470,Parramatta North-7425,2020-02-11T08:00:00+11:00,-33.799444,150.997778,o3,ppm,0.011
7425,25470,Parramatta North-7425,2020-02-11T09:00:00+11:00,-33.799444,150.997778,o3,ppm,0.016
7425,25470,Parramatta North-7425,2020-02-11T10:00:00+11:00,-33.799444,150.997778,o3,ppm,0.021
7425,25470,Parramatta North-7425,2020-02-11T11:00:00+11:00,-33.799444,150.997778,o3,ppm,0.035
7425,25470,Parramatta North-7425,2020-02-11T12:00:00+11:00,-33.799444,150.997778,o3,ppm,0.045
7425,25470,Parramatta North-7425,2020-02-11T13:00:00+11:00,-33.799444,150.997778,o3,ppm,0.057
7425,25470,Parramatta North-7425,2020-02-11T14:00:00+11:00,-33.799444,150.997778,o3,ppm,0.067
7425,25470,Parramatta North-7425,2020-02-11T15:00:00+11:00,-33.799444,150.997778,o3,ppm,0.066
7425,25470,Parramatta North-7425,2020-02-11T16:00:00+11:00,-33.799444,150.997778,o3,ppm,0.061
7425,25470,Parramatta North-7425,2020-02-11T17:00:00+11:00,-33.799444,150.997778,o3,ppm,0.05
7425,25470,Parramatta North-7425,2020-02-11T18:00:00+11:00,-33.799444,150.997778,o3,ppm,0.034
7425,25470,Parramatta North-7425,2020-02-11T19:00:00+11:00,-33.799444,150.997778,o3,ppm,0.022
7425,25470,Parramatta North-7425,2020-02-11T20:00:00+11:00,-33.799444,150.997778,o3,ppm,0.027
7425,25470,Parramatta North-7425,2020-02-11T21:00:00+11:00,-33.799444,150.997778,o3,ppm,0.028
7425,25470,Parramatta North-7425,2020-02-11T22:00:00+11:00,-33.799444,150.997778,o3,ppm,0.023
7425,25470,Parramatta North-7425,2020-02-11T23:00:00+11:00,-33.799444,150.997778,o3,ppm,0.018
7425,21603,Parramatta North-7425,2020-02-12T01:00:00+11:00,-33.799444,150.997778,pm10,µg/m³,12.2
7425,21603,Parramatta North-7425,2020-02-12T02:00:00+11:00,-33.799444,150.997778,pm10,µg/m³,14.0
7425,21603,Parramatta North-7425,2020-02-12T03:00:00+11:00,-33.799444,150.997778,pm10,µg/m³,17.6
7425,21603,Parramatta North-7425,2020-02-12T05:00:00+11:00,-33.799444,150.997778,pm10,µg/m³,16.8
7425,21603,Parramatta North-7425,2020-02-12T06:00:00+11:00,-33.799444,150.997778,pm10,µg/m³,20.8
7425,21603,Parramatta North-7425,2020-02-12T07:00:00+11:00,-33.799444,150.997778,pm10,µg/m³,18.9
7425,21603,Parramatta North-7425,2020-02-12T08:00:00+11:00,-33.799444,150.997778,pm10,µg/m³,22.1
7425,21603,Parramatta North-7425,2020-02-12T09:00:00+11:00,-33.799444,150.997778,pm10,µg/m³,16.5
7425,21603,Parramatta North-7425,2020-02-12T10:00:00+11:00,-33.799444,150.997778,pm10,µg/m³,22.0
7425,21603,Parramatta North-7425,2020-02-12T11:00:00+11:00,-33.799444,150.997778,pm10,µg/m³,12.6
7425,21603,Parramatta North-7425,2020-02-12T12:00:00+11:00,-33.799444,150.997778,pm10,µg/m³,10.8
7425,21603,Parramatta North-7425,2020-02-12T13:00:00+11:00,-33.799444,150.997778,pm10,µg/m³,7.8
7425,21603,Parramatta North-7425,2020-02-12T14:00:00+11:00,-33.799444,150.997778,pm10,µg/m³,8.0
7425,21603,Parramatta North-7425,2020-02-12T15:00:00+11:00,-33.799444,150.997778,pm10,µg/m³,7.9
7425,21603,Parramatta North-7425,2020-02-12T16:00:00+11:00,-33.799444,150.997778,pm10,µg/m³,8.6
7425,21603,Parramatta North-7425,2020-02-12T17:00:00+11:00,-33.799444,150.997778,pm10,µg/m³,10.3
7425,21603,Parramatta North-7425,2020-02-12T19:00:00+11:00,-33.799444,150.997778,pm10,µg/m³,11.8
7425,21603,Parramatta North-7425,2020-02-12T20:00:00+11:00,-33.799444,150.997778,pm10,µg/m³,11.5
7425,21603,Parramatta North-7425,2020-02-12T21:00:00+11:00,-33.799444,150.997778,pm10,µg/m³,8.1
7425,21603,Parramatta North-7425,2020-02-12T22:00:00+11:00,-33.799444,150.997778,pm10,µg/m³,7.3
7425,21603,Parramatta North-7425,2020-02-12T23:00:00+11:00,-33.799444,150.997778,pm10,µg/m³,4.6
7425,21604,Parramatta North-7425,2020-02-12T01:00:00+11:00,-33.799444,150.997778,pm25,µg/m³,1.9
7425,21604,Parramatta North-7425,2020-02-12T02:00:00+11:00,-33.799444,150.997778,pm25,µg/m³,3.7
7425,21604,Parramatta North-7425,2020-02-12T03:00:00+11:00,-33.799444,150.997778,pm25,µg/m³,6.8
7425,21604,Parramatta North-7425,2020-02-12T05:00:00+11:00,-33.799444,150.997778,pm25,µg/m³,3.7
7425,21604,Parramatta North-7425,2020-02-12T06:00:00+11:00,-33.799444,150.997778,pm25,µg/m³,1.8
7425,21604,Parramatta North-7425,2020-02-12T07:00:00+11:00,-33.799444,150.997778,pm25,µg/m³,6.1
7425,21604,Parramatta North-7425,2020-02-12T08:00:00+11:00,-33.799444,150.997778,pm25,µg/m³,10.1
7425,21604,Parramatta North-7425,2020-02-12T09:00:00+11:00,-33.799444,150.997778,pm25,µg/m³,4.7
7425,21604,Parramatta North-7425,2020-02-12T10:00:00+11:00,-33.799444,150.997778,pm25,µg/m³,4.0
7425,21604,Parramatta North-7425,2020-02-12T11:00:00+11:00,-33.799444,150.997778,pm25,µg/m³,2.4
7425,21604,Parramatta North-7425,2020-02-12T12:00:00+11:00,-33.799444,150.997778,pm25,µg/m³,3.3
7425,21604,Parramatta North-7425,2020-02-12T13:00:00+11:00,-33.799444,150.997778,pm25,µg/m³,6.8
7425,21604,Parramatta North-7425,2020-02-12T14:00:00+11:00,-33.799444,150.997778,pm25,µg/m³,6.8
7425,21604,Parramatta North-7425,2020-02-12T15:00:00+11:00,-33.799444,150.997778,pm25,µg/m³,2.1
7425,21604,Parramatta North-7425,2020-02-12T16:00:00+11:00,-33.799444,150.997778,pm25,µg/m³,0.7
7425,21604,Parramatta North-7425,2020-02-12T17:00:00+11:00,-33.799444,150.997778,pm25,µg/m³,2.5
7425,21604,Parramatta North-7425,2020-02-12T19:00:00+11:00,-33.799444,150.997778,pm25,µg/m³,3.6
7425,21604,Parramatta North-7425,2020-02-12T20:00:00+11:00,-33.799444,150.997778,pm25,µg/m³,3.8
7425,21604,Parramatta North-7425,2020-02-12T21:00:00+11:00,-33.799444,150.997778,pm25,µg/m³,8.4
7425,21604,Parramatta North-7425,2020-02-12T22:00:00+11:00,-33.799444,150.997778,pm25,µg/m³,3.1
7425,21604,Parramatta North-7425,2020-02-12T23:00:00+11:00,-33.799444,150.997778,pm25,µg/m³,2.5
7425,25469,Parramatta North-7425,2020-02-12T01:00:00+11:00,-33.799444,150.997778,no2,ppm,0.009
7425,25469,Parramatta North-7425,2020-02-12T03:00:00+11:00,-33.799444,150.997778,no2,ppm,0.006
7425,25469,Parramatta North-7425,2020-02-12T05:00:00+11:00,-33.799444,150.997778,no2,ppm,0.005
7425,25469,Parramatta North-7425,2020-02-12T06:00:00+11:00,-33.799444,150.997778,no2,ppm,0.008
7425,25469,Parramatta North-7425,2020-02-12T07:00:00+11:00,-33.799444,150.997778,no2,ppm,0.013
7425,25469,Parramatta North-7425,2020-02-12T08:00:00+11:00,-33.799444,150.997778,no2,ppm,0.01
7425,25469,Parramatta North-7425,2020-02-12T09:00:00+11:00,-33.799444,150.997778,no2,ppm,0.008
7425,25469,Parramatta North-7425,2020-02-12T10:00:00+11:00,-33.799444,150.997778,no2,ppm,0.011
7425,25469,Parramatta North-7425,2020-02-12T11:00:00+11:00,-33.799444,150.997778,no2,ppm,0.005
7425,25469,Parramatta North-7425,2020-02-12T12:00:00+11:00,-33.799444,150.997778,no2,ppm,0.004
7425,25469,Parramatta North-7425,2020-02-12T13:00:00+11:00,-33.799444,150.997778,no2,ppm,0.003
7425,25469,Parramatta North-7425,2020-02-12T14:00:00+11:00,-33.799444,150.997778,no2,ppm,0.002
7425,25469,Parramatta North-7425,2020-02-12T15:00:00+11:00,-33.799444,150.997778,no2,ppm,0.003
7425,25469,Parramatta North-7425,2020-02-12T16:00:00+11:00,-33.799444,150.997778,no2,ppm,0.004
7425,25469,Parramatta North-7425,2020-02-12T17:00:00+11:00,-33.799444,150.997778,no2,ppm,0.003
7425,25469,Parramatta North-7425,2020-02-12T19:00:00+11:00,-33.799444,150.997778,no2,ppm,0.009
7425,25469,Parramatta North-7425,2020-02-12T20:00:00+11:00,-33.799444,150.997778,no2,ppm,0.008
7425,25469,Parramatta North-7425,2020-02-12T21:00:00+11:00,-33.799444,150.997778,no2,ppm,0.008
7425,25469,Parramatta North-7425,2020-02-12T22:00:00+11:00,-33.799444,150.997778,no2,ppm,0.008
7425,25469,Parramatta North-7425,2020-02-12T23:00:00+11:00,-33.799444,150.997778,no2,ppm,0.003
7425,28317,Parramatta North-7425,2020-02-12T01:00:00+11:00,-33.799444,150.997778,co,ppm,0.1
7425,28317,Parramatta North-7425,2020-02-12T02:00:00+11:00,-33.799444,150.997778,co,ppm,0.1
7425,28317,Parramatta North-7425,2020-02-12T03:00:00+11:00,-33.799444,150.997778,co,ppm,0.1
7425,28317,Parramatta North-7425,2020-02-12T05:00:00+11:00,-33.799444,150.997778,co,ppm,0.1
7425,28317,Parramatta North-7425,2020-02-12T06:00:00+11:00,-33.799444,150.997778,co,ppm,0.1
7425,28317,Parramatta North-7425,2020-02-12T07:00:00+11:00,-33.799444,150.997778,co,ppm,0.1
7425,28317,Parramatta North-7425,2020-02-12T08:00:00+11:00,-33.799444,150.997778,co,ppm,0.1
7425,28317,Parramatta North-7425,2020-02-12T09:00:00+11:00,-33.799444,150.997778,co,ppm,0.1
7425,28317,Parramatta North-7425,2020-02-12T10:00:00+11:00,-33.799444,150.997778,co,ppm,0.1
7425,28317,Parramatta North-7425,2020-02-12T11:00:00+11:00,-33.799444,150.997778,co,ppm,0.1
7425,28317,Parramatta North-7425,2020-02-12T12:00:00+11:00,-33.799444,150.997778,co,ppm,0.1
7425,28317,Parramatta North-7425,2020-02-12T13:00:00+11:00,-33.799444,150.997778,co,ppm,0.1
7425,28317,Parramatta North-7425,2020-02-12T14:00:00+11:00,-33.799444,150.997778,co,ppm,0.1
7425,28317,Parramatta North-7425,2020-02-12T15:00:00+11:00,-33.799444,150.997778,co,ppm,0.1
7425,28317,Parramatta North-7425,2020-02-12T16:00:00+11:00,-33.799444,150.997778,co,ppm,0.1
7425,28317,Parramatta North-7425,2020-02-12T17:00:00+11:00,-33.799444,150.997778,co,ppm,0.1
7425,28317,Parramatta North-7425,2020-02-12T19:00:00+11:00,-33.799444,150.997778,co,ppm,0.1
7425,28317,Parramatta North-7425,2020-02-12T20:00:00+11:00,-33.799444,150.997778,co,ppm,0.1
7425,28317,Parramatta North-7425,2020-02-12T21:00:00+11:00,-33.799444,150.997778,co,ppm,0.1
7425,28317,Parramatta North-7425,2020-02-12T22:00:00+11:00,-33.799444,150.997778,co,ppm,0.1
7425,28317,Parramatta North-7425,2020-02-12T23:00:00+11:00,-33.799444,150.997778,co,ppm,0.1
7425,25471,Parramatta North-7425,2020-02-12T01:00:00+11:00,-33.799444,150.997778,so2,ppm,0.007
7425,25471,Parramatta North-7425,2020-02-12T03:00:00+11:00,-33.799444,150.997778,so2,ppm,0.004
7425,25471,Parramatta North-7425,2020-02-12T05:00:00+11:00,-33.799444,150.997778,so2,ppm,0.002
7425,25471,Parramatta North-7425,2020-02-12T06:00:00+11:00,-33.799444,150.997778,so2,ppm,0.0
7425,25471,Parramatta North-7425,2020-02-12T07:00:00+11:00,-33.799444,150.997778,so2,ppm,0.0
7425,25471,Parramatta North-7425,2020-02-12T08:00:00+11:00,-33.799444,150.997778,so2,ppm,0.0
7425,25471,Parramatta North-7425,2020-02-12T09:00:00+11:00,-33.799444,150.997778,so2,ppm,0.0
7425,25471,Parramatta North-7425,2020-02-12T10:00:00+11:00,-33.799444,150.997778,so2,ppm,0.001
7425,25471,Parramatta North-7425,2020-02-12T11:00:00+11:00,-33.799444,150.997778,so2,ppm,0.002
7425,25471,Parramatta North-7425,2020-02-12T12:00:00+11:00,-33.799444,150.997778,so2,ppm,0.0
7425,25471,Parramatta North-7425,2020-02-12T13:00:00+11:00,-33.799444,150.997778,so2,ppm,0.0
7425,25471,Parramatta North-7425,2020-02-12T14:00:00+11:00,-33.799444,150.997778,so2,ppm,0.0
7425,25471,Parramatta North-7425,2020-02-12T15:00:00+11:00,-33.799444,150.997778,so2,ppm,0.0
7425,25471,Parramatta North-7425,2020-02-12T16:00:00+11:00,-33.799444,150.997778,so2,ppm,0.0
7425,25471,Parramatta North-7425,2020-02-12T17:00:00+11:00,-33.799444,150.997778,so2,ppm,0.0
7425,25471,Parramatta North-7425,2020-02-12T19:00:00+11:00,-33.799444,150.997778,so2,ppm,0.0
7425,25471,Parramatta North-7425,2020-02-12T20:00:00+11:00,-33.799444,150.997778,so2,ppm,0.0
7425,25471,Parramatta North-7425,2020-02-12T21:00:00+11:00,-33.799444,150.997778,so2,ppm,0.0
7425,25471,Parramatta North-7425,2020-02-12T22:00:00+11:00,-33.799444,150.997778,so2,ppm,0.0
7425,25471,Parramatta North-7425,2020-02-12T23:00:00+11:00,-33.799444,150.997778,so2,ppm,0.0
7425,25470,Parramatta North-7425,2020-02-12T01:00:00+11:00,-33.799444,150.997778,o3,ppm,0.01
7425,25470,Parramatta North-7425,2020-02-12T02:00:00+11:00,-33.799444,150.997778,o3,ppm,0.015
7425,25470,Parramatta North-7425,2020-02-12T03:00:00+11:00,-33.799444,150.997778,o3,ppm,0.011
7425,25470,Parramatta North-7425,2020-02-12T05:00:00+11:00,-33.799444,150.997778,o3,ppm,0.011
7425,25470,Parramatta North-7425,2020-02-12T06:00:00+11:00,-33.799444,150.997778,o3,ppm,0.009
7425,25470,Parramatta North-7425,2020-02-12T07:00:00+11:00,-33.799444,150.997778,o3,ppm,0.005
7425,25470,Parramatta North-7425,2020-02-12T08:00:00+11:00,-33.799444,150.997778,o3,ppm,0.011
7425,25470,Parramatta North-7425,2020-02-12T09:00:00+11:00,-33.799444,150.997778,o3,ppm,0.015
7425,25470,Parramatta North-7425,2020-02-12T10:00:00+11:00,-33.799444,150.997778,o3,ppm,0.014
7425,25470,Parramatta North-7425,2020-02-12T11:00:00+11:00,-33.799444,150.997778,o3,ppm,0.018
7425,25470,Parramatta North-7425,2020-02-12T12:00:00+11:00,-33.799444,150.997778,o3,ppm,0.019
7425,25470,Parramatta North-7425,2020-02-12T13:00:00+11:00,-33.799444,150.997778,o3,ppm,0.018
7425,25470,Parramatta North-7425,2020-02-12T14:00:00+11:00,-33.799444,150.997778,o3,ppm,0.02
7425,25470,Parramatta North-7425,2020-02-12T15:00:00+11:00,-33.799444,150.997778,o3,ppm,0.02
7425,25470,Parramatta North-7425,2020-02-12T16:00:00+11:00,-33.799444,150.997778,o3,ppm,0.016
7425,25470,Parramatta North-7425,2020-02-12T17:00:00+11:00,-33.799444,150.997778,o3,ppm,0.017
7425,25470,Parramatta North-7425,2020-02-12T19:00:00+11:00,-33.799444,150.997778,o3,ppm,0.009
7425,25470,Parramatta North-7425,2020-02-12T20:00:00+11:00,-33.799444,150.997778,o3,ppm,0.01
7425,25470,Parramatta North-7425,2020-02-12T21:00:00+11:00,-33.799444,150.997778,o3,ppm,0.009
7425,25470,Parramatta North-7425,2020-02-12T22:00:00+11:00,-33.799444,150.997778,o3,ppm,0.01
7425,25470,Parramatta North-7425,2020-02-12T23:00:00+11:00,-33.799444,150.997778,o3,ppm,0.02
7425,21603,Parramatta North-7425,2020-02-13T01:00:00+11:00,-33.799444,150.997778,pm10,µg/m³,6.2
7425,21603,Parramatta North-7425,2020-02-13T02:00:00+11:00,-33.799444,150.997778,pm10,µg/m³,8.2
7425,21603,Parramatta North-7425,2020-02-13T03:00:00+11:00,-33.799444,150.997778,pm10,µg/m³,9.4
7425,21603,Parramatta North-7425,2020-02-13T04:00:00+11:00,-33.799444,150.997778,pm10,µg/m³,9.1
7425,21603,Parramatta North-7425,2020-02-13T05:00:00+11:00,-33.799444,150.997778,pm10,µg/m³,10.6
7425,21603,Parramatta North-7425,2020-02-13T06:00:00+11:00,-33.799444,150.997778,pm10,µg/m³,12.3
7425,21603,Parramatta North-7425,2020-02-13T07:00:00+11:00,-33.799444,150.997778,pm10,µg/m³,16.1
7425,21603,Parramatta North-7425,2020-02-13T08:00:00+11:00,-33.799444,150.997778,pm10,µg/m³,16.7
7425,21603,Parramatta North-7425,2020-02-13T09:00:00+11:00,-33.799444,150.997778,pm10,µg/m³,16.0
7425,21603,Parramatta North-7425,2020-02-13T10:00:00+11:00,-33.799444,150.997778,pm10,µg/m³,25.9
7425,21603,Parramatta North-7425,2020-02-13T11:00:00+11:00,-33.799444,150.997778,pm10,µg/m³,23.9
7425,21603,Parramatta North-7425,2020-02-13T12:00:00+11:00,-33.799444,150.997778,pm10,µg/m³,21.2
7425,21603,Parramatta North-7425,2020-02-13T13:00:00+11:00,-33.799444,150.997778,pm10,µg/m³,14.8
7425,21603,Parramatta North-7425,2020-02-13T14:00:00+11:00,-33.799444,150.997778,pm10,µg/m³,10.7
7425,21603,Parramatta North-7425,2020-02-13T15:00:00+11:00,-33.799444,150.997778,pm10,µg/m³,3.7
7425,21603,Parramatta North-7425,2020-02-13T16:00:00+11:00,-33.799444,150.997778,pm10,µg/m³,7.7
7425,21603,Parramatta North-7425,2020-02-13T17:00:00+11:00,-33.799444,150.997778,pm10,µg/m³,13.6
7425,21603,Parramatta North-7425,2020-02-13T18:00:00+11:00,-33.799444,150.997778,pm10,µg/m³,21.7
7425,21603,Parramatta North-7425,2020-02-13T19:00:00+11:00,-33.799444,150.997778,pm10,µg/m³,23.9
7425,21603,Parramatta North-7425,2020-02-13T20:00:00+11:00,-33.799444,150.997778,pm10,µg/m³,24.3
7425,21603,Parramatta North-7425,2020-02-13T21:00:00+11:00,-33.799444,150.997778,pm10,µg/m³,30.4
7425,21603,Parramatta North-7425,2020-02-13T22:00:00+11:00,-33.799444,150.997778,pm10,µg/m³,25.2
7425,21603,Parramatta North-7425,2020-02-13T23:00:00+11:00,-33.799444,150.997778,pm10,µg/m³,24.2
7425,21604,Parramatta North-7425,2020-02-13T01:00:00+11:00,-33.799444,150.997778,pm25,µg/m³,0.3
7425,21604,Parramatta North-7425,2020-02-13T02:00:00+11:00,-33.799444,150.997778,pm25,µg/m³,-1.9
7425,21604,Parramatta North-7425,2020-02-13T03:00:00+11:00,-33.799444,150.997778,pm25,µg/m³,0.1
7425,21604,Parramatta North-7425,2020-02-13T04:00:00+11:00,-33.799444,150.997778,pm25,µg/m³,2.5
7425,21604,Parramatta North-7425,2020-02-13T05:00:00+11:00,-33.799444,150.997778,pm25,µg/m³,7.0
7425,21604,Parramatta North-7425,2020-02-13T06:00:00+11:00,-33.799444,150.997778,pm25,µg/m³,6.0
7425,21604,Parramatta North-7425,2020-02-13T07:00:00+11:00,-33.799444,150.997778,pm25,µg/m³,6.4
7425,21604,Parramatta North-7425,2020-02-13T08:00:00+11:00,-33.799444,150.997778,pm25,µg/m³,2.9
7425,21604,Parramatta North-7425,2020-02-13T09:00:00+11:00,-33.799444,150.997778,pm25,µg/m³,5.8
7425,21604,Parramatta North-7425,2020-02-13T10:00:00+11:00,-33.799444,150.997778,pm25,µg/m³,3.9
7425,21604,Parramatta North-7425,2020-02-13T11:00:00+11:00,-33.799444,150.997778,pm25,µg/m³,7.9
7425,21604,Parramatta North-7425,2020-02-13T12:00:00+11:00,-33.799444,150.997778,pm25,µg/m³,6.7
7425,21604,Parramatta North-7425,2020-02-13T13:00:00+11:00,-33.799444,150.997778,pm25,µg/m³,9.2
7425,21604,Parramatta North-7425,2020-02-13T14:00:00+11:00,-33.799444,150.997778,pm25,µg/m³,7.4
7425,21604,Parramatta North-7425,2020-02-13T15:00:00+11:00,-33.799444,150.997778,pm25,µg/m³,2.8
7425,21604,Parramatta North-7425,2020-02-13T16:00:00+11:00,-33.799444,150.997778,pm25,µg/m³,3.4
7425,21604,Parramatta North-7425,2020-02-13T17:00:00+11:00,-33.799444,150.997778,pm25,µg/m³,4.6
7425,21604,Parramatta North-7425,2020-02-13T18:00:00+11:00,-33.799444,150.997778,pm25,µg/m³,7.8
7425,21604,Parramatta North-7425,2020-02-13T19:00:00+11:00,-33.799444,150.997778,pm25,µg/m³,6.4
7425,21604,Parramatta North-7425,2020-02-13T20:00:00+11:00,-33.799444,150.997778,pm25,µg/m³,4.1
7425,21604,Parramatta North-7425,2020-02-13T21:00:00+11:00,-33.799444,150.997778,pm25,µg/m³,3.5
7425,21604,Parramatta North-7425,2020-02-13T22:00:00+11:00,-33.799444,150.997778,pm25,µg/m³,7.9
7425,21604,Parramatta North-7425,2020-02-13T23:00:00+11:00,-33.799444,150.997778,pm25,µg/m³,8.1
7425,25469,Parramatta North-7425,2020-02-13T01:00:00+11:00,-33.799444,150.997778,no2,ppm,0.01
7425,25469,Parramatta North-7425,2020-02-13T03:00:00+11:00,-33.799444,150.997778,no2,ppm,0.013
7425,25469,Parramatta North-7425,2020-02-13T04:00:00+11:00,-33.799444,150.997778,no2,ppm,0.013
7425,25469,Parramatta North-7425,2020-02-13T05:00:00+11:00,-33.799444,150.997778,no2,ppm,0.011
7425,25469,Parramatta North-7425,2020-02-13T06:00:00+11:00,-33.799444,150.997778,no2,ppm,0.013
7425,25469,Parramatta North-7425,2020-02-13T07:00:00+11:00,-33.799444,150.997778,no2,ppm,0.016
7425,25469,Parramatta North-7425,2020-02-13T08:00:00+11:00,-33.799444,150.997778,no2,ppm,0.02
7425,25469,Parramatta North-7425,2020-02-13T09:00:00+11:00,-33.799444,150.997778,no2,ppm,0.015
7425,25469,Parramatta North-7425,2020-02-13T10:00:00+11:00,-33.799444,150.997778,no2,ppm,0.004
7425,25469,Parramatta North-7425,2020-02-13T11:00:00+11:00,-33.799444,150.997778,no2,ppm,0.001
7425,25469,Parramatta North-7425,2020-02-13T12:00:00+11:00,-33.799444,150.997778,no2,ppm,0.002
7425,25469,Parramatta North-7425,2020-02-13T13:00:00+11:00,-33.799444,150.997778,no2,ppm,0.001
7425,25469,Parramatta North-7425,2020-02-13T14:00:00+11:00,-33.799444,150.997778,no2,ppm,0.002
7425,25469,Parramatta North-7425,2020-02-13T15:00:00+11:00,-33.799444,150.997778,no2,ppm,0.002
7425,25469,Parramatta North-7425,2020-02-13T16:00:00+11:00,-33.799444,150.997778,no2,ppm,0.002
7425,25469,Parramatta North-7425,2020-02-13T17:00:00+11:00,-33.799444,150.997778,no2,ppm,0.002
7425,25469,Parramatta North-7425,2020-02-13T18:00:00+11:00,-33.799444,150.997778,no2,ppm,0.004
7425,25469,Parramatta North-7425,2020-02-13T19:00:00+11:00,-33.799444,150.997778,no2,ppm,0.005
7425,25469,Parramatta North-7425,2020-02-13T20:00:00+11:00,-33.799444,150.997778,no2,ppm,0.008
7425,25469,Parramatta North-7425,2020-02-13T21:00:00+11:00,-33.799444,150.997778,no2,ppm,0.01
7425,25469,Parramatta North-7425,2020-02-13T22:00:00+11:00,-33.799444,150.997778,no2,ppm,0.01
7425,25469,Parramatta North-7425,2020-02-13T23:00:00+11:00,-33.799444,150.997778,no2,ppm,0.011
7425,28317,Parramatta North-7425,2020-02-13T01:00:00+11:00,-33.799444,150.997778,co,ppm,0.1
7425,25470,Parramatta North-7425,2020-02-13T01:00:00+11:00,-33.799444,150.997778,o3,ppm,0.014
7425,25470,Parramatta North-7425,2020-02-13T02:00:00+11:00,-33.799444,150.997778,o3,ppm,0.017
7425,25470,Parramatta North-7425,2020-02-13T03:00:00+11:00,-33.799444,150.997778,o3,ppm,0.011
7425,25470,Parramatta North-7425,2020-02-13T04:00:00+11:00,-33.799444,150.997778,o3,ppm,0.009
7425,25470,Parramatta North-7425,2020-02-13T05:00:00+11:00,-33.799444,150.997778,o3,ppm,0.011
7425,25470,Parramatta North-7425,2020-02-13T06:00:00+11:00,-33.799444,150.997778,o3,ppm,0.008
7425,25470,Parramatta North-7425,2020-02-13T07:00:00+11:00,-33.799444,150.997778,o3,ppm,0.004
7425,25470,Parramatta North-7425,2020-02-13T08:00:00+11:00,-33.799444,150.997778,o3,ppm,0.004
7425,25470,Parramatta North-7425,2020-02-13T09:00:00+11:00,-33.799444,150.997778,o3,ppm,0.006
7425,25470,Parramatta North-7425,2020-02-13T10:00:00+11:00,-33.799444,150.997778,o3,ppm,0.01
7425,25470,Parramatta North-7425,2020-02-13T11:00:00+11:00,-33.799444,150.997778,o3,ppm,0.014
7425,25470,Parramatta North-7425,2020-02-13T12:00:00+11:00,-33.799444,150.997778,o3,ppm,0.014
7425,25470,Parramatta North-7425,2020-02-13T13:00:00+11:00,-33.799444,150.997778,o3,ppm,0.014
7425,25470,Parramatta North-7425,2020-02-13T14:00:00+11:00,-33.799444,150.997778,o3,ppm,0.012
7425,25470,Parramatta North-7425,2020-02-13T15:00:00+11:00,-33.799444,150.997778,o3,ppm,0.013
7425,25470,Parramatta North-7425,2020-02-13T16:00:00+11:00,-33.799444,150.997778,o3,ppm,0.013
7425,25470,Parramatta North-7425,2020-02-13T17:00:00+11:00,-33.799444,150.997778,o3,ppm,0.013
7425,25470,Parramatta North-7425,2020-02-13T18:00:00+11:00,-33.799444,150.997778,o3,ppm,0.01
7425,25470,Parramatta North-7425,2020-02-13T19:00:00+11:00,-33.799444,150.997778,o3,ppm,0.008
7425,25470,Parramatta North-7425,2020-02-13T20:00:00+11:00,-33.799444,150.997778,o3,ppm,0.006
7425,25470,Parramatta North-7425,2020-02-13T21:00:00+11:00,-33.799444,150.997778,o3,ppm,0.004
7425,25470,Parramatta North-7425,2020-02-13T22:00:00+11:00,-33.799444,150.997778,o3,ppm,0.004
7425,25470,Parramatta North-7425,2020-02-13T23:00:00+11:00,-33.799444,150.997778,o3,ppm,0.003
7425,28317,Parramatta North-7425,2020-02-13T02:00:00+11:00,-33.799444,150.997778,co,ppm,0.1
7425,28317,Parramatta North-7425,2020-02-13T03:00:00+11:00,-33.799444,150.997778,co,ppm,0.1
7425,28317,Parramatta North-7425,2020-02-13T04:00:00+11:00,-33.799444,150.997778,co,ppm,0.1
7425,28317,Parramatta North-7425,2020-02-13T05:00:00+11:00,-33.799444,150.997778,co,ppm,0.1
7425,28317,Parramatta North-7425,2020-02-13T06:00:00+11:00,-33.799444,150.997778,co,ppm,0.2
7425,28317,Parramatta North-7425,2020-02-13T07:00:00+11:00,-33.799444,150.997778,co,ppm,0.2
7425,28317,Parramatta North-7425,2020-02-13T08:00:00+11:00,-33.799444,150.997778,co,ppm,0.2
7425,28317,Parramatta North-7425,2020-02-13T09:00:00+11:00,-33.799444,150.997778,co,ppm,0.2
7425,28317,Parramatta North-7425,2020-02-13T10:00:00+11:00,-33.799444,150.997778,co,ppm,0.2
7425,28317,Parramatta North-7425,2020-02-13T11:00:00+11:00,-33.799444,150.997778,co,ppm,0.2
7425,28317,Parramatta North-7425,2020-02-13T12:00:00+11:00,-33.799444,150.997778,co,ppm,0.2
7425,28317,Parramatta North-7425,2020-02-13T13:00:00+11:00,-33.799444,150.997778,co,ppm,0.2
7425,28317,Parramatta North-7425,2020-02-13T14:00:00+11:00,-33.799444,150.997778,co,ppm,0.2
7425,28317,Parramatta North-7425,2020-02-13T15:00:00+11:00,-33.799444,150.997778,co,ppm,0.2
7425,28317,Parramatta North-7425,2020-02-13T16:00:00+11:00,-33.799444,150.997778,co,ppm,0.2
7425,28317,Parramatta North-7425,2020-02-13T17:00:00+11:00,-33.799444,150.997778,co,ppm,0.2
7425,28317,Parramatta North-7425,2020-02-13T18:00:00+11:00,-33.799444,150.997778,co,ppm,0.2
7425,28317,Parramatta North-7425,2020-02-13T19:00:00+11:00,-33.799444,150.997778,co,ppm,0.2
7425,28317,Parramatta North-7425,2020-02-13T20:00:00+11:00,-33.799444,150.997778,co,ppm,0.2
7425,28317,Parramatta North-7425,2020-02-13T21:00:00+11:00,-33.799444,150.997778,co,ppm,0.2
7425,28317,Parramatta North-7425,2020-02-13T22:00:00+11:00,-33.799444,150.997778,co,ppm,0.2
7425,28317,Parramatta North-7425,2020-02-13T23:00:00+11:00,-33.799444,150.997778,co,ppm,0.2
7425,25471,Parramatta North-7425,2020-02-13T01:00:00+11:00,-33.799444,150.997778,so2,ppm,0.0
7425,25471,Parramatta North-7425,2020-02-13T03:00:00+11:00,-33.799444,150.997778,so2,ppm,0.0
7425,25471,Parramatta North-7425,2020-02-13T04:00:00+11:00,-33.799444,150.997778,so2,ppm,0.0
7425,25471,Parramatta North-7425,2020-02-13T05:00:00+11:00,-33.799444,150.997778,so2,ppm,0.0
7425,25471,Parramatta North-7425,2020-02-13T06:00:00+11:00,-33.799444,150.997778,so2,ppm,0.0
7425,25471,Parramatta North-7425,2020-02-13T07:00:00+11:00,-33.799444,150.997778,so2,ppm,0.0
7425,25471,Parramatta North-7425,2020-02-13T08:00:00+11:00,-33.799444,150.997778,so2,ppm,0.001
7425,25471,Parramatta North-7425,2020-02-13T09:00:00+11:00,-33.799444,150.997778,so2,ppm,0.001
7425,25471,Parramatta North-7425,2020-02-13T10:00:00+11:00,-33.799444,150.997778,so2,ppm,0.0
7425,25471,Parramatta North-7425,2020-02-13T11:00:00+11:00,-33.799444,150.997778,so2,ppm,0.0
7425,25471,Parramatta North-7425,2020-02-13T12:00:00+11:00,-33.799444,150.997778,so2,ppm,0.0
7425,25471,Parramatta North-7425,2020-02-13T13:00:00+11:00,-33.799444,150.997778,so2,ppm,0.0
7425,25471,Parramatta North-7425,2020-02-13T14:00:00+11:00,-33.799444,150.997778,so2,ppm,0.0
7425,25471,Parramatta North-7425,2020-02-13T15:00:00+11:00,-33.799444,150.997778,so2,ppm,0.0
7425,25471,Parramatta North-7425,2020-02-13T16:00:00+11:00,-33.799444,150.997778,so2,ppm,0.0
7425,25471,Parramatta North-7425,2020-02-13T17:00:00+11:00,-33.799444,150.997778,so2,ppm,0.0
7425,25471,Parramatta North-7425,2020-02-13T18:00:00+11:00,-33.799444,150.997778,so2,ppm,0.0
7425,25471,Parramatta North-7425,2020-02-13T19:00:00+11:00,-33.799444,150.997778,so2,ppm,0.0
7425,25471,Parramatta North-7425,2020-02-13T20:00:00+11:00,-33.799444,150.997778,so2,ppm,0.0
7425,25471,Parramatta North-7425,2020-02-13T21:00:00+11:00,-33.799444,150.997778,so2,ppm,0.0
7425,25471,Parramatta North-7425,2020-02-13T22:00:00+11:00,-33.799444,150.997778,so2,ppm,0.001
7425,25471,Parramatta North-7425,2020-02-13T23:00:00+11:00,-33.799444,150.997778,so2,ppm,0.001
7425,21603,Parramatta North-7425,2020-02-14T01:00:00+11:00,-33.799444,150.997778,pm10,µg/m³,22.6
7425,21603,Parramatta North-7425,2020-02-14T02:00:00+11:00,-33.799444,150.997778,pm10,µg/m³,20.3
7425,21603,Parramatta North-7425,2020-02-14T03:00:00+11:00,-33.799444,150.997778,pm10,µg/m³,9.7
7425,21603,Parramatta North-7425,2020-02-14T04:00:00+11:00,-33.799444,150.997778,pm10,µg/m³,15.2
7425,21603,Parramatta North-7425,2020-02-14T05:00:00+11:00,-33.799444,150.997778,pm10,µg/m³,21.2
7425,21603,Parramatta North-7425,2020-02-14T06:00:00+11:00,-33.799444,150.997778,pm10,µg/m³,18.0
7425,21603,Parramatta North-7425,2020-02-14T07:00:00+11:00,-33.799444,150.997778,pm10,µg/m³,21.4
7425,21603,Parramatta North-7425,2020-02-14T08:00:00+11:00,-33.799444,150.997778,pm10,µg/m³,27.0
7425,21603,Parramatta North-7425,2020-02-14T09:00:00+11:00,-33.799444,150.997778,pm10,µg/m³,22.8
7425,21603,Parramatta North-7425,2020-02-14T10:00:00+11:00,-33.799444,150.997778,pm10,µg/m³,14.9
7425,21603,Parramatta North-7425,2020-02-14T11:00:00+11:00,-33.799444,150.997778,pm10,µg/m³,13.4
7425,21603,Parramatta North-7425,2020-02-14T12:00:00+11:00,-33.799444,150.997778,pm10,µg/m³,15.1
7425,21603,Parramatta North-7425,2020-02-14T13:00:00+11:00,-33.799444,150.997778,pm10,µg/m³,14.6
7425,21603,Parramatta North-7425,2020-02-14T14:00:00+11:00,-33.799444,150.997778,pm10,µg/m³,15.5
7425,21603,Parramatta North-7425,2020-02-14T15:00:00+11:00,-33.799444,150.997778,pm10,µg/m³,19.8
7425,21603,Parramatta North-7425,2020-02-14T16:00:00+11:00,-33.799444,150.997778,pm10,µg/m³,20.0
7425,21603,Parramatta North-7425,2020-02-14T17:00:00+11:00,-33.799444,150.997778,pm10,µg/m³,14.3
7425,21603,Parramatta North-7425,2020-02-14T18:00:00+11:00,-33.799444,150.997778,pm10,µg/m³,18.4
7425,21603,Parramatta North-7425,2020-02-14T19:00:00+11:00,-33.799444,150.997778,pm10,µg/m³,21.3
7425,21603,Parramatta North-7425,2020-02-14T20:00:00+11:00,-33.799444,150.997778,pm10,µg/m³,26.0
7425,21603,Parramatta North-7425,2020-02-14T21:00:00+11:00,-33.799444,150.997778,pm10,µg/m³,24.6
7425,21603,Parramatta North-7425,2020-02-14T22:00:00+11:00,-33.799444,150.997778,pm10,µg/m³,21.9
7425,21603,Parramatta North-7425,2020-02-14T23:00:00+11:00,-33.799444,150.997778,pm10,µg/m³,18.0
7425,21604,Parramatta North-7425,2020-02-14T01:00:00+11:00,-33.799444,150.997778,pm25,µg/m³,6.1
7425,21604,Parramatta North-7425,2020-02-14T02:00:00+11:00,-33.799444,150.997778,pm25,µg/m³,4.9
7425,21604,Parramatta North-7425,2020-02-14T03:00:00+11:00,-33.799444,150.997778,pm25,µg/m³,3.7
7425,21604,Parramatta North-7425,2020-02-14T04:00:00+11:00,-33.799444,150.997778,pm25,µg/m³,3.3
7425,21604,Parramatta North-7425,2020-02-14T05:00:00+11:00,-33.799444,150.997778,pm25,µg/m³,12.2
7425,21604,Parramatta North-7425,2020-02-14T06:00:00+11:00,-33.799444,150.997778,pm25,µg/m³,8.3
7425,21604,Parramatta North-7425,2020-02-14T07:00:00+11:00,-33.799444,150.997778,pm25,µg/m³,2.0
7425,21604,Parramatta North-7425,2020-02-14T08:00:00+11:00,-33.799444,150.997778,pm25,µg/m³,1.4
7425,21604,Parramatta North-7425,2020-02-14T09:00:00+11:00,-33.799444,150.997778,pm25,µg/m³,3.7
7425,21604,Parramatta North-7425,2020-02-14T10:00:00+11:00,-33.799444,150.997778,pm25,µg/m³,2.7
7425,21604,Parramatta North-7425,2020-02-14T11:00:00+11:00,-33.799444,150.997778,pm25,µg/m³,3.6
7425,21604,Parramatta North-7425,2020-02-14T12:00:00+11:00,-33.799444,150.997778,pm25,µg/m³,3.8
7425,21604,Parramatta North-7425,2020-02-14T13:00:00+11:00,-33.799444,150.997778,pm25,µg/m³,4.7
7425,21604,Parramatta North-7425,2020-02-14T14:00:00+11:00,-33.799444,150.997778,pm25,µg/m³,5.9
7425,21604,Parramatta North-7425,2020-02-14T15:00:00+11:00,-33.799444,150.997778,pm25,µg/m³,5.6
7425,21604,Parramatta North-7425,2020-02-14T16:00:00+11:00,-33.799444,150.997778,pm25,µg/m³,5.0
7425,21604,Parramatta North-7425,2020-02-14T17:00:00+11:00,-33.799444,150.997778,pm25,µg/m³,5.5
7425,21604,Parramatta North-7425,2020-02-14T18:00:00+11:00,-33.799444,150.997778,pm25,µg/m³,10.3
7425,21604,Parramatta North-7425,2020-02-14T19:00:00+11:00,-33.799444,150.997778,pm25,µg/m³,7.4
7425,21604,Parramatta North-7425,2020-02-14T20:00:00+11:00,-33.799444,150.997778,pm25,µg/m³,6.1
7425,21604,Parramatta North-7425,2020-02-14T21:00:00+11:00,-33.799444,150.997778,pm25,µg/m³,9.5
7425,21604,Parramatta North-7425,2020-02-14T22:00:00+11:00,-33.799444,150.997778,pm25,µg/m³,9.0
7425,21604,Parramatta North-7425,2020-02-14T23:00:00+11:00,-33.799444,150.997778,pm25,µg/m³,7.1
7425,25469,Parramatta North-7425,2020-02-14T01:00:00+11:00,-33.799444,150.997778,no2,ppm,0.005
7425,25469,Parramatta North-7425,2020-02-14T03:00:00+11:00,-33.799444,150.997778,no2,ppm,0.001
7425,25469,Parramatta North-7425,2020-02-14T04:00:00+11:00,-33.799444,150.997778,no2,ppm,0.002
7425,25469,Parramatta North-7425,2020-02-14T05:00:00+11:00,-33.799444,150.997778,no2,ppm,0.004
7425,25469,Parramatta North-7425,2020-02-14T06:00:00+11:00,-33.799444,150.997778,no2,ppm,0.006
7425,25469,Parramatta North-7425,2020-02-14T07:00:00+11:00,-33.799444,150.997778,no2,ppm,0.008
7425,25469,Parramatta North-7425,2020-02-14T08:00:00+11:00,-33.799444,150.997778,no2,ppm,0.008
7425,25469,Parramatta North-7425,2020-02-14T09:00:00+11:00,-33.799444,150.997778,no2,ppm,0.004
7425,25469,Parramatta North-7425,2020-02-14T10:00:00+11:00,-33.799444,150.997778,no2,ppm,0.002
7425,25469,Parramatta North-7425,2020-02-14T11:00:00+11:00,-33.799444,150.997778,no2,ppm,0.001
7425,25469,Parramatta North-7425,2020-02-14T12:00:00+11:00,-33.799444,150.997778,no2,ppm,0.001
7425,25469,Parramatta North-7425,2020-02-14T13:00:00+11:00,-33.799444,150.997778,no2,ppm,0.001
7425,25469,Parramatta North-7425,2020-02-14T14:00:00+11:00,-33.799444,150.997778,no2,ppm,0.0
7425,25469,Parramatta North-7425,2020-02-14T15:00:00+11:00,-33.799444,150.997778,no2,ppm,0.001
7425,25469,Parramatta North-7425,2020-02-14T16:00:00+11:00,-33.799444,150.997778,no2,ppm,0.001
7425,25469,Parramatta North-7425,2020-02-14T17:00:00+11:00,-33.799444,150.997778,no2,ppm,0.002
7425,25469,Parramatta North-7425,2020-02-14T18:00:00+11:00,-33.799444,150.997778,no2,ppm,0.002
7425,25469,Parramatta North-7425,2020-02-14T19:00:00+11:00,-33.799444,150.997778,no2,ppm,0.002
7425,25469,Parramatta North-7425,2020-02-14T20:00:00+11:00,-33.799444,150.997778,no2,ppm,0.003
7425,25469,Parramatta North-7425,2020-02-14T21:00:00+11:00,-33.799444,150.997778,no2,ppm,0.004
7425,25469,Parramatta North-7425,2020-02-14T22:00:00+11:00,-33.799444,150.997778,no2,ppm,0.006
7425,25469,Parramatta North-7425,2020-02-14T23:00:00+11:00,-33.799444,150.997778,no2,ppm,0.007
7425,28317,Parramatta North-7425,2020-02-14T01:00:00+11:00,-33.799444,150.997778,co,ppm,0.2
7425,28317,Parramatta North-7425,2020-02-14T02:00:00+11:00,-33.799444,150.997778,co,ppm,0.2
7425,28317,Parramatta North-7425,2020-02-14T03:00:00+11:00,-33.799444,150.997778,co,ppm,0.2
7425,28317,Parramatta North-7425,2020-02-14T04:00:00+11:00,-33.799444,150.997778,co,ppm,0.2
7425,28317,Parramatta North-7425,2020-02-14T05:00:00+11:00,-33.799444,150.997778,co,ppm,0.2
7425,28317,Parramatta North-7425,2020-02-14T06:00:00+11:00,-33.799444,150.997778,co,ppm,0.2
7425,28317,Parramatta North-7425,2020-02-14T07:00:00+11:00,-33.799444,150.997778,co,ppm,0.2
7425,28317,Parramatta North-7425,2020-02-14T08:00:00+11:00,-33.799444,150.997778,co,ppm,0.2
7425,28317,Parramatta North-7425,2020-02-14T09:00:00+11:00,-33.799444,150.997778,co,ppm,0.2
7425,28317,Parramatta North-7425,2020-02-14T10:00:00+11:00,-33.799444,150.997778,co,ppm,0.2
7425,28317,Parramatta North-7425,2020-02-14T11:00:00+11:00,-33.799444,150.997778,co,ppm,0.2
7425,28317,Parramatta North-7425,2020-02-14T12:00:00+11:00,-33.799444,150.997778,co,ppm,0.2
7425,28317,Parramatta North-7425,2020-02-14T13:00:00+11:00,-33.799444,150.997778,co,ppm,0.1
7425,28317,Parramatta North-7425,2020-02-14T14:00:00+11:00,-33.799444,150.997778,co,ppm,0.1
7425,28317,Parramatta North-7425,2020-02-14T15:00:00+11:00,-33.799444,150.997778,co,ppm,0.1
7425,28317,Parramatta North-7425,2020-02-14T16:00:00+11:00,-33.799444,150.997778,co,ppm,0.1
7425,28317,Parramatta North-7425,2020-02-14T17:00:00+11:00,-33.799444,150.997778,co,ppm,0.1
7425,28317,Parramatta North-7425,2020-02-14T18:00:00+11:00,-33.799444,150.997778,co,ppm,0.1
7425,28317,Parramatta North-7425,2020-02-14T19:00:00+11:00,-33.799444,150.997778,co,ppm,0.1
7425,28317,Parramatta North-7425,2020-02-14T20:00:00+11:00,-33.799444,150.997778,co,ppm,0.1
7425,28317,Parramatta North-7425,2020-02-14T21:00:00+11:00,-33.799444,150.997778,co,ppm,0.1
7425,28317,Parramatta North-7425,2020-02-14T22:00:00+11:00,-33.799444,150.997778,co,ppm,0.1
7425,28317,Parramatta North-7425,2020-02-14T23:00:00+11:00,-33.799444,150.997778,co,ppm,0.1
7425,25471,Parramatta North-7425,2020-02-14T01:00:00+11:00,-33.799444,150.997778,so2,ppm,0.0
7425,25471,Parramatta North-7425,2020-02-14T03:00:00+11:00,-33.799444,150.997778,so2,ppm,0.0
7425,25471,Parramatta North-7425,2020-02-14T04:00:00+11:00,-33.799444,150.997778,so2,ppm,0.0
7425,25471,Parramatta North-7425,2020-02-14T05:00:00+11:00,-33.799444,150.997778,so2,ppm,0.0
7425,25471,Parramatta North-7425,2020-02-14T06:00:00+11:00,-33.799444,150.997778,so2,ppm,0.0
7425,25471,Parramatta North-7425,2020-02-14T07:00:00+11:00,-33.799444,150.997778,so2,ppm,0.0
7425,25471,Parramatta North-7425,2020-02-14T08:00:00+11:00,-33.799444,150.997778,so2,ppm,0.0
7425,25471,Parramatta North-7425,2020-02-14T09:00:00+11:00,-33.799444,150.997778,so2,ppm,0.0
7425,25471,Parramatta North-7425,2020-02-14T10:00:00+11:00,-33.799444,150.997778,so2,ppm,0.0
7425,25471,Parramatta North-7425,2020-02-14T11:00:00+11:00,-33.799444,150.997778,so2,ppm,0.0
7425,25471,Parramatta North-7425,2020-02-14T12:00:00+11:00,-33.799444,150.997778,so2,ppm,0.0
7425,25471,Parramatta North-7425,2020-02-14T13:00:00+11:00,-33.799444,150.997778,so2,ppm,0.0
7425,25471,Parramatta North-7425,2020-02-14T14:00:00+11:00,-33.799444,150.997778,so2,ppm,0.0
7425,25471,Parramatta North-7425,2020-02-14T15:00:00+11:00,-33.799444,150.997778,so2,ppm,0.0
7425,25471,Parramatta North-7425,2020-02-14T16:00:00+11:00,-33.799444,150.997778,so2,ppm,0.0
7425,25471,Parramatta North-7425,2020-02-14T17:00:00+11:00,-33.799444,150.997778,so2,ppm,0.0
7425,25471,Parramatta North-7425,2020-02-14T18:00:00+11:00,-33.799444,150.997778,so2,ppm,0.0
7425,25471,Parramatta North-7425,2020-02-14T19:00:00+11:00,-33.799444,150.997778,so2,ppm,0.0
7425,25471,Parramatta North-7425,2020-02-14T20:00:00+11:00,-33.799444,150.997778,so2,ppm,0.0
7425,25471,Parramatta North-7425,2020-02-14T21:00:00+11:00,-33.799444,150.997778,so2,ppm,0.0
7425,25471,Parramatta North-7425,2020-02-14T22:00:00+11:00,-33.799444,150.997778,so2,ppm,0.0
7425,25471,Parramatta North-7425,2020-02-14T23:00:00+11:00,-33.799444,150.997778,so2,ppm,0.0
7425,25470,Parramatta North-7425,2020-02-14T01:00:00+11:00,-33.799444,150.997778,o3,ppm,0.007
7425,25470,Parramatta North-7425,2020-02-14T02:00:00+11:00,-33.799444,150.997778,o3,ppm,0.004
7425,25470,Parramatta North-7425,2020-02-14T03:00:00+11:00,-33.799444,150.997778,o3,ppm,0.015
7425,25470,Parramatta North-7425,2020-02-14T04:00:00+11:00,-33.799444,150.997778,o3,ppm,0.01
7425,25470,Parramatta North-7425,2020-02-14T05:00:00+11:00,-33.799444,150.997778,o3,ppm,0.01
7425,25470,Parramatta North-7425,2020-02-14T06:00:00+11:00,-33.799444,150.997778,o3,ppm,0.006
7425,25470,Parramatta North-7425,2020-02-14T07:00:00+11:00,-33.799444,150.997778,o3,ppm,0.004
7425,25470,Parramatta North-7425,2020-02-14T08:00:00+11:00,-33.799444,150.997778,o3,ppm,0.008
7425,25470,Parramatta North-7425,2020-02-14T09:00:00+11:00,-33.799444,150.997778,o3,ppm,0.014
7425,25470,Parramatta North-7425,2020-02-14T10:00:00+11:00,-33.799444,150.997778,o3,ppm,0.017
7425,25470,Parramatta North-7425,2020-02-14T11:00:00+11:00,-33.799444,150.997778,o3,ppm,0.021
7425,25470,Parramatta North-7425,2020-02-14T12:00:00+11:00,-33.799444,150.997778,o3,ppm,0.024
7425,25470,Parramatta North-7425,2020-02-14T13:00:00+11:00,-33.799444,150.997778,o3,ppm,0.025
7425,25470,Parramatta North-7425,2020-02-14T14:00:00+11:00,-33.799444,150.997778,o3,ppm,0.026
7425,25470,Parramatta North-7425,2020-02-14T15:00:00+11:00,-33.799444,150.997778,o3,ppm,0.025
7425,25470,Parramatta North-7425,2020-02-14T16:00:00+11:00,-33.799444,150.997778,o3,ppm,0.022
7425,25470,Parramatta North-7425,2020-02-14T17:00:00+11:00,-33.799444,150.997778,o3,ppm,0.021
7425,25470,Parramatta North-7425,2020-02-14T18:00:00+11:00,-33.799444,150.997778,o3,ppm,0.02
7425,25470,Parramatta North-7425,2020-02-14T19:00:00+11:00,-33.799444,150.997778,o3,ppm,0.018
7425,25470,Parramatta North-7425,2020-02-14T20:00:00+11:00,-33.799444,150.997778,o3,ppm,0.017
7425,25470,Parramatta North-7425,2020-02-14T21:00:00+11:00,-33.799444,150.997778,o3,ppm,0.015
7425,25470,Parramatta North-7425,2020-02-14T22:00:00+11:00,-33.799444,150.997778,o3,ppm,0.01
7425,25470,Parramatta North-7425,2020-02-14T23:00:00+11:00,-33.799444,150.997778,o3,ppm,0.007
7425,21603,Parramatta North-7425,2020-02-15T01:00:00+11:00,-33.799444,150.997778,pm10,µg/m³,21.5
7425,21603,Parramatta North-7425,2020-02-15T02:00:00+11:00,-33.799444,150.997778,pm10,µg/m³,20.4
7425,21603,Parramatta North-7425,2020-02-15T03:00:00+11:00,-33.799444,150.997778,pm10,µg/m³,19.2
7425,21603,Parramatta North-7425,2020-02-15T05:00:00+11:00,-33.799444,150.997778,pm10,µg/m³,15.7
7425,21603,Parramatta North-7425,2020-02-15T06:00:00+11:00,-33.799444,150.997778,pm10,µg/m³,16.0
7425,21603,Parramatta North-7425,2020-02-15T07:00:00+11:00,-33.799444,150.997778,pm10,µg/m³,21.8
7425,21603,Parramatta North-7425,2020-02-15T09:00:00+11:00,-33.799444,150.997778,pm10,µg/m³,21.1
7425,21603,Parramatta North-7425,2020-02-15T10:00:00+11:00,-33.799444,150.997778,pm10,µg/m³,22.4
7425,21603,Parramatta North-7425,2020-02-15T11:00:00+11:00,-33.799444,150.997778,pm10,µg/m³,25.7
7425,21603,Parramatta North-7425,2020-02-15T12:00:00+11:00,-33.799444,150.997778,pm10,µg/m³,26.3
7425,21603,Parramatta North-7425,2020-02-15T13:00:00+11:00,-33.799444,150.997778,pm10,µg/m³,25.6
7425,21603,Parramatta North-7425,2020-02-15T14:00:00+11:00,-33.799444,150.997778,pm10,µg/m³,26.5
7425,21603,Parramatta North-7425,2020-02-15T15:00:00+11:00,-33.799444,150.997778,pm10,µg/m³,28.6
7425,21603,Parramatta North-7425,2020-02-15T16:00:00+11:00,-33.799444,150.997778,pm10,µg/m³,26.6
7425,21603,Parramatta North-7425,2020-02-15T17:00:00+11:00,-33.799444,150.997778,pm10,µg/m³,24.7
7425,21603,Parramatta North-7425,2020-02-15T18:00:00+11:00,-33.799444,150.997778,pm10,µg/m³,19.8
7425,21603,Parramatta North-7425,2020-02-15T19:00:00+11:00,-33.799444,150.997778,pm10,µg/m³,21.7
7425,21603,Parramatta North-7425,2020-02-15T20:00:00+11:00,-33.799444,150.997778,pm10,µg/m³,15.5
7425,21603,Parramatta North-7425,2020-02-15T21:00:00+11:00,-33.799444,150.997778,pm10,µg/m³,12.7
7425,21603,Parramatta North-7425,2020-02-15T22:00:00+11:00,-33.799444,150.997778,pm10,µg/m³,11.7
7425,21603,Parramatta North-7425,2020-02-15T23:00:00+11:00,-33.799444,150.997778,pm10,µg/m³,11.0
7425,21604,Parramatta North-7425,2020-02-15T01:00:00+11:00,-33.799444,150.997778,pm25,µg/m³,6.2
7425,21604,Parramatta North-7425,2020-02-15T02:00:00+11:00,-33.799444,150.997778,pm25,µg/m³,4.4
7425,21604,Parramatta North-7425,2020-02-15T03:00:00+11:00,-33.799444,150.997778,pm25,µg/m³,8.3
7425,21604,Parramatta North-7425,2020-02-15T05:00:00+11:00,-33.799444,150.997778,pm25,µg/m³,3.6
7425,21604,Parramatta North-7425,2020-02-15T06:00:00+11:00,-33.799444,150.997778,pm25,µg/m³,1.9
7425,21604,Parramatta North-7425,2020-02-15T07:00:00+11:00,-33.799444,150.997778,pm25,µg/m³,4.1
7425,21604,Parramatta North-7425,2020-02-15T09:00:00+11:00,-33.799444,150.997778,pm25,µg/m³,4.5
7425,21604,Parramatta North-7425,2020-02-15T10:00:00+11:00,-33.799444,150.997778,pm25,µg/m³,2.4
7425,21604,Parramatta North-7425,2020-02-15T11:00:00+11:00,-33.799444,150.997778,pm25,µg/m³,4.0
7425,21604,Parramatta North-7425,2020-02-15T12:00:00+11:00,-33.799444,150.997778,pm25,µg/m³,6.8
7425,21604,Parramatta North-7425,2020-02-15T13:00:00+11:00,-33.799444,150.997778,pm25,µg/m³,8.0
7425,21604,Parramatta North-7425,2020-02-15T14:00:00+11:00,-33.799444,150.997778,pm25,µg/m³,9.6
7425,21604,Parramatta North-7425,2020-02-15T15:00:00+11:00,-33.799444,150.997778,pm25,µg/m³,17.9
7425,21604,Parramatta North-7425,2020-02-15T16:00:00+11:00,-33.799444,150.997778,pm25,µg/m³,10.5
7425,21604,Parramatta North-7425,2020-02-15T17:00:00+11:00,-33.799444,150.997778,pm25,µg/m³,7.0
7425,21604,Parramatta North-7425,2020-02-15T18:00:00+11:00,-33.799444,150.997778,pm25,µg/m³,5.7
7425,21604,Parramatta North-7425,2020-02-15T19:00:00+11:00,-33.799444,150.997778,pm25,µg/m³,10.3
7425,21604,Parramatta North-7425,2020-02-15T20:00:00+11:00,-33.799444,150.997778,pm25,µg/m³,6.6
7425,21604,Parramatta North-7425,2020-02-15T21:00:00+11:00,-33.799444,150.997778,pm25,µg/m³,1.1
7425,21604,Parramatta North-7425,2020-02-15T22:00:00+11:00,-33.799444,150.997778,pm25,µg/m³,2.8
7425,21604,Parramatta North-7425,2020-02-15T23:00:00+11:00,-33.799444,150.997778,pm25,µg/m³,5.7
7425,25469,Parramatta North-7425,2020-02-15T01:00:00+11:00,-33.799444,150.997778,no2,ppm,0.007
7425,25469,Parramatta North-7425,2020-02-15T03:00:00+11:00,-33.799444,150.997778,no2,ppm,0.005
7425,25469,Parramatta North-7425,2020-02-15T05:00:00+11:00,-33.799444,150.997778,no2,ppm,0.006
7425,25469,Parramatta North-7425,2020-02-15T06:00:00+11:00,-33.799444,150.997778,no2,ppm,0.005
7425,25469,Parramatta North-7425,2020-02-15T07:00:00+11:00,-33.799444,150.997778,no2,ppm,0.005
7425,25469,Parramatta North-7425,2020-02-15T09:00:00+11:00,-33.799444,150.997778,no2,ppm,0.003
7425,25469,Parramatta North-7425,2020-02-15T10:00:00+11:00,-33.799444,150.997778,no2,ppm,0.004
7425,25469,Parramatta North-7425,2020-02-15T11:00:00+11:00,-33.799444,150.997778,no2,ppm,0.005
7425,25469,Parramatta North-7425,2020-02-15T12:00:00+11:00,-33.799444,150.997778,no2,ppm,0.004
7425,25469,Parramatta North-7425,2020-02-15T13:00:00+11:00,-33.799444,150.997778,no2,ppm,0.005
7425,25469,Parramatta North-7425,2020-02-15T14:00:00+11:00,-33.799444,150.997778,no2,ppm,0.005
7425,25469,Parramatta North-7425,2020-02-15T15:00:00+11:00,-33.799444,150.997778,no2,ppm,0.006
7425,25469,Parramatta North-7425,2020-02-15T16:00:00+11:00,-33.799444,150.997778,no2,ppm,0.008
7425,25469,Parramatta North-7425,2020-02-15T17:00:00+11:00,-33.799444,150.997778,no2,ppm,0.006
7425,25469,Parramatta North-7425,2020-02-15T18:00:00+11:00,-33.799444,150.997778,no2,ppm,0.001
7425,25469,Parramatta North-7425,2020-02-15T19:00:00+11:00,-33.799444,150.997778,no2,ppm,0.002
7425,25469,Parramatta North-7425,2020-02-15T20:00:00+11:00,-33.799444,150.997778,no2,ppm,0.003
7425,25469,Parramatta North-7425,2020-02-15T21:00:00+11:00,-33.799444,150.997778,no2,ppm,0.005
7425,25469,Parramatta North-7425,2020-02-15T22:00:00+11:00,-33.799444,150.997778,no2,ppm,0.006
7425,25469,Parramatta North-7425,2020-02-15T23:00:00+11:00,-33.799444,150.997778,no2,ppm,0.007
7425,28317,Parramatta North-7425,2020-02-15T01:00:00+11:00,-33.799444,150.997778,co,ppm,0.2
7425,28317,Parramatta North-7425,2020-02-15T02:00:00+11:00,-33.799444,150.997778,co,ppm,0.2
7425,28317,Parramatta North-7425,2020-02-15T03:00:00+11:00,-33.799444,150.997778,co,ppm,0.2
7425,28317,Parramatta North-7425,2020-02-15T05:00:00+11:00,-33.799444,150.997778,co,ppm,0.3
7425,28317,Parramatta North-7425,2020-02-15T06:00:00+11:00,-33.799444,150.997778,co,ppm,0.3
7425,28317,Parramatta North-7425,2020-02-15T07:00:00+11:00,-33.799444,150.997778,co,ppm,0.3
7425,28317,Parramatta North-7425,2020-02-15T09:00:00+11:00,-33.799444,150.997778,co,ppm,0.2
7425,28317,Parramatta North-7425,2020-02-15T10:00:00+11:00,-33.799444,150.997778,co,ppm,0.2
7425,28317,Parramatta North-7425,2020-02-15T11:00:00+11:00,-33.799444,150.997778,co,ppm,0.2
7425,28317,Parramatta North-7425,2020-02-15T12:00:00+11:00,-33.799444,150.997778,co,ppm,0.2
7425,28317,Parramatta North-7425,2020-02-15T13:00:00+11:00,-33.799444,150.997778,co,ppm,0.2
7425,28317,Parramatta North-7425,2020-02-15T14:00:00+11:00,-33.799444,150.997778,co,ppm,0.2
7425,28317,Parramatta North-7425,2020-02-15T15:00:00+11:00,-33.799444,150.997778,co,ppm,0.2
7425,28317,Parramatta North-7425,2020-02-15T16:00:00+11:00,-33.799444,150.997778,co,ppm,0.2
7425,28317,Parramatta North-7425,2020-02-15T17:00:00+11:00,-33.799444,150.997778,co,ppm,0.2
7425,28317,Parramatta North-7425,2020-02-15T18:00:00+11:00,-33.799444,150.997778,co,ppm,0.2
7425,28317,Parramatta North-7425,2020-02-15T19:00:00+11:00,-33.799444,150.997778,co,ppm,0.2
7425,28317,Parramatta North-7425,2020-02-15T20:00:00+11:00,-33.799444,150.997778,co,ppm,0.2
7425,28317,Parramatta North-7425,2020-02-15T21:00:00+11:00,-33.799444,150.997778,co,ppm,0.2
7425,28317,Parramatta North-7425,2020-02-15T22:00:00+11:00,-33.799444,150.997778,co,ppm,0.2
7425,28317,Parramatta North-7425,2020-02-15T23:00:00+11:00,-33.799444,150.997778,co,ppm,0.2
7425,25471,Parramatta North-7425,2020-02-15T01:00:00+11:00,-33.799444,150.997778,so2,ppm,0.0
7425,25471,Parramatta North-7425,2020-02-15T03:00:00+11:00,-33.799444,150.997778,so2,ppm,0.0
7425,25471,Parramatta North-7425,2020-02-15T05:00:00+11:00,-33.799444,150.997778,so2,ppm,0.0
7425,25471,Parramatta North-7425,2020-02-15T06:00:00+11:00,-33.799444,150.997778,so2,ppm,0.0
7425,25471,Parramatta North-7425,2020-02-15T07:00:00+11:00,-33.799444,150.997778,so2,ppm,0.0
7425,25471,Parramatta North-7425,2020-02-15T09:00:00+11:00,-33.799444,150.997778,so2,ppm,0.001
7425,25471,Parramatta North-7425,2020-02-15T10:00:00+11:00,-33.799444,150.997778,so2,ppm,0.001
7425,25471,Parramatta North-7425,2020-02-15T11:00:00+11:00,-33.799444,150.997778,so2,ppm,0.001
7425,25471,Parramatta North-7425,2020-02-15T12:00:00+11:00,-33.799444,150.997778,so2,ppm,0.001
7425,25471,Parramatta North-7425,2020-02-15T13:00:00+11:00,-33.799444,150.997778,so2,ppm,0.001
7425,25471,Parramatta North-7425,2020-02-15T14:00:00+11:00,-33.799444,150.997778,so2,ppm,0.001
7425,25471,Parramatta North-7425,2020-02-15T15:00:00+11:00,-33.799444,150.997778,so2,ppm,0.001
7425,25471,Parramatta North-7425,2020-02-15T16:00:00+11:00,-33.799444,150.997778,so2,ppm,0.001
7425,25471,Parramatta North-7425,2020-02-15T17:00:00+11:00,-33.799444,150.997778,so2,ppm,0.001
7425,25471,Parramatta North-7425,2020-02-15T18:00:00+11:00,-33.799444,150.997778,so2,ppm,0.0
7425,25471,Parramatta North-7425,2020-02-15T19:00:00+11:00,-33.799444,150.997778,so2,ppm,0.0
7425,25471,Parramatta North-7425,2020-02-15T20:00:00+11:00,-33.799444,150.997778,so2,ppm,0.0
7425,25471,Parramatta North-7425,2020-02-15T21:00:00+11:00,-33.799444,150.997778,so2,ppm,0.0
7425,25471,Parramatta North-7425,2020-02-15T22:00:00+11:00,-33.799444,150.997778,so2,ppm,0.0
7425,25471,Parramatta North-7425,2020-02-15T23:00:00+11:00,-33.799444,150.997778,so2,ppm,0.0
7425,25470,Parramatta North-7425,2020-02-15T01:00:00+11:00,-33.799444,150.997778,o3,ppm,0.001
7425,25470,Parramatta North-7425,2020-02-15T02:00:00+11:00,-33.799444,150.997778,o3,ppm,0.004
7425,25470,Parramatta North-7425,2020-02-15T03:00:00+11:00,-33.799444,150.997778,o3,ppm,0.003
7425,25470,Parramatta North-7425,2020-02-15T05:00:00+11:00,-33.799444,150.997778,o3,ppm,0.002
7425,25470,Parramatta North-7425,2020-02-15T06:00:00+11:00,-33.799444,150.997778,o3,ppm,0.002
7425,25470,Parramatta North-7425,2020-02-15T07:00:00+11:00,-33.799444,150.997778,o3,ppm,0.003
7425,25470,Parramatta North-7425,2020-02-15T09:00:00+11:00,-33.799444,150.997778,o3,ppm,0.016
7425,25470,Parramatta North-7425,2020-02-15T10:00:00+11:00,-33.799444,150.997778,o3,ppm,0.022
7425,25470,Parramatta North-7425,2020-02-15T11:00:00+11:00,-33.799444,150.997778,o3,ppm,0.033
7425,25470,Parramatta North-7425,2020-02-15T12:00:00+11:00,-33.799444,150.997778,o3,ppm,0.046
7425,25470,Parramatta North-7425,2020-02-15T13:00:00+11:00,-33.799444,150.997778,o3,ppm,0.052
7425,25470,Parramatta North-7425,2020-02-15T14:00:00+11:00,-33.799444,150.997778,o3,ppm,0.043
7425,25470,Parramatta North-7425,2020-02-15T15:00:00+11:00,-33.799444,150.997778,o3,ppm,0.045
7425,25470,Parramatta North-7425,2020-02-15T16:00:00+11:00,-33.799444,150.997778,o3,ppm,0.041
7425,25470,Parramatta North-7425,2020-02-15T17:00:00+11:00,-33.799444,150.997778,o3,ppm,0.037
7425,25470,Parramatta North-7425,2020-02-15T18:00:00+11:00,-33.799444,150.997778,o3,ppm,0.032
7425,25470,Parramatta North-7425,2020-02-15T19:00:00+11:00,-33.799444,150.997778,o3,ppm,0.027
7425,25470,Parramatta North-7425,2020-02-15T20:00:00+11:00,-33.799444,150.997778,o3,ppm,0.022
7425,25470,Parramatta North-7425,2020-02-15T21:00:00+11:00,-33.799444,150.997778,o3,ppm,0.016
7425,25470,Parramatta North-7425,2020-02-15T22:00:00+11:00,-33.799444,150.997778,o3,ppm,0.013
7425,25470,Parramatta North-7425,2020-02-15T23:00:00+11:00,-33.799444,150.997778,o3,ppm,0.011
7425,21603,Parramatta North-7425,2020-02-16T02:00:00+11:00,-33.799444,150.997778,pm10,µg/m³,15.1
7425,21603,Parramatta North-7425,2020-02-16T03:00:00+11:00,-33.799444,150.997778,pm10,µg/m³,18.4
7425,21603,Parramatta North-7425,2020-02-16T05:00:00+11:00,-33.799444,150.997778,pm10,µg/m³,16.2
7425,21603,Parramatta North-7425,2020-02-16T06:00:00+11:00,-33.799444,150.997778,pm10,µg/m³,15.7
7425,21603,Parramatta North-7425,2020-02-16T07:00:00+11:00,-33.799444,150.997778,pm10,µg/m³,17.4
7425,21603,Parramatta North-7425,2020-02-16T08:00:00+11:00,-33.799444,150.997778,pm10,µg/m³,16.1
7425,21603,Parramatta North-7425,2020-02-16T09:00:00+11:00,-33.799444,150.997778,pm10,µg/m³,13.4
7425,21603,Parramatta North-7425,2020-02-16T10:00:00+11:00,-33.799444,150.997778,pm10,µg/m³,17.8
7425,21603,Parramatta North-7425,2020-02-16T11:00:00+11:00,-33.799444,150.997778,pm10,µg/m³,16.7
7425,21603,Parramatta North-7425,2020-02-16T12:00:00+11:00,-33.799444,150.997778,pm10,µg/m³,16.7
7425,21603,Parramatta North-7425,2020-02-16T13:00:00+11:00,-33.799444,150.997778,pm10,µg/m³,17.0
7425,21603,Parramatta North-7425,2020-02-16T14:00:00+11:00,-33.799444,150.997778,pm10,µg/m³,16.1
7425,21603,Parramatta North-7425,2020-02-16T15:00:00+11:00,-33.799444,150.997778,pm10,µg/m³,13.2
7425,21603,Parramatta North-7425,2020-02-16T16:00:00+11:00,-33.799444,150.997778,pm10,µg/m³,18.3
7425,21603,Parramatta North-7425,2020-02-16T17:00:00+11:00,-33.799444,150.997778,pm10,µg/m³,13.6
7425,21603,Parramatta North-7425,2020-02-16T18:00:00+11:00,-33.799444,150.997778,pm10,µg/m³,10.9
7425,21603,Parramatta North-7425,2020-02-16T19:00:00+11:00,-33.799444,150.997778,pm10,µg/m³,12.8
7425,21603,Parramatta North-7425,2020-02-16T20:00:00+11:00,-33.799444,150.997778,pm10,µg/m³,9.9
7425,21603,Parramatta North-7425,2020-02-16T21:00:00+11:00,-33.799444,150.997778,pm10,µg/m³,7.4
7425,21603,Parramatta North-7425,2020-02-16T22:00:00+11:00,-33.799444,150.997778,pm10,µg/m³,6.4
7425,21604,Parramatta North-7425,2020-02-16T02:00:00+11:00,-33.799444,150.997778,pm25,µg/m³,3.6
7425,21604,Parramatta North-7425,2020-02-16T03:00:00+11:00,-33.799444,150.997778,pm25,µg/m³,3.5
7425,21604,Parramatta North-7425,2020-02-16T05:00:00+11:00,-33.799444,150.997778,pm25,µg/m³,9.7
7425,21604,Parramatta North-7425,2020-02-16T06:00:00+11:00,-33.799444,150.997778,pm25,µg/m³,7.6
7425,21604,Parramatta North-7425,2020-02-16T07:00:00+11:00,-33.799444,150.997778,pm25,µg/m³,3.4
7425,21604,Parramatta North-7425,2020-02-16T08:00:00+11:00,-33.799444,150.997778,pm25,µg/m³,3.8
7425,21604,Parramatta North-7425,2020-02-16T09:00:00+11:00,-33.799444,150.997778,pm25,µg/m³,4.3
7425,21604,Parramatta North-7425,2020-02-16T10:00:00+11:00,-33.799444,150.997778,pm25,µg/m³,4.8
7425,21604,Parramatta North-7425,2020-02-16T11:00:00+11:00,-33.799444,150.997778,pm25,µg/m³,6.1
7425,21604,Parramatta North-7425,2020-02-16T12:00:00+11:00,-33.799444,150.997778,pm25,µg/m³,4.9
7425,21604,Parramatta North-7425,2020-02-16T13:00:00+11:00,-33.799444,150.997778,pm25,µg/m³,5.1
7425,21604,Parramatta North-7425,2020-02-16T14:00:00+11:00,-33.799444,150.997778,pm25,µg/m³,5.7
7425,21604,Parramatta North-7425,2020-02-16T15:00:00+11:00,-33.799444,150.997778,pm25,µg/m³,3.8
7425,21604,Parramatta North-7425,2020-02-16T16:00:00+11:00,-33.799444,150.997778,pm25,µg/m³,5.8
7425,21604,Parramatta North-7425,2020-02-16T17:00:00+11:00,-33.799444,150.997778,pm25,µg/m³,7.2
7425,21604,Parramatta North-7425,2020-02-16T18:00:00+11:00,-33.799444,150.997778,pm25,µg/m³,5.1
7425,21604,Parramatta North-7425,2020-02-16T19:00:00+11:00,-33.799444,150.997778,pm25,µg/m³,3.0
7425,21604,Parramatta North-7425,2020-02-16T20:00:00+11:00,-33.799444,150.997778,pm25,µg/m³,1.0
7425,21604,Parramatta North-7425,2020-02-16T21:00:00+11:00,-33.799444,150.997778,pm25,µg/m³,2.5
7425,21604,Parramatta North-7425,2020-02-16T22:00:00+11:00,-33.799444,150.997778,pm25,µg/m³,3.8
7425,25469,Parramatta North-7425,2020-02-16T03:00:00+11:00,-33.799444,150.997778,no2,ppm,0.003
7425,25469,Parramatta North-7425,2020-02-16T05:00:00+11:00,-33.799444,150.997778,no2,ppm,0.002
7425,25469,Parramatta North-7425,2020-02-16T06:00:00+11:00,-33.799444,150.997778,no2,ppm,0.001
7425,25469,Parramatta North-7425,2020-02-16T07:00:00+11:00,-33.799444,150.997778,no2,ppm,0.004
7425,25469,Parramatta North-7425,2020-02-16T08:00:00+11:00,-33.799444,150.997778,no2,ppm,0.001
7425,25469,Parramatta North-7425,2020-02-16T09:00:00+11:00,-33.799444,150.997778,no2,ppm,0.001
7425,25469,Parramatta North-7425,2020-02-16T10:00:00+11:00,-33.799444,150.997778,no2,ppm,0.0
7425,25469,Parramatta North-7425,2020-02-16T11:00:00+11:00,-33.799444,150.997778,no2,ppm,0.001
7425,25469,Parramatta North-7425,2020-02-16T12:00:00+11:00,-33.799444,150.997778,no2,ppm,0.001
7425,25469,Parramatta North-7425,2020-02-16T13:00:00+11:00,-33.799444,150.997778,no2,ppm,0.0
7425,25469,Parramatta North-7425,2020-02-16T14:00:00+11:00,-33.799444,150.997778,no2,ppm,0.0
7425,25469,Parramatta North-7425,2020-02-16T15:00:00+11:00,-33.799444,150.997778,no2,ppm,0.0
7425,25469,Parramatta North-7425,2020-02-16T16:00:00+11:00,-33.799444,150.997778,no2,ppm,0.0
7425,25469,Parramatta North-7425,2020-02-16T17:00:00+11:00,-33.799444,150.997778,no2,ppm,0.0
7425,25469,Parramatta North-7425,2020-02-16T18:00:00+11:00,-33.799444,150.997778,no2,ppm,0.001
7425,25469,Parramatta North-7425,2020-02-16T19:00:00+11:00,-33.799444,150.997778,no2,ppm,0.002
7425,25469,Parramatta North-7425,2020-02-16T20:00:00+11:00,-33.799444,150.997778,no2,ppm,0.001
7425,25469,Parramatta North-7425,2020-02-16T21:00:00+11:00,-33.799444,150.997778,no2,ppm,0.002
7425,25469,Parramatta North-7425,2020-02-16T22:00:00+11:00,-33.799444,150.997778,no2,ppm,0.003
7425,28317,Parramatta North-7425,2020-02-16T02:00:00+11:00,-33.799444,150.997778,co,ppm,0.2
7425,28317,Parramatta North-7425,2020-02-16T03:00:00+11:00,-33.799444,150.997778,co,ppm,0.2
7425,28317,Parramatta North-7425,2020-02-16T05:00:00+11:00,-33.799444,150.997778,co,ppm,0.2
7425,28317,Parramatta North-7425,2020-02-16T06:00:00+11:00,-33.799444,150.997778,co,ppm,0.2
7425,28317,Parramatta North-7425,2020-02-16T07:00:00+11:00,-33.799444,150.997778,co,ppm,0.2
7425,28317,Parramatta North-7425,2020-02-16T08:00:00+11:00,-33.799444,150.997778,co,ppm,0.2
7425,28317,Parramatta North-7425,2020-02-16T09:00:00+11:00,-33.799444,150.997778,co,ppm,0.2
7425,28317,Parramatta North-7425,2020-02-16T10:00:00+11:00,-33.799444,150.997778,co,ppm,0.2
7425,28317,Parramatta North-7425,2020-02-16T11:00:00+11:00,-33.799444,150.997778,co,ppm,0.2
7425,28317,Parramatta North-7425,2020-02-16T12:00:00+11:00,-33.799444,150.997778,co,ppm,0.2
7425,28317,Parramatta North-7425,2020-02-16T13:00:00+11:00,-33.799444,150.997778,co,ppm,0.1
7425,28317,Parramatta North-7425,2020-02-16T14:00:00+11:00,-33.799444,150.997778,co,ppm,0.1
7425,28317,Parramatta North-7425,2020-02-16T15:00:00+11:00,-33.799444,150.997778,co,ppm,0.1
7425,28317,Parramatta North-7425,2020-02-16T16:00:00+11:00,-33.799444,150.997778,co,ppm,0.1
7425,28317,Parramatta North-7425,2020-02-16T17:00:00+11:00,-33.799444,150.997778,co,ppm,0.1
7425,28317,Parramatta North-7425,2020-02-16T18:00:00+11:00,-33.799444,150.997778,co,ppm,0.1
7425,28317,Parramatta North-7425,2020-02-16T19:00:00+11:00,-33.799444,150.997778,co,ppm,0.1
7425,28317,Parramatta North-7425,2020-02-16T20:00:00+11:00,-33.799444,150.997778,co,ppm,0.1
7425,28317,Parramatta North-7425,2020-02-16T21:00:00+11:00,-33.799444,150.997778,co,ppm,0.1
7425,28317,Parramatta North-7425,2020-02-16T22:00:00+11:00,-33.799444,150.997778,co,ppm,0.1
7425,25471,Parramatta North-7425,2020-02-16T03:00:00+11:00,-33.799444,150.997778,so2,ppm,0.0
7425,25471,Parramatta North-7425,2020-02-16T05:00:00+11:00,-33.799444,150.997778,so2,ppm,0.0
7425,25471,Parramatta North-7425,2020-02-16T06:00:00+11:00,-33.799444,150.997778,so2,ppm,0.0
7425,25471,Parramatta North-7425,2020-02-16T07:00:00+11:00,-33.799444,150.997778,so2,ppm,0.0
7425,25471,Parramatta North-7425,2020-02-16T08:00:00+11:00,-33.799444,150.997778,so2,ppm,0.0
7425,25471,Parramatta North-7425,2020-02-16T09:00:00+11:00,-33.799444,150.997778,so2,ppm,0.0
7425,25471,Parramatta North-7425,2020-02-16T10:00:00+11:00,-33.799444,150.997778,so2,ppm,0.0
7425,25471,Parramatta North-7425,2020-02-16T11:00:00+11:00,-33.799444,150.997778,so2,ppm,0.001
7425,25471,Parramatta North-7425,2020-02-16T12:00:00+11:00,-33.799444,150.997778,so2,ppm,0.001
7425,25471,Parramatta North-7425,2020-02-16T13:00:00+11:00,-33.799444,150.997778,so2,ppm,0.0
7425,25471,Parramatta North-7425,2020-02-16T14:00:00+11:00,-33.799444,150.997778,so2,ppm,0.0
7425,25471,Parramatta North-7425,2020-02-16T15:00:00+11:00,-33.799444,150.997778,so2,ppm,0.0
7425,25471,Parramatta North-7425,2020-02-16T16:00:00+11:00,-33.799444,150.997778,so2,ppm,0.0
7425,25471,Parramatta North-7425,2020-02-16T17:00:00+11:00,-33.799444,150.997778,so2,ppm,0.0
7425,25471,Parramatta North-7425,2020-02-16T18:00:00+11:00,-33.799444,150.997778,so2,ppm,0.0
7425,25471,Parramatta North-7425,2020-02-16T19:00:00+11:00,-33.799444,150.997778,so2,ppm,0.0
7425,25471,Parramatta North-7425,2020-02-16T20:00:00+11:00,-33.799444,150.997778,so2,ppm,0.0
7425,25471,Parramatta North-7425,2020-02-16T21:00:00+11:00,-33.799444,150.997778,so2,ppm,0.0
7425,25471,Parramatta North-7425,2020-02-16T22:00:00+11:00,-33.799444,150.997778,so2,ppm,0.0
7425,25470,Parramatta North-7425,2020-02-16T02:00:00+11:00,-33.799444,150.997778,o3,ppm,0.01
7425,25470,Parramatta North-7425,2020-02-16T03:00:00+11:00,-33.799444,150.997778,o3,ppm,0.007
7425,25470,Parramatta North-7425,2020-02-16T05:00:00+11:00,-33.799444,150.997778,o3,ppm,0.012
7425,25470,Parramatta North-7425,2020-02-16T06:00:00+11:00,-33.799444,150.997778,o3,ppm,0.013
7425,25470,Parramatta North-7425,2020-02-16T07:00:00+11:00,-33.799444,150.997778,o3,ppm,0.008
7425,25470,Parramatta North-7425,2020-02-16T08:00:00+11:00,-33.799444,150.997778,o3,ppm,0.018
7425,25470,Parramatta North-7425,2020-02-16T09:00:00+11:00,-33.799444,150.997778,o3,ppm,0.023
7425,25470,Parramatta North-7425,2020-02-16T10:00:00+11:00,-33.799444,150.997778,o3,ppm,0.027
7425,25470,Parramatta North-7425,2020-02-16T11:00:00+11:00,-33.799444,150.997778,o3,ppm,0.031
7425,25470,Parramatta North-7425,2020-02-16T12:00:00+11:00,-33.799444,150.997778,o3,ppm,0.034
7425,25470,Parramatta North-7425,2020-02-16T13:00:00+11:00,-33.799444,150.997778,o3,ppm,0.034
7425,25470,Parramatta North-7425,2020-02-16T14:00:00+11:00,-33.799444,150.997778,o3,ppm,0.03
7425,25470,Parramatta North-7425,2020-02-16T15:00:00+11:00,-33.799444,150.997778,o3,ppm,0.028
7425,25470,Parramatta North-7425,2020-02-16T16:00:00+11:00,-33.799444,150.997778,o3,ppm,0.026
7425,25470,Parramatta North-7425,2020-02-16T17:00:00+11:00,-33.799444,150.997778,o3,ppm,0.022
7425,25470,Parramatta North-7425,2020-02-16T18:00:00+11:00,-33.799444,150.997778,o3,ppm,0.018
7425,25470,Parramatta North-7425,2020-02-16T19:00:00+11:00,-33.799444,150.997778,o3,ppm,0.015
7425,25470,Parramatta North-7425,2020-02-16T20:00:00+11:00,-33.799444,150.997778,o3,ppm,0.015
7425,25470,Parramatta North-7425,2020-02-16T21:00:00+11:00,-33.799444,150.997778,o3,ppm,0.013
7425,25470,Parramatta North-7425,2020-02-16T22:00:00+11:00,-33.799444,150.997778,o3,ppm,0.012
7425,21603,Parramatta North-7425,2020-02-17T01:00:00+11:00,-33.799444,150.997778,pm10,µg/m³,6.3
7425,21603,Parramatta North-7425,2020-02-17T02:00:00+11:00,-33.799444,150.997778,pm10,µg/m³,7.6
7425,21603,Parramatta North-7425,2020-02-17T03:00:00+11:00,-33.799444,150.997778,pm10,µg/m³,3.6
7425,21603,Parramatta North-7425,2020-02-17T04:00:00+11:00,-33.799444,150.997778,pm10,µg/m³,6.0
7425,21603,Parramatta North-7425,2020-02-17T05:00:00+11:00,-33.799444,150.997778,pm10,µg/m³,4.2
7425,21603,Parramatta North-7425,2020-02-17T06:00:00+11:00,-33.799444,150.997778,pm10,µg/m³,11.9
7425,21603,Parramatta North-7425,2020-02-17T07:00:00+11:00,-33.799444,150.997778,pm10,µg/m³,12.1
7425,21603,Parramatta North-7425,2020-02-17T08:00:00+11:00,-33.799444,150.997778,pm10,µg/m³,12.6
7425,21603,Parramatta North-7425,2020-02-17T09:00:00+11:00,-33.799444,150.997778,pm10,µg/m³,7.7
7425,21603,Parramatta North-7425,2020-02-17T10:00:00+11:00,-33.799444,150.997778,pm10,µg/m³,8.0
7425,21603,Parramatta North-7425,2020-02-17T11:00:00+11:00,-33.799444,150.997778,pm10,µg/m³,12.5
7425,21603,Parramatta North-7425,2020-02-17T12:00:00+11:00,-33.799444,150.997778,pm10,µg/m³,14.4
7425,21603,Parramatta North-7425,2020-02-17T13:00:00+11:00,-33.799444,150.997778,pm10,µg/m³,14.8
7425,21603,Parramatta North-7425,2020-02-17T14:00:00+11:00,-33.799444,150.997778,pm10,µg/m³,8.5
7425,21603,Parramatta North-7425,2020-02-17T15:00:00+11:00,-33.799444,150.997778,pm10,µg/m³,10.5
7425,21603,Parramatta North-7425,2020-02-17T16:00:00+11:00,-33.799444,150.997778,pm10,µg/m³,11.7
7425,21603,Parramatta North-7425,2020-02-17T17:00:00+11:00,-33.799444,150.997778,pm10,µg/m³,11.1
7425,21603,Parramatta North-7425,2020-02-17T18:00:00+11:00,-33.799444,150.997778,pm10,µg/m³,12.6
7425,21603,Parramatta North-7425,2020-02-17T19:00:00+11:00,-33.799444,150.997778,pm10,µg/m³,13.5
7425,21603,Parramatta North-7425,2020-02-17T20:00:00+11:00,-33.799444,150.997778,pm10,µg/m³,11.7
7425,21603,Parramatta North-7425,2020-02-17T21:00:00+11:00,-33.799444,150.997778,pm10,µg/m³,15.0
7425,21603,Parramatta North-7425,2020-02-17T22:00:00+11:00,-33.799444,150.997778,pm10,µg/m³,14.2
7425,21603,Parramatta North-7425,2020-02-17T23:00:00+11:00,-33.799444,150.997778,pm10,µg/m³,12.4
7425,21604,Parramatta North-7425,2020-02-17T01:00:00+11:00,-33.799444,150.997778,pm25,µg/m³,1.9
7425,21604,Parramatta North-7425,2020-02-17T02:00:00+11:00,-33.799444,150.997778,pm25,µg/m³,1.6
7425,21604,Parramatta North-7425,2020-02-17T03:00:00+11:00,-33.799444,150.997778,pm25,µg/m³,-0.9
7425,21604,Parramatta North-7425,2020-02-17T04:00:00+11:00,-33.799444,150.997778,pm25,µg/m³,-0.4
7425,21604,Parramatta North-7425,2020-02-17T05:00:00+11:00,-33.799444,150.997778,pm25,µg/m³,3.1
7425,21604,Parramatta North-7425,2020-02-17T06:00:00+11:00,-33.799444,150.997778,pm25,µg/m³,5.1
7425,21604,Parramatta North-7425,2020-02-17T07:00:00+11:00,-33.799444,150.997778,pm25,µg/m³,3.7
7425,21604,Parramatta North-7425,2020-02-17T08:00:00+11:00,-33.799444,150.997778,pm25,µg/m³,2.6
7425,21604,Parramatta North-7425,2020-02-17T09:00:00+11:00,-33.799444,150.997778,pm25,µg/m³,3.4
7425,21604,Parramatta North-7425,2020-02-17T10:00:00+11:00,-33.799444,150.997778,pm25,µg/m³,0.2
7425,21604,Parramatta North-7425,2020-02-17T11:00:00+11:00,-33.799444,150.997778,pm25,µg/m³,4.4
7425,21604,Parramatta North-7425,2020-02-17T12:00:00+11:00,-33.799444,150.997778,pm25,µg/m³,6.3
7425,21604,Parramatta North-7425,2020-02-17T13:00:00+11:00,-33.799444,150.997778,pm25,µg/m³,0.0
7425,21604,Parramatta North-7425,2020-02-17T14:00:00+11:00,-33.799444,150.997778,pm25,µg/m³,-3.9
7425,21604,Parramatta North-7425,2020-02-17T15:00:00+11:00,-33.799444,150.997778,pm25,µg/m³,-0.4
7425,21604,Parramatta North-7425,2020-02-17T16:00:00+11:00,-33.799444,150.997778,pm25,µg/m³,0.5
7425,21604,Parramatta North-7425,2020-02-17T17:00:00+11:00,-33.799444,150.997778,pm25,µg/m³,3.6
7425,21604,Parramatta North-7425,2020-02-17T18:00:00+11:00,-33.799444,150.997778,pm25,µg/m³,1.5
7425,21604,Parramatta North-7425,2020-02-17T19:00:00+11:00,-33.799444,150.997778,pm25,µg/m³,2.8
7425,21604,Parramatta North-7425,2020-02-17T20:00:00+11:00,-33.799444,150.997778,pm25,µg/m³,3.9
7425,21604,Parramatta North-7425,2020-02-17T21:00:00+11:00,-33.799444,150.997778,pm25,µg/m³,2.2
7425,21604,Parramatta North-7425,2020-02-17T22:00:00+11:00,-33.799444,150.997778,pm25,µg/m³,-0.2
7425,21604,Parramatta North-7425,2020-02-17T23:00:00+11:00,-33.799444,150.997778,pm25,µg/m³,6.5
7425,25469,Parramatta North-7425,2020-02-17T01:00:00+11:00,-33.799444,150.997778,no2,ppm,0.003
7425,25469,Parramatta North-7425,2020-02-17T03:00:00+11:00,-33.799444,150.997778,no2,ppm,0.003
7425,25469,Parramatta North-7425,2020-02-17T04:00:00+11:00,-33.799444,150.997778,no2,ppm,0.003
7425,25469,Parramatta North-7425,2020-02-17T05:00:00+11:00,-33.799444,150.997778,no2,ppm,0.005
7425,25469,Parramatta North-7425,2020-02-17T06:00:00+11:00,-33.799444,150.997778,no2,ppm,0.008
7425,25469,Parramatta North-7425,2020-02-17T07:00:00+11:00,-33.799444,150.997778,no2,ppm,0.01
7425,25469,Parramatta North-7425,2020-02-17T08:00:00+11:00,-33.799444,150.997778,no2,ppm,0.009
7425,25469,Parramatta North-7425,2020-02-17T09:00:00+11:00,-33.799444,150.997778,no2,ppm,0.006
7425,25469,Parramatta North-7425,2020-02-17T10:00:00+11:00,-33.799444,150.997778,no2,ppm,0.008
7425,25469,Parramatta North-7425,2020-02-17T11:00:00+11:00,-33.799444,150.997778,no2,ppm,0.012
7425,25469,Parramatta North-7425,2020-02-17T12:00:00+11:00,-33.799444,150.997778,no2,ppm,0.009
7425,25469,Parramatta North-7425,2020-02-17T13:00:00+11:00,-33.799444,150.997778,no2,ppm,0.009
7425,25469,Parramatta North-7425,2020-02-17T14:00:00+11:00,-33.799444,150.997778,no2,ppm,0.007
7425,25469,Parramatta North-7425,2020-02-17T15:00:00+11:00,-33.799444,150.997778,no2,ppm,0.011
7425,25469,Parramatta North-7425,2020-02-17T16:00:00+11:00,-33.799444,150.997778,no2,ppm,0.008
7425,25469,Parramatta North-7425,2020-02-17T17:00:00+11:00,-33.799444,150.997778,no2,ppm,0.005
7425,25469,Parramatta North-7425,2020-02-17T18:00:00+11:00,-33.799444,150.997778,no2,ppm,0.005
7425,25469,Parramatta North-7425,2020-02-17T19:00:00+11:00,-33.799444,150.997778,no2,ppm,0.006
7425,25469,Parramatta North-7425,2020-02-17T20:00:00+11:00,-33.799444,150.997778,no2,ppm,0.009
7425,25469,Parramatta North-7425,2020-02-17T21:00:00+11:00,-33.799444,150.997778,no2,ppm,0.012
7425,25469,Parramatta North-7425,2020-02-17T22:00:00+11:00,-33.799444,150.997778,no2,ppm,0.008
7425,25469,Parramatta North-7425,2020-02-17T23:00:00+11:00,-33.799444,150.997778,no2,ppm,0.01
7425,28317,Parramatta North-7425,2020-02-17T01:00:00+11:00,-33.799444,150.997778,co,ppm,0.2
7425,28317,Parramatta North-7425,2020-02-17T02:00:00+11:00,-33.799444,150.997778,co,ppm,0.2
7425,28317,Parramatta North-7425,2020-02-17T03:00:00+11:00,-33.799444,150.997778,co,ppm,0.2
7425,28317,Parramatta North-7425,2020-02-17T04:00:00+11:00,-33.799444,150.997778,co,ppm,0.2
7425,28317,Parramatta North-7425,2020-02-17T05:00:00+11:00,-33.799444,150.997778,co,ppm,0.1
7425,28317,Parramatta North-7425,2020-02-17T06:00:00+11:00,-33.799444,150.997778,co,ppm,0.1
7425,28317,Parramatta North-7425,2020-02-17T07:00:00+11:00,-33.799444,150.997778,co,ppm,0.2
7425,28317,Parramatta North-7425,2020-02-17T08:00:00+11:00,-33.799444,150.997778,co,ppm,0.2
7425,28317,Parramatta North-7425,2020-02-17T09:00:00+11:00,-33.799444,150.997778,co,ppm,0.2
7425,28317,Parramatta North-7425,2020-02-17T10:00:00+11:00,-33.799444,150.997778,co,ppm,0.2
7425,28317,Parramatta North-7425,2020-02-17T11:00:00+11:00,-33.799444,150.997778,co,ppm,0.2
7425,28317,Parramatta North-7425,2020-02-17T12:00:00+11:00,-33.799444,150.997778,co,ppm,0.2
7425,28317,Parramatta North-7425,2020-02-17T13:00:00+11:00,-33.799444,150.997778,co,ppm,0.2
7425,28317,Parramatta North-7425,2020-02-17T14:00:00+11:00,-33.799444,150.997778,co,ppm,0.2
7425,28317,Parramatta North-7425,2020-02-17T15:00:00+11:00,-33.799444,150.997778,co,ppm,0.2
7425,28317,Parramatta North-7425,2020-02-17T16:00:00+11:00,-33.799444,150.997778,co,ppm,0.2
7425,28317,Parramatta North-7425,2020-02-17T17:00:00+11:00,-33.799444,150.997778,co,ppm,0.2
7425,28317,Parramatta North-7425,2020-02-17T18:00:00+11:00,-33.799444,150.997778,co,ppm,0.2
7425,28317,Parramatta North-7425,2020-02-17T19:00:00+11:00,-33.799444,150.997778,co,ppm,0.2
7425,28317,Parramatta North-7425,2020-02-17T20:00:00+11:00,-33.799444,150.997778,co,ppm,0.2
7425,28317,Parramatta North-7425,2020-02-17T21:00:00+11:00,-33.799444,150.997778,co,ppm,0.2
7425,28317,Parramatta North-7425,2020-02-17T22:00:00+11:00,-33.799444,150.997778,co,ppm,0.2
7425,28317,Parramatta North-7425,2020-02-17T23:00:00+11:00,-33.799444,150.997778,co,ppm,0.2
7425,25471,Parramatta North-7425,2020-02-17T01:00:00+11:00,-33.799444,150.997778,so2,ppm,0.0
7425,25471,Parramatta North-7425,2020-02-17T03:00:00+11:00,-33.799444,150.997778,so2,ppm,0.0
7425,25471,Parramatta North-7425,2020-02-17T04:00:00+11:00,-33.799444,150.997778,so2,ppm,0.0
7425,25471,Parramatta North-7425,2020-02-17T05:00:00+11:00,-33.799444,150.997778,so2,ppm,0.0
7425,25471,Parramatta North-7425,2020-02-17T06:00:00+11:00,-33.799444,150.997778,so2,ppm,0.0
7425,25471,Parramatta North-7425,2020-02-17T07:00:00+11:00,-33.799444,150.997778,so2,ppm,0.0
7425,25471,Parramatta North-7425,2020-02-17T08:00:00+11:00,-33.799444,150.997778,so2,ppm,0.0
7425,25471,Parramatta North-7425,2020-02-17T09:00:00+11:00,-33.799444,150.997778,so2,ppm,0.0
7425,25471,Parramatta North-7425,2020-02-17T10:00:00+11:00,-33.799444,150.997778,so2,ppm,0.0
7425,25471,Parramatta North-7425,2020-02-17T11:00:00+11:00,-33.799444,150.997778,so2,ppm,0.0
7425,25471,Parramatta North-7425,2020-02-17T12:00:00+11:00,-33.799444,150.997778,so2,ppm,0.0
7425,25471,Parramatta North-7425,2020-02-17T13:00:00+11:00,-33.799444,150.997778,so2,ppm,0.0
7425,25471,Parramatta North-7425,2020-02-17T14:00:00+11:00,-33.799444,150.997778,so2,ppm,0.0
7425,25471,Parramatta North-7425,2020-02-17T15:00:00+11:00,-33.799444,150.997778,so2,ppm,0.0
7425,25471,Parramatta North-7425,2020-02-17T16:00:00+11:00,-33.799444,150.997778,so2,ppm,0.0
7425,25471,Parramatta North-7425,2020-02-17T17:00:00+11:00,-33.799444,150.997778,so2,ppm,0.0
7425,25471,Parramatta North-7425,2020-02-17T18:00:00+11:00,-33.799444,150.997778,so2,ppm,0.0
7425,25471,Parramatta North-7425,2020-02-17T19:00:00+11:00,-33.799444,150.997778,so2,ppm,0.0
7425,25471,Parramatta North-7425,2020-02-17T20:00:00+11:00,-33.799444,150.997778,so2,ppm,0.0
7425,25471,Parramatta North-7425,2020-02-17T21:00:00+11:00,-33.799444,150.997778,so2,ppm,0.0
7425,25471,Parramatta North-7425,2020-02-17T22:00:00+11:00,-33.799444,150.997778,so2,ppm,0.0
7425,25471,Parramatta North-7425,2020-02-17T23:00:00+11:00,-33.799444,150.997778,so2,ppm,0.0
7425,25470,Parramatta North-7425,2020-02-17T01:00:00+11:00,-33.799444,150.997778,o3,ppm,0.011
7425,25470,Parramatta North-7425,2020-02-17T02:00:00+11:00,-33.799444,150.997778,o3,ppm,0.011
7425,25470,Parramatta North-7425,2020-02-17T03:00:00+11:00,-33.799444,150.997778,o3,ppm,0.01
7425,25470,Parramatta North-7425,2020-02-17T04:00:00+11:00,-33.799444,150.997778,o3,ppm,0.008
7425,25470,Parramatta North-7425,2020-02-17T05:00:00+11:00,-33.799444,150.997778,o3,ppm,0.007
7425,25470,Parramatta North-7425,2020-02-17T06:00:00+11:00,-33.799444,150.997778,o3,ppm,0.003
7425,25470,Parramatta North-7425,2020-02-17T07:00:00+11:00,-33.799444,150.997778,o3,ppm,0.002
7425,25470,Parramatta North-7425,2020-02-17T08:00:00+11:00,-33.799444,150.997778,o3,ppm,0.003
7425,25470,Parramatta North-7425,2020-02-17T09:00:00+11:00,-33.799444,150.997778,o3,ppm,0.009
7425,25470,Parramatta North-7425,2020-02-17T10:00:00+11:00,-33.799444,150.997778,o3,ppm,0.01
7425,25470,Parramatta North-7425,2020-02-17T11:00:00+11:00,-33.799444,150.997778,o3,ppm,0.008
7425,25470,Parramatta North-7425,2020-02-17T12:00:00+11:00,-33.799444,150.997778,o3,ppm,0.001
7425,25470,Parramatta North-7425,2020-02-17T13:00:00+11:00,-33.799444,150.997778,o3,ppm,0.011
7425,25470,Parramatta North-7425,2020-02-17T14:00:00+11:00,-33.799444,150.997778,o3,ppm,0.015
7425,25470,Parramatta North-7425,2020-02-17T15:00:00+11:00,-33.799444,150.997778,o3,ppm,0.011
7425,25470,Parramatta North-7425,2020-02-17T16:00:00+11:00,-33.799444,150.997778,o3,ppm,0.015
7425,25470,Parramatta North-7425,2020-02-17T17:00:00+11:00,-33.799444,150.997778,o3,ppm,0.017
7425,25470,Parramatta North-7425,2020-02-17T18:00:00+11:00,-33.799444,150.997778,o3,ppm,0.015
7425,25470,Parramatta North-7425,2020-02-17T19:00:00+11:00,-33.799444,150.997778,o3,ppm,0.014
7425,25470,Parramatta North-7425,2020-02-17T20:00:00+11:00,-33.799444,150.997778,o3,ppm,0.011
7425,25470,Parramatta North-7425,2020-02-17T21:00:00+11:00,-33.799444,150.997778,o3,ppm,0.005
7425,25470,Parramatta North-7425,2020-02-17T22:00:00+11:00,-33.799444,150.997778,o3,ppm,0.005
7425,25470,Parramatta North-7425,2020-02-17T23:00:00+11:00,-33.799444,150.997778,o3,ppm,0.002
7425,21603,Parramatta North-7425,2020-02-18T01:00:00+11:00,-33.799444,150.997778,pm10,µg/m³,9.0
7425,21603,Parramatta North-7425,2020-02-18T02:00:00+11:00,-33.799444,150.997778,pm10,µg/m³,10.9
7425,21603,Parramatta North-7425,2020-02-18T03:00:00+11:00,-33.799444,150.997778,pm10,µg/m³,14.6
7425,21603,Parramatta North-7425,2020-02-18T04:00:00+11:00,-33.799444,150.997778,pm10,µg/m³,13.8
7425,21603,Parramatta North-7425,2020-02-18T05:00:00+11:00,-33.799444,150.997778,pm10,µg/m³,16.4
7425,21603,Parramatta North-7425,2020-02-18T06:00:00+11:00,-33.799444,150.997778,pm10,µg/m³,18.3
7425,21603,Parramatta North-7425,2020-02-18T07:00:00+11:00,-33.799444,150.997778,pm10,µg/m³,32.5
7425,21603,Parramatta North-7425,2020-02-18T08:00:00+11:00,-33.799444,150.997778,pm10,µg/m³,19.9
7425,21603,Parramatta North-7425,2020-02-18T09:00:00+11:00,-33.799444,150.997778,pm10,µg/m³,16.3
7425,21603,Parramatta North-7425,2020-02-18T10:00:00+11:00,-33.799444,150.997778,pm10,µg/m³,16.2
7425,21603,Parramatta North-7425,2020-02-18T11:00:00+11:00,-33.799444,150.997778,pm10,µg/m³,15.9
7425,21603,Parramatta North-7425,2020-02-18T12:00:00+11:00,-33.799444,150.997778,pm10,µg/m³,8.8
7425,21603,Parramatta North-7425,2020-02-18T13:00:00+11:00,-33.799444,150.997778,pm10,µg/m³,8.7
7425,21603,Parramatta North-7425,2020-02-18T14:00:00+11:00,-33.799444,150.997778,pm10,µg/m³,12.4
7425,21603,Parramatta North-7425,2020-02-18T15:00:00+11:00,-33.799444,150.997778,pm10,µg/m³,12.0
7425,21603,Parramatta North-7425,2020-02-18T16:00:00+11:00,-33.799444,150.997778,pm10,µg/m³,22.2
7425,21603,Parramatta North-7425,2020-02-18T17:00:00+11:00,-33.799444,150.997778,pm10,µg/m³,23.5
7425,21603,Parramatta North-7425,2020-02-18T18:00:00+11:00,-33.799444,150.997778,pm10,µg/m³,18.3
7425,21603,Parramatta North-7425,2020-02-18T19:00:00+11:00,-33.799444,150.997778,pm10,µg/m³,22.3
7425,21603,Parramatta North-7425,2020-02-18T20:00:00+11:00,-33.799444,150.997778,pm10,µg/m³,19.4
7425,21603,Parramatta North-7425,2020-02-18T21:00:00+11:00,-33.799444,150.997778,pm10,µg/m³,21.5
7425,21603,Parramatta North-7425,2020-02-18T22:00:00+11:00,-33.799444,150.997778,pm10,µg/m³,26.3
7425,21603,Parramatta North-7425,2020-02-18T23:00:00+11:00,-33.799444,150.997778,pm10,µg/m³,0.8
7425,21604,Parramatta North-7425,2020-02-18T01:00:00+11:00,-33.799444,150.997778,pm25,µg/m³,2.5
7425,21604,Parramatta North-7425,2020-02-18T02:00:00+11:00,-33.799444,150.997778,pm25,µg/m³,4.6
7425,21604,Parramatta North-7425,2020-02-18T03:00:00+11:00,-33.799444,150.997778,pm25,µg/m³,0.2
7425,21604,Parramatta North-7425,2020-02-18T04:00:00+11:00,-33.799444,150.997778,pm25,µg/m³,4.1
7425,21604,Parramatta North-7425,2020-02-18T05:00:00+11:00,-33.799444,150.997778,pm25,µg/m³,18.5
7425,21604,Parramatta North-7425,2020-02-18T06:00:00+11:00,-33.799444,150.997778,pm25,µg/m³,13.9
7425,21604,Parramatta North-7425,2020-02-18T07:00:00+11:00,-33.799444,150.997778,pm25,µg/m³,5.7
7425,21604,Parramatta North-7425,2020-02-18T08:00:00+11:00,-33.799444,150.997778,pm25,µg/m³,5.0
7425,21604,Parramatta North-7425,2020-02-18T09:00:00+11:00,-33.799444,150.997778,pm25,µg/m³,6.6
7425,21604,Parramatta North-7425,2020-02-18T10:00:00+11:00,-33.799444,150.997778,pm25,µg/m³,3.1
7425,21604,Parramatta North-7425,2020-02-18T11:00:00+11:00,-33.799444,150.997778,pm25,µg/m³,4.0
7425,21604,Parramatta North-7425,2020-02-18T12:00:00+11:00,-33.799444,150.997778,pm25,µg/m³,2.3
7425,21604,Parramatta North-7425,2020-02-18T13:00:00+11:00,-33.799444,150.997778,pm25,µg/m³,4.3
7425,21604,Parramatta North-7425,2020-02-18T14:00:00+11:00,-33.799444,150.997778,pm25,µg/m³,2.2
7425,21604,Parramatta North-7425,2020-02-18T15:00:00+11:00,-33.799444,150.997778,pm25,µg/m³,3.6
7425,21604,Parramatta North-7425,2020-02-18T16:00:00+11:00,-33.799444,150.997778,pm25,µg/m³,4.8
7425,21604,Parramatta North-7425,2020-02-18T17:00:00+11:00,-33.799444,150.997778,pm25,µg/m³,9.3
7425,21604,Parramatta North-7425,2020-02-18T18:00:00+11:00,-33.799444,150.997778,pm25,µg/m³,8.7
7425,21604,Parramatta North-7425,2020-02-18T19:00:00+11:00,-33.799444,150.997778,pm25,µg/m³,13.1
7425,21604,Parramatta North-7425,2020-02-18T20:00:00+11:00,-33.799444,150.997778,pm25,µg/m³,9.1
7425,21604,Parramatta North-7425,2020-02-18T21:00:00+11:00,-33.799444,150.997778,pm25,µg/m³,8.4
7425,21604,Parramatta North-7425,2020-02-18T22:00:00+11:00,-33.799444,150.997778,pm25,µg/m³,9.6
7425,21604,Parramatta North-7425,2020-02-18T23:00:00+11:00,-33.799444,150.997778,pm25,µg/m³,6.4
7425,25469,Parramatta North-7425,2020-02-18T01:00:00+11:00,-33.799444,150.997778,no2,ppm,0.008
7425,25469,Parramatta North-7425,2020-02-18T03:00:00+11:00,-33.799444,150.997778,no2,ppm,0.006
7425,25469,Parramatta North-7425,2020-02-18T04:00:00+11:00,-33.799444,150.997778,no2,ppm,0.006
7425,25469,Parramatta North-7425,2020-02-18T05:00:00+11:00,-33.799444,150.997778,no2,ppm,0.006
7425,25469,Parramatta North-7425,2020-02-18T06:00:00+11:00,-33.799444,150.997778,no2,ppm,0.008
7425,25469,Parramatta North-7425,2020-02-18T07:00:00+11:00,-33.799444,150.997778,no2,ppm,0.013
7425,25469,Parramatta North-7425,2020-02-18T08:00:00+11:00,-33.799444,150.997778,no2,ppm,0.008
7425,25469,Parramatta North-7425,2020-02-18T09:00:00+11:00,-33.799444,150.997778,no2,ppm,0.003
7425,25469,Parramatta North-7425,2020-02-18T10:00:00+11:00,-33.799444,150.997778,no2,ppm,0.003
7425,25469,Parramatta North-7425,2020-02-18T11:00:00+11:00,-33.799444,150.997778,no2,ppm,0.003
7425,25469,Parramatta North-7425,2020-02-18T12:00:00+11:00,-33.799444,150.997778,no2,ppm,0.001
7425,25469,Parramatta North-7425,2020-02-18T13:00:00+11:00,-33.799444,150.997778,no2,ppm,0.001
7425,25469,Parramatta North-7425,2020-02-18T14:00:00+11:00,-33.799444,150.997778,no2,ppm,0.002
7425,25469,Parramatta North-7425,2020-02-18T15:00:00+11:00,-33.799444,150.997778,no2,ppm,0.002
7425,25469,Parramatta North-7425,2020-02-18T16:00:00+11:00,-33.799444,150.997778,no2,ppm,0.007
7425,25469,Parramatta North-7425,2020-02-18T17:00:00+11:00,-33.799444,150.997778,no2,ppm,0.009
7425,25469,Parramatta North-7425,2020-02-18T18:00:00+11:00,-33.799444,150.997778,no2,ppm,0.011
7425,25469,Parramatta North-7425,2020-02-18T19:00:00+11:00,-33.799444,150.997778,no2,ppm,0.008
7425,25469,Parramatta North-7425,2020-02-18T20:00:00+11:00,-33.799444,150.997778,no2,ppm,0.008
7425,25469,Parramatta North-7425,2020-02-18T21:00:00+11:00,-33.799444,150.997778,no2,ppm,0.006
7425,25469,Parramatta North-7425,2020-02-18T22:00:00+11:00,-33.799444,150.997778,no2,ppm,0.004
7425,25469,Parramatta North-7425,2020-02-18T23:00:00+11:00,-33.799444,150.997778,no2,ppm,0.003
7425,28317,Parramatta North-7425,2020-02-18T01:00:00+11:00,-33.799444,150.997778,co,ppm,0.2
7425,28317,Parramatta North-7425,2020-02-18T02:00:00+11:00,-33.799444,150.997778,co,ppm,0.2
7425,28317,Parramatta North-7425,2020-02-18T03:00:00+11:00,-33.799444,150.997778,co,ppm,0.2
7425,28317,Parramatta North-7425,2020-02-18T04:00:00+11:00,-33.799444,150.997778,co,ppm,0.2
7425,28317,Parramatta North-7425,2020-02-18T05:00:00+11:00,-33.799444,150.997778,co,ppm,0.2
7425,28317,Parramatta North-7425,2020-02-18T06:00:00+11:00,-33.799444,150.997778,co,ppm,0.2
7425,28317,Parramatta North-7425,2020-02-18T07:00:00+11:00,-33.799444,150.997778,co,ppm,0.3
7425,28317,Parramatta North-7425,2020-02-18T08:00:00+11:00,-33.799444,150.997778,co,ppm,0.3
7425,28317,Parramatta North-7425,2020-02-18T09:00:00+11:00,-33.799444,150.997778,co,ppm,0.3
7425,28317,Parramatta North-7425,2020-02-18T10:00:00+11:00,-33.799444,150.997778,co,ppm,0.2
7425,28317,Parramatta North-7425,2020-02-18T11:00:00+11:00,-33.799444,150.997778,co,ppm,0.2
7425,28317,Parramatta North-7425,2020-02-18T12:00:00+11:00,-33.799444,150.997778,co,ppm,0.2
7425,28317,Parramatta North-7425,2020-02-18T13:00:00+11:00,-33.799444,150.997778,co,ppm,0.2
7425,28317,Parramatta North-7425,2020-02-18T14:00:00+11:00,-33.799444,150.997778,co,ppm,0.2
7425,28317,Parramatta North-7425,2020-02-18T15:00:00+11:00,-33.799444,150.997778,co,ppm,0.1
7425,28317,Parramatta North-7425,2020-02-18T16:00:00+11:00,-33.799444,150.997778,co,ppm,0.1
7425,28317,Parramatta North-7425,2020-02-18T17:00:00+11:00,-33.799444,150.997778,co,ppm,0.1
7425,28317,Parramatta North-7425,2020-02-18T18:00:00+11:00,-33.799444,150.997778,co,ppm,0.1
7425,28317,Parramatta North-7425,2020-02-18T19:00:00+11:00,-33.799444,150.997778,co,ppm,0.1
7425,28317,Parramatta North-7425,2020-02-18T20:00:00+11:00,-33.799444,150.997778,co,ppm,0.1
7425,28317,Parramatta North-7425,2020-02-18T21:00:00+11:00,-33.799444,150.997778,co,ppm,0.1
7425,28317,Parramatta North-7425,2020-02-18T22:00:00+11:00,-33.799444,150.997778,co,ppm,0.1
7425,28317,Parramatta North-7425,2020-02-18T23:00:00+11:00,-33.799444,150.997778,co,ppm,0.1
7425,25471,Parramatta North-7425,2020-02-18T01:00:00+11:00,-33.799444,150.997778,so2,ppm,0.0
7425,25471,Parramatta North-7425,2020-02-18T03:00:00+11:00,-33.799444,150.997778,so2,ppm,0.0
7425,25471,Parramatta North-7425,2020-02-18T04:00:00+11:00,-33.799444,150.997778,so2,ppm,0.0
7425,25471,Parramatta North-7425,2020-02-18T05:00:00+11:00,-33.799444,150.997778,so2,ppm,0.001
7425,25471,Parramatta North-7425,2020-02-18T06:00:00+11:00,-33.799444,150.997778,so2,ppm,0.001
7425,25471,Parramatta North-7425,2020-02-18T07:00:00+11:00,-33.799444,150.997778,so2,ppm,0.001
7425,25471,Parramatta North-7425,2020-02-18T08:00:00+11:00,-33.799444,150.997778,so2,ppm,0.001
7425,25471,Parramatta North-7425,2020-02-18T09:00:00+11:00,-33.799444,150.997778,so2,ppm,0.001
7425,25471,Parramatta North-7425,2020-02-18T10:00:00+11:00,-33.799444,150.997778,so2,ppm,0.001
7425,25471,Parramatta North-7425,2020-02-18T11:00:00+11:00,-33.799444,150.997778,so2,ppm,0.001
7425,25471,Parramatta North-7425,2020-02-18T12:00:00+11:00,-33.799444,150.997778,so2,ppm,0.0
7425,25471,Parramatta North-7425,2020-02-18T13:00:00+11:00,-33.799444,150.997778,so2,ppm,0.001
7425,25471,Parramatta North-7425,2020-02-18T14:00:00+11:00,-33.799444,150.997778,so2,ppm,0.001
7425,25471,Parramatta North-7425,2020-02-18T15:00:00+11:00,-33.799444,150.997778,so2,ppm,0.001
7425,25471,Parramatta North-7425,2020-02-18T16:00:00+11:00,-33.799444,150.997778,so2,ppm,0.003
7425,25471,Parramatta North-7425,2020-02-18T17:00:00+11:00,-33.799444,150.997778,so2,ppm,0.006
7425,25471,Parramatta North-7425,2020-02-18T18:00:00+11:00,-33.799444,150.997778,so2,ppm,0.006
7425,25471,Parramatta North-7425,2020-02-18T19:00:00+11:00,-33.799444,150.997778,so2,ppm,0.003
7425,25471,Parramatta North-7425,2020-02-18T20:00:00+11:00,-33.799444,150.997778,so2,ppm,0.003
7425,25471,Parramatta North-7425,2020-02-18T21:00:00+11:00,-33.799444,150.997778,so2,ppm,0.002
7425,25471,Parramatta North-7425,2020-02-18T22:00:00+11:00,-33.799444,150.997778,so2,ppm,0.001
7425,25471,Parramatta North-7425,2020-02-18T23:00:00+11:00,-33.799444,150.997778,so2,ppm,0.0
7425,25470,Parramatta North-7425,2020-02-18T01:00:00+11:00,-33.799444,150.997778,o3,ppm,0.002
7425,25470,Parramatta North-7425,2020-02-18T02:00:00+11:00,-33.799444,150.997778,o3,ppm,0.002
7425,25470,Parramatta North-7425,2020-02-18T03:00:00+11:00,-33.799444,150.997778,o3,ppm,0.003
7425,25470,Parramatta North-7425,2020-02-18T04:00:00+11:00,-33.799444,150.997778,o3,ppm,0.001
7425,25470,Parramatta North-7425,2020-02-18T05:00:00+11:00,-33.799444,150.997778,o3,ppm,0.001
7425,25470,Parramatta North-7425,2020-02-18T06:00:00+11:00,-33.799444,150.997778,o3,ppm,0.001
7425,25470,Parramatta North-7425,2020-02-18T07:00:00+11:00,-33.799444,150.997778,o3,ppm,0.002
7425,25470,Parramatta North-7425,2020-02-18T08:00:00+11:00,-33.799444,150.997778,o3,ppm,0.007
7425,25470,Parramatta North-7425,2020-02-18T09:00:00+11:00,-33.799444,150.997778,o3,ppm,0.016
7425,25470,Parramatta North-7425,2020-02-18T10:00:00+11:00,-33.799444,150.997778,o3,ppm,0.024
7425,25470,Parramatta North-7425,2020-02-18T11:00:00+11:00,-33.799444,150.997778,o3,ppm,0.038
7425,25470,Parramatta North-7425,2020-02-18T12:00:00+11:00,-33.799444,150.997778,o3,ppm,0.048
7425,25470,Parramatta North-7425,2020-02-18T13:00:00+11:00,-33.799444,150.997778,o3,ppm,0.05
7425,25470,Parramatta North-7425,2020-02-18T14:00:00+11:00,-33.799444,150.997778,o3,ppm,0.051
7425,25470,Parramatta North-7425,2020-02-18T15:00:00+11:00,-33.799444,150.997778,o3,ppm,0.047
7425,25470,Parramatta North-7425,2020-02-18T16:00:00+11:00,-33.799444,150.997778,o3,ppm,0.062
7425,25470,Parramatta North-7425,2020-02-18T17:00:00+11:00,-33.799444,150.997778,o3,ppm,0.064
7425,25470,Parramatta North-7425,2020-02-18T18:00:00+11:00,-33.799444,150.997778,o3,ppm,0.053
7425,25470,Parramatta North-7425,2020-02-18T19:00:00+11:00,-33.799444,150.997778,o3,ppm,0.042
7425,25470,Parramatta North-7425,2020-02-18T20:00:00+11:00,-33.799444,150.997778,o3,ppm,0.035
7425,25470,Parramatta North-7425,2020-02-18T21:00:00+11:00,-33.799444,150.997778,o3,ppm,0.034
7425,25470,Parramatta North-7425,2020-02-18T22:00:00+11:00,-33.799444,150.997778,o3,ppm,0.035
7425,25470,Parramatta North-7425,2020-02-18T23:00:00+11:00,-33.799444,150.997778,o3,ppm,0.037
7425,21603,Parramatta North-7425,2020-02-19T01:00:00+11:00,-33.799444,150.997778,pm10,µg/m³,9.2
7425,21603,Parramatta North-7425,2020-02-19T03:00:00+11:00,-33.799444,150.997778,pm10,µg/m³,14.5
7425,21603,Parramatta North-7425,2020-02-19T04:00:00+11:00,-33.799444,150.997778,pm10,µg/m³,21.8
7425,21603,Parramatta North-7425,2020-02-19T05:00:00+11:00,-33.799444,150.997778,pm10,µg/m³,28.0
7425,21603,Parramatta North-7425,2020-02-19T07:00:00+11:00,-33.799444,150.997778,pm10,µg/m³,61.8
7425,21603,Parramatta North-7425,2020-02-19T08:00:00+11:00,-33.799444,150.997778,pm10,µg/m³,87.6
7425,21603,Parramatta North-7425,2020-02-19T11:00:00+11:00,-33.799444,150.997778,pm10,µg/m³,21.4
7425,21603,Parramatta North-7425,2020-02-19T12:00:00+11:00,-33.799444,150.997778,pm10,µg/m³,17.0
7425,21603,Parramatta North-7425,2020-02-19T13:00:00+11:00,-33.799444,150.997778,pm10,µg/m³,8.2
7425,21603,Parramatta North-7425,2020-02-19T14:00:00+11:00,-33.799444,150.997778,pm10,µg/m³,7.8
7425,21603,Parramatta North-7425,2020-02-19T15:00:00+11:00,-33.799444,150.997778,pm10,µg/m³,8.9
7425,21603,Parramatta North-7425,2020-02-19T16:00:00+11:00,-33.799444,150.997778,pm10,µg/m³,10.5
7425,21603,Parramatta North-7425,2020-02-19T17:00:00+11:00,-33.799444,150.997778,pm10,µg/m³,8.8
7425,21603,Parramatta North-7425,2020-02-19T18:00:00+11:00,-33.799444,150.997778,pm10,µg/m³,9.1
7425,21603,Parramatta North-7425,2020-02-19T19:00:00+11:00,-33.799444,150.997778,pm10,µg/m³,10.2
7425,21603,Parramatta North-7425,2020-02-19T20:00:00+11:00,-33.799444,150.997778,pm10,µg/m³,12.9
7425,21603,Parramatta North-7425,2020-02-19T21:00:00+11:00,-33.799444,150.997778,pm10,µg/m³,16.9
7425,21603,Parramatta North-7425,2020-02-19T22:00:00+11:00,-33.799444,150.997778,pm10,µg/m³,16.1
7425,21603,Parramatta North-7425,2020-02-19T23:00:00+11:00,-33.799444,150.997778,pm10,µg/m³,20.3
7425,21604,Parramatta North-7425,2020-02-19T01:00:00+11:00,-33.799444,150.997778,pm25,µg/m³,2.4
7425,21604,Parramatta North-7425,2020-02-19T03:00:00+11:00,-33.799444,150.997778,pm25,µg/m³,2.3
7425,21604,Parramatta North-7425,2020-02-19T04:00:00+11:00,-33.799444,150.997778,pm25,µg/m³,4.8
7425,21604,Parramatta North-7425,2020-02-19T05:00:00+11:00,-33.799444,150.997778,pm25,µg/m³,7.7
7425,21604,Parramatta North-7425,2020-02-19T07:00:00+11:00,-33.799444,150.997778,pm25,µg/m³,8.9
7425,21604,Parramatta North-7425,2020-02-19T08:00:00+11:00,-33.799444,150.997778,pm25,µg/m³,12.6
7425,21604,Parramatta North-7425,2020-02-19T11:00:00+11:00,-33.799444,150.997778,pm25,µg/m³,9.6
7425,21604,Parramatta North-7425,2020-02-19T12:00:00+11:00,-33.799444,150.997778,pm25,µg/m³,7.8
7425,21604,Parramatta North-7425,2020-02-19T13:00:00+11:00,-33.799444,150.997778,pm25,µg/m³,-0.3
7425,21604,Parramatta North-7425,2020-02-19T14:00:00+11:00,-33.799444,150.997778,pm25,µg/m³,-2.6
7425,21604,Parramatta North-7425,2020-02-19T15:00:00+11:00,-33.799444,150.997778,pm25,µg/m³,4.3
7425,21604,Parramatta North-7425,2020-02-19T16:00:00+11:00,-33.799444,150.997778,pm25,µg/m³,2.0
7425,21604,Parramatta North-7425,2020-02-19T17:00:00+11:00,-33.799444,150.997778,pm25,µg/m³,1.4
7425,21604,Parramatta North-7425,2020-02-19T18:00:00+11:00,-33.799444,150.997778,pm25,µg/m³,4.5
7425,21604,Parramatta North-7425,2020-02-19T19:00:00+11:00,-33.799444,150.997778,pm25,µg/m³,4.7
7425,21604,Parramatta North-7425,2020-02-19T20:00:00+11:00,-33.799444,150.997778,pm25,µg/m³,4.9
7425,21604,Parramatta North-7425,2020-02-19T21:00:00+11:00,-33.799444,150.997778,pm25,µg/m³,0.2
7425,21604,Parramatta North-7425,2020-02-19T22:00:00+11:00,-33.799444,150.997778,pm25,µg/m³,-1.6
7425,21604,Parramatta North-7425,2020-02-19T23:00:00+11:00,-33.799444,150.997778,pm25,µg/m³,-0.3
7425,25469,Parramatta North-7425,2020-02-19T01:00:00+11:00,-33.799444,150.997778,no2,ppm,0.001
7425,25469,Parramatta North-7425,2020-02-19T03:00:00+11:00,-33.799444,150.997778,no2,ppm,0.001
7425,25469,Parramatta North-7425,2020-02-19T04:00:00+11:00,-33.799444,150.997778,no2,ppm,0.002
7425,25469,Parramatta North-7425,2020-02-19T05:00:00+11:00,-33.799444,150.997778,no2,ppm,0.008
7425,25469,Parramatta North-7425,2020-02-19T07:00:00+11:00,-33.799444,150.997778,no2,ppm,0.019
7425,25469,Parramatta North-7425,2020-02-19T08:00:00+11:00,-33.799444,150.997778,no2,ppm,0.011
7425,25469,Parramatta North-7425,2020-02-19T11:00:00+11:00,-33.799444,150.997778,no2,ppm,0.001
7425,25469,Parramatta North-7425,2020-02-19T12:00:00+11:00,-33.799444,150.997778,no2,ppm,0.001
7425,25469,Parramatta North-7425,2020-02-19T13:00:00+11:00,-33.799444,150.997778,no2,ppm,0.001
7425,25469,Parramatta North-7425,2020-02-19T14:00:00+11:00,-33.799444,150.997778,no2,ppm,0.001
7425,25469,Parramatta North-7425,2020-02-19T15:00:00+11:00,-33.799444,150.997778,no2,ppm,0.002
7425,25469,Parramatta North-7425,2020-02-19T16:00:00+11:00,-33.799444,150.997778,no2,ppm,0.003
7425,25469,Parramatta North-7425,2020-02-19T17:00:00+11:00,-33.799444,150.997778,no2,ppm,0.002
7425,25469,Parramatta North-7425,2020-02-19T18:00:00+11:00,-33.799444,150.997778,no2,ppm,0.001
7425,25469,Parramatta North-7425,2020-02-19T19:00:00+11:00,-33.799444,150.997778,no2,ppm,0.003
7425,25469,Parramatta North-7425,2020-02-19T20:00:00+11:00,-33.799444,150.997778,no2,ppm,0.005
7425,25469,Parramatta North-7425,2020-02-19T21:00:00+11:00,-33.799444,150.997778,no2,ppm,0.006
7425,25469,Parramatta North-7425,2020-02-19T22:00:00+11:00,-33.799444,150.997778,no2,ppm,0.011
7425,25469,Parramatta North-7425,2020-02-19T23:00:00+11:00,-33.799444,150.997778,no2,ppm,0.02
7425,28317,Parramatta North-7425,2020-02-19T01:00:00+11:00,-33.799444,150.997778,co,ppm,0.1
7425,28317,Parramatta North-7425,2020-02-19T03:00:00+11:00,-33.799444,150.997778,co,ppm,0.1
7425,28317,Parramatta North-7425,2020-02-19T04:00:00+11:00,-33.799444,150.997778,co,ppm,0.1
7425,28317,Parramatta North-7425,2020-02-19T05:00:00+11:00,-33.799444,150.997778,co,ppm,0.1
7425,28317,Parramatta North-7425,2020-02-19T07:00:00+11:00,-33.799444,150.997778,co,ppm,0.1
7425,28317,Parramatta North-7425,2020-02-19T08:00:00+11:00,-33.799444,150.997778,co,ppm,0.2
7425,28317,Parramatta North-7425,2020-02-19T11:00:00+11:00,-33.799444,150.997778,co,ppm,0.1
7425,28317,Parramatta North-7425,2020-02-19T12:00:00+11:00,-33.799444,150.997778,co,ppm,0.1
7425,28317,Parramatta North-7425,2020-02-19T13:00:00+11:00,-33.799444,150.997778,co,ppm,0.1
7425,28317,Parramatta North-7425,2020-02-19T14:00:00+11:00,-33.799444,150.997778,co,ppm,0.1
7425,28317,Parramatta North-7425,2020-02-19T15:00:00+11:00,-33.799444,150.997778,co,ppm,0.1
7425,28317,Parramatta North-7425,2020-02-19T16:00:00+11:00,-33.799444,150.997778,co,ppm,0.1
7425,28317,Parramatta North-7425,2020-02-19T17:00:00+11:00,-33.799444,150.997778,co,ppm,0.1
7425,28317,Parramatta North-7425,2020-02-19T18:00:00+11:00,-33.799444,150.997778,co,ppm,0.1
7425,28317,Parramatta North-7425,2020-02-19T19:00:00+11:00,-33.799444,150.997778,co,ppm,0.1
7425,28317,Parramatta North-7425,2020-02-19T20:00:00+11:00,-33.799444,150.997778,co,ppm,0.1
7425,28317,Parramatta North-7425,2020-02-19T21:00:00+11:00,-33.799444,150.997778,co,ppm,0.1
7425,28317,Parramatta North-7425,2020-02-19T22:00:00+11:00,-33.799444,150.997778,co,ppm,0.1
7425,28317,Parramatta North-7425,2020-02-19T23:00:00+11:00,-33.799444,150.997778,co,ppm,0.1
7425,25471,Parramatta North-7425,2020-02-19T01:00:00+11:00,-33.799444,150.997778,so2,ppm,0.0
7425,25471,Parramatta North-7425,2020-02-19T03:00:00+11:00,-33.799444,150.997778,so2,ppm,0.0
7425,25471,Parramatta North-7425,2020-02-19T04:00:00+11:00,-33.799444,150.997778,so2,ppm,0.0
7425,25471,Parramatta North-7425,2020-02-19T05:00:00+11:00,-33.799444,150.997778,so2,ppm,0.0
7425,25471,Parramatta North-7425,2020-02-19T07:00:00+11:00,-33.799444,150.997778,so2,ppm,0.001
7425,25471,Parramatta North-7425,2020-02-19T08:00:00+11:00,-33.799444,150.997778,so2,ppm,0.0
7425,25471,Parramatta North-7425,2020-02-19T11:00:00+11:00,-33.799444,150.997778,so2,ppm,0.0
7425,25471,Parramatta North-7425,2020-02-19T12:00:00+11:00,-33.799444,150.997778,so2,ppm,0.0
7425,25471,Parramatta North-7425,2020-02-19T13:00:00+11:00,-33.799444,150.997778,so2,ppm,0.0
7425,25471,Parramatta North-7425,2020-02-19T14:00:00+11:00,-33.799444,150.997778,so2,ppm,0.0
7425,25471,Parramatta North-7425,2020-02-19T15:00:00+11:00,-33.799444,150.997778,so2,ppm,0.0
7425,25471,Parramatta North-7425,2020-02-19T16:00:00+11:00,-33.799444,150.997778,so2,ppm,0.0
7425,25471,Parramatta North-7425,2020-02-19T17:00:00+11:00,-33.799444,150.997778,so2,ppm,0.0
7425,25471,Parramatta North-7425,2020-02-19T18:00:00+11:00,-33.799444,150.997778,so2,ppm,0.0
7425,25471,Parramatta North-7425,2020-02-19T19:00:00+11:00,-33.799444,150.997778,so2,ppm,0.0
7425,25471,Parramatta North-7425,2020-02-19T20:00:00+11:00,-33.799444,150.997778,so2,ppm,0.001
7425,25471,Parramatta North-7425,2020-02-19T21:00:00+11:00,-33.799444,150.997778,so2,ppm,0.001
7425,25471,Parramatta North-7425,2020-02-19T22:00:00+11:00,-33.799444,150.997778,so2,ppm,0.001
7425,25471,Parramatta North-7425,2020-02-19T23:00:00+11:00,-33.799444,150.997778,so2,ppm,0.0
7425,25470,Parramatta North-7425,2020-02-19T01:00:00+11:00,-33.799444,150.997778,o3,ppm,0.031
7425,25470,Parramatta North-7425,2020-02-19T03:00:00+11:00,-33.799444,150.997778,o3,ppm,0.026
7425,25470,Parramatta North-7425,2020-02-19T04:00:00+11:00,-33.799444,150.997778,o3,ppm,0.021
7425,25470,Parramatta North-7425,2020-02-19T05:00:00+11:00,-33.799444,150.997778,o3,ppm,0.012
7425,25470,Parramatta North-7425,2020-02-19T07:00:00+11:00,-33.799444,150.997778,o3,ppm,0.003
7425,25470,Parramatta North-7425,2020-02-19T08:00:00+11:00,-33.799444,150.997778,o3,ppm,0.01
7425,25470,Parramatta North-7425,2020-02-19T11:00:00+11:00,-33.799444,150.997778,o3,ppm,0.028
7425,25470,Parramatta North-7425,2020-02-19T12:00:00+11:00,-33.799444,150.997778,o3,ppm,0.03
7425,25470,Parramatta North-7425,2020-02-19T13:00:00+11:00,-33.799444,150.997778,o3,ppm,0.031
7425,25470,Parramatta North-7425,2020-02-19T14:00:00+11:00,-33.799444,150.997778,o3,ppm,0.033
7425,25470,Parramatta North-7425,2020-02-19T15:00:00+11:00,-33.799444,150.997778,o3,ppm,0.032
7425,25470,Parramatta North-7425,2020-02-19T16:00:00+11:00,-33.799444,150.997778,o3,ppm,0.031
7425,25470,Parramatta North-7425,2020-02-19T17:00:00+11:00,-33.799444,150.997778,o3,ppm,0.034
7425,25470,Parramatta North-7425,2020-02-19T18:00:00+11:00,-33.799444,150.997778,o3,ppm,0.033
7425,25470,Parramatta North-7425,2020-02-19T19:00:00+11:00,-33.799444,150.997778,o3,ppm,0.029
7425,25470,Parramatta North-7425,2020-02-19T20:00:00+11:00,-33.799444,150.997778,o3,ppm,0.025
7425,25470,Parramatta North-7425,2020-02-19T21:00:00+11:00,-33.799444,150.997778,o3,ppm,0.022
7425,25470,Parramatta North-7425,2020-02-19T22:00:00+11:00,-33.799444,150.997778,o3,ppm,0.014
7425,25470,Parramatta North-7425,2020-02-19T23:00:00+11:00,-33.799444,150.997778,o3,ppm,0.002
7425,21603,Parramatta North-7425,2020-02-20T01:00:00+11:00,-33.799444,150.997778,pm10,µg/m³,21.6
7425,21603,Parramatta North-7425,2020-02-20T02:00:00+11:00,-33.799444,150.997778,pm10,µg/m³,19.1
7425,21603,Parramatta North-7425,2020-02-20T03:00:00+11:00,-33.799444,150.997778,pm10,µg/m³,16.9
7425,21603,Parramatta North-7425,2020-02-20T04:00:00+11:00,-33.799444,150.997778,pm10,µg/m³,15.9
7425,21603,Parramatta North-7425,2020-02-20T05:00:00+11:00,-33.799444,150.997778,pm10,µg/m³,17.2
7425,21603,Parramatta North-7425,2020-02-20T06:00:00+11:00,-33.799444,150.997778,pm10,µg/m³,25.1
7425,21603,Parramatta North-7425,2020-02-20T07:00:00+11:00,-33.799444,150.997778,pm10,µg/m³,29.2
7425,21603,Parramatta North-7425,2020-02-20T08:00:00+11:00,-33.799444,150.997778,pm10,µg/m³,25.4
7425,21603,Parramatta North-7425,2020-02-20T09:00:00+11:00,-33.799444,150.997778,pm10,µg/m³,18.5
7425,21603,Parramatta North-7425,2020-02-20T10:00:00+11:00,-33.799444,150.997778,pm10,µg/m³,15.8
7425,21603,Parramatta North-7425,2020-02-20T11:00:00+11:00,-33.799444,150.997778,pm10,µg/m³,16.4
7425,21603,Parramatta North-7425,2020-02-20T12:00:00+11:00,-33.799444,150.997778,pm10,µg/m³,14.9
7425,21603,Parramatta North-7425,2020-02-20T13:00:00+11:00,-33.799444,150.997778,pm10,µg/m³,16.9
7425,21603,Parramatta North-7425,2020-02-20T14:00:00+11:00,-33.799444,150.997778,pm10,µg/m³,19.3
7425,21603,Parramatta North-7425,2020-02-20T15:00:00+11:00,-33.799444,150.997778,pm10,µg/m³,16.0
7425,21603,Parramatta North-7425,2020-02-20T16:00:00+11:00,-33.799444,150.997778,pm10,µg/m³,18.7
7425,21603,Parramatta North-7425,2020-02-20T17:00:00+11:00,-33.799444,150.997778,pm10,µg/m³,14.3
7425,21603,Parramatta North-7425,2020-02-20T18:00:00+11:00,-33.799444,150.997778,pm10,µg/m³,16.6
7425,21603,Parramatta North-7425,2020-02-20T19:00:00+11:00,-33.799444,150.997778,pm10,µg/m³,19.3
7425,21603,Parramatta North-7425,2020-02-20T20:00:00+11:00,-33.799444,150.997778,pm10,µg/m³,20.5
7425,21603,Parramatta North-7425,2020-02-20T21:00:00+11:00,-33.799444,150.997778,pm10,µg/m³,21.0
7425,21603,Parramatta North-7425,2020-02-20T22:00:00+11:00,-33.799444,150.997778,pm10,µg/m³,24.4
7425,21603,Parramatta North-7425,2020-02-20T23:00:00+11:00,-33.799444,150.997778,pm10,µg/m³,22.3
7425,21604,Parramatta North-7425,2020-02-20T01:00:00+11:00,-33.799444,150.997778,pm25,µg/m³,-2.0
7425,21604,Parramatta North-7425,2020-02-20T02:00:00+11:00,-33.799444,150.997778,pm25,µg/m³,4.8
7425,21604,Parramatta North-7425,2020-02-20T03:00:00+11:00,-33.799444,150.997778,pm25,µg/m³,6.8
7425,21604,Parramatta North-7425,2020-02-20T04:00:00+11:00,-33.799444,150.997778,pm25,µg/m³,4.6
7425,21604,Parramatta North-7425,2020-02-20T05:00:00+11:00,-33.799444,150.997778,pm25,µg/m³,4.8
7425,21604,Parramatta North-7425,2020-02-20T06:00:00+11:00,-33.799444,150.997778,pm25,µg/m³,8.2
7425,21604,Parramatta North-7425,2020-02-20T07:00:00+11:00,-33.799444,150.997778,pm25,µg/m³,7.8
7425,21604,Parramatta North-7425,2020-02-20T08:00:00+11:00,-33.799444,150.997778,pm25,µg/m³,8.8
7425,21604,Parramatta North-7425,2020-02-20T09:00:00+11:00,-33.799444,150.997778,pm25,µg/m³,6.5
7425,21604,Parramatta North-7425,2020-02-20T10:00:00+11:00,-33.799444,150.997778,pm25,µg/m³,3.6
7425,21604,Parramatta North-7425,2020-02-20T11:00:00+11:00,-33.799444,150.997778,pm25,µg/m³,4.1
7425,21604,Parramatta North-7425,2020-02-20T12:00:00+11:00,-33.799444,150.997778,pm25,µg/m³,4.2
7425,21604,Parramatta North-7425,2020-02-20T13:00:00+11:00,-33.799444,150.997778,pm25,µg/m³,0.6
7425,21604,Parramatta North-7425,2020-02-20T14:00:00+11:00,-33.799444,150.997778,pm25,µg/m³,-1.4
7425,21604,Parramatta North-7425,2020-02-20T15:00:00+11:00,-33.799444,150.997778,pm25,µg/m³,3.8
7425,21604,Parramatta North-7425,2020-02-20T16:00:00+11:00,-33.799444,150.997778,pm25,µg/m³,8.9
7425,21604,Parramatta North-7425,2020-02-20T17:00:00+11:00,-33.799444,150.997778,pm25,µg/m³,4.7
7425,21604,Parramatta North-7425,2020-02-20T18:00:00+11:00,-33.799444,150.997778,pm25,µg/m³,2.4
7425,21604,Parramatta North-7425,2020-02-20T19:00:00+11:00,-33.799444,150.997778,pm25,µg/m³,5.0
7425,21604,Parramatta North-7425,2020-02-20T20:00:00+11:00,-33.799444,150.997778,pm25,µg/m³,4.9
7425,21604,Parramatta North-7425,2020-02-20T21:00:00+11:00,-33.799444,150.997778,pm25,µg/m³,7.8
7425,21604,Parramatta North-7425,2020-02-20T22:00:00+11:00,-33.799444,150.997778,pm25,µg/m³,7.7
7425,21604,Parramatta North-7425,2020-02-20T23:00:00+11:00,-33.799444,150.997778,pm25,µg/m³,7.1
7425,25469,Parramatta North-7425,2020-02-20T01:00:00+11:00,-33.799444,150.997778,no2,ppm,0.014
7425,25469,Parramatta North-7425,2020-02-20T03:00:00+11:00,-33.799444,150.997778,no2,ppm,0.012
7425,25469,Parramatta North-7425,2020-02-20T04:00:00+11:00,-33.799444,150.997778,no2,ppm,0.013
7425,25469,Parramatta North-7425,2020-02-20T05:00:00+11:00,-33.799444,150.997778,no2,ppm,0.013
7425,25469,Parramatta North-7425,2020-02-20T06:00:00+11:00,-33.799444,150.997778,no2,ppm,0.023
7425,25469,Parramatta North-7425,2020-02-20T07:00:00+11:00,-33.799444,150.997778,no2,ppm,0.026
7425,25469,Parramatta North-7425,2020-02-20T08:00:00+11:00,-33.799444,150.997778,no2,ppm,0.018
7425,25469,Parramatta North-7425,2020-02-20T09:00:00+11:00,-33.799444,150.997778,no2,ppm,0.009
7425,25469,Parramatta North-7425,2020-02-20T10:00:00+11:00,-33.799444,150.997778,no2,ppm,0.006
7425,25469,Parramatta North-7425,2020-02-20T11:00:00+11:00,-33.799444,150.997778,no2,ppm,0.004
7425,25469,Parramatta North-7425,2020-02-20T12:00:00+11:00,-33.799444,150.997778,no2,ppm,0.005
7425,25469,Parramatta North-7425,2020-02-20T13:00:00+11:00,-33.799444,150.997778,no2,ppm,0.003
7425,25469,Parramatta North-7425,2020-02-20T14:00:00+11:00,-33.799444,150.997778,no2,ppm,0.003
7425,25469,Parramatta North-7425,2020-02-20T15:00:00+11:00,-33.799444,150.997778,no2,ppm,0.002
7425,25469,Parramatta North-7425,2020-02-20T16:00:00+11:00,-33.799444,150.997778,no2,ppm,0.003
7425,25469,Parramatta North-7425,2020-02-20T17:00:00+11:00,-33.799444,150.997778,no2,ppm,0.003
7425,25469,Parramatta North-7425,2020-02-20T18:00:00+11:00,-33.799444,150.997778,no2,ppm,0.003
7425,25469,Parramatta North-7425,2020-02-20T19:00:00+11:00,-33.799444,150.997778,no2,ppm,0.003
7425,25469,Parramatta North-7425,2020-02-20T20:00:00+11:00,-33.799444,150.997778,no2,ppm,0.003
7425,25469,Parramatta North-7425,2020-02-20T21:00:00+11:00,-33.799444,150.997778,no2,ppm,0.004
7425,25469,Parramatta North-7425,2020-02-20T22:00:00+11:00,-33.799444,150.997778,no2,ppm,0.004
7425,25469,Parramatta North-7425,2020-02-20T23:00:00+11:00,-33.799444,150.997778,no2,ppm,0.002
7425,28317,Parramatta North-7425,2020-02-20T01:00:00+11:00,-33.799444,150.997778,co,ppm,0.1
7425,28317,Parramatta North-7425,2020-02-20T02:00:00+11:00,-33.799444,150.997778,co,ppm,0.2
7425,28317,Parramatta North-7425,2020-02-20T03:00:00+11:00,-33.799444,150.997778,co,ppm,0.2
7425,28317,Parramatta North-7425,2020-02-20T04:00:00+11:00,-33.799444,150.997778,co,ppm,0.2
7425,28317,Parramatta North-7425,2020-02-20T05:00:00+11:00,-33.799444,150.997778,co,ppm,0.2
7425,28317,Parramatta North-7425,2020-02-20T06:00:00+11:00,-33.799444,150.997778,co,ppm,0.2
7425,28317,Parramatta North-7425,2020-02-20T07:00:00+11:00,-33.799444,150.997778,co,ppm,0.3
7425,28317,Parramatta North-7425,2020-02-20T08:00:00+11:00,-33.799444,150.997778,co,ppm,0.3
7425,28317,Parramatta North-7425,2020-02-20T09:00:00+11:00,-33.799444,150.997778,co,ppm,0.3
7425,28317,Parramatta North-7425,2020-02-20T10:00:00+11:00,-33.799444,150.997778,co,ppm,0.3
7425,28317,Parramatta North-7425,2020-02-20T11:00:00+11:00,-33.799444,150.997778,co,ppm,0.2
7425,28317,Parramatta North-7425,2020-02-20T12:00:00+11:00,-33.799444,150.997778,co,ppm,0.2
7425,28317,Parramatta North-7425,2020-02-20T13:00:00+11:00,-33.799444,150.997778,co,ppm,0.2
7425,28317,Parramatta North-7425,2020-02-20T14:00:00+11:00,-33.799444,150.997778,co,ppm,0.2
7425,28317,Parramatta North-7425,2020-02-20T15:00:00+11:00,-33.799444,150.997778,co,ppm,0.1
7425,28317,Parramatta North-7425,2020-02-20T16:00:00+11:00,-33.799444,150.997778,co,ppm,0.1
7425,28317,Parramatta North-7425,2020-02-20T17:00:00+11:00,-33.799444,150.997778,co,ppm,0.1
7425,28317,Parramatta North-7425,2020-02-20T18:00:00+11:00,-33.799444,150.997778,co,ppm,0.1
7425,28317,Parramatta North-7425,2020-02-20T19:00:00+11:00,-33.799444,150.997778,co,ppm,0.1
7425,28317,Parramatta North-7425,2020-02-20T20:00:00+11:00,-33.799444,150.997778,co,ppm,0.1
7425,28317,Parramatta North-7425,2020-02-20T21:00:00+11:00,-33.799444,150.997778,co,ppm,0.1
7425,28317,Parramatta North-7425,2020-02-20T22:00:00+11:00,-33.799444,150.997778,co,ppm,0.1
7425,28317,Parramatta North-7425,2020-02-20T23:00:00+11:00,-33.799444,150.997778,co,ppm,0.1
7425,25471,Parramatta North-7425,2020-02-20T01:00:00+11:00,-33.799444,150.997778,so2,ppm,0.0
7425,25471,Parramatta North-7425,2020-02-20T03:00:00+11:00,-33.799444,150.997778,so2,ppm,0.0
7425,25471,Parramatta North-7425,2020-02-20T04:00:00+11:00,-33.799444,150.997778,so2,ppm,0.0
7425,25471,Parramatta North-7425,2020-02-20T05:00:00+11:00,-33.799444,150.997778,so2,ppm,0.001
7425,25471,Parramatta North-7425,2020-02-20T06:00:00+11:00,-33.799444,150.997778,so2,ppm,0.002
7425,25471,Parramatta North-7425,2020-02-20T07:00:00+11:00,-33.799444,150.997778,so2,ppm,0.002
7425,25471,Parramatta North-7425,2020-02-20T08:00:00+11:00,-33.799444,150.997778,so2,ppm,0.001
7425,25471,Parramatta North-7425,2020-02-20T09:00:00+11:00,-33.799444,150.997778,so2,ppm,0.001
7425,25471,Parramatta North-7425,2020-02-20T10:00:00+11:00,-33.799444,150.997778,so2,ppm,0.001
7425,25471,Parramatta North-7425,2020-02-20T11:00:00+11:00,-33.799444,150.997778,so2,ppm,0.001
7425,25471,Parramatta North-7425,2020-02-20T12:00:00+11:00,-33.799444,150.997778,so2,ppm,0.001
7425,25471,Parramatta North-7425,2020-02-20T13:00:00+11:00,-33.799444,150.997778,so2,ppm,0.0
7425,25471,Parramatta North-7425,2020-02-20T14:00:00+11:00,-33.799444,150.997778,so2,ppm,0.001
7425,25471,Parramatta North-7425,2020-02-20T15:00:00+11:00,-33.799444,150.997778,so2,ppm,0.0
7425,25471,Parramatta North-7425,2020-02-20T16:00:00+11:00,-33.799444,150.997778,so2,ppm,0.0
7425,25471,Parramatta North-7425,2020-02-20T17:00:00+11:00,-33.799444,150.997778,so2,ppm,0.001
7425,25471,Parramatta North-7425,2020-02-20T18:00:00+11:00,-33.799444,150.997778,so2,ppm,0.0
7425,25471,Parramatta North-7425,2020-02-20T19:00:00+11:00,-33.799444,150.997778,so2,ppm,0.0
7425,25471,Parramatta North-7425,2020-02-20T20:00:00+11:00,-33.799444,150.997778,so2,ppm,0.0
7425,25471,Parramatta North-7425,2020-02-20T21:00:00+11:00,-33.799444,150.997778,so2,ppm,0.0
7425,25471,Parramatta North-7425,2020-02-20T22:00:00+11:00,-33.799444,150.997778,so2,ppm,0.001
7425,25471,Parramatta North-7425,2020-02-20T23:00:00+11:00,-33.799444,150.997778,so2,ppm,0.001
7425,25470,Parramatta North-7425,2020-02-20T01:00:00+11:00,-33.799444,150.997778,o3,ppm,0.006
7425,25470,Parramatta North-7425,2020-02-20T02:00:00+11:00,-33.799444,150.997778,o3,ppm,0.005
7425,25470,Parramatta North-7425,2020-02-20T03:00:00+11:00,-33.799444,150.997778,o3,ppm,0.002
7425,25470,Parramatta North-7425,2020-02-20T04:00:00+11:00,-33.799444,150.997778,o3,ppm,0.001
7425,25470,Parramatta North-7425,2020-02-20T05:00:00+11:00,-33.799444,150.997778,o3,ppm,0.001
7425,25470,Parramatta North-7425,2020-02-20T06:00:00+11:00,-33.799444,150.997778,o3,ppm,0.001
7425,25470,Parramatta North-7425,2020-02-20T07:00:00+11:00,-33.799444,150.997778,o3,ppm,0.001
7425,25470,Parramatta North-7425,2020-02-20T08:00:00+11:00,-33.799444,150.997778,o3,ppm,0.006
7425,25470,Parramatta North-7425,2020-02-20T09:00:00+11:00,-33.799444,150.997778,o3,ppm,0.014
7425,25470,Parramatta North-7425,2020-02-20T10:00:00+11:00,-33.799444,150.997778,o3,ppm,0.018
7425,25470,Parramatta North-7425,2020-02-20T11:00:00+11:00,-33.799444,150.997778,o3,ppm,0.022
7425,25470,Parramatta North-7425,2020-02-20T12:00:00+11:00,-33.799444,150.997778,o3,ppm,0.027
7425,25470,Parramatta North-7425,2020-02-20T13:00:00+11:00,-33.799444,150.997778,o3,ppm,0.028
7425,25470,Parramatta North-7425,2020-02-20T14:00:00+11:00,-33.799444,150.997778,o3,ppm,0.031
7425,25470,Parramatta North-7425,2020-02-20T15:00:00+11:00,-33.799444,150.997778,o3,ppm,0.033
7425,25470,Parramatta North-7425,2020-02-20T16:00:00+11:00,-33.799444,150.997778,o3,ppm,0.031
7425,25470,Parramatta North-7425,2020-02-20T17:00:00+11:00,-33.799444,150.997778,o3,ppm,0.028
7425,25470,Parramatta North-7425,2020-02-20T18:00:00+11:00,-33.799444,150.997778,o3,ppm,0.024
7425,25470,Parramatta North-7425,2020-02-20T19:00:00+11:00,-33.799444,150.997778,o3,ppm,0.022
7425,25470,Parramatta North-7425,2020-02-20T20:00:00+11:00,-33.799444,150.997778,o3,ppm,0.022
7425,25470,Parramatta North-7425,2020-02-20T21:00:00+11:00,-33.799444,150.997778,o3,ppm,0.021
7425,25470,Parramatta North-7425,2020-02-20T22:00:00+11:00,-33.799444,150.997778,o3,ppm,0.021
7425,25470,Parramatta North-7425,2020-02-20T23:00:00+11:00,-33.799444,150.997778,o3,ppm,0.023
7425,21603,Parramatta North-7425,2020-02-21T01:00:00+11:00,-33.799444,150.997778,pm10,µg/m³,19.1
7425,21603,Parramatta North-7425,2020-02-21T02:00:00+11:00,-33.799444,150.997778,pm10,µg/m³,20.8
7425,21603,Parramatta North-7425,2020-02-21T03:00:00+11:00,-33.799444,150.997778,pm10,µg/m³,17.9
7425,21603,Parramatta North-7425,2020-02-21T04:00:00+11:00,-33.799444,150.997778,pm10,µg/m³,23.2
7425,21603,Parramatta North-7425,2020-02-21T05:00:00+11:00,-33.799444,150.997778,pm10,µg/m³,17.6
7425,21603,Parramatta North-7425,2020-02-21T06:00:00+11:00,-33.799444,150.997778,pm10,µg/m³,26.5
7425,21603,Parramatta North-7425,2020-02-21T07:00:00+11:00,-33.799444,150.997778,pm10,µg/m³,23.1
7425,21603,Parramatta North-7425,2020-02-21T08:00:00+11:00,-33.799444,150.997778,pm10,µg/m³,32.8
7425,21603,Parramatta North-7425,2020-02-21T09:00:00+11:00,-33.799444,150.997778,pm10,µg/m³,29.3
7425,21603,Parramatta North-7425,2020-02-21T11:00:00+11:00,-33.799444,150.997778,pm10,µg/m³,27.1
7425,21603,Parramatta North-7425,2020-02-21T12:00:00+11:00,-33.799444,150.997778,pm10,µg/m³,27.4
7425,21603,Parramatta North-7425,2020-02-21T13:00:00+11:00,-33.799444,150.997778,pm10,µg/m³,32.5
7425,21603,Parramatta North-7425,2020-02-21T14:00:00+11:00,-33.799444,150.997778,pm10,µg/m³,26.0
7425,21603,Parramatta North-7425,2020-02-21T15:00:00+11:00,-33.799444,150.997778,pm10,µg/m³,22.7
7425,21603,Parramatta North-7425,2020-02-21T16:00:00+11:00,-33.799444,150.997778,pm10,µg/m³,24.9
7425,21603,Parramatta North-7425,2020-02-21T17:00:00+11:00,-33.799444,150.997778,pm10,µg/m³,22.2
7425,21603,Parramatta North-7425,2020-02-21T18:00:00+11:00,-33.799444,150.997778,pm10,µg/m³,23.6
7425,21603,Parramatta North-7425,2020-02-21T19:00:00+11:00,-33.799444,150.997778,pm10,µg/m³,22.7
7425,21603,Parramatta North-7425,2020-02-21T20:00:00+11:00,-33.799444,150.997778,pm10,µg/m³,29.3
7425,21603,Parramatta North-7425,2020-02-21T21:00:00+11:00,-33.799444,150.997778,pm10,µg/m³,24.9
7425,21603,Parramatta North-7425,2020-02-21T22:00:00+11:00,-33.799444,150.997778,pm10,µg/m³,24.1
7425,21603,Parramatta North-7425,2020-02-21T23:00:00+11:00,-33.799444,150.997778,pm10,µg/m³,20.3
7425,21604,Parramatta North-7425,2020-02-21T01:00:00+11:00,-33.799444,150.997778,pm25,µg/m³,4.6
7425,21604,Parramatta North-7425,2020-02-21T02:00:00+11:00,-33.799444,150.997778,pm25,µg/m³,3.9
7425,21604,Parramatta North-7425,2020-02-21T03:00:00+11:00,-33.799444,150.997778,pm25,µg/m³,4.1
7425,21604,Parramatta North-7425,2020-02-21T04:00:00+11:00,-33.799444,150.997778,pm25,µg/m³,7.4
7425,21604,Parramatta North-7425,2020-02-21T05:00:00+11:00,-33.799444,150.997778,pm25,µg/m³,7.1
7425,21604,Parramatta North-7425,2020-02-21T06:00:00+11:00,-33.799444,150.997778,pm25,µg/m³,8.1
7425,21604,Parramatta North-7425,2020-02-21T07:00:00+11:00,-33.799444,150.997778,pm25,µg/m³,6.4
7425,21604,Parramatta North-7425,2020-02-21T08:00:00+11:00,-33.799444,150.997778,pm25,µg/m³,7.2
7425,21604,Parramatta North-7425,2020-02-21T09:00:00+11:00,-33.799444,150.997778,pm25,µg/m³,8.0
7425,21604,Parramatta North-7425,2020-02-21T11:00:00+11:00,-33.799444,150.997778,pm25,µg/m³,6.8
7425,21604,Parramatta North-7425,2020-02-21T12:00:00+11:00,-33.799444,150.997778,pm25,µg/m³,8.6
7425,21604,Parramatta North-7425,2020-02-21T13:00:00+11:00,-33.799444,150.997778,pm25,µg/m³,8.1
7425,21604,Parramatta North-7425,2020-02-21T14:00:00+11:00,-33.799444,150.997778,pm25,µg/m³,4.5
7425,21604,Parramatta North-7425,2020-02-21T15:00:00+11:00,-33.799444,150.997778,pm25,µg/m³,6.2
7425,21604,Parramatta North-7425,2020-02-21T16:00:00+11:00,-33.799444,150.997778,pm25,µg/m³,5.8
7425,21604,Parramatta North-7425,2020-02-21T17:00:00+11:00,-33.799444,150.997778,pm25,µg/m³,7.0
7425,21604,Parramatta North-7425,2020-02-21T18:00:00+11:00,-33.799444,150.997778,pm25,µg/m³,5.7
7425,21604,Parramatta North-7425,2020-02-21T19:00:00+11:00,-33.799444,150.997778,pm25,µg/m³,5.4
7425,21604,Parramatta North-7425,2020-02-21T20:00:00+11:00,-33.799444,150.997778,pm25,µg/m³,6.6
7425,21604,Parramatta North-7425,2020-02-21T21:00:00+11:00,-33.799444,150.997778,pm25,µg/m³,5.4
7425,21604,Parramatta North-7425,2020-02-21T22:00:00+11:00,-33.799444,150.997778,pm25,µg/m³,4.3
7425,21604,Parramatta North-7425,2020-02-21T23:00:00+11:00,-33.799444,150.997778,pm25,µg/m³,17.3
7425,25469,Parramatta North-7425,2020-02-21T01:00:00+11:00,-33.799444,150.997778,no2,ppm,0.003
7425,25469,Parramatta North-7425,2020-02-21T03:00:00+11:00,-33.799444,150.997778,no2,ppm,0.007
7425,25469,Parramatta North-7425,2020-02-21T04:00:00+11:00,-33.799444,150.997778,no2,ppm,0.009
7425,25469,Parramatta North-7425,2020-02-21T05:00:00+11:00,-33.799444,150.997778,no2,ppm,0.007
7425,25469,Parramatta North-7425,2020-02-21T06:00:00+11:00,-33.799444,150.997778,no2,ppm,0.011
7425,25469,Parramatta North-7425,2020-02-21T07:00:00+11:00,-33.799444,150.997778,no2,ppm,0.013
7425,25469,Parramatta North-7425,2020-02-21T08:00:00+11:00,-33.799444,150.997778,no2,ppm,0.015
7425,25469,Parramatta North-7425,2020-02-21T09:00:00+11:00,-33.799444,150.997778,no2,ppm,0.012
7425,25469,Parramatta North-7425,2020-02-21T11:00:00+11:00,-33.799444,150.997778,no2,ppm,0.006
7425,25469,Parramatta North-7425,2020-02-21T12:00:00+11:00,-33.799444,150.997778,no2,ppm,0.005
7425,25469,Parramatta North-7425,2020-02-21T13:00:00+11:00,-33.799444,150.997778,no2,ppm,0.009
7425,25469,Parramatta North-7425,2020-02-21T14:00:00+11:00,-33.799444,150.997778,no2,ppm,0.003
7425,25469,Parramatta North-7425,2020-02-21T15:00:00+11:00,-33.799444,150.997778,no2,ppm,0.002
7425,25469,Parramatta North-7425,2020-02-21T16:00:00+11:00,-33.799444,150.997778,no2,ppm,0.002
7425,25469,Parramatta North-7425,2020-02-21T17:00:00+11:00,-33.799444,150.997778,no2,ppm,0.002
7425,25469,Parramatta North-7425,2020-02-21T18:00:00+11:00,-33.799444,150.997778,no2,ppm,0.002
7425,25469,Parramatta North-7425,2020-02-21T19:00:00+11:00,-33.799444,150.997778,no2,ppm,0.002
7425,25469,Parramatta North-7425,2020-02-21T20:00:00+11:00,-33.799444,150.997778,no2,ppm,0.003
7425,25469,Parramatta North-7425,2020-02-21T21:00:00+11:00,-33.799444,150.997778,no2,ppm,0.004
7425,25469,Parramatta North-7425,2020-02-21T22:00:00+11:00,-33.799444,150.997778,no2,ppm,0.003
7425,25469,Parramatta North-7425,2020-02-21T23:00:00+11:00,-33.799444,150.997778,no2,ppm,0.003
7425,28317,Parramatta North-7425,2020-02-21T01:00:00+11:00,-33.799444,150.997778,co,ppm,0.1
7425,28317,Parramatta North-7425,2020-02-21T02:00:00+11:00,-33.799444,150.997778,co,ppm,0.1
7425,28317,Parramatta North-7425,2020-02-21T03:00:00+11:00,-33.799444,150.997778,co,ppm,0.1
7425,28317,Parramatta North-7425,2020-02-21T04:00:00+11:00,-33.799444,150.997778,co,ppm,0.1
7425,28317,Parramatta North-7425,2020-02-21T05:00:00+11:00,-33.799444,150.997778,co,ppm,0.1
7425,28317,Parramatta North-7425,2020-02-21T06:00:00+11:00,-33.799444,150.997778,co,ppm,0.1
7425,28317,Parramatta North-7425,2020-02-21T07:00:00+11:00,-33.799444,150.997778,co,ppm,0.1
7425,28317,Parramatta North-7425,2020-02-21T08:00:00+11:00,-33.799444,150.997778,co,ppm,0.1
7425,28317,Parramatta North-7425,2020-02-21T09:00:00+11:00,-33.799444,150.997778,co,ppm,0.2
7425,28317,Parramatta North-7425,2020-02-21T11:00:00+11:00,-33.799444,150.997778,co,ppm,0.2
7425,28317,Parramatta North-7425,2020-02-21T12:00:00+11:00,-33.799444,150.997778,co,ppm,0.2
7425,28317,Parramatta North-7425,2020-02-21T13:00:00+11:00,-33.799444,150.997778,co,ppm,0.2
7425,28317,Parramatta North-7425,2020-02-21T14:00:00+11:00,-33.799444,150.997778,co,ppm,0.2
7425,28317,Parramatta North-7425,2020-02-21T15:00:00+11:00,-33.799444,150.997778,co,ppm,0.1
7425,28317,Parramatta North-7425,2020-02-21T16:00:00+11:00,-33.799444,150.997778,co,ppm,0.1
7425,28317,Parramatta North-7425,2020-02-21T17:00:00+11:00,-33.799444,150.997778,co,ppm,0.1
7425,28317,Parramatta North-7425,2020-02-21T18:00:00+11:00,-33.799444,150.997778,co,ppm,0.1
7425,28317,Parramatta North-7425,2020-02-21T19:00:00+11:00,-33.799444,150.997778,co,ppm,0.1
7425,28317,Parramatta North-7425,2020-02-21T20:00:00+11:00,-33.799444,150.997778,co,ppm,0.1
7425,28317,Parramatta North-7425,2020-02-21T21:00:00+11:00,-33.799444,150.997778,co,ppm,0.1
7425,28317,Parramatta North-7425,2020-02-21T22:00:00+11:00,-33.799444,150.997778,co,ppm,0.1
7425,28317,Parramatta North-7425,2020-02-21T23:00:00+11:00,-33.799444,150.997778,co,ppm,0.1
7425,25471,Parramatta North-7425,2020-02-21T01:00:00+11:00,-33.799444,150.997778,so2,ppm,0.0
7425,25471,Parramatta North-7425,2020-02-21T03:00:00+11:00,-33.799444,150.997778,so2,ppm,0.0
7425,25471,Parramatta North-7425,2020-02-21T04:00:00+11:00,-33.799444,150.997778,so2,ppm,0.0
7425,25471,Parramatta North-7425,2020-02-21T05:00:00+11:00,-33.799444,150.997778,so2,ppm,0.0
7425,25471,Parramatta North-7425,2020-02-21T06:00:00+11:00,-33.799444,150.997778,so2,ppm,0.0
7425,25471,Parramatta North-7425,2020-02-21T07:00:00+11:00,-33.799444,150.997778,so2,ppm,0.0
7425,25471,Parramatta North-7425,2020-02-21T08:00:00+11:00,-33.799444,150.997778,so2,ppm,0.001
7425,25471,Parramatta North-7425,2020-02-21T09:00:00+11:00,-33.799444,150.997778,so2,ppm,0.001
7425,25471,Parramatta North-7425,2020-02-21T11:00:00+11:00,-33.799444,150.997778,so2,ppm,0.001
7425,25471,Parramatta North-7425,2020-02-21T12:00:00+11:00,-33.799444,150.997778,so2,ppm,0.001
7425,25471,Parramatta North-7425,2020-02-21T13:00:00+11:00,-33.799444,150.997778,so2,ppm,0.001
7425,25471,Parramatta North-7425,2020-02-21T14:00:00+11:00,-33.799444,150.997778,so2,ppm,0.0
7425,25471,Parramatta North-7425,2020-02-21T15:00:00+11:00,-33.799444,150.997778,so2,ppm,0.0
7425,25471,Parramatta North-7425,2020-02-21T16:00:00+11:00,-33.799444,150.997778,so2,ppm,0.0
7425,25471,Parramatta North-7425,2020-02-21T17:00:00+11:00,-33.799444,150.997778,so2,ppm,0.0
7425,25471,Parramatta North-7425,2020-02-21T18:00:00+11:00,-33.799444,150.997778,so2,ppm,0.0
7425,25471,Parramatta North-7425,2020-02-21T19:00:00+11:00,-33.799444,150.997778,so2,ppm,0.0
7425,25471,Parramatta North-7425,2020-02-21T20:00:00+11:00,-33.799444,150.997778,so2,ppm,0.0
7425,25471,Parramatta North-7425,2020-02-21T21:00:00+11:00,-33.799444,150.997778,so2,ppm,0.001
7425,25471,Parramatta North-7425,2020-02-21T22:00:00+11:00,-33.799444,150.997778,so2,ppm,0.001
7425,25471,Parramatta North-7425,2020-02-21T23:00:00+11:00,-33.799444,150.997778,so2,ppm,0.001
7425,25470,Parramatta North-7425,2020-02-21T01:00:00+11:00,-33.799444,150.997778,o3,ppm,0.015
7425,25470,Parramatta North-7425,2020-02-21T02:00:00+11:00,-33.799444,150.997778,o3,ppm,0.02
7425,25470,Parramatta North-7425,2020-02-21T03:00:00+11:00,-33.799444,150.997778,o3,ppm,0.01
7425,25470,Parramatta North-7425,2020-02-21T04:00:00+11:00,-33.799444,150.997778,o3,ppm,0.005
7425,25470,Parramatta North-7425,2020-02-21T05:00:00+11:00,-33.799444,150.997778,o3,ppm,0.01
7425,25470,Parramatta North-7425,2020-02-21T06:00:00+11:00,-33.799444,150.997778,o3,ppm,0.006
7425,25470,Parramatta North-7425,2020-02-21T07:00:00+11:00,-33.799444,150.997778,o3,ppm,0.003
7425,25470,Parramatta North-7425,2020-02-21T08:00:00+11:00,-33.799444,150.997778,o3,ppm,0.005
7425,25470,Parramatta North-7425,2020-02-21T09:00:00+11:00,-33.799444,150.997778,o3,ppm,0.01
7425,25470,Parramatta North-7425,2020-02-21T11:00:00+11:00,-33.799444,150.997778,o3,ppm,0.022
7425,25470,Parramatta North-7425,2020-02-21T12:00:00+11:00,-33.799444,150.997778,o3,ppm,0.027
7425,25470,Parramatta North-7425,2020-02-21T13:00:00+11:00,-33.799444,150.997778,o3,ppm,0.022
7425,25470,Parramatta North-7425,2020-02-21T14:00:00+11:00,-33.799444,150.997778,o3,ppm,0.031
7425,25470,Parramatta North-7425,2020-02-21T15:00:00+11:00,-33.799444,150.997778,o3,ppm,0.033
7425,25470,Parramatta North-7425,2020-02-21T16:00:00+11:00,-33.799444,150.997778,o3,ppm,0.03
7425,25470,Parramatta North-7425,2020-02-21T17:00:00+11:00,-33.799444,150.997778,o3,ppm,0.024
7425,25470,Parramatta North-7425,2020-02-21T18:00:00+11:00,-33.799444,150.997778,o3,ppm,0.023
7425,25470,Parramatta North-7425,2020-02-21T19:00:00+11:00,-33.799444,150.997778,o3,ppm,0.021
7425,25470,Parramatta North-7425,2020-02-21T20:00:00+11:00,-33.799444,150.997778,o3,ppm,0.02
7425,25470,Parramatta North-7425,2020-02-21T21:00:00+11:00,-33.799444,150.997778,o3,ppm,0.018
7425,25470,Parramatta North-7425,2020-02-21T22:00:00+11:00,-33.799444,150.997778,o3,ppm,0.02
7425,25470,Parramatta North-7425,2020-02-21T23:00:00+11:00,-33.799444,150.997778,o3,ppm,0.02
7425,21603,Parramatta North-7425,2020-02-22T01:00:00+11:00,-33.799444,150.997778,pm10,µg/m³,16.1
7425,21603,Parramatta North-7425,2020-02-22T02:00:00+11:00,-33.799444,150.997778,pm10,µg/m³,5.9
7425,21603,Parramatta North-7425,2020-02-22T03:00:00+11:00,-33.799444,150.997778,pm10,µg/m³,5.6
7425,21603,Parramatta North-7425,2020-02-22T04:00:00+11:00,-33.799444,150.997778,pm10,µg/m³,5.2
7425,21603,Parramatta North-7425,2020-02-22T05:00:00+11:00,-33.799444,150.997778,pm10,µg/m³,8.2
7425,21603,Parramatta North-7425,2020-02-22T06:00:00+11:00,-33.799444,150.997778,pm10,µg/m³,12.0
7425,21603,Parramatta North-7425,2020-02-22T07:00:00+11:00,-33.799444,150.997778,pm10,µg/m³,14.2
7425,21603,Parramatta North-7425,2020-02-22T08:00:00+11:00,-33.799444,150.997778,pm10,µg/m³,20.5
7425,21603,Parramatta North-7425,2020-02-22T09:00:00+11:00,-33.799444,150.997778,pm10,µg/m³,22.7
7425,21603,Parramatta North-7425,2020-02-22T10:00:00+11:00,-33.799444,150.997778,pm10,µg/m³,24.6
7425,21603,Parramatta North-7425,2020-02-22T11:00:00+11:00,-33.799444,150.997778,pm10,µg/m³,15.5
7425,21603,Parramatta North-7425,2020-02-22T12:00:00+11:00,-33.799444,150.997778,pm10,µg/m³,12.6
7425,21603,Parramatta North-7425,2020-02-22T13:00:00+11:00,-33.799444,150.997778,pm10,µg/m³,11.1
7425,21603,Parramatta North-7425,2020-02-22T14:00:00+11:00,-33.799444,150.997778,pm10,µg/m³,15.8
7425,21603,Parramatta North-7425,2020-02-22T15:00:00+11:00,-33.799444,150.997778,pm10,µg/m³,11.6
7425,21603,Parramatta North-7425,2020-02-22T16:00:00+11:00,-33.799444,150.997778,pm10,µg/m³,13.4
7425,21603,Parramatta North-7425,2020-02-22T17:00:00+11:00,-33.799444,150.997778,pm10,µg/m³,13.3
7425,21603,Parramatta North-7425,2020-02-22T18:00:00+11:00,-33.799444,150.997778,pm10,µg/m³,15.5
7425,21603,Parramatta North-7425,2020-02-22T19:00:00+11:00,-33.799444,150.997778,pm10,µg/m³,22.0
7425,21603,Parramatta North-7425,2020-02-22T20:00:00+11:00,-33.799444,150.997778,pm10,µg/m³,16.3
7425,21603,Parramatta North-7425,2020-02-22T21:00:00+11:00,-33.799444,150.997778,pm10,µg/m³,19.9
7425,21603,Parramatta North-7425,2020-02-22T22:00:00+11:00,-33.799444,150.997778,pm10,µg/m³,14.4
7425,21603,Parramatta North-7425,2020-02-22T23:00:00+11:00,-33.799444,150.997778,pm10,µg/m³,14.4
7425,21604,Parramatta North-7425,2020-02-22T01:00:00+11:00,-33.799444,150.997778,pm25,µg/m³,4.6
7425,21604,Parramatta North-7425,2020-02-22T02:00:00+11:00,-33.799444,150.997778,pm25,µg/m³,2.7
7425,21604,Parramatta North-7425,2020-02-22T03:00:00+11:00,-33.799444,150.997778,pm25,µg/m³,1.5
7425,21604,Parramatta North-7425,2020-02-22T04:00:00+11:00,-33.799444,150.997778,pm25,µg/m³,1.0
7425,21604,Parramatta North-7425,2020-02-22T05:00:00+11:00,-33.799444,150.997778,pm25,µg/m³,0.0
7425,21604,Parramatta North-7425,2020-02-22T06:00:00+11:00,-33.799444,150.997778,pm25,µg/m³,0.0
7425,21604,Parramatta North-7425,2020-02-22T07:00:00+11:00,-33.799444,150.997778,pm25,µg/m³,3.2
7425,21604,Parramatta North-7425,2020-02-22T08:00:00+11:00,-33.799444,150.997778,pm25,µg/m³,4.4
7425,21604,Parramatta North-7425,2020-02-22T09:00:00+11:00,-33.799444,150.997778,pm25,µg/m³,9.4
7425,21604,Parramatta North-7425,2020-02-22T10:00:00+11:00,-33.799444,150.997778,pm25,µg/m³,7.0
7425,21604,Parramatta North-7425,2020-02-22T11:00:00+11:00,-33.799444,150.997778,pm25,µg/m³,4.0
7425,21604,Parramatta North-7425,2020-02-22T12:00:00+11:00,-33.799444,150.997778,pm25,µg/m³,1.7
7425,21604,Parramatta North-7425,2020-02-22T13:00:00+11:00,-33.799444,150.997778,pm25,µg/m³,3.4
7425,21604,Parramatta North-7425,2020-02-22T14:00:00+11:00,-33.799444,150.997778,pm25,µg/m³,3.3
7425,21604,Parramatta North-7425,2020-02-22T15:00:00+11:00,-33.799444,150.997778,pm25,µg/m³,4.7
7425,21604,Parramatta North-7425,2020-02-22T16:00:00+11:00,-33.799444,150.997778,pm25,µg/m³,3.8
7425,21604,Parramatta North-7425,2020-02-22T17:00:00+11:00,-33.799444,150.997778,pm25,µg/m³,0.7
7425,21604,Parramatta North-7425,2020-02-22T18:00:00+11:00,-33.799444,150.997778,pm25,µg/m³,4.3
7425,21604,Parramatta North-7425,2020-02-22T19:00:00+11:00,-33.799444,150.997778,pm25,µg/m³,3.4
7425,21604,Parramatta North-7425,2020-02-22T20:00:00+11:00,-33.799444,150.997778,pm25,µg/m³,4.4
7425,21604,Parramatta North-7425,2020-02-22T21:00:00+11:00,-33.799444,150.997778,pm25,µg/m³,12.5
7425,21604,Parramatta North-7425,2020-02-22T22:00:00+11:00,-33.799444,150.997778,pm25,µg/m³,21.1
7425,21604,Parramatta North-7425,2020-02-22T23:00:00+11:00,-33.799444,150.997778,pm25,µg/m³,8.8
7425,25469,Parramatta North-7425,2020-02-22T01:00:00+11:00,-33.799444,150.997778,no2,ppm,0.001
7425,25469,Parramatta North-7425,2020-02-22T03:00:00+11:00,-33.799444,150.997778,no2,ppm,0.0
7425,25469,Parramatta North-7425,2020-02-22T04:00:00+11:00,-33.799444,150.997778,no2,ppm,0.0
7425,25469,Parramatta North-7425,2020-02-22T05:00:00+11:00,-33.799444,150.997778,no2,ppm,0.0
7425,25469,Parramatta North-7425,2020-02-22T06:00:00+11:00,-33.799444,150.997778,no2,ppm,0.003
7425,25469,Parramatta North-7425,2020-02-22T07:00:00+11:00,-33.799444,150.997778,no2,ppm,0.005
7425,25469,Parramatta North-7425,2020-02-22T08:00:00+11:00,-33.799444,150.997778,no2,ppm,0.004
7425,25469,Parramatta North-7425,2020-02-22T09:00:00+11:00,-33.799444,150.997778,no2,ppm,0.004
7425,25469,Parramatta North-7425,2020-02-22T10:00:00+11:00,-33.799444,150.997778,no2,ppm,0.006
7425,25469,Parramatta North-7425,2020-02-22T11:00:00+11:00,-33.799444,150.997778,no2,ppm,0.006
7425,25469,Parramatta North-7425,2020-02-22T12:00:00+11:00,-33.799444,150.997778,no2,ppm,0.001
7425,25469,Parramatta North-7425,2020-02-22T13:00:00+11:00,-33.799444,150.997778,no2,ppm,0.001
7425,25469,Parramatta North-7425,2020-02-22T14:00:00+11:00,-33.799444,150.997778,no2,ppm,0.001
7425,25469,Parramatta North-7425,2020-02-22T15:00:00+11:00,-33.799444,150.997778,no2,ppm,0.001
7425,25469,Parramatta North-7425,2020-02-22T16:00:00+11:00,-33.799444,150.997778,no2,ppm,0.002
7425,25469,Parramatta North-7425,2020-02-22T17:00:00+11:00,-33.799444,150.997778,no2,ppm,0.001
7425,25469,Parramatta North-7425,2020-02-22T18:00:00+11:00,-33.799444,150.997778,no2,ppm,0.001
7425,25469,Parramatta North-7425,2020-02-22T19:00:00+11:00,-33.799444,150.997778,no2,ppm,0.004
7425,25469,Parramatta North-7425,2020-02-22T20:00:00+11:00,-33.799444,150.997778,no2,ppm,0.006
7425,25469,Parramatta North-7425,2020-02-22T21:00:00+11:00,-33.799444,150.997778,no2,ppm,0.007
7425,25469,Parramatta North-7425,2020-02-22T22:00:00+11:00,-33.799444,150.997778,no2,ppm,0.008
7425,25469,Parramatta North-7425,2020-02-22T23:00:00+11:00,-33.799444,150.997778,no2,ppm,0.006
7425,28317,Parramatta North-7425,2020-02-22T01:00:00+11:00,-33.799444,150.997778,co,ppm,0.1
7425,28317,Parramatta North-7425,2020-02-22T02:00:00+11:00,-33.799444,150.997778,co,ppm,0.1
7425,28317,Parramatta North-7425,2020-02-22T03:00:00+11:00,-33.799444,150.997778,co,ppm,0.1
7425,28317,Parramatta North-7425,2020-02-22T04:00:00+11:00,-33.799444,150.997778,co,ppm,0.1
7425,28317,Parramatta North-7425,2020-02-22T05:00:00+11:00,-33.799444,150.997778,co,ppm,0.1
7425,28317,Parramatta North-7425,2020-02-22T06:00:00+11:00,-33.799444,150.997778,co,ppm,0.1
7425,28317,Parramatta North-7425,2020-02-22T07:00:00+11:00,-33.799444,150.997778,co,ppm,0.1
7425,28317,Parramatta North-7425,2020-02-22T08:00:00+11:00,-33.799444,150.997778,co,ppm,0.1
7425,28317,Parramatta North-7425,2020-02-22T09:00:00+11:00,-33.799444,150.997778,co,ppm,0.1
7425,28317,Parramatta North-7425,2020-02-22T10:00:00+11:00,-33.799444,150.997778,co,ppm,0.1
7425,28317,Parramatta North-7425,2020-02-22T11:00:00+11:00,-33.799444,150.997778,co,ppm,0.1
7425,28317,Parramatta North-7425,2020-02-22T12:00:00+11:00,-33.799444,150.997778,co,ppm,0.1
7425,28317,Parramatta North-7425,2020-02-22T13:00:00+11:00,-33.799444,150.997778,co,ppm,0.1
7425,28317,Parramatta North-7425,2020-02-22T14:00:00+11:00,-33.799444,150.997778,co,ppm,0.1
7425,28317,Parramatta North-7425,2020-02-22T15:00:00+11:00,-33.799444,150.997778,co,ppm,0.1
7425,28317,Parramatta North-7425,2020-02-22T16:00:00+11:00,-33.799444,150.997778,co,ppm,0.1
7425,28317,Parramatta North-7425,2020-02-22T17:00:00+11:00,-33.799444,150.997778,co,ppm,0.1
7425,28317,Parramatta North-7425,2020-02-22T18:00:00+11:00,-33.799444,150.997778,co,ppm,0.1
7425,28317,Parramatta North-7425,2020-02-22T19:00:00+11:00,-33.799444,150.997778,co,ppm,0.1
7425,28317,Parramatta North-7425,2020-02-22T20:00:00+11:00,-33.799444,150.997778,co,ppm,0.1
7425,28317,Parramatta North-7425,2020-02-22T21:00:00+11:00,-33.799444,150.997778,co,ppm,0.1
7425,28317,Parramatta North-7425,2020-02-22T22:00:00+11:00,-33.799444,150.997778,co,ppm,0.1
7425,28317,Parramatta North-7425,2020-02-22T23:00:00+11:00,-33.799444,150.997778,co,ppm,0.1
7425,25471,Parramatta North-7425,2020-02-22T01:00:00+11:00,-33.799444,150.997778,so2,ppm,0.0
7425,25471,Parramatta North-7425,2020-02-22T03:00:00+11:00,-33.799444,150.997778,so2,ppm,0.0
7425,25471,Parramatta North-7425,2020-02-22T04:00:00+11:00,-33.799444,150.997778,so2,ppm,0.0
7425,25471,Parramatta North-7425,2020-02-22T05:00:00+11:00,-33.799444,150.997778,so2,ppm,0.0
7425,25471,Parramatta North-7425,2020-02-22T06:00:00+11:00,-33.799444,150.997778,so2,ppm,0.001
7425,25471,Parramatta North-7425,2020-02-22T07:00:00+11:00,-33.799444,150.997778,so2,ppm,0.001
7425,25471,Parramatta North-7425,2020-02-22T08:00:00+11:00,-33.799444,150.997778,so2,ppm,0.001
7425,25471,Parramatta North-7425,2020-02-22T09:00:00+11:00,-33.799444,150.997778,so2,ppm,0.001
7425,25471,Parramatta North-7425,2020-02-22T10:00:00+11:00,-33.799444,150.997778,so2,ppm,0.001
7425,25471,Parramatta North-7425,2020-02-22T11:00:00+11:00,-33.799444,150.997778,so2,ppm,0.001
7425,25471,Parramatta North-7425,2020-02-22T12:00:00+11:00,-33.799444,150.997778,so2,ppm,0.0
7425,25471,Parramatta North-7425,2020-02-22T13:00:00+11:00,-33.799444,150.997778,so2,ppm,0.0
7425,25471,Parramatta North-7425,2020-02-22T14:00:00+11:00,-33.799444,150.997778,so2,ppm,0.0
7425,25471,Parramatta North-7425,2020-02-22T15:00:00+11:00,-33.799444,150.997778,so2,ppm,0.0
7425,25471,Parramatta North-7425,2020-02-22T16:00:00+11:00,-33.799444,150.997778,so2,ppm,0.0
7425,25471,Parramatta North-7425,2020-02-22T17:00:00+11:00,-33.799444,150.997778,so2,ppm,0.0
7425,25471,Parramatta North-7425,2020-02-22T18:00:00+11:00,-33.799444,150.997778,so2,ppm,0.0
7425,25471,Parramatta North-7425,2020-02-22T19:00:00+11:00,-33.799444,150.997778,so2,ppm,0.0
7425,25471,Parramatta North-7425,2020-02-22T20:00:00+11:00,-33.799444,150.997778,so2,ppm,0.0
7425,25471,Parramatta North-7425,2020-02-22T21:00:00+11:00,-33.799444,150.997778,so2,ppm,0.0
7425,25471,Parramatta North-7425,2020-02-22T22:00:00+11:00,-33.799444,150.997778,so2,ppm,0.0
7425,25471,Parramatta North-7425,2020-02-22T23:00:00+11:00,-33.799444,150.997778,so2,ppm,0.0
7425,25470,Parramatta North-7425,2020-02-22T01:00:00+11:00,-33.799444,150.997778,o3,ppm,0.019
7425,25470,Parramatta North-7425,2020-02-22T02:00:00+11:00,-33.799444,150.997778,o3,ppm,0.02
7425,25470,Parramatta North-7425,2020-02-22T03:00:00+11:00,-33.799444,150.997778,o3,ppm,0.019
7425,25470,Parramatta North-7425,2020-02-22T04:00:00+11:00,-33.799444,150.997778,o3,ppm,0.017
7425,25470,Parramatta North-7425,2020-02-22T05:00:00+11:00,-33.799444,150.997778,o3,ppm,0.017
7425,25470,Parramatta North-7425,2020-02-22T06:00:00+11:00,-33.799444,150.997778,o3,ppm,0.014
7425,25470,Parramatta North-7425,2020-02-22T07:00:00+11:00,-33.799444,150.997778,o3,ppm,0.011
7425,25470,Parramatta North-7425,2020-02-22T08:00:00+11:00,-33.799444,150.997778,o3,ppm,0.012
7425,25470,Parramatta North-7425,2020-02-22T09:00:00+11:00,-33.799444,150.997778,o3,ppm,0.012
7425,25470,Parramatta North-7425,2020-02-22T10:00:00+11:00,-33.799444,150.997778,o3,ppm,0.011
7425,25470,Parramatta North-7425,2020-02-22T11:00:00+11:00,-33.799444,150.997778,o3,ppm,0.013
7425,25470,Parramatta North-7425,2020-02-22T12:00:00+11:00,-33.799444,150.997778,o3,ppm,0.02
7425,25470,Parramatta North-7425,2020-02-22T13:00:00+11:00,-33.799444,150.997778,o3,ppm,0.022
7425,25470,Parramatta North-7425,2020-02-22T14:00:00+11:00,-33.799444,150.997778,o3,ppm,0.023
7425,25470,Parramatta North-7425,2020-02-22T15:00:00+11:00,-33.799444,150.997778,o3,ppm,0.022
7425,25470,Parramatta North-7425,2020-02-22T16:00:00+11:00,-33.799444,150.997778,o3,ppm,0.022
7425,25470,Parramatta North-7425,2020-02-22T17:00:00+11:00,-33.799444,150.997778,o3,ppm,0.02
7425,25470,Parramatta North-7425,2020-02-22T18:00:00+11:00,-33.799444,150.997778,o3,ppm,0.019
7425,25470,Parramatta North-7425,2020-02-22T19:00:00+11:00,-33.799444,150.997778,o3,ppm,0.017
7425,25470,Parramatta North-7425,2020-02-22T20:00:00+11:00,-33.799444,150.997778,o3,ppm,0.013
7425,25470,Parramatta North-7425,2020-02-22T21:00:00+11:00,-33.799444,150.997778,o3,ppm,0.011
7425,25470,Parramatta North-7425,2020-02-22T22:00:00+11:00,-33.799444,150.997778,o3,ppm,0.007
7425,25470,Parramatta North-7425,2020-02-22T23:00:00+11:00,-33.799444,150.997778,o3,ppm,0.007
7425,21603,Parramatta North-7425,2020-02-23T01:00:00+11:00,-33.799444,150.997778,pm10,µg/m³,12.5
7425,21603,Parramatta North-7425,2020-02-23T02:00:00+11:00,-33.799444,150.997778,pm10,µg/m³,14.0
7425,21603,Parramatta North-7425,2020-02-23T03:00:00+11:00,-33.799444,150.997778,pm10,µg/m³,10.9
7425,21603,Parramatta North-7425,2020-02-23T05:00:00+11:00,-33.799444,150.997778,pm10,µg/m³,12.8
7425,21603,Parramatta North-7425,2020-02-23T06:00:00+11:00,-33.799444,150.997778,pm10,µg/m³,10.9
7425,21603,Parramatta North-7425,2020-02-23T07:00:00+11:00,-33.799444,150.997778,pm10,µg/m³,8.4
7425,21603,Parramatta North-7425,2020-02-23T08:00:00+11:00,-33.799444,150.997778,pm10,µg/m³,12.8
7425,21603,Parramatta North-7425,2020-02-23T09:00:00+11:00,-33.799444,150.997778,pm10,µg/m³,15.3
7425,21603,Parramatta North-7425,2020-02-23T10:00:00+11:00,-33.799444,150.997778,pm10,µg/m³,12.2
7425,21603,Parramatta North-7425,2020-02-23T11:00:00+11:00,-33.799444,150.997778,pm10,µg/m³,17.4
7425,21603,Parramatta North-7425,2020-02-23T12:00:00+11:00,-33.799444,150.997778,pm10,µg/m³,20.1
7425,21603,Parramatta North-7425,2020-02-23T13:00:00+11:00,-33.799444,150.997778,pm10,µg/m³,8.7
7425,21603,Parramatta North-7425,2020-02-23T14:00:00+11:00,-33.799444,150.997778,pm10,µg/m³,12.4
7425,21603,Parramatta North-7425,2020-02-23T15:00:00+11:00,-33.799444,150.997778,pm10,µg/m³,5.8
7425,21603,Parramatta North-7425,2020-02-23T16:00:00+11:00,-33.799444,150.997778,pm10,µg/m³,11.0
7425,21603,Parramatta North-7425,2020-02-23T17:00:00+11:00,-33.799444,150.997778,pm10,µg/m³,12.1
7425,21603,Parramatta North-7425,2020-02-23T18:00:00+11:00,-33.799444,150.997778,pm10,µg/m³,13.6
7425,21603,Parramatta North-7425,2020-02-23T19:00:00+11:00,-33.799444,150.997778,pm10,µg/m³,14.0
7425,21603,Parramatta North-7425,2020-02-23T20:00:00+11:00,-33.799444,150.997778,pm10,µg/m³,18.8
7425,21603,Parramatta North-7425,2020-02-23T21:00:00+11:00,-33.799444,150.997778,pm10,µg/m³,16.9
7425,21603,Parramatta North-7425,2020-02-23T22:00:00+11:00,-33.799444,150.997778,pm10,µg/m³,12.2
7425,21603,Parramatta North-7425,2020-02-23T23:00:00+11:00,-33.799444,150.997778,pm10,µg/m³,14.7
7425,21604,Parramatta North-7425,2020-02-23T01:00:00+11:00,-33.799444,150.997778,pm25,µg/m³,0.9
7425,21604,Parramatta North-7425,2020-02-23T02:00:00+11:00,-33.799444,150.997778,pm25,µg/m³,1.2
7425,21604,Parramatta North-7425,2020-02-23T03:00:00+11:00,-33.799444,150.997778,pm25,µg/m³,1.0
7425,21604,Parramatta North-7425,2020-02-23T05:00:00+11:00,-33.799444,150.997778,pm25,µg/m³,10.8
7425,21604,Parramatta North-7425,2020-02-23T06:00:00+11:00,-33.799444,150.997778,pm25,µg/m³,7.0
7425,21604,Parramatta North-7425,2020-02-23T07:00:00+11:00,-33.799444,150.997778,pm25,µg/m³,4.2
7425,21604,Parramatta North-7425,2020-02-23T08:00:00+11:00,-33.799444,150.997778,pm25,µg/m³,3.0
7425,21604,Parramatta North-7425,2020-02-23T09:00:00+11:00,-33.799444,150.997778,pm25,µg/m³,1.0
7425,21604,Parramatta North-7425,2020-02-23T10:00:00+11:00,-33.799444,150.997778,pm25,µg/m³,1.3
7425,21604,Parramatta North-7425,2020-02-23T11:00:00+11:00,-33.799444,150.997778,pm25,µg/m³,2.7
7425,21604,Parramatta North-7425,2020-02-23T12:00:00+11:00,-33.799444,150.997778,pm25,µg/m³,2.9
7425,21604,Parramatta North-7425,2020-02-23T13:00:00+11:00,-33.799444,150.997778,pm25,µg/m³,2.7
7425,21604,Parramatta North-7425,2020-02-23T14:00:00+11:00,-33.799444,150.997778,pm25,µg/m³,3.9
7425,21604,Parramatta North-7425,2020-02-23T15:00:00+11:00,-33.799444,150.997778,pm25,µg/m³,3.7
7425,21604,Parramatta North-7425,2020-02-23T16:00:00+11:00,-33.799444,150.997778,pm25,µg/m³,3.0
7425,21604,Parramatta North-7425,2020-02-23T17:00:00+11:00,-33.799444,150.997778,pm25,µg/m³,2.0
7425,21604,Parramatta North-7425,2020-02-23T18:00:00+11:00,-33.799444,150.997778,pm25,µg/m³,1.6
7425,21604,Parramatta North-7425,2020-02-23T19:00:00+11:00,-33.799444,150.997778,pm25,µg/m³,0.6
7425,21604,Parramatta North-7425,2020-02-23T20:00:00+11:00,-33.799444,150.997778,pm25,µg/m³,6.3
7425,21604,Parramatta North-7425,2020-02-23T21:00:00+11:00,-33.799444,150.997778,pm25,µg/m³,3.4
7425,21604,Parramatta North-7425,2020-02-23T22:00:00+11:00,-33.799444,150.997778,pm25,µg/m³,0.9
7425,21604,Parramatta North-7425,2020-02-23T23:00:00+11:00,-33.799444,150.997778,pm25,µg/m³,2.3
7425,25469,Parramatta North-7425,2020-02-23T01:00:00+11:00,-33.799444,150.997778,no2,ppm,0.003
7425,25469,Parramatta North-7425,2020-02-23T03:00:00+11:00,-33.799444,150.997778,no2,ppm,0.005
7425,25469,Parramatta North-7425,2020-02-23T05:00:00+11:00,-33.799444,150.997778,no2,ppm,0.002
7425,25469,Parramatta North-7425,2020-02-23T06:00:00+11:00,-33.799444,150.997778,no2,ppm,0.003
7425,25469,Parramatta North-7425,2020-02-23T07:00:00+11:00,-33.799444,150.997778,no2,ppm,0.004
7425,25469,Parramatta North-7425,2020-02-23T08:00:00+11:00,-33.799444,150.997778,no2,ppm,0.005
7425,25469,Parramatta North-7425,2020-02-23T09:00:00+11:00,-33.799444,150.997778,no2,ppm,0.003
7425,25469,Parramatta North-7425,2020-02-23T10:00:00+11:00,-33.799444,150.997778,no2,ppm,0.004
7425,25469,Parramatta North-7425,2020-02-23T11:00:00+11:00,-33.799444,150.997778,no2,ppm,0.003
7425,25469,Parramatta North-7425,2020-02-23T12:00:00+11:00,-33.799444,150.997778,no2,ppm,0.001
7425,25469,Parramatta North-7425,2020-02-23T13:00:00+11:00,-33.799444,150.997778,no2,ppm,0.001
7425,25469,Parramatta North-7425,2020-02-23T14:00:00+11:00,-33.799444,150.997778,no2,ppm,0.002
7425,25469,Parramatta North-7425,2020-02-23T15:00:00+11:00,-33.799444,150.997778,no2,ppm,0.001
7425,25469,Parramatta North-7425,2020-02-23T16:00:00+11:00,-33.799444,150.997778,no2,ppm,0.001
7425,25469,Parramatta North-7425,2020-02-23T17:00:00+11:00,-33.799444,150.997778,no2,ppm,0.001
7425,25469,Parramatta North-7425,2020-02-23T18:00:00+11:00,-33.799444,150.997778,no2,ppm,0.001
7425,25469,Parramatta North-7425,2020-02-23T19:00:00+11:00,-33.799444,150.997778,no2,ppm,0.001
7425,25469,Parramatta North-7425,2020-02-23T20:00:00+11:00,-33.799444,150.997778,no2,ppm,0.003
7425,25469,Parramatta North-7425,2020-02-23T21:00:00+11:00,-33.799444,150.997778,no2,ppm,0.004
7425,25469,Parramatta North-7425,2020-02-23T22:00:00+11:00,-33.799444,150.997778,no2,ppm,0.005
7425,25469,Parramatta North-7425,2020-02-23T23:00:00+11:00,-33.799444,150.997778,no2,ppm,0.006
7425,28317,Parramatta North-7425,2020-02-23T01:00:00+11:00,-33.799444,150.997778,co,ppm,0.1
7425,28317,Parramatta North-7425,2020-02-23T02:00:00+11:00,-33.799444,150.997778,co,ppm,0.1
7425,28317,Parramatta North-7425,2020-02-23T03:00:00+11:00,-33.799444,150.997778,co,ppm,0.1
7425,28317,Parramatta North-7425,2020-02-23T05:00:00+11:00,-33.799444,150.997778,co,ppm,0.1
7425,28317,Parramatta North-7425,2020-02-23T06:00:00+11:00,-33.799444,150.997778,co,ppm,0.1
7425,28317,Parramatta North-7425,2020-02-23T07:00:00+11:00,-33.799444,150.997778,co,ppm,0.1
7425,28317,Parramatta North-7425,2020-02-23T08:00:00+11:00,-33.799444,150.997778,co,ppm,0.1
7425,28317,Parramatta North-7425,2020-02-23T09:00:00+11:00,-33.799444,150.997778,co,ppm,0.1
7425,28317,Parramatta North-7425,2020-02-23T10:00:00+11:00,-33.799444,150.997778,co,ppm,0.1
7425,28317,Parramatta North-7425,2020-02-23T11:00:00+11:00,-33.799444,150.997778,co,ppm,0.1
7425,28317,Parramatta North-7425,2020-02-23T12:00:00+11:00,-33.799444,150.997778,co,ppm,0.1
7425,28317,Parramatta North-7425,2020-02-23T13:00:00+11:00,-33.799444,150.997778,co,ppm,0.1
7425,28317,Parramatta North-7425,2020-02-23T14:00:00+11:00,-33.799444,150.997778,co,ppm,0.1
7425,28317,Parramatta North-7425,2020-02-23T15:00:00+11:00,-33.799444,150.997778,co,ppm,0.1
7425,28317,Parramatta North-7425,2020-02-23T16:00:00+11:00,-33.799444,150.997778,co,ppm,0.1
7425,28317,Parramatta North-7425,2020-02-23T17:00:00+11:00,-33.799444,150.997778,co,ppm,0.1
7425,28317,Parramatta North-7425,2020-02-23T18:00:00+11:00,-33.799444,150.997778,co,ppm,0.1
7425,28317,Parramatta North-7425,2020-02-23T19:00:00+11:00,-33.799444,150.997778,co,ppm,0.1
7425,28317,Parramatta North-7425,2020-02-23T20:00:00+11:00,-33.799444,150.997778,co,ppm,0.1
7425,28317,Parramatta North-7425,2020-02-23T21:00:00+11:00,-33.799444,150.997778,co,ppm,0.1
7425,28317,Parramatta North-7425,2020-02-23T22:00:00+11:00,-33.799444,150.997778,co,ppm,0.1
7425,28317,Parramatta North-7425,2020-02-23T23:00:00+11:00,-33.799444,150.997778,co,ppm,0.1
7425,25471,Parramatta North-7425,2020-02-23T01:00:00+11:00,-33.799444,150.997778,so2,ppm,0.0
7425,25471,Parramatta North-7425,2020-02-23T03:00:00+11:00,-33.799444,150.997778,so2,ppm,0.0
7425,25471,Parramatta North-7425,2020-02-23T05:00:00+11:00,-33.799444,150.997778,so2,ppm,0.0
7425,25471,Parramatta North-7425,2020-02-23T06:00:00+11:00,-33.799444,150.997778,so2,ppm,0.0
7425,25471,Parramatta North-7425,2020-02-23T07:00:00+11:00,-33.799444,150.997778,so2,ppm,0.0
7425,25471,Parramatta North-7425,2020-02-23T08:00:00+11:00,-33.799444,150.997778,so2,ppm,0.0
7425,25471,Parramatta North-7425,2020-02-23T09:00:00+11:00,-33.799444,150.997778,so2,ppm,0.0
7425,25471,Parramatta North-7425,2020-02-23T10:00:00+11:00,-33.799444,150.997778,so2,ppm,0.004
7425,25471,Parramatta North-7425,2020-02-23T11:00:00+11:00,-33.799444,150.997778,so2,ppm,0.003
7425,25471,Parramatta North-7425,2020-02-23T12:00:00+11:00,-33.799444,150.997778,so2,ppm,0.001
7425,25471,Parramatta North-7425,2020-02-23T13:00:00+11:00,-33.799444,150.997778,so2,ppm,0.0
7425,25471,Parramatta North-7425,2020-02-23T14:00:00+11:00,-33.799444,150.997778,so2,ppm,0.0
7425,25471,Parramatta North-7425,2020-02-23T15:00:00+11:00,-33.799444,150.997778,so2,ppm,0.0
7425,25471,Parramatta North-7425,2020-02-23T16:00:00+11:00,-33.799444,150.997778,so2,ppm,0.0
7425,25471,Parramatta North-7425,2020-02-23T17:00:00+11:00,-33.799444,150.997778,so2,ppm,0.0
7425,25471,Parramatta North-7425,2020-02-23T18:00:00+11:00,-33.799444,150.997778,so2,ppm,0.0
7425,25471,Parramatta North-7425,2020-02-23T19:00:00+11:00,-33.799444,150.997778,so2,ppm,0.0
7425,25471,Parramatta North-7425,2020-02-23T20:00:00+11:00,-33.799444,150.997778,so2,ppm,0.0
7425,25471,Parramatta North-7425,2020-02-23T21:00:00+11:00,-33.799444,150.997778,so2,ppm,0.0
7425,25471,Parramatta North-7425,2020-02-23T22:00:00+11:00,-33.799444,150.997778,so2,ppm,0.0
7425,25471,Parramatta North-7425,2020-02-23T23:00:00+11:00,-33.799444,150.997778,so2,ppm,0.0
7425,25470,Parramatta North-7425,2020-02-23T01:00:00+11:00,-33.799444,150.997778,o3,ppm,0.009
7425,25470,Parramatta North-7425,2020-02-23T02:00:00+11:00,-33.799444,150.997778,o3,ppm,0.009
7425,25470,Parramatta North-7425,2020-02-23T03:00:00+11:00,-33.799444,150.997778,o3,ppm,0.007
7425,25470,Parramatta North-7425,2020-02-23T05:00:00+11:00,-33.799444,150.997778,o3,ppm,0.016
7425,25470,Parramatta North-7425,2020-02-23T06:00:00+11:00,-33.799444,150.997778,o3,ppm,0.015
7425,25470,Parramatta North-7425,2020-02-23T07:00:00+11:00,-33.799444,150.997778,o3,ppm,0.011
7425,25470,Parramatta North-7425,2020-02-23T08:00:00+11:00,-33.799444,150.997778,o3,ppm,0.012
7425,25470,Parramatta North-7425,2020-02-23T09:00:00+11:00,-33.799444,150.997778,o3,ppm,0.016
7425,25470,Parramatta North-7425,2020-02-23T10:00:00+11:00,-33.799444,150.997778,o3,ppm,0.018
7425,25470,Parramatta North-7425,2020-02-23T11:00:00+11:00,-33.799444,150.997778,o3,ppm,0.021
7425,25470,Parramatta North-7425,2020-02-23T12:00:00+11:00,-33.799444,150.997778,o3,ppm,0.024
7425,25470,Parramatta North-7425,2020-02-23T13:00:00+11:00,-33.799444,150.997778,o3,ppm,0.025
7425,25470,Parramatta North-7425,2020-02-23T14:00:00+11:00,-33.799444,150.997778,o3,ppm,0.023
7425,25470,Parramatta North-7425,2020-02-23T15:00:00+11:00,-33.799444,150.997778,o3,ppm,0.026
7425,25470,Parramatta North-7425,2020-02-23T16:00:00+11:00,-33.799444,150.997778,o3,ppm,0.027
7425,25470,Parramatta North-7425,2020-02-23T17:00:00+11:00,-33.799444,150.997778,o3,ppm,0.024
7425,25470,Parramatta North-7425,2020-02-23T18:00:00+11:00,-33.799444,150.997778,o3,ppm,0.022
7425,25470,Parramatta North-7425,2020-02-23T19:00:00+11:00,-33.799444,150.997778,o3,ppm,0.022
7425,25470,Parramatta North-7425,2020-02-23T20:00:00+11:00,-33.799444,150.997778,o3,ppm,0.02
7425,25470,Parramatta North-7425,2020-02-23T21:00:00+11:00,-33.799444,150.997778,o3,ppm,0.016
7425,25470,Parramatta North-7425,2020-02-23T22:00:00+11:00,-33.799444,150.997778,o3,ppm,0.014
7425,25470,Parramatta North-7425,2020-02-23T23:00:00+11:00,-33.799444,150.997778,o3,ppm,0.01
7425,21603,Parramatta North-7425,2020-02-24T01:00:00+11:00,-33.799444,150.997778,pm10,µg/m³,11.5
7425,21603,Parramatta North-7425,2020-02-24T02:00:00+11:00,-33.799444,150.997778,pm10,µg/m³,11.5
7425,21603,Parramatta North-7425,2020-02-24T03:00:00+11:00,-33.799444,150.997778,pm10,µg/m³,11.0
7425,21603,Parramatta North-7425,2020-02-24T04:00:00+11:00,-33.799444,150.997778,pm10,µg/m³,15.6
7425,21603,Parramatta North-7425,2020-02-24T05:00:00+11:00,-33.799444,150.997778,pm10,µg/m³,14.4
7425,21603,Parramatta North-7425,2020-02-24T06:00:00+11:00,-33.799444,150.997778,pm10,µg/m³,19.4
7425,21603,Parramatta North-7425,2020-02-24T07:00:00+11:00,-33.799444,150.997778,pm10,µg/m³,23.9
7425,21603,Parramatta North-7425,2020-02-24T08:00:00+11:00,-33.799444,150.997778,pm10,µg/m³,25.6
7425,21603,Parramatta North-7425,2020-02-24T09:00:00+11:00,-33.799444,150.997778,pm10,µg/m³,17.5
7425,21603,Parramatta North-7425,2020-02-24T10:00:00+11:00,-33.799444,150.997778,pm10,µg/m³,13.0
7425,21603,Parramatta North-7425,2020-02-24T11:00:00+11:00,-33.799444,150.997778,pm10,µg/m³,25.7
7425,21603,Parramatta North-7425,2020-02-24T12:00:00+11:00,-33.799444,150.997778,pm10,µg/m³,17.9
7425,21603,Parramatta North-7425,2020-02-24T13:00:00+11:00,-33.799444,150.997778,pm10,µg/m³,17.4
7425,21603,Parramatta North-7425,2020-02-24T14:00:00+11:00,-33.799444,150.997778,pm10,µg/m³,20.0
7425,21603,Parramatta North-7425,2020-02-24T15:00:00+11:00,-33.799444,150.997778,pm10,µg/m³,20.6
7425,21603,Parramatta North-7425,2020-02-24T16:00:00+11:00,-33.799444,150.997778,pm10,µg/m³,13.8
7425,21603,Parramatta North-7425,2020-02-24T17:00:00+11:00,-33.799444,150.997778,pm10,µg/m³,19.6
7425,21603,Parramatta North-7425,2020-02-24T18:00:00+11:00,-33.799444,150.997778,pm10,µg/m³,18.5
7425,21603,Parramatta North-7425,2020-02-24T19:00:00+11:00,-33.799444,150.997778,pm10,µg/m³,18.2
7425,21603,Parramatta North-7425,2020-02-24T20:00:00+11:00,-33.799444,150.997778,pm10,µg/m³,14.4
7425,21603,Parramatta North-7425,2020-02-24T21:00:00+11:00,-33.799444,150.997778,pm10,µg/m³,16.7
7425,21603,Parramatta North-7425,2020-02-24T22:00:00+11:00,-33.799444,150.997778,pm10,µg/m³,13.0
7425,21603,Parramatta North-7425,2020-02-24T23:00:00+11:00,-33.799444,150.997778,pm10,µg/m³,12.6
7425,21604,Parramatta North-7425,2020-02-24T01:00:00+11:00,-33.799444,150.997778,pm25,µg/m³,7.9
7425,21604,Parramatta North-7425,2020-02-24T02:00:00+11:00,-33.799444,150.997778,pm25,µg/m³,13.2
7425,21604,Parramatta North-7425,2020-02-24T03:00:00+11:00,-33.799444,150.997778,pm25,µg/m³,1.7
7425,21604,Parramatta North-7425,2020-02-24T04:00:00+11:00,-33.799444,150.997778,pm25,µg/m³,2.7
7425,21604,Parramatta North-7425,2020-02-24T05:00:00+11:00,-33.799444,150.997778,pm25,µg/m³,4.6
7425,21604,Parramatta North-7425,2020-02-24T06:00:00+11:00,-33.799444,150.997778,pm25,µg/m³,5.1
7425,21604,Parramatta North-7425,2020-02-24T07:00:00+11:00,-33.799444,150.997778,pm25,µg/m³,6.5
7425,21604,Parramatta North-7425,2020-02-24T08:00:00+11:00,-33.799444,150.997778,pm25,µg/m³,6.2
7425,21604,Parramatta North-7425,2020-02-24T09:00:00+11:00,-33.799444,150.997778,pm25,µg/m³,4.8
7425,21604,Parramatta North-7425,2020-02-24T10:00:00+11:00,-33.799444,150.997778,pm25,µg/m³,2.6
7425,21604,Parramatta North-7425,2020-02-24T11:00:00+11:00,-33.799444,150.997778,pm25,µg/m³,2.4
7425,21604,Parramatta North-7425,2020-02-24T12:00:00+11:00,-33.799444,150.997778,pm25,µg/m³,0.0
7425,21604,Parramatta North-7425,2020-02-24T13:00:00+11:00,-33.799444,150.997778,pm25,µg/m³,4.5
7425,21604,Parramatta North-7425,2020-02-24T14:00:00+11:00,-33.799444,150.997778,pm25,µg/m³,6.4
7425,21604,Parramatta North-7425,2020-02-24T15:00:00+11:00,-33.799444,150.997778,pm25,µg/m³,7.5
7425,21604,Parramatta North-7425,2020-02-24T16:00:00+11:00,-33.799444,150.997778,pm25,µg/m³,6.2
7425,21604,Parramatta North-7425,2020-02-24T17:00:00+11:00,-33.799444,150.997778,pm25,µg/m³,5.7
7425,21604,Parramatta North-7425,2020-02-24T18:00:00+11:00,-33.799444,150.997778,pm25,µg/m³,6.2
7425,21604,Parramatta North-7425,2020-02-24T19:00:00+11:00,-33.799444,150.997778,pm25,µg/m³,5.5
7425,21604,Parramatta North-7425,2020-02-24T20:00:00+11:00,-33.799444,150.997778,pm25,µg/m³,5.8
7425,21604,Parramatta North-7425,2020-02-24T21:00:00+11:00,-33.799444,150.997778,pm25,µg/m³,6.3
7425,21604,Parramatta North-7425,2020-02-24T22:00:00+11:00,-33.799444,150.997778,pm25,µg/m³,6.2
7425,21604,Parramatta North-7425,2020-02-24T23:00:00+11:00,-33.799444,150.997778,pm25,µg/m³,2.2
7425,25469,Parramatta North-7425,2020-02-24T01:00:00+11:00,-33.799444,150.997778,no2,ppm,0.009
7425,25469,Parramatta North-7425,2020-02-24T03:00:00+11:00,-33.799444,150.997778,no2,ppm,0.007
7425,25469,Parramatta North-7425,2020-02-24T04:00:00+11:00,-33.799444,150.997778,no2,ppm,0.009
7425,25469,Parramatta North-7425,2020-02-24T05:00:00+11:00,-33.799444,150.997778,no2,ppm,0.011
7425,25469,Parramatta North-7425,2020-02-24T06:00:00+11:00,-33.799444,150.997778,no2,ppm,0.013
7425,25469,Parramatta North-7425,2020-02-24T07:00:00+11:00,-33.799444,150.997778,no2,ppm,0.014
7425,25469,Parramatta North-7425,2020-02-24T08:00:00+11:00,-33.799444,150.997778,no2,ppm,0.015
7425,25469,Parramatta North-7425,2020-02-24T09:00:00+11:00,-33.799444,150.997778,no2,ppm,0.006
7425,25469,Parramatta North-7425,2020-02-24T10:00:00+11:00,-33.799444,150.997778,no2,ppm,0.003
7425,25469,Parramatta North-7425,2020-02-24T11:00:00+11:00,-33.799444,150.997778,no2,ppm,0.008
7425,25469,Parramatta North-7425,2020-02-24T12:00:00+11:00,-33.799444,150.997778,no2,ppm,0.006
7425,25469,Parramatta North-7425,2020-02-24T13:00:00+11:00,-33.799444,150.997778,no2,ppm,0.003
7425,25469,Parramatta North-7425,2020-02-24T14:00:00+11:00,-33.799444,150.997778,no2,ppm,0.004
7425,25469,Parramatta North-7425,2020-02-24T15:00:00+11:00,-33.799444,150.997778,no2,ppm,0.003
7425,25469,Parramatta North-7425,2020-02-24T16:00:00+11:00,-33.799444,150.997778,no2,ppm,0.003
7425,25469,Parramatta North-7425,2020-02-24T17:00:00+11:00,-33.799444,150.997778,no2,ppm,0.003
7425,25469,Parramatta North-7425,2020-02-24T18:00:00+11:00,-33.799444,150.997778,no2,ppm,0.004
7425,25469,Parramatta North-7425,2020-02-24T19:00:00+11:00,-33.799444,150.997778,no2,ppm,0.005
7425,25469,Parramatta North-7425,2020-02-24T20:00:00+11:00,-33.799444,150.997778,no2,ppm,0.005
7425,25469,Parramatta North-7425,2020-02-24T21:00:00+11:00,-33.799444,150.997778,no2,ppm,0.006
7425,25469,Parramatta North-7425,2020-02-24T22:00:00+11:00,-33.799444,150.997778,no2,ppm,0.005
7425,25469,Parramatta North-7425,2020-02-24T23:00:00+11:00,-33.799444,150.997778,no2,ppm,0.008
7425,28317,Parramatta North-7425,2020-02-24T01:00:00+11:00,-33.799444,150.997778,co,ppm,0.1
7425,28317,Parramatta North-7425,2020-02-24T02:00:00+11:00,-33.799444,150.997778,co,ppm,0.1
7425,28317,Parramatta North-7425,2020-02-24T03:00:00+11:00,-33.799444,150.997778,co,ppm,0.1
7425,28317,Parramatta North-7425,2020-02-24T04:00:00+11:00,-33.799444,150.997778,co,ppm,0.1
7425,28317,Parramatta North-7425,2020-02-24T05:00:00+11:00,-33.799444,150.997778,co,ppm,0.1
7425,28317,Parramatta North-7425,2020-02-24T06:00:00+11:00,-33.799444,150.997778,co,ppm,0.2
7425,28317,Parramatta North-7425,2020-02-24T07:00:00+11:00,-33.799444,150.997778,co,ppm,0.2
7425,28317,Parramatta North-7425,2020-02-24T08:00:00+11:00,-33.799444,150.997778,co,ppm,0.2
7425,28317,Parramatta North-7425,2020-02-24T09:00:00+11:00,-33.799444,150.997778,co,ppm,0.2
7425,28317,Parramatta North-7425,2020-02-24T10:00:00+11:00,-33.799444,150.997778,co,ppm,0.2
7425,28317,Parramatta North-7425,2020-02-24T11:00:00+11:00,-33.799444,150.997778,co,ppm,0.2
7425,28317,Parramatta North-7425,2020-02-24T12:00:00+11:00,-33.799444,150.997778,co,ppm,0.2
7425,28317,Parramatta North-7425,2020-02-24T13:00:00+11:00,-33.799444,150.997778,co,ppm,0.2
7425,28317,Parramatta North-7425,2020-02-24T14:00:00+11:00,-33.799444,150.997778,co,ppm,0.2
7425,28317,Parramatta North-7425,2020-02-24T15:00:00+11:00,-33.799444,150.997778,co,ppm,0.1
7425,28317,Parramatta North-7425,2020-02-24T16:00:00+11:00,-33.799444,150.997778,co,ppm,0.1
7425,28317,Parramatta North-7425,2020-02-24T17:00:00+11:00,-33.799444,150.997778,co,ppm,0.1
7425,28317,Parramatta North-7425,2020-02-24T18:00:00+11:00,-33.799444,150.997778,co,ppm,0.1
7425,28317,Parramatta North-7425,2020-02-24T19:00:00+11:00,-33.799444,150.997778,co,ppm,0.1
7425,28317,Parramatta North-7425,2020-02-24T20:00:00+11:00,-33.799444,150.997778,co,ppm,0.1
7425,28317,Parramatta North-7425,2020-02-24T21:00:00+11:00,-33.799444,150.997778,co,ppm,0.1
7425,28317,Parramatta North-7425,2020-02-24T22:00:00+11:00,-33.799444,150.997778,co,ppm,0.1
7425,28317,Parramatta North-7425,2020-02-24T23:00:00+11:00,-33.799444,150.997778,co,ppm,0.1
7425,25471,Parramatta North-7425,2020-02-24T01:00:00+11:00,-33.799444,150.997778,so2,ppm,0.0
7425,25471,Parramatta North-7425,2020-02-24T03:00:00+11:00,-33.799444,150.997778,so2,ppm,0.0
7425,25471,Parramatta North-7425,2020-02-24T04:00:00+11:00,-33.799444,150.997778,so2,ppm,0.001
7425,25471,Parramatta North-7425,2020-02-24T05:00:00+11:00,-33.799444,150.997778,so2,ppm,0.001
7425,25471,Parramatta North-7425,2020-02-24T06:00:00+11:00,-33.799444,150.997778,so2,ppm,0.002
7425,25471,Parramatta North-7425,2020-02-24T07:00:00+11:00,-33.799444,150.997778,so2,ppm,0.002
7425,25471,Parramatta North-7425,2020-02-24T08:00:00+11:00,-33.799444,150.997778,so2,ppm,0.002
7425,25471,Parramatta North-7425,2020-02-24T09:00:00+11:00,-33.799444,150.997778,so2,ppm,0.002
7425,25471,Parramatta North-7425,2020-02-24T10:00:00+11:00,-33.799444,150.997778,so2,ppm,0.005
7425,25471,Parramatta North-7425,2020-02-24T11:00:00+11:00,-33.799444,150.997778,so2,ppm,0.002
7425,25471,Parramatta North-7425,2020-02-24T12:00:00+11:00,-33.799444,150.997778,so2,ppm,0.003
7425,25471,Parramatta North-7425,2020-02-24T13:00:00+11:00,-33.799444,150.997778,so2,ppm,0.003
7425,25471,Parramatta North-7425,2020-02-24T14:00:00+11:00,-33.799444,150.997778,so2,ppm,0.004
7425,25471,Parramatta North-7425,2020-02-24T15:00:00+11:00,-33.799444,150.997778,so2,ppm,0.003
7425,25471,Parramatta North-7425,2020-02-24T16:00:00+11:00,-33.799444,150.997778,so2,ppm,0.002
7425,25471,Parramatta North-7425,2020-02-24T17:00:00+11:00,-33.799444,150.997778,so2,ppm,0.002
7425,25471,Parramatta North-7425,2020-02-24T18:00:00+11:00,-33.799444,150.997778,so2,ppm,0.002
7425,25471,Parramatta North-7425,2020-02-24T19:00:00+11:00,-33.799444,150.997778,so2,ppm,0.002
7425,25471,Parramatta North-7425,2020-02-24T20:00:00+11:00,-33.799444,150.997778,so2,ppm,0.001
7425,25471,Parramatta North-7425,2020-02-24T21:00:00+11:00,-33.799444,150.997778,so2,ppm,0.001
7425,25471,Parramatta North-7425,2020-02-24T22:00:00+11:00,-33.799444,150.997778,so2,ppm,0.001
7425,25471,Parramatta North-7425,2020-02-24T23:00:00+11:00,-33.799444,150.997778,so2,ppm,0.001
7425,25470,Parramatta North-7425,2020-02-24T01:00:00+11:00,-33.799444,150.997778,o3,ppm,0.002
7425,25470,Parramatta North-7425,2020-02-24T02:00:00+11:00,-33.799444,150.997778,o3,ppm,0.005
7425,25470,Parramatta North-7425,2020-02-24T03:00:00+11:00,-33.799444,150.997778,o3,ppm,0.002
7425,25470,Parramatta North-7425,2020-02-24T04:00:00+11:00,-33.799444,150.997778,o3,ppm,0.001
7425,25470,Parramatta North-7425,2020-02-24T05:00:00+11:00,-33.799444,150.997778,o3,ppm,0.001
7425,25470,Parramatta North-7425,2020-02-24T06:00:00+11:00,-33.799444,150.997778,o3,ppm,0.001
7425,25470,Parramatta North-7425,2020-02-24T07:00:00+11:00,-33.799444,150.997778,o3,ppm,0.001
7425,25470,Parramatta North-7425,2020-02-24T08:00:00+11:00,-33.799444,150.997778,o3,ppm,0.005
7425,25470,Parramatta North-7425,2020-02-24T09:00:00+11:00,-33.799444,150.997778,o3,ppm,0.018
7425,25470,Parramatta North-7425,2020-02-24T10:00:00+11:00,-33.799444,150.997778,o3,ppm,0.024
7425,25470,Parramatta North-7425,2020-02-24T11:00:00+11:00,-33.799444,150.997778,o3,ppm,0.02
7425,25470,Parramatta North-7425,2020-02-24T12:00:00+11:00,-33.799444,150.997778,o3,ppm,0.023
7425,25470,Parramatta North-7425,2020-02-24T13:00:00+11:00,-33.799444,150.997778,o3,ppm,0.032
7425,25470,Parramatta North-7425,2020-02-24T14:00:00+11:00,-33.799444,150.997778,o3,ppm,0.031
7425,25470,Parramatta North-7425,2020-02-24T15:00:00+11:00,-33.799444,150.997778,o3,ppm,0.039
7425,25470,Parramatta North-7425,2020-02-24T16:00:00+11:00,-33.799444,150.997778,o3,ppm,0.034
7425,25470,Parramatta North-7425,2020-02-24T17:00:00+11:00,-33.799444,150.997778,o3,ppm,0.031
7425,25470,Parramatta North-7425,2020-02-24T18:00:00+11:00,-33.799444,150.997778,o3,ppm,0.026
7425,25470,Parramatta North-7425,2020-02-24T19:00:00+11:00,-33.799444,150.997778,o3,ppm,0.023
7425,25470,Parramatta North-7425,2020-02-24T20:00:00+11:00,-33.799444,150.997778,o3,ppm,0.02
7425,25470,Parramatta North-7425,2020-02-24T21:00:00+11:00,-33.799444,150.997778,o3,ppm,0.017
7425,25470,Parramatta North-7425,2020-02-24T22:00:00+11:00,-33.799444,150.997778,o3,ppm,0.016
7425,25470,Parramatta North-7425,2020-02-24T23:00:00+11:00,-33.799444,150.997778,o3,ppm,0.009
7425,21603,Parramatta North-7425,2020-02-25T01:00:00+11:00,-33.799444,150.997778,pm10,µg/m³,11.0
7425,21603,Parramatta North-7425,2020-02-25T02:00:00+11:00,-33.799444,150.997778,pm10,µg/m³,8.9
7425,21603,Parramatta North-7425,2020-02-25T03:00:00+11:00,-33.799444,150.997778,pm10,µg/m³,13.1
7425,21603,Parramatta North-7425,2020-02-25T04:00:00+11:00,-33.799444,150.997778,pm10,µg/m³,11.6
7425,21603,Parramatta North-7425,2020-02-25T05:00:00+11:00,-33.799444,150.997778,pm10,µg/m³,12.2
7425,21603,Parramatta North-7425,2020-02-25T06:00:00+11:00,-33.799444,150.997778,pm10,µg/m³,14.5
7425,21603,Parramatta North-7425,2020-02-25T07:00:00+11:00,-33.799444,150.997778,pm10,µg/m³,28.1
7425,21603,Parramatta North-7425,2020-02-25T08:00:00+11:00,-33.799444,150.997778,pm10,µg/m³,28.1
7425,21603,Parramatta North-7425,2020-02-25T09:00:00+11:00,-33.799444,150.997778,pm10,µg/m³,14.9
7425,21603,Parramatta North-7425,2020-02-25T10:00:00+11:00,-33.799444,150.997778,pm10,µg/m³,12.4
7425,21603,Parramatta North-7425,2020-02-25T11:00:00+11:00,-33.799444,150.997778,pm10,µg/m³,8.7
7425,21603,Parramatta North-7425,2020-02-25T12:00:00+11:00,-33.799444,150.997778,pm10,µg/m³,3.5
7425,21603,Parramatta North-7425,2020-02-25T13:00:00+11:00,-33.799444,150.997778,pm10,µg/m³,7.8
7425,21603,Parramatta North-7425,2020-02-25T14:00:00+11:00,-33.799444,150.997778,pm10,µg/m³,22.2
7425,21603,Parramatta North-7425,2020-02-25T15:00:00+11:00,-33.799444,150.997778,pm10,µg/m³,29.2
7425,21603,Parramatta North-7425,2020-02-25T16:00:00+11:00,-33.799444,150.997778,pm10,µg/m³,22.7
7425,21603,Parramatta North-7425,2020-02-25T17:00:00+11:00,-33.799444,150.997778,pm10,µg/m³,26.2
7425,21603,Parramatta North-7425,2020-02-25T18:00:00+11:00,-33.799444,150.997778,pm10,µg/m³,18.2
7425,21603,Parramatta North-7425,2020-02-25T20:00:00+11:00,-33.799444,150.997778,pm10,µg/m³,17.5
7425,21603,Parramatta North-7425,2020-02-25T21:00:00+11:00,-33.799444,150.997778,pm10,µg/m³,19.1
7425,21603,Parramatta North-7425,2020-02-25T22:00:00+11:00,-33.799444,150.997778,pm10,µg/m³,16.3
7425,21603,Parramatta North-7425,2020-02-25T23:00:00+11:00,-33.799444,150.997778,pm10,µg/m³,14.6
7425,21604,Parramatta North-7425,2020-02-25T01:00:00+11:00,-33.799444,150.997778,pm25,µg/m³,6.7
7425,21604,Parramatta North-7425,2020-02-25T02:00:00+11:00,-33.799444,150.997778,pm25,µg/m³,8.0
7425,21604,Parramatta North-7425,2020-02-25T03:00:00+11:00,-33.799444,150.997778,pm25,µg/m³,4.4
7425,21604,Parramatta North-7425,2020-02-25T04:00:00+11:00,-33.799444,150.997778,pm25,µg/m³,4.3
7425,21604,Parramatta North-7425,2020-02-25T05:00:00+11:00,-33.799444,150.997778,pm25,µg/m³,4.1
7425,21604,Parramatta North-7425,2020-02-25T06:00:00+11:00,-33.799444,150.997778,pm25,µg/m³,3.4
7425,21604,Parramatta North-7425,2020-02-25T07:00:00+11:00,-33.799444,150.997778,pm25,µg/m³,7.2
7425,21604,Parramatta North-7425,2020-02-25T08:00:00+11:00,-33.799444,150.997778,pm25,µg/m³,5.9
7425,21604,Parramatta North-7425,2020-02-25T09:00:00+11:00,-33.799444,150.997778,pm25,µg/m³,5.8
7425,21604,Parramatta North-7425,2020-02-25T10:00:00+11:00,-33.799444,150.997778,pm25,µg/m³,3.5
7425,21604,Parramatta North-7425,2020-02-25T11:00:00+11:00,-33.799444,150.997778,pm25,µg/m³,4.3
7425,21604,Parramatta North-7425,2020-02-25T12:00:00+11:00,-33.799444,150.997778,pm25,µg/m³,5.3
7425,21604,Parramatta North-7425,2020-02-25T13:00:00+11:00,-33.799444,150.997778,pm25,µg/m³,5.8
7425,21604,Parramatta North-7425,2020-02-25T14:00:00+11:00,-33.799444,150.997778,pm25,µg/m³,4.0
7425,21604,Parramatta North-7425,2020-02-25T15:00:00+11:00,-33.799444,150.997778,pm25,µg/m³,5.8
7425,21604,Parramatta North-7425,2020-02-25T16:00:00+11:00,-33.799444,150.997778,pm25,µg/m³,6.4
7425,21604,Parramatta North-7425,2020-02-25T17:00:00+11:00,-33.799444,150.997778,pm25,µg/m³,6.6
7425,21604,Parramatta North-7425,2020-02-25T18:00:00+11:00,-33.799444,150.997778,pm25,µg/m³,6.7
7425,21604,Parramatta North-7425,2020-02-25T20:00:00+11:00,-33.799444,150.997778,pm25,µg/m³,4.9
7425,21604,Parramatta North-7425,2020-02-25T21:00:00+11:00,-33.799444,150.997778,pm25,µg/m³,5.0
7425,21604,Parramatta North-7425,2020-02-25T22:00:00+11:00,-33.799444,150.997778,pm25,µg/m³,5.1
7425,21604,Parramatta North-7425,2020-02-25T23:00:00+11:00,-33.799444,150.997778,pm25,µg/m³,4.4
7425,25469,Parramatta North-7425,2020-02-25T01:00:00+11:00,-33.799444,150.997778,no2,ppm,0.011
7425,25469,Parramatta North-7425,2020-02-25T03:00:00+11:00,-33.799444,150.997778,no2,ppm,0.009
7425,25469,Parramatta North-7425,2020-02-25T04:00:00+11:00,-33.799444,150.997778,no2,ppm,0.009
7425,25469,Parramatta North-7425,2020-02-25T05:00:00+11:00,-33.799444,150.997778,no2,ppm,0.009
7425,25469,Parramatta North-7425,2020-02-25T06:00:00+11:00,-33.799444,150.997778,no2,ppm,0.009
7425,25469,Parramatta North-7425,2020-02-25T07:00:00+11:00,-33.799444,150.997778,no2,ppm,0.023
7425,25469,Parramatta North-7425,2020-02-25T08:00:00+11:00,-33.799444,150.997778,no2,ppm,0.02
7425,25469,Parramatta North-7425,2020-02-25T09:00:00+11:00,-33.799444,150.997778,no2,ppm,0.012
7425,25469,Parramatta North-7425,2020-02-25T10:00:00+11:00,-33.799444,150.997778,no2,ppm,0.004
7425,25469,Parramatta North-7425,2020-02-25T11:00:00+11:00,-33.799444,150.997778,no2,ppm,0.005
7425,25469,Parramatta North-7425,2020-02-25T12:00:00+11:00,-33.799444,150.997778,no2,ppm,0.005
7425,25469,Parramatta North-7425,2020-02-25T13:00:00+11:00,-33.799444,150.997778,no2,ppm,0.003
7425,25469,Parramatta North-7425,2020-02-25T14:00:00+11:00,-33.799444,150.997778,no2,ppm,0.004
7425,25469,Parramatta North-7425,2020-02-25T15:00:00+11:00,-33.799444,150.997778,no2,ppm,0.005
7425,25469,Parramatta North-7425,2020-02-25T16:00:00+11:00,-33.799444,150.997778,no2,ppm,0.006
7425,25469,Parramatta North-7425,2020-02-25T17:00:00+11:00,-33.799444,150.997778,no2,ppm,0.006
7425,25469,Parramatta North-7425,2020-02-25T18:00:00+11:00,-33.799444,150.997778,no2,ppm,0.005
7425,25469,Parramatta North-7425,2020-02-25T20:00:00+11:00,-33.799444,150.997778,no2,ppm,0.004
7425,25469,Parramatta North-7425,2020-02-25T21:00:00+11:00,-33.799444,150.997778,no2,ppm,0.01
7425,25469,Parramatta North-7425,2020-02-25T22:00:00+11:00,-33.799444,150.997778,no2,ppm,0.009
7425,25469,Parramatta North-7425,2020-02-25T23:00:00+11:00,-33.799444,150.997778,no2,ppm,0.009
7425,28317,Parramatta North-7425,2020-02-25T01:00:00+11:00,-33.799444,150.997778,co,ppm,0.1
7425,28317,Parramatta North-7425,2020-02-25T02:00:00+11:00,-33.799444,150.997778,co,ppm,0.1
7425,28317,Parramatta North-7425,2020-02-25T03:00:00+11:00,-33.799444,150.997778,co,ppm,0.1
7425,28317,Parramatta North-7425,2020-02-25T04:00:00+11:00,-33.799444,150.997778,co,ppm,0.1
7425,28317,Parramatta North-7425,2020-02-25T05:00:00+11:00,-33.799444,150.997778,co,ppm,0.1
7425,28317,Parramatta North-7425,2020-02-25T06:00:00+11:00,-33.799444,150.997778,co,ppm,0.2
7425,28317,Parramatta North-7425,2020-02-25T07:00:00+11:00,-33.799444,150.997778,co,ppm,0.2
7425,28317,Parramatta North-7425,2020-02-25T08:00:00+11:00,-33.799444,150.997778,co,ppm,0.3
7425,28317,Parramatta North-7425,2020-02-25T09:00:00+11:00,-33.799444,150.997778,co,ppm,0.3
7425,28317,Parramatta North-7425,2020-02-25T10:00:00+11:00,-33.799444,150.997778,co,ppm,0.2
7425,28317,Parramatta North-7425,2020-02-25T11:00:00+11:00,-33.799444,150.997778,co,ppm,0.2
7425,28317,Parramatta North-7425,2020-02-25T12:00:00+11:00,-33.799444,150.997778,co,ppm,0.2
7425,28317,Parramatta North-7425,2020-02-25T13:00:00+11:00,-33.799444,150.997778,co,ppm,0.2
7425,28317,Parramatta North-7425,2020-02-25T14:00:00+11:00,-33.799444,150.997778,co,ppm,0.2
7425,28317,Parramatta North-7425,2020-02-25T15:00:00+11:00,-33.799444,150.997778,co,ppm,0.1
7425,28317,Parramatta North-7425,2020-02-25T16:00:00+11:00,-33.799444,150.997778,co,ppm,0.1
7425,28317,Parramatta North-7425,2020-02-25T17:00:00+11:00,-33.799444,150.997778,co,ppm,0.1
7425,28317,Parramatta North-7425,2020-02-25T18:00:00+11:00,-33.799444,150.997778,co,ppm,0.1
7425,28317,Parramatta North-7425,2020-02-25T20:00:00+11:00,-33.799444,150.997778,co,ppm,0.1
7425,28317,Parramatta North-7425,2020-02-25T21:00:00+11:00,-33.799444,150.997778,co,ppm,0.1
7425,28317,Parramatta North-7425,2020-02-25T22:00:00+11:00,-33.799444,150.997778,co,ppm,0.1
7425,28317,Parramatta North-7425,2020-02-25T23:00:00+11:00,-33.799444,150.997778,co,ppm,0.1
7425,25471,Parramatta North-7425,2020-02-25T01:00:00+11:00,-33.799444,150.997778,so2,ppm,0.001
7425,25471,Parramatta North-7425,2020-02-25T03:00:00+11:00,-33.799444,150.997778,so2,ppm,0.001
7425,25471,Parramatta North-7425,2020-02-25T04:00:00+11:00,-33.799444,150.997778,so2,ppm,0.001
7425,25471,Parramatta North-7425,2020-02-25T05:00:00+11:00,-33.799444,150.997778,so2,ppm,0.001
7425,25471,Parramatta North-7425,2020-02-25T06:00:00+11:00,-33.799444,150.997778,so2,ppm,0.001
7425,25471,Parramatta North-7425,2020-02-25T07:00:00+11:00,-33.799444,150.997778,so2,ppm,0.003
7425,25471,Parramatta North-7425,2020-02-25T08:00:00+11:00,-33.799444,150.997778,so2,ppm,0.002
7425,25471,Parramatta North-7425,2020-02-25T09:00:00+11:00,-33.799444,150.997778,so2,ppm,0.003
7425,25471,Parramatta North-7425,2020-02-25T10:00:00+11:00,-33.799444,150.997778,so2,ppm,0.003
7425,25471,Parramatta North-7425,2020-02-25T11:00:00+11:00,-33.799444,150.997778,so2,ppm,0.007
7425,25471,Parramatta North-7425,2020-02-25T12:00:00+11:00,-33.799444,150.997778,so2,ppm,0.007
7425,25471,Parramatta North-7425,2020-02-25T13:00:00+11:00,-33.799444,150.997778,so2,ppm,0.003
7425,25471,Parramatta North-7425,2020-02-25T14:00:00+11:00,-33.799444,150.997778,so2,ppm,0.003
7425,25471,Parramatta North-7425,2020-02-25T15:00:00+11:00,-33.799444,150.997778,so2,ppm,0.003
7425,25471,Parramatta North-7425,2020-02-25T16:00:00+11:00,-33.799444,150.997778,so2,ppm,0.005
7425,25471,Parramatta North-7425,2020-02-25T17:00:00+11:00,-33.799444,150.997778,so2,ppm,0.005
7425,25471,Parramatta North-7425,2020-02-25T18:00:00+11:00,-33.799444,150.997778,so2,ppm,0.003
7425,25471,Parramatta North-7425,2020-02-25T20:00:00+11:00,-33.799444,150.997778,so2,ppm,0.001
7425,25471,Parramatta North-7425,2020-02-25T21:00:00+11:00,-33.799444,150.997778,so2,ppm,0.008
7425,25471,Parramatta North-7425,2020-02-25T22:00:00+11:00,-33.799444,150.997778,so2,ppm,0.005
7425,25471,Parramatta North-7425,2020-02-25T23:00:00+11:00,-33.799444,150.997778,so2,ppm,0.003
7425,25470,Parramatta North-7425,2020-02-25T01:00:00+11:00,-33.799444,150.997778,o3,ppm,0.001
7425,25470,Parramatta North-7425,2020-02-25T02:00:00+11:00,-33.799444,150.997778,o3,ppm,0.004
7425,25470,Parramatta North-7425,2020-02-25T03:00:00+11:00,-33.799444,150.997778,o3,ppm,0.002
7425,25470,Parramatta North-7425,2020-02-25T04:00:00+11:00,-33.799444,150.997778,o3,ppm,0.001
7425,25470,Parramatta North-7425,2020-02-25T05:00:00+11:00,-33.799444,150.997778,o3,ppm,0.001
7425,25470,Parramatta North-7425,2020-02-25T06:00:00+11:00,-33.799444,150.997778,o3,ppm,0.001
7425,25470,Parramatta North-7425,2020-02-25T07:00:00+11:00,-33.799444,150.997778,o3,ppm,0.001
7425,25470,Parramatta North-7425,2020-02-25T08:00:00+11:00,-33.799444,150.997778,o3,ppm,0.003
7425,25470,Parramatta North-7425,2020-02-25T09:00:00+11:00,-33.799444,150.997778,o3,ppm,0.011
7425,25470,Parramatta North-7425,2020-02-25T10:00:00+11:00,-33.799444,150.997778,o3,ppm,0.021
7425,25470,Parramatta North-7425,2020-02-25T11:00:00+11:00,-33.799444,150.997778,o3,ppm,0.024
7425,25470,Parramatta North-7425,2020-02-25T12:00:00+11:00,-33.799444,150.997778,o3,ppm,0.025
7425,25470,Parramatta North-7425,2020-02-25T13:00:00+11:00,-33.799444,150.997778,o3,ppm,0.036
7425,25470,Parramatta North-7425,2020-02-25T14:00:00+11:00,-33.799444,150.997778,o3,ppm,0.047
7425,25470,Parramatta North-7425,2020-02-25T15:00:00+11:00,-33.799444,150.997778,o3,ppm,0.05
7425,25470,Parramatta North-7425,2020-02-25T16:00:00+11:00,-33.799444,150.997778,o3,ppm,0.044
7425,25470,Parramatta North-7425,2020-02-25T17:00:00+11:00,-33.799444,150.997778,o3,ppm,0.037
7425,25470,Parramatta North-7425,2020-02-25T18:00:00+11:00,-33.799444,150.997778,o3,ppm,0.032
7425,25470,Parramatta North-7425,2020-02-25T20:00:00+11:00,-33.799444,150.997778,o3,ppm,0.02
7425,25470,Parramatta North-7425,2020-02-25T21:00:00+11:00,-33.799444,150.997778,o3,ppm,0.012
7425,25470,Parramatta North-7425,2020-02-25T22:00:00+11:00,-33.799444,150.997778,o3,ppm,0.012
7425,25470,Parramatta North-7425,2020-02-25T23:00:00+11:00,-33.799444,150.997778,o3,ppm,0.01
7425,21603,Parramatta North-7425,2020-02-26T01:00:00+11:00,-33.799444,150.997778,pm10,µg/m³,13.3
7425,21603,Parramatta North-7425,2020-02-26T02:00:00+11:00,-33.799444,150.997778,pm10,µg/m³,13.5
7425,21603,Parramatta North-7425,2020-02-26T03:00:00+11:00,-33.799444,150.997778,pm10,µg/m³,6.4
7425,21603,Parramatta North-7425,2020-02-26T04:00:00+11:00,-33.799444,150.997778,pm10,µg/m³,8.5
7425,21603,Parramatta North-7425,2020-02-26T05:00:00+11:00,-33.799444,150.997778,pm10,µg/m³,14.9
7425,21603,Parramatta North-7425,2020-02-26T06:00:00+11:00,-33.799444,150.997778,pm10,µg/m³,14.0
7425,21603,Parramatta North-7425,2020-02-26T07:00:00+11:00,-33.799444,150.997778,pm10,µg/m³,9.0
7425,21603,Parramatta North-7425,2020-02-26T08:00:00+11:00,-33.799444,150.997778,pm10,µg/m³,17.3
7425,21603,Parramatta North-7425,2020-02-26T09:00:00+11:00,-33.799444,150.997778,pm10,µg/m³,10.2
7425,21603,Parramatta North-7425,2020-02-26T10:00:00+11:00,-33.799444,150.997778,pm10,µg/m³,11.1
7425,21603,Parramatta North-7425,2020-02-26T11:00:00+11:00,-33.799444,150.997778,pm10,µg/m³,8.1
7425,21603,Parramatta North-7425,2020-02-26T12:00:00+11:00,-33.799444,150.997778,pm10,µg/m³,8.2
7425,21603,Parramatta North-7425,2020-02-26T13:00:00+11:00,-33.799444,150.997778,pm10,µg/m³,24.5
7425,21603,Parramatta North-7425,2020-02-26T14:00:00+11:00,-33.799444,150.997778,pm10,µg/m³,13.1
7425,21603,Parramatta North-7425,2020-02-26T15:00:00+11:00,-33.799444,150.997778,pm10,µg/m³,7.0
7425,21603,Parramatta North-7425,2020-02-26T16:00:00+11:00,-33.799444,150.997778,pm10,µg/m³,20.0
7425,21603,Parramatta North-7425,2020-02-26T17:00:00+11:00,-33.799444,150.997778,pm10,µg/m³,12.6
7425,21603,Parramatta North-7425,2020-02-26T18:00:00+11:00,-33.799444,150.997778,pm10,µg/m³,9.4
7425,21603,Parramatta North-7425,2020-02-26T19:00:00+11:00,-33.799444,150.997778,pm10,µg/m³,24.0
7425,21603,Parramatta North-7425,2020-02-26T20:00:00+11:00,-33.799444,150.997778,pm10,µg/m³,61.2
7425,21603,Parramatta North-7425,2020-02-26T21:00:00+11:00,-33.799444,150.997778,pm10,µg/m³,45.6
7425,21603,Parramatta North-7425,2020-02-26T22:00:00+11:00,-33.799444,150.997778,pm10,µg/m³,38.6
7425,21603,Parramatta North-7425,2020-02-26T23:00:00+11:00,-33.799444,150.997778,pm10,µg/m³,47.8
7425,21604,Parramatta North-7425,2020-02-26T01:00:00+11:00,-33.799444,150.997778,pm25,µg/m³,3.6
7425,21604,Parramatta North-7425,2020-02-26T02:00:00+11:00,-33.799444,150.997778,pm25,µg/m³,3.9
7425,21604,Parramatta North-7425,2020-02-26T03:00:00+11:00,-33.799444,150.997778,pm25,µg/m³,4.2
7425,21604,Parramatta North-7425,2020-02-26T04:00:00+11:00,-33.799444,150.997778,pm25,µg/m³,4.8
7425,21604,Parramatta North-7425,2020-02-26T05:00:00+11:00,-33.799444,150.997778,pm25,µg/m³,6.8
7425,21604,Parramatta North-7425,2020-02-26T06:00:00+11:00,-33.799444,150.997778,pm25,µg/m³,7.7
7425,21604,Parramatta North-7425,2020-02-26T07:00:00+11:00,-33.799444,150.997778,pm25,µg/m³,8.3
7425,21604,Parramatta North-7425,2020-02-26T08:00:00+11:00,-33.799444,150.997778,pm25,µg/m³,4.9
7425,21604,Parramatta North-7425,2020-02-26T09:00:00+11:00,-33.799444,150.997778,pm25,µg/m³,1.4
7425,21604,Parramatta North-7425,2020-02-26T10:00:00+11:00,-33.799444,150.997778,pm25,µg/m³,0.7
7425,21604,Parramatta North-7425,2020-02-26T11:00:00+11:00,-33.799444,150.997778,pm25,µg/m³,2.9
7425,21604,Parramatta North-7425,2020-02-26T12:00:00+11:00,-33.799444,150.997778,pm25,µg/m³,1.1
7425,21604,Parramatta North-7425,2020-02-26T13:00:00+11:00,-33.799444,150.997778,pm25,µg/m³,4.2
7425,21604,Parramatta North-7425,2020-02-26T14:00:00+11:00,-33.799444,150.997778,pm25,µg/m³,3.9
7425,21604,Parramatta North-7425,2020-02-26T15:00:00+11:00,-33.799444,150.997778,pm25,µg/m³,1.2
7425,21604,Parramatta North-7425,2020-02-26T16:00:00+11:00,-33.799444,150.997778,pm25,µg/m³,2.2
7425,21604,Parramatta North-7425,2020-02-26T17:00:00+11:00,-33.799444,150.997778,pm25,µg/m³,1.7
7425,21604,Parramatta North-7425,2020-02-26T18:00:00+11:00,-33.799444,150.997778,pm25,µg/m³,5.1
7425,21604,Parramatta North-7425,2020-02-26T19:00:00+11:00,-33.799444,150.997778,pm25,µg/m³,2.3
7425,21604,Parramatta North-7425,2020-02-26T20:00:00+11:00,-33.799444,150.997778,pm25,µg/m³,10.5
7425,21604,Parramatta North-7425,2020-02-26T21:00:00+11:00,-33.799444,150.997778,pm25,µg/m³,14.0
7425,21604,Parramatta North-7425,2020-02-26T22:00:00+11:00,-33.799444,150.997778,pm25,µg/m³,11.4
7425,21604,Parramatta North-7425,2020-02-26T23:00:00+11:00,-33.799444,150.997778,pm25,µg/m³,10.9
7425,28317,Parramatta North-7425,2020-02-26T01:00:00+11:00,-33.799444,150.997778,co,ppm,0.1
7425,28317,Parramatta North-7425,2020-02-26T02:00:00+11:00,-33.799444,150.997778,co,ppm,0.1
7425,28317,Parramatta North-7425,2020-02-26T03:00:00+11:00,-33.799444,150.997778,co,ppm,0.1
7425,28317,Parramatta North-7425,2020-02-26T04:00:00+11:00,-33.799444,150.997778,co,ppm,0.1
7425,28317,Parramatta North-7425,2020-02-26T05:00:00+11:00,-33.799444,150.997778,co,ppm,0.1
7425,28317,Parramatta North-7425,2020-02-26T06:00:00+11:00,-33.799444,150.997778,co,ppm,0.1
7425,28317,Parramatta North-7425,2020-02-26T07:00:00+11:00,-33.799444,150.997778,co,ppm,0.1
7425,28317,Parramatta North-7425,2020-02-26T08:00:00+11:00,-33.799444,150.997778,co,ppm,0.1
7425,28317,Parramatta North-7425,2020-02-26T09:00:00+11:00,-33.799444,150.997778,co,ppm,0.1
7425,28317,Parramatta North-7425,2020-02-26T10:00:00+11:00,-33.799444,150.997778,co,ppm,0.1
7425,28317,Parramatta North-7425,2020-02-26T11:00:00+11:00,-33.799444,150.997778,co,ppm,0.1
7425,28317,Parramatta North-7425,2020-02-26T12:00:00+11:00,-33.799444,150.997778,co,ppm,0.1
7425,28317,Parramatta North-7425,2020-02-26T13:00:00+11:00,-33.799444,150.997778,co,ppm,0.1
7425,28317,Parramatta North-7425,2020-02-26T14:00:00+11:00,-33.799444,150.997778,co,ppm,0.1
7425,28317,Parramatta North-7425,2020-02-26T15:00:00+11:00,-33.799444,150.997778,co,ppm,0.1
7425,28317,Parramatta North-7425,2020-02-26T16:00:00+11:00,-33.799444,150.997778,co,ppm,0.1
7425,28317,Parramatta North-7425,2020-02-26T17:00:00+11:00,-33.799444,150.997778,co,ppm,0.1
7425,28317,Parramatta North-7425,2020-02-26T18:00:00+11:00,-33.799444,150.997778,co,ppm,0.1
7425,28317,Parramatta North-7425,2020-02-26T19:00:00+11:00,-33.799444,150.997778,co,ppm,0.1
7425,28317,Parramatta North-7425,2020-02-26T20:00:00+11:00,-33.799444,150.997778,co,ppm,0.1
7425,28317,Parramatta North-7425,2020-02-26T21:00:00+11:00,-33.799444,150.997778,co,ppm,0.1
7425,28317,Parramatta North-7425,2020-02-26T22:00:00+11:00,-33.799444,150.997778,co,ppm,0.1
7425,28317,Parramatta North-7425,2020-02-26T23:00:00+11:00,-33.799444,150.997778,co,ppm,0.1
7425,25469,Parramatta North-7425,2020-02-26T01:00:00+11:00,-33.799444,150.997778,no2,ppm,0.007
7425,25469,Parramatta North-7425,2020-02-26T03:00:00+11:00,-33.799444,150.997778,no2,ppm,0.006
7425,25469,Parramatta North-7425,2020-02-26T04:00:00+11:00,-33.799444,150.997778,no2,ppm,0.003
7425,25469,Parramatta North-7425,2020-02-26T05:00:00+11:00,-33.799444,150.997778,no2,ppm,0.007
7425,25469,Parramatta North-7425,2020-02-26T06:00:00+11:00,-33.799444,150.997778,no2,ppm,0.014
7425,25469,Parramatta North-7425,2020-02-26T07:00:00+11:00,-33.799444,150.997778,no2,ppm,0.014
7425,25469,Parramatta North-7425,2020-02-26T08:00:00+11:00,-33.799444,150.997778,no2,ppm,0.011
7425,25469,Parramatta North-7425,2020-02-26T09:00:00+11:00,-33.799444,150.997778,no2,ppm,0.005
7425,25469,Parramatta North-7425,2020-02-26T10:00:00+11:00,-33.799444,150.997778,no2,ppm,0.004
7425,25469,Parramatta North-7425,2020-02-26T11:00:00+11:00,-33.799444,150.997778,no2,ppm,0.003
7425,25469,Parramatta North-7425,2020-02-26T12:00:00+11:00,-33.799444,150.997778,no2,ppm,0.002
7425,25469,Parramatta North-7425,2020-02-26T13:00:00+11:00,-33.799444,150.997778,no2,ppm,0.005
7425,25469,Parramatta North-7425,2020-02-26T14:00:00+11:00,-33.799444,150.997778,no2,ppm,0.011
7425,25469,Parramatta North-7425,2020-02-26T15:00:00+11:00,-33.799444,150.997778,no2,ppm,0.005
7425,25469,Parramatta North-7425,2020-02-26T16:00:00+11:00,-33.799444,150.997778,no2,ppm,0.004
7425,25469,Parramatta North-7425,2020-02-26T17:00:00+11:00,-33.799444,150.997778,no2,ppm,0.009
7425,25469,Parramatta North-7425,2020-02-26T18:00:00+11:00,-33.799444,150.997778,no2,ppm,0.009
7425,25469,Parramatta North-7425,2020-02-26T19:00:00+11:00,-33.799444,150.997778,no2,ppm,0.004
7425,25469,Parramatta North-7425,2020-02-26T20:00:00+11:00,-33.799444,150.997778,no2,ppm,0.001
7425,25469,Parramatta North-7425,2020-02-26T21:00:00+11:00,-33.799444,150.997778,no2,ppm,0.001
7425,25469,Parramatta North-7425,2020-02-26T22:00:00+11:00,-33.799444,150.997778,no2,ppm,0.0
7425,25469,Parramatta North-7425,2020-02-26T23:00:00+11:00,-33.799444,150.997778,no2,ppm,0.0
7425,25470,Parramatta North-7425,2020-02-26T01:00:00+11:00,-33.799444,150.997778,o3,ppm,0.006
7425,25470,Parramatta North-7425,2020-02-26T02:00:00+11:00,-33.799444,150.997778,o3,ppm,0.008
7425,25470,Parramatta North-7425,2020-02-26T03:00:00+11:00,-33.799444,150.997778,o3,ppm,0.008
7425,25470,Parramatta North-7425,2020-02-26T04:00:00+11:00,-33.799444,150.997778,o3,ppm,0.018
7425,25470,Parramatta North-7425,2020-02-26T05:00:00+11:00,-33.799444,150.997778,o3,ppm,0.013
7425,25470,Parramatta North-7425,2020-02-26T06:00:00+11:00,-33.799444,150.997778,o3,ppm,0.004
7425,25470,Parramatta North-7425,2020-02-26T07:00:00+11:00,-33.799444,150.997778,o3,ppm,0.008
7425,25470,Parramatta North-7425,2020-02-26T08:00:00+11:00,-33.799444,150.997778,o3,ppm,0.015
7425,25470,Parramatta North-7425,2020-02-26T09:00:00+11:00,-33.799444,150.997778,o3,ppm,0.025
7425,25470,Parramatta North-7425,2020-02-26T10:00:00+11:00,-33.799444,150.997778,o3,ppm,0.03
7425,25470,Parramatta North-7425,2020-02-26T11:00:00+11:00,-33.799444,150.997778,o3,ppm,0.035
7425,25470,Parramatta North-7425,2020-02-26T12:00:00+11:00,-33.799444,150.997778,o3,ppm,0.038
7425,25470,Parramatta North-7425,2020-02-26T13:00:00+11:00,-33.799444,150.997778,o3,ppm,0.032
7425,25470,Parramatta North-7425,2020-02-26T14:00:00+11:00,-33.799444,150.997778,o3,ppm,0.024
7425,25470,Parramatta North-7425,2020-02-26T15:00:00+11:00,-33.799444,150.997778,o3,ppm,0.035
7425,25470,Parramatta North-7425,2020-02-26T16:00:00+11:00,-33.799444,150.997778,o3,ppm,0.036
7425,25470,Parramatta North-7425,2020-02-26T17:00:00+11:00,-33.799444,150.997778,o3,ppm,0.024
7425,25470,Parramatta North-7425,2020-02-26T18:00:00+11:00,-33.799444,150.997778,o3,ppm,0.025
7425,25470,Parramatta North-7425,2020-02-26T19:00:00+11:00,-33.799444,150.997778,o3,ppm,0.027
7425,25470,Parramatta North-7425,2020-02-26T20:00:00+11:00,-33.799444,150.997778,o3,ppm,0.025
7425,25470,Parramatta North-7425,2020-02-26T21:00:00+11:00,-33.799444,150.997778,o3,ppm,0.023
7425,25470,Parramatta North-7425,2020-02-26T22:00:00+11:00,-33.799444,150.997778,o3,ppm,0.022
7425,25470,Parramatta North-7425,2020-02-26T23:00:00+11:00,-33.799444,150.997778,o3,ppm,0.023
7425,25471,Parramatta North-7425,2020-02-26T01:00:00+11:00,-33.799444,150.997778,so2,ppm,0.001
7425,25471,Parramatta North-7425,2020-02-26T03:00:00+11:00,-33.799444,150.997778,so2,ppm,0.001
7425,25471,Parramatta North-7425,2020-02-26T04:00:00+11:00,-33.799444,150.997778,so2,ppm,0.001
7425,25471,Parramatta North-7425,2020-02-26T05:00:00+11:00,-33.799444,150.997778,so2,ppm,0.001
7425,25471,Parramatta North-7425,2020-02-26T06:00:00+11:00,-33.799444,150.997778,so2,ppm,0.0
7425,25471,Parramatta North-7425,2020-02-26T07:00:00+11:00,-33.799444,150.997778,so2,ppm,0.001
7425,25471,Parramatta North-7425,2020-02-26T08:00:00+11:00,-33.799444,150.997778,so2,ppm,0.001
7425,25471,Parramatta North-7425,2020-02-26T09:00:00+11:00,-33.799444,150.997778,so2,ppm,0.002
7425,25471,Parramatta North-7425,2020-02-26T10:00:00+11:00,-33.799444,150.997778,so2,ppm,0.001
7425,25471,Parramatta North-7425,2020-02-26T11:00:00+11:00,-33.799444,150.997778,so2,ppm,0.001
7425,25471,Parramatta North-7425,2020-02-26T12:00:00+11:00,-33.799444,150.997778,so2,ppm,0.0
7425,25471,Parramatta North-7425,2020-02-26T13:00:00+11:00,-33.799444,150.997778,so2,ppm,0.0
7425,25471,Parramatta North-7425,2020-02-26T14:00:00+11:00,-33.799444,150.997778,so2,ppm,0.0
7425,25471,Parramatta North-7425,2020-02-26T15:00:00+11:00,-33.799444,150.997778,so2,ppm,0.001
7425,25471,Parramatta North-7425,2020-02-26T16:00:00+11:00,-33.799444,150.997778,so2,ppm,0.0
7425,25471,Parramatta North-7425,2020-02-26T17:00:00+11:00,-33.799444,150.997778,so2,ppm,0.0
7425,25471,Parramatta North-7425,2020-02-26T18:00:00+11:00,-33.799444,150.997778,so2,ppm,0.0
7425,25471,Parramatta North-7425,2020-02-26T19:00:00+11:00,-33.799444,150.997778,so2,ppm,0.0
7425,25471,Parramatta North-7425,2020-02-26T20:00:00+11:00,-33.799444,150.997778,so2,ppm,0.0
7425,25471,Parramatta North-7425,2020-02-26T21:00:00+11:00,-33.799444,150.997778,so2,ppm,0.0
7425,25471,Parramatta North-7425,2020-02-26T22:00:00+11:00,-33.799444,150.997778,so2,ppm,0.0
7425,25471,Parramatta North-7425,2020-02-26T23:00:00+11:00,-33.799444,150.997778,so2,ppm,0.0
7425,21603,Parramatta North-7425,2020-02-27T01:00:00+11:00,-33.799444,150.997778,pm10,µg/m³,39.6
7425,21603,Parramatta North-7425,2020-02-27T02:00:00+11:00,-33.799444,150.997778,pm10,µg/m³,38.0
7425,21603,Parramatta North-7425,2020-02-27T03:00:00+11:00,-33.799444,150.997778,pm10,µg/m³,38.7
7425,21603,Parramatta North-7425,2020-02-27T04:00:00+11:00,-33.799444,150.997778,pm10,µg/m³,38.9
7425,21603,Parramatta North-7425,2020-02-27T05:00:00+11:00,-33.799444,150.997778,pm10,µg/m³,37.5
7425,21603,Parramatta North-7425,2020-02-27T06:00:00+11:00,-33.799444,150.997778,pm10,µg/m³,34.9
7425,21603,Parramatta North-7425,2020-02-27T07:00:00+11:00,-33.799444,150.997778,pm10,µg/m³,35.1
7425,21603,Parramatta North-7425,2020-02-27T08:00:00+11:00,-33.799444,150.997778,pm10,µg/m³,37.1
7425,21603,Parramatta North-7425,2020-02-27T09:00:00+11:00,-33.799444,150.997778,pm10,µg/m³,38.6
7425,21603,Parramatta North-7425,2020-02-27T10:00:00+11:00,-33.799444,150.997778,pm10,µg/m³,42.7
7425,21603,Parramatta North-7425,2020-02-27T11:00:00+11:00,-33.799444,150.997778,pm10,µg/m³,38.3
7425,21603,Parramatta North-7425,2020-02-27T12:00:00+11:00,-33.799444,150.997778,pm10,µg/m³,38.4
7425,21603,Parramatta North-7425,2020-02-27T13:00:00+11:00,-33.799444,150.997778,pm10,µg/m³,35.3
7425,21603,Parramatta North-7425,2020-02-27T14:00:00+11:00,-33.799444,150.997778,pm10,µg/m³,36.5
7425,21603,Parramatta North-7425,2020-02-27T15:00:00+11:00,-33.799444,150.997778,pm10,µg/m³,39.4
7425,21603,Parramatta North-7425,2020-02-27T16:00:00+11:00,-33.799444,150.997778,pm10,µg/m³,40.0
7425,21603,Parramatta North-7425,2020-02-27T17:00:00+11:00,-33.799444,150.997778,pm10,µg/m³,40.5
7425,21603,Parramatta North-7425,2020-02-27T18:00:00+11:00,-33.799444,150.997778,pm10,µg/m³,41.6
7425,21603,Parramatta North-7425,2020-02-27T19:00:00+11:00,-33.799444,150.997778,pm10,µg/m³,37.8
7425,21603,Parramatta North-7425,2020-02-27T20:00:00+11:00,-33.799444,150.997778,pm10,µg/m³,34.5
7425,21603,Parramatta North-7425,2020-02-27T21:00:00+11:00,-33.799444,150.997778,pm10,µg/m³,39.6
7425,21603,Parramatta North-7425,2020-02-27T22:00:00+11:00,-33.799444,150.997778,pm10,µg/m³,32.0
7425,21603,Parramatta North-7425,2020-02-27T23:00:00+11:00,-33.799444,150.997778,pm10,µg/m³,26.6
7425,21604,Parramatta North-7425,2020-02-27T01:00:00+11:00,-33.799444,150.997778,pm25,µg/m³,12.4
7425,21604,Parramatta North-7425,2020-02-27T02:00:00+11:00,-33.799444,150.997778,pm25,µg/m³,10.5
7425,21604,Parramatta North-7425,2020-02-27T03:00:00+11:00,-33.799444,150.997778,pm25,µg/m³,8.0
7425,21604,Parramatta North-7425,2020-02-27T04:00:00+11:00,-33.799444,150.997778,pm25,µg/m³,8.4
7425,21604,Parramatta North-7425,2020-02-27T05:00:00+11:00,-33.799444,150.997778,pm25,µg/m³,10.0
7425,21604,Parramatta North-7425,2020-02-27T06:00:00+11:00,-33.799444,150.997778,pm25,µg/m³,9.1
7425,21604,Parramatta North-7425,2020-02-27T07:00:00+11:00,-33.799444,150.997778,pm25,µg/m³,9.0
7425,21604,Parramatta North-7425,2020-02-27T08:00:00+11:00,-33.799444,150.997778,pm25,µg/m³,8.7
7425,21604,Parramatta North-7425,2020-02-27T09:00:00+11:00,-33.799444,150.997778,pm25,µg/m³,8.5
7425,21604,Parramatta North-7425,2020-02-27T10:00:00+11:00,-33.799444,150.997778,pm25,µg/m³,7.7
7425,21604,Parramatta North-7425,2020-02-27T11:00:00+11:00,-33.799444,150.997778,pm25,µg/m³,6.5
7425,21604,Parramatta North-7425,2020-02-27T12:00:00+11:00,-33.799444,150.997778,pm25,µg/m³,10.9
7425,21604,Parramatta North-7425,2020-02-27T13:00:00+11:00,-33.799444,150.997778,pm25,µg/m³,9.2
7425,21604,Parramatta North-7425,2020-02-27T14:00:00+11:00,-33.799444,150.997778,pm25,µg/m³,3.9
7425,21604,Parramatta North-7425,2020-02-27T15:00:00+11:00,-33.799444,150.997778,pm25,µg/m³,5.8
7425,21604,Parramatta North-7425,2020-02-27T16:00:00+11:00,-33.799444,150.997778,pm25,µg/m³,6.0
7425,21604,Parramatta North-7425,2020-02-27T17:00:00+11:00,-33.799444,150.997778,pm25,µg/m³,5.5
7425,21604,Parramatta North-7425,2020-02-27T18:00:00+11:00,-33.799444,150.997778,pm25,µg/m³,6.5
7425,21604,Parramatta North-7425,2020-02-27T19:00:00+11:00,-33.799444,150.997778,pm25,µg/m³,7.7
7425,21604,Parramatta North-7425,2020-02-27T20:00:00+11:00,-33.799444,150.997778,pm25,µg/m³,5.6
7425,21604,Parramatta North-7425,2020-02-27T21:00:00+11:00,-33.799444,150.997778,pm25,µg/m³,7.4
7425,21604,Parramatta North-7425,2020-02-27T22:00:00+11:00,-33.799444,150.997778,pm25,µg/m³,9.6
7425,21604,Parramatta North-7425,2020-02-27T23:00:00+11:00,-33.799444,150.997778,pm25,µg/m³,7.2
7425,25469,Parramatta North-7425,2020-02-27T01:00:00+11:00,-33.799444,150.997778,no2,ppm,0.0
7425,25469,Parramatta North-7425,2020-02-27T03:00:00+11:00,-33.799444,150.997778,no2,ppm,0.001
7425,25469,Parramatta North-7425,2020-02-27T04:00:00+11:00,-33.799444,150.997778,no2,ppm,0.001
7425,25469,Parramatta North-7425,2020-02-27T05:00:00+11:00,-33.799444,150.997778,no2,ppm,0.001
7425,25469,Parramatta North-7425,2020-02-27T06:00:00+11:00,-33.799444,150.997778,no2,ppm,0.004
7425,25469,Parramatta North-7425,2020-02-27T07:00:00+11:00,-33.799444,150.997778,no2,ppm,0.01
7425,25469,Parramatta North-7425,2020-02-27T08:00:00+11:00,-33.799444,150.997778,no2,ppm,0.009
7425,25469,Parramatta North-7425,2020-02-27T09:00:00+11:00,-33.799444,150.997778,no2,ppm,0.006
7425,25469,Parramatta North-7425,2020-02-27T10:00:00+11:00,-33.799444,150.997778,no2,ppm,0.006
7425,25469,Parramatta North-7425,2020-02-27T11:00:00+11:00,-33.799444,150.997778,no2,ppm,0.006
7425,25469,Parramatta North-7425,2020-02-27T12:00:00+11:00,-33.799444,150.997778,no2,ppm,0.005
7425,25469,Parramatta North-7425,2020-02-27T13:00:00+11:00,-33.799444,150.997778,no2,ppm,0.003
7425,25469,Parramatta North-7425,2020-02-27T14:00:00+11:00,-33.799444,150.997778,no2,ppm,0.002
7425,25469,Parramatta North-7425,2020-02-27T15:00:00+11:00,-33.799444,150.997778,no2,ppm,0.002
7425,25469,Parramatta North-7425,2020-02-27T16:00:00+11:00,-33.799444,150.997778,no2,ppm,0.004
7425,25469,Parramatta North-7425,2020-02-27T17:00:00+11:00,-33.799444,150.997778,no2,ppm,0.003
7425,25469,Parramatta North-7425,2020-02-27T18:00:00+11:00,-33.799444,150.997778,no2,ppm,0.002
7425,25469,Parramatta North-7425,2020-02-27T19:00:00+11:00,-33.799444,150.997778,no2,ppm,0.003
7425,25469,Parramatta North-7425,2020-02-27T20:00:00+11:00,-33.799444,150.997778,no2,ppm,0.002
7425,25469,Parramatta North-7425,2020-02-27T21:00:00+11:00,-33.799444,150.997778,no2,ppm,0.004
7425,25469,Parramatta North-7425,2020-02-27T22:00:00+11:00,-33.799444,150.997778,no2,ppm,0.007
7425,25469,Parramatta North-7425,2020-02-27T23:00:00+11:00,-33.799444,150.997778,no2,ppm,0.01
7425,28317,Parramatta North-7425,2020-02-27T01:00:00+11:00,-33.799444,150.997778,co,ppm,0.1
7425,28317,Parramatta North-7425,2020-02-27T02:00:00+11:00,-33.799444,150.997778,co,ppm,0.1
7425,28317,Parramatta North-7425,2020-02-27T03:00:00+11:00,-33.799444,150.997778,co,ppm,0.1
7425,28317,Parramatta North-7425,2020-02-27T04:00:00+11:00,-33.799444,150.997778,co,ppm,0.0
7425,28317,Parramatta North-7425,2020-02-27T05:00:00+11:00,-33.799444,150.997778,co,ppm,0.0
7425,28317,Parramatta North-7425,2020-02-27T06:00:00+11:00,-33.799444,150.997778,co,ppm,0.0
7425,28317,Parramatta North-7425,2020-02-27T07:00:00+11:00,-33.799444,150.997778,co,ppm,0.0
7425,28317,Parramatta North-7425,2020-02-27T08:00:00+11:00,-33.799444,150.997778,co,ppm,0.1
7425,28317,Parramatta North-7425,2020-02-27T09:00:00+11:00,-33.799444,150.997778,co,ppm,0.1
7425,28317,Parramatta North-7425,2020-02-27T10:00:00+11:00,-33.799444,150.997778,co,ppm,0.1
7425,28317,Parramatta North-7425,2020-02-27T11:00:00+11:00,-33.799444,150.997778,co,ppm,0.1
7425,28317,Parramatta North-7425,2020-02-27T12:00:00+11:00,-33.799444,150.997778,co,ppm,0.1
7425,28317,Parramatta North-7425,2020-02-27T13:00:00+11:00,-33.799444,150.997778,co,ppm,0.1
7425,28317,Parramatta North-7425,2020-02-27T14:00:00+11:00,-33.799444,150.997778,co,ppm,0.1
7425,28317,Parramatta North-7425,2020-02-27T15:00:00+11:00,-33.799444,150.997778,co,ppm,0.1
7425,28317,Parramatta North-7425,2020-02-27T16:00:00+11:00,-33.799444,150.997778,co,ppm,0.1
7425,28317,Parramatta North-7425,2020-02-27T17:00:00+11:00,-33.799444,150.997778,co,ppm,0.1
7425,28317,Parramatta North-7425,2020-02-27T18:00:00+11:00,-33.799444,150.997778,co,ppm,0.0
7425,28317,Parramatta North-7425,2020-02-27T19:00:00+11:00,-33.799444,150.997778,co,ppm,0.0
7425,28317,Parramatta North-7425,2020-02-27T20:00:00+11:00,-33.799444,150.997778,co,ppm,0.0
7425,28317,Parramatta North-7425,2020-02-27T21:00:00+11:00,-33.799444,150.997778,co,ppm,0.0
7425,28317,Parramatta North-7425,2020-02-27T22:00:00+11:00,-33.799444,150.997778,co,ppm,0.1
7425,28317,Parramatta North-7425,2020-02-27T23:00:00+11:00,-33.799444,150.997778,co,ppm,0.1
7425,25471,Parramatta North-7425,2020-02-27T01:00:00+11:00,-33.799444,150.997778,so2,ppm,0.0
7425,25471,Parramatta North-7425,2020-02-27T03:00:00+11:00,-33.799444,150.997778,so2,ppm,0.0
7425,25471,Parramatta North-7425,2020-02-27T04:00:00+11:00,-33.799444,150.997778,so2,ppm,0.0
7425,25471,Parramatta North-7425,2020-02-27T05:00:00+11:00,-33.799444,150.997778,so2,ppm,0.0
7425,25471,Parramatta North-7425,2020-02-27T06:00:00+11:00,-33.799444,150.997778,so2,ppm,0.0
7425,25471,Parramatta North-7425,2020-02-27T07:00:00+11:00,-33.799444,150.997778,so2,ppm,0.0
7425,25471,Parramatta North-7425,2020-02-27T08:00:00+11:00,-33.799444,150.997778,so2,ppm,0.0
7425,25471,Parramatta North-7425,2020-02-27T09:00:00+11:00,-33.799444,150.997778,so2,ppm,0.0
7425,25471,Parramatta North-7425,2020-02-27T10:00:00+11:00,-33.799444,150.997778,so2,ppm,0.0
7425,25471,Parramatta North-7425,2020-02-27T11:00:00+11:00,-33.799444,150.997778,so2,ppm,0.0
7425,25471,Parramatta North-7425,2020-02-27T12:00:00+11:00,-33.799444,150.997778,so2,ppm,0.0
7425,25471,Parramatta North-7425,2020-02-27T13:00:00+11:00,-33.799444,150.997778,so2,ppm,0.0
7425,25471,Parramatta North-7425,2020-02-27T14:00:00+11:00,-33.799444,150.997778,so2,ppm,0.0
7425,25471,Parramatta North-7425,2020-02-27T15:00:00+11:00,-33.799444,150.997778,so2,ppm,0.0
7425,25471,Parramatta North-7425,2020-02-27T16:00:00+11:00,-33.799444,150.997778,so2,ppm,0.001
7425,25471,Parramatta North-7425,2020-02-27T17:00:00+11:00,-33.799444,150.997778,so2,ppm,0.001
7425,25471,Parramatta North-7425,2020-02-27T18:00:00+11:00,-33.799444,150.997778,so2,ppm,0.002
7425,25471,Parramatta North-7425,2020-02-27T19:00:00+11:00,-33.799444,150.997778,so2,ppm,0.002
7425,25471,Parramatta North-7425,2020-02-27T20:00:00+11:00,-33.799444,150.997778,so2,ppm,0.001
7425,25471,Parramatta North-7425,2020-02-27T21:00:00+11:00,-33.799444,150.997778,so2,ppm,0.001
7425,25471,Parramatta North-7425,2020-02-27T22:00:00+11:00,-33.799444,150.997778,so2,ppm,0.002
7425,25471,Parramatta North-7425,2020-02-27T23:00:00+11:00,-33.799444,150.997778,so2,ppm,0.002
7425,25470,Parramatta North-7425,2020-02-27T01:00:00+11:00,-33.799444,150.997778,o3,ppm,0.022
7425,25470,Parramatta North-7425,2020-02-27T02:00:00+11:00,-33.799444,150.997778,o3,ppm,0.022
7425,25470,Parramatta North-7425,2020-02-27T03:00:00+11:00,-33.799444,150.997778,o3,ppm,0.022
7425,25470,Parramatta North-7425,2020-02-27T04:00:00+11:00,-33.799444,150.997778,o3,ppm,0.021
7425,25470,Parramatta North-7425,2020-02-27T05:00:00+11:00,-33.799444,150.997778,o3,ppm,0.021
7425,25470,Parramatta North-7425,2020-02-27T06:00:00+11:00,-33.799444,150.997778,o3,ppm,0.017
7425,25470,Parramatta North-7425,2020-02-27T07:00:00+11:00,-33.799444,150.997778,o3,ppm,0.011
7425,25470,Parramatta North-7425,2020-02-27T08:00:00+11:00,-33.799444,150.997778,o3,ppm,0.012
7425,25470,Parramatta North-7425,2020-02-27T09:00:00+11:00,-33.799444,150.997778,o3,ppm,0.015
7425,25470,Parramatta North-7425,2020-02-27T10:00:00+11:00,-33.799444,150.997778,o3,ppm,0.018
7425,25470,Parramatta North-7425,2020-02-27T11:00:00+11:00,-33.799444,150.997778,o3,ppm,0.019
7425,25470,Parramatta North-7425,2020-02-27T12:00:00+11:00,-33.799444,150.997778,o3,ppm,0.022
7425,25470,Parramatta North-7425,2020-02-27T13:00:00+11:00,-33.799444,150.997778,o3,ppm,0.028
7425,25470,Parramatta North-7425,2020-02-27T14:00:00+11:00,-33.799444,150.997778,o3,ppm,0.03
7425,25470,Parramatta North-7425,2020-02-27T15:00:00+11:00,-33.799444,150.997778,o3,ppm,0.031
7425,25470,Parramatta North-7425,2020-02-27T16:00:00+11:00,-33.799444,150.997778,o3,ppm,0.032
7425,25470,Parramatta North-7425,2020-02-27T17:00:00+11:00,-33.799444,150.997778,o3,ppm,0.03
7425,25470,Parramatta North-7425,2020-02-27T18:00:00+11:00,-33.799444,150.997778,o3,ppm,0.026
7425,25470,Parramatta North-7425,2020-02-27T19:00:00+11:00,-33.799444,150.997778,o3,ppm,0.022
7425,25470,Parramatta North-7425,2020-02-27T20:00:00+11:00,-33.799444,150.997778,o3,ppm,0.021
7425,25470,Parramatta North-7425,2020-02-27T21:00:00+11:00,-33.799444,150.997778,o3,ppm,0.018
7425,25470,Parramatta North-7425,2020-02-27T22:00:00+11:00,-33.799444,150.997778,o3,ppm,0.012
7425,25470,Parramatta North-7425,2020-02-27T23:00:00+11:00,-33.799444,150.997778,o3,ppm,0.007
7425,21603,Parramatta North-7425,2020-02-28T01:00:00+11:00,-33.799444,150.997778,pm10,µg/m³,18.1
7425,21603,Parramatta North-7425,2020-02-28T02:00:00+11:00,-33.799444,150.997778,pm10,µg/m³,14.3
7425,21603,Parramatta North-7425,2020-02-28T03:00:00+11:00,-33.799444,150.997778,pm10,µg/m³,11.9
7425,21603,Parramatta North-7425,2020-02-28T04:00:00+11:00,-33.799444,150.997778,pm10,µg/m³,14.3
7425,21603,Parramatta North-7425,2020-02-28T05:00:00+11:00,-33.799444,150.997778,pm10,µg/m³,15.5
7425,21603,Parramatta North-7425,2020-02-28T06:00:00+11:00,-33.799444,150.997778,pm10,µg/m³,21.9
7425,21603,Parramatta North-7425,2020-02-28T07:00:00+11:00,-33.799444,150.997778,pm10,µg/m³,46.7
7425,21603,Parramatta North-7425,2020-02-28T08:00:00+11:00,-33.799444,150.997778,pm10,µg/m³,1.3
7425,21603,Parramatta North-7425,2020-02-28T09:00:00+11:00,-33.799444,150.997778,pm10,µg/m³,18.6
7425,21603,Parramatta North-7425,2020-02-28T10:00:00+11:00,-33.799444,150.997778,pm10,µg/m³,23.1
7425,21603,Parramatta North-7425,2020-02-28T11:00:00+11:00,-33.799444,150.997778,pm10,µg/m³,25.3
7425,21603,Parramatta North-7425,2020-02-28T12:00:00+11:00,-33.799444,150.997778,pm10,µg/m³,31.6
7425,21603,Parramatta North-7425,2020-02-28T13:00:00+11:00,-33.799444,150.997778,pm10,µg/m³,51.8
7425,21603,Parramatta North-7425,2020-02-28T14:00:00+11:00,-33.799444,150.997778,pm10,µg/m³,36.8
7425,21603,Parramatta North-7425,2020-02-28T15:00:00+11:00,-33.799444,150.997778,pm10,µg/m³,33.3
7425,21603,Parramatta North-7425,2020-02-28T16:00:00+11:00,-33.799444,150.997778,pm10,µg/m³,31.3
7425,21603,Parramatta North-7425,2020-02-28T17:00:00+11:00,-33.799444,150.997778,pm10,µg/m³,30.3
7425,21603,Parramatta North-7425,2020-02-28T18:00:00+11:00,-33.799444,150.997778,pm10,µg/m³,26.5
7425,21603,Parramatta North-7425,2020-02-28T19:00:00+11:00,-33.799444,150.997778,pm10,µg/m³,21.3
7425,21603,Parramatta North-7425,2020-02-28T20:00:00+11:00,-33.799444,150.997778,pm10,µg/m³,25.5
7425,21603,Parramatta North-7425,2020-02-28T21:00:00+11:00,-33.799444,150.997778,pm10,µg/m³,27.3
7425,21603,Parramatta North-7425,2020-02-28T23:00:00+11:00,-33.799444,150.997778,pm10,µg/m³,20.5
7425,21604,Parramatta North-7425,2020-02-28T01:00:00+11:00,-33.799444,150.997778,pm25,µg/m³,6.0
7425,21604,Parramatta North-7425,2020-02-28T02:00:00+11:00,-33.799444,150.997778,pm25,µg/m³,7.5
7425,21604,Parramatta North-7425,2020-02-28T03:00:00+11:00,-33.799444,150.997778,pm25,µg/m³,6.7
7425,21604,Parramatta North-7425,2020-02-28T04:00:00+11:00,-33.799444,150.997778,pm25,µg/m³,6.8
7425,21604,Parramatta North-7425,2020-02-28T05:00:00+11:00,-33.799444,150.997778,pm25,µg/m³,8.4
7425,21604,Parramatta North-7425,2020-02-28T06:00:00+11:00,-33.799444,150.997778,pm25,µg/m³,8.5
7425,21604,Parramatta North-7425,2020-02-28T07:00:00+11:00,-33.799444,150.997778,pm25,µg/m³,13.3
7425,21604,Parramatta North-7425,2020-02-28T08:00:00+11:00,-33.799444,150.997778,pm25,µg/m³,15.4
7425,21604,Parramatta North-7425,2020-02-28T09:00:00+11:00,-33.799444,150.997778,pm25,µg/m³,13.4
7425,21604,Parramatta North-7425,2020-02-28T10:00:00+11:00,-33.799444,150.997778,pm25,µg/m³,8.3
7425,21604,Parramatta North-7425,2020-02-28T11:00:00+11:00,-33.799444,150.997778,pm25,µg/m³,6.7
7425,21604,Parramatta North-7425,2020-02-28T12:00:00+11:00,-33.799444,150.997778,pm25,µg/m³,4.1
7425,21604,Parramatta North-7425,2020-02-28T14:00:00+11:00,-33.799444,150.997778,pm25,µg/m³,8.0
7425,21604,Parramatta North-7425,2020-02-28T15:00:00+11:00,-33.799444,150.997778,pm25,µg/m³,6.5
7425,21604,Parramatta North-7425,2020-02-28T16:00:00+11:00,-33.799444,150.997778,pm25,µg/m³,6.0
7425,21604,Parramatta North-7425,2020-02-28T17:00:00+11:00,-33.799444,150.997778,pm25,µg/m³,2.4
7425,21604,Parramatta North-7425,2020-02-28T18:00:00+11:00,-33.799444,150.997778,pm25,µg/m³,4.4
7425,21604,Parramatta North-7425,2020-02-28T19:00:00+11:00,-33.799444,150.997778,pm25,µg/m³,6.3
7425,21604,Parramatta North-7425,2020-02-28T20:00:00+11:00,-33.799444,150.997778,pm25,µg/m³,8.5
7425,21604,Parramatta North-7425,2020-02-28T21:00:00+11:00,-33.799444,150.997778,pm25,µg/m³,7.8
7425,21604,Parramatta North-7425,2020-02-28T23:00:00+11:00,-33.799444,150.997778,pm25,µg/m³,7.0
7425,25469,Parramatta North-7425,2020-02-28T01:00:00+11:00,-33.799444,150.997778,no2,ppm,0.012
7425,25469,Parramatta North-7425,2020-02-28T03:00:00+11:00,-33.799444,150.997778,no2,ppm,0.008
7425,25469,Parramatta North-7425,2020-02-28T04:00:00+11:00,-33.799444,150.997778,no2,ppm,0.007
7425,25469,Parramatta North-7425,2020-02-28T05:00:00+11:00,-33.799444,150.997778,no2,ppm,0.008
7425,25469,Parramatta North-7425,2020-02-28T06:00:00+11:00,-33.799444,150.997778,no2,ppm,0.018
7425,25469,Parramatta North-7425,2020-02-28T07:00:00+11:00,-33.799444,150.997778,no2,ppm,0.021
7425,25469,Parramatta North-7425,2020-02-28T08:00:00+11:00,-33.799444,150.997778,no2,ppm,0.018
7425,25469,Parramatta North-7425,2020-02-28T09:00:00+11:00,-33.799444,150.997778,no2,ppm,0.008
7425,25469,Parramatta North-7425,2020-02-28T10:00:00+11:00,-33.799444,150.997778,no2,ppm,0.003
7425,25469,Parramatta North-7425,2020-02-28T11:00:00+11:00,-33.799444,150.997778,no2,ppm,0.002
7425,25469,Parramatta North-7425,2020-02-28T12:00:00+11:00,-33.799444,150.997778,no2,ppm,0.002
7425,25469,Parramatta North-7425,2020-02-28T13:00:00+11:00,-33.799444,150.997778,no2,ppm,0.002
7425,25469,Parramatta North-7425,2020-02-28T14:00:00+11:00,-33.799444,150.997778,no2,ppm,0.001
7425,25469,Parramatta North-7425,2020-02-28T15:00:00+11:00,-33.799444,150.997778,no2,ppm,0.002
7425,25469,Parramatta North-7425,2020-02-28T16:00:00+11:00,-33.799444,150.997778,no2,ppm,0.002
7425,25469,Parramatta North-7425,2020-02-28T17:00:00+11:00,-33.799444,150.997778,no2,ppm,0.002
7425,25469,Parramatta North-7425,2020-02-28T18:00:00+11:00,-33.799444,150.997778,no2,ppm,0.002
7425,25469,Parramatta North-7425,2020-02-28T19:00:00+11:00,-33.799444,150.997778,no2,ppm,0.002
7425,25469,Parramatta North-7425,2020-02-28T20:00:00+11:00,-33.799444,150.997778,no2,ppm,0.002
7425,25469,Parramatta North-7425,2020-02-28T21:00:00+11:00,-33.799444,150.997778,no2,ppm,0.005
7425,25469,Parramatta North-7425,2020-02-28T23:00:00+11:00,-33.799444,150.997778,no2,ppm,0.011
7425,28317,Parramatta North-7425,2020-02-28T01:00:00+11:00,-33.799444,150.997778,co,ppm,0.1
7425,28317,Parramatta North-7425,2020-02-28T02:00:00+11:00,-33.799444,150.997778,co,ppm,0.1
7425,28317,Parramatta North-7425,2020-02-28T03:00:00+11:00,-33.799444,150.997778,co,ppm,0.1
7425,28317,Parramatta North-7425,2020-02-28T04:00:00+11:00,-33.799444,150.997778,co,ppm,0.1
7425,28317,Parramatta North-7425,2020-02-28T05:00:00+11:00,-33.799444,150.997778,co,ppm,0.2
7425,28317,Parramatta North-7425,2020-02-28T06:00:00+11:00,-33.799444,150.997778,co,ppm,0.2
7425,28317,Parramatta North-7425,2020-02-28T07:00:00+11:00,-33.799444,150.997778,co,ppm,0.3
7425,28317,Parramatta North-7425,2020-02-28T08:00:00+11:00,-33.799444,150.997778,co,ppm,0.3
7425,28317,Parramatta North-7425,2020-02-28T09:00:00+11:00,-33.799444,150.997778,co,ppm,0.3
7425,28317,Parramatta North-7425,2020-02-28T10:00:00+11:00,-33.799444,150.997778,co,ppm,0.3
7425,28317,Parramatta North-7425,2020-02-28T11:00:00+11:00,-33.799444,150.997778,co,ppm,0.3
7425,28317,Parramatta North-7425,2020-02-28T12:00:00+11:00,-33.799444,150.997778,co,ppm,0.2
7425,28317,Parramatta North-7425,2020-02-28T13:00:00+11:00,-33.799444,150.997778,co,ppm,0.2
7425,28317,Parramatta North-7425,2020-02-28T14:00:00+11:00,-33.799444,150.997778,co,ppm,0.2
7425,28317,Parramatta North-7425,2020-02-28T15:00:00+11:00,-33.799444,150.997778,co,ppm,0.1
7425,28317,Parramatta North-7425,2020-02-28T16:00:00+11:00,-33.799444,150.997778,co,ppm,0.1
7425,28317,Parramatta North-7425,2020-02-28T17:00:00+11:00,-33.799444,150.997778,co,ppm,0.1
7425,28317,Parramatta North-7425,2020-02-28T18:00:00+11:00,-33.799444,150.997778,co,ppm,0.1
7425,28317,Parramatta North-7425,2020-02-28T19:00:00+11:00,-33.799444,150.997778,co,ppm,0.1
7425,28317,Parramatta North-7425,2020-02-28T20:00:00+11:00,-33.799444,150.997778,co,ppm,0.1
7425,28317,Parramatta North-7425,2020-02-28T21:00:00+11:00,-33.799444,150.997778,co,ppm,0.1
7425,28317,Parramatta North-7425,2020-02-28T23:00:00+11:00,-33.799444,150.997778,co,ppm,0.1
7425,25471,Parramatta North-7425,2020-02-28T01:00:00+11:00,-33.799444,150.997778,so2,ppm,0.001
7425,25471,Parramatta North-7425,2020-02-28T03:00:00+11:00,-33.799444,150.997778,so2,ppm,0.001
7425,25471,Parramatta North-7425,2020-02-28T04:00:00+11:00,-33.799444,150.997778,so2,ppm,0.001
7425,25471,Parramatta North-7425,2020-02-28T05:00:00+11:00,-33.799444,150.997778,so2,ppm,0.001
7425,25471,Parramatta North-7425,2020-02-28T06:00:00+11:00,-33.799444,150.997778,so2,ppm,0.002
7425,25471,Parramatta North-7425,2020-02-28T07:00:00+11:00,-33.799444,150.997778,so2,ppm,0.003
7425,25471,Parramatta North-7425,2020-02-28T08:00:00+11:00,-33.799444,150.997778,so2,ppm,0.001
7425,25471,Parramatta North-7425,2020-02-28T09:00:00+11:00,-33.799444,150.997778,so2,ppm,0.0
7425,25471,Parramatta North-7425,2020-02-28T10:00:00+11:00,-33.799444,150.997778,so2,ppm,0.0
7425,25471,Parramatta North-7425,2020-02-28T11:00:00+11:00,-33.799444,150.997778,so2,ppm,0.0
7425,25471,Parramatta North-7425,2020-02-28T12:00:00+11:00,-33.799444,150.997778,so2,ppm,0.001
7425,25471,Parramatta North-7425,2020-02-28T13:00:00+11:00,-33.799444,150.997778,so2,ppm,0.001
7425,25471,Parramatta North-7425,2020-02-28T14:00:00+11:00,-33.799444,150.997778,so2,ppm,0.0
7425,25471,Parramatta North-7425,2020-02-28T15:00:00+11:00,-33.799444,150.997778,so2,ppm,0.0
7425,25471,Parramatta North-7425,2020-02-28T16:00:00+11:00,-33.799444,150.997778,so2,ppm,0.0
7425,25471,Parramatta North-7425,2020-02-28T17:00:00+11:00,-33.799444,150.997778,so2,ppm,0.0
7425,25471,Parramatta North-7425,2020-02-28T18:00:00+11:00,-33.799444,150.997778,so2,ppm,0.0
7425,25471,Parramatta North-7425,2020-02-28T19:00:00+11:00,-33.799444,150.997778,so2,ppm,0.0
7425,25471,Parramatta North-7425,2020-02-28T20:00:00+11:00,-33.799444,150.997778,so2,ppm,0.0
7425,25471,Parramatta North-7425,2020-02-28T21:00:00+11:00,-33.799444,150.997778,so2,ppm,0.0
7425,25471,Parramatta North-7425,2020-02-28T23:00:00+11:00,-33.799444,150.997778,so2,ppm,0.0
7425,25470,Parramatta North-7425,2020-02-28T01:00:00+11:00,-33.799444,150.997778,o3,ppm,0.001
7425,25470,Parramatta North-7425,2020-02-28T02:00:00+11:00,-33.799444,150.997778,o3,ppm,0.004
7425,25470,Parramatta North-7425,2020-02-28T03:00:00+11:00,-33.799444,150.997778,o3,ppm,0.002
7425,25470,Parramatta North-7425,2020-02-28T04:00:00+11:00,-33.799444,150.997778,o3,ppm,0.001
7425,25470,Parramatta North-7425,2020-02-28T05:00:00+11:00,-33.799444,150.997778,o3,ppm,0.001
7425,25470,Parramatta North-7425,2020-02-28T06:00:00+11:00,-33.799444,150.997778,o3,ppm,0.001
7425,25470,Parramatta North-7425,2020-02-28T07:00:00+11:00,-33.799444,150.997778,o3,ppm,0.001
7425,25470,Parramatta North-7425,2020-02-28T08:00:00+11:00,-33.799444,150.997778,o3,ppm,0.007
7425,25470,Parramatta North-7425,2020-02-28T09:00:00+11:00,-33.799444,150.997778,o3,ppm,0.018
7425,25470,Parramatta North-7425,2020-02-28T10:00:00+11:00,-33.799444,150.997778,o3,ppm,0.027
7425,25470,Parramatta North-7425,2020-02-28T11:00:00+11:00,-33.799444,150.997778,o3,ppm,0.032
7425,25470,Parramatta North-7425,2020-02-28T12:00:00+11:00,-33.799444,150.997778,o3,ppm,0.038
7425,25470,Parramatta North-7425,2020-02-28T13:00:00+11:00,-33.799444,150.997778,o3,ppm,0.037
7425,25470,Parramatta North-7425,2020-02-28T14:00:00+11:00,-33.799444,150.997778,o3,ppm,0.035
7425,25470,Parramatta North-7425,2020-02-28T15:00:00+11:00,-33.799444,150.997778,o3,ppm,0.032
7425,25470,Parramatta North-7425,2020-02-28T16:00:00+11:00,-33.799444,150.997778,o3,ppm,0.031
7425,25470,Parramatta North-7425,2020-02-28T17:00:00+11:00,-33.799444,150.997778,o3,ppm,0.029
7425,25470,Parramatta North-7425,2020-02-28T18:00:00+11:00,-33.799444,150.997778,o3,ppm,0.027
7425,25470,Parramatta North-7425,2020-02-28T19:00:00+11:00,-33.799444,150.997778,o3,ppm,0.025
7425,25470,Parramatta North-7425,2020-02-28T20:00:00+11:00,-33.799444,150.997778,o3,ppm,0.024
7425,25470,Parramatta North-7425,2020-02-28T21:00:00+11:00,-33.799444,150.997778,o3,ppm,0.019
7425,25470,Parramatta North-7425,2020-02-28T23:00:00+11:00,-33.799444,150.997778,o3,ppm,0.009
7425,21603,Parramatta North-7425,2020-02-29T01:00:00+11:00,-33.799444,150.997778,pm10,µg/m³,21.6
7425,21603,Parramatta North-7425,2020-02-29T02:00:00+11:00,-33.799444,150.997778,pm10,µg/m³,17.6
7425,21603,Parramatta North-7425,2020-02-29T03:00:00+11:00,-33.799444,150.997778,pm10,µg/m³,14.8
7425,21603,Parramatta North-7425,2020-02-29T04:00:00+11:00,-33.799444,150.997778,pm10,µg/m³,14.1
7425,21603,Parramatta North-7425,2020-02-29T05:00:00+11:00,-33.799444,150.997778,pm10,µg/m³,12.7
7425,21603,Parramatta North-7425,2020-02-29T06:00:00+11:00,-33.799444,150.997778,pm10,µg/m³,16.6
7425,21603,Parramatta North-7425,2020-02-29T07:00:00+11:00,-33.799444,150.997778,pm10,µg/m³,29.4
7425,21603,Parramatta North-7425,2020-02-29T08:00:00+11:00,-33.799444,150.997778,pm10,µg/m³,30.3
7425,21603,Parramatta North-7425,2020-02-29T09:00:00+11:00,-33.799444,150.997778,pm10,µg/m³,29.1
7425,21603,Parramatta North-7425,2020-02-29T10:00:00+11:00,-33.799444,150.997778,pm10,µg/m³,18.2
7425,21603,Parramatta North-7425,2020-02-29T11:00:00+11:00,-33.799444,150.997778,pm10,µg/m³,16.0
7425,21603,Parramatta North-7425,2020-02-29T12:00:00+11:00,-33.799444,150.997778,pm10,µg/m³,13.6
7425,21603,Parramatta North-7425,2020-02-29T13:00:00+11:00,-33.799444,150.997778,pm10,µg/m³,10.0
7425,21603,Parramatta North-7425,2020-02-29T14:00:00+11:00,-33.799444,150.997778,pm10,µg/m³,14.4
7425,21603,Parramatta North-7425,2020-02-29T15:00:00+11:00,-33.799444,150.997778,pm10,µg/m³,20.2
7425,21603,Parramatta North-7425,2020-02-29T16:00:00+11:00,-33.799444,150.997778,pm10,µg/m³,21.5
7425,21603,Parramatta North-7425,2020-02-29T17:00:00+11:00,-33.799444,150.997778,pm10,µg/m³,21.6
7425,21603,Parramatta North-7425,2020-02-29T18:00:00+11:00,-33.799444,150.997778,pm10,µg/m³,23.4
7425,21603,Parramatta North-7425,2020-02-29T19:00:00+11:00,-33.799444,150.997778,pm10,µg/m³,23.3
7425,21603,Parramatta North-7425,2020-02-29T20:00:00+11:00,-33.799444,150.997778,pm10,µg/m³,24.7
7425,21603,Parramatta North-7425,2020-02-29T21:00:00+11:00,-33.799444,150.997778,pm10,µg/m³,23.4
7425,21603,Parramatta North-7425,2020-02-29T22:00:00+11:00,-33.799444,150.997778,pm10,µg/m³,19.9
7425,21603,Parramatta North-7425,2020-02-29T23:00:00+11:00,-33.799444,150.997778,pm10,µg/m³,18.5
7425,21604,Parramatta North-7425,2020-02-29T01:00:00+11:00,-33.799444,150.997778,pm25,µg/m³,6.7
7425,21604,Parramatta North-7425,2020-02-29T02:00:00+11:00,-33.799444,150.997778,pm25,µg/m³,6.5
7425,21604,Parramatta North-7425,2020-02-29T03:00:00+11:00,-33.799444,150.997778,pm25,µg/m³,6.3
7425,21604,Parramatta North-7425,2020-02-29T04:00:00+11:00,-33.799444,150.997778,pm25,µg/m³,7.2
7425,21604,Parramatta North-7425,2020-02-29T05:00:00+11:00,-33.799444,150.997778,pm25,µg/m³,3.4
7425,21604,Parramatta North-7425,2020-02-29T06:00:00+11:00,-33.799444,150.997778,pm25,µg/m³,4.1
7425,21604,Parramatta North-7425,2020-02-29T07:00:00+11:00,-33.799444,150.997778,pm25,µg/m³,5.3
7425,21604,Parramatta North-7425,2020-02-29T08:00:00+11:00,-33.799444,150.997778,pm25,µg/m³,7.4
7425,21604,Parramatta North-7425,2020-02-29T09:00:00+11:00,-33.799444,150.997778,pm25,µg/m³,5.9
7425,21604,Parramatta North-7425,2020-02-29T10:00:00+11:00,-33.799444,150.997778,pm25,µg/m³,2.6
7425,21604,Parramatta North-7425,2020-02-29T11:00:00+11:00,-33.799444,150.997778,pm25,µg/m³,3.8
7425,21604,Parramatta North-7425,2020-02-29T12:00:00+11:00,-33.799444,150.997778,pm25,µg/m³,2.8
7425,21604,Parramatta North-7425,2020-02-29T13:00:00+11:00,-33.799444,150.997778,pm25,µg/m³,0.0
7425,21604,Parramatta North-7425,2020-02-29T14:00:00+11:00,-33.799444,150.997778,pm25,µg/m³,1.1
7425,21604,Parramatta North-7425,2020-02-29T15:00:00+11:00,-33.799444,150.997778,pm25,µg/m³,1.8
7425,21604,Parramatta North-7425,2020-02-29T16:00:00+11:00,-33.799444,150.997778,pm25,µg/m³,4.0
7425,21604,Parramatta North-7425,2020-02-29T17:00:00+11:00,-33.799444,150.997778,pm25,µg/m³,2.8
7425,21604,Parramatta North-7425,2020-02-29T18:00:00+11:00,-33.799444,150.997778,pm25,µg/m³,3.5
7425,21604,Parramatta North-7425,2020-02-29T19:00:00+11:00,-33.799444,150.997778,pm25,µg/m³,6.3
7425,21604,Parramatta North-7425,2020-02-29T20:00:00+11:00,-33.799444,150.997778,pm25,µg/m³,7.9
7425,21604,Parramatta North-7425,2020-02-29T21:00:00+11:00,-33.799444,150.997778,pm25,µg/m³,13.0
7425,21604,Parramatta North-7425,2020-02-29T22:00:00+11:00,-33.799444,150.997778,pm25,µg/m³,11.9
7425,21604,Parramatta North-7425,2020-02-29T23:00:00+11:00,-33.799444,150.997778,pm25,µg/m³,7.4
7425,25469,Parramatta North-7425,2020-02-29T01:00:00+11:00,-33.799444,150.997778,no2,ppm,0.008
7425,25469,Parramatta North-7425,2020-02-29T03:00:00+11:00,-33.799444,150.997778,no2,ppm,0.007
7425,25469,Parramatta North-7425,2020-02-29T04:00:00+11:00,-33.799444,150.997778,no2,ppm,0.004
7425,25469,Parramatta North-7425,2020-02-29T05:00:00+11:00,-33.799444,150.997778,no2,ppm,0.006
7425,25469,Parramatta North-7425,2020-02-29T06:00:00+11:00,-33.799444,150.997778,no2,ppm,0.012
7425,25469,Parramatta North-7425,2020-02-29T07:00:00+11:00,-33.799444,150.997778,no2,ppm,0.013
7425,25469,Parramatta North-7425,2020-02-29T08:00:00+11:00,-33.799444,150.997778,no2,ppm,0.013
7425,25469,Parramatta North-7425,2020-02-29T09:00:00+11:00,-33.799444,150.997778,no2,ppm,0.008
7425,25469,Parramatta North-7425,2020-02-29T10:00:00+11:00,-33.799444,150.997778,no2,ppm,0.004
7425,25469,Parramatta North-7425,2020-02-29T11:00:00+11:00,-33.799444,150.997778,no2,ppm,0.003
7425,25469,Parramatta North-7425,2020-02-29T12:00:00+11:00,-33.799444,150.997778,no2,ppm,0.002
7425,25469,Parramatta North-7425,2020-02-29T13:00:00+11:00,-33.799444,150.997778,no2,ppm,0.001
7425,25469,Parramatta North-7425,2020-02-29T14:00:00+11:00,-33.799444,150.997778,no2,ppm,0.0
7425,25469,Parramatta North-7425,2020-02-29T15:00:00+11:00,-33.799444,150.997778,no2,ppm,0.001
7425,25469,Parramatta North-7425,2020-02-29T16:00:00+11:00,-33.799444,150.997778,no2,ppm,0.001
7425,25469,Parramatta North-7425,2020-02-29T17:00:00+11:00,-33.799444,150.997778,no2,ppm,0.0
7425,25469,Parramatta North-7425,2020-02-29T18:00:00+11:00,-33.799444,150.997778,no2,ppm,0.0
7425,25469,Parramatta North-7425,2020-02-29T19:00:00+11:00,-33.799444,150.997778,no2,ppm,0.001
7425,25469,Parramatta North-7425,2020-02-29T20:00:00+11:00,-33.799444,150.997778,no2,ppm,0.001
7425,25469,Parramatta North-7425,2020-02-29T21:00:00+11:00,-33.799444,150.997778,no2,ppm,0.001
7425,25469,Parramatta North-7425,2020-02-29T22:00:00+11:00,-33.799444,150.997778,no2,ppm,0.003
7425,25469,Parramatta North-7425,2020-02-29T23:00:00+11:00,-33.799444,150.997778,no2,ppm,0.008
7425,28317,Parramatta North-7425,2020-02-29T01:00:00+11:00,-33.799444,150.997778,co,ppm,0.1
7425,28317,Parramatta North-7425,2020-02-29T02:00:00+11:00,-33.799444,150.997778,co,ppm,0.2
7425,28317,Parramatta North-7425,2020-02-29T03:00:00+11:00,-33.799444,150.997778,co,ppm,0.2
7425,28317,Parramatta North-7425,2020-02-29T04:00:00+11:00,-33.799444,150.997778,co,ppm,0.2
7425,28317,Parramatta North-7425,2020-02-29T05:00:00+11:00,-33.799444,150.997778,co,ppm,0.1
7425,28317,Parramatta North-7425,2020-02-29T06:00:00+11:00,-33.799444,150.997778,co,ppm,0.2
7425,28317,Parramatta North-7425,2020-02-29T07:00:00+11:00,-33.799444,150.997778,co,ppm,0.2
7425,28317,Parramatta North-7425,2020-02-29T08:00:00+11:00,-33.799444,150.997778,co,ppm,0.2
7425,28317,Parramatta North-7425,2020-02-29T09:00:00+11:00,-33.799444,150.997778,co,ppm,0.2
7425,28317,Parramatta North-7425,2020-02-29T10:00:00+11:00,-33.799444,150.997778,co,ppm,0.2
7425,28317,Parramatta North-7425,2020-02-29T11:00:00+11:00,-33.799444,150.997778,co,ppm,0.2
7425,28317,Parramatta North-7425,2020-02-29T12:00:00+11:00,-33.799444,150.997778,co,ppm,0.2
7425,28317,Parramatta North-7425,2020-02-29T13:00:00+11:00,-33.799444,150.997778,co,ppm,0.2
7425,28317,Parramatta North-7425,2020-02-29T14:00:00+11:00,-33.799444,150.997778,co,ppm,0.1
7425,28317,Parramatta North-7425,2020-02-29T15:00:00+11:00,-33.799444,150.997778,co,ppm,0.1
7425,28317,Parramatta North-7425,2020-02-29T16:00:00+11:00,-33.799444,150.997778,co,ppm,0.1
7425,28317,Parramatta North-7425,2020-02-29T17:00:00+11:00,-33.799444,150.997778,co,ppm,0.1
7425,28317,Parramatta North-7425,2020-02-29T18:00:00+11:00,-33.799444,150.997778,co,ppm,0.1
7425,28317,Parramatta North-7425,2020-02-29T19:00:00+11:00,-33.799444,150.997778,co,ppm,0.1
7425,28317,Parramatta North-7425,2020-02-29T20:00:00+11:00,-33.799444,150.997778,co,ppm,0.1
7425,28317,Parramatta North-7425,2020-02-29T21:00:00+11:00,-33.799444,150.997778,co,ppm,0.1
7425,28317,Parramatta North-7425,2020-02-29T22:00:00+11:00,-33.799444,150.997778,co,ppm,0.1
7425,28317,Parramatta North-7425,2020-02-29T23:00:00+11:00,-33.799444,150.997778,co,ppm,0.1
7425,25471,Parramatta North-7425,2020-02-29T01:00:00+11:00,-33.799444,150.997778,so2,ppm,0.0
7425,25471,Parramatta North-7425,2020-02-29T03:00:00+11:00,-33.799444,150.997778,so2,ppm,0.0
7425,25471,Parramatta North-7425,2020-02-29T04:00:00+11:00,-33.799444,150.997778,so2,ppm,0.0
7425,25471,Parramatta North-7425,2020-02-29T05:00:00+11:00,-33.799444,150.997778,so2,ppm,0.0
7425,25471,Parramatta North-7425,2020-02-29T06:00:00+11:00,-33.799444,150.997778,so2,ppm,0.001
7425,25471,Parramatta North-7425,2020-02-29T07:00:00+11:00,-33.799444,150.997778,so2,ppm,0.001
7425,25471,Parramatta North-7425,2020-02-29T08:00:00+11:00,-33.799444,150.997778,so2,ppm,0.001
7425,25471,Parramatta North-7425,2020-02-29T09:00:00+11:00,-33.799444,150.997778,so2,ppm,0.001
7425,25471,Parramatta North-7425,2020-02-29T10:00:00+11:00,-33.799444,150.997778,so2,ppm,0.0
7425,25471,Parramatta North-7425,2020-02-29T11:00:00+11:00,-33.799444,150.997778,so2,ppm,0.0
7425,25471,Parramatta North-7425,2020-02-29T12:00:00+11:00,-33.799444,150.997778,so2,ppm,0.0
7425,25471,Parramatta North-7425,2020-02-29T13:00:00+11:00,-33.799444,150.997778,so2,ppm,0.0
7425,25471,Parramatta North-7425,2020-02-29T14:00:00+11:00,-33.799444,150.997778,so2,ppm,0.0
7425,25471,Parramatta North-7425,2020-02-29T15:00:00+11:00,-33.799444,150.997778,so2,ppm,0.0
7425,25471,Parramatta North-7425,2020-02-29T16:00:00+11:00,-33.799444,150.997778,so2,ppm,0.001
7425,25471,Parramatta North-7425,2020-02-29T17:00:00+11:00,-33.799444,150.997778,so2,ppm,0.0
7425,25471,Parramatta North-7425,2020-02-29T18:00:00+11:00,-33.799444,150.997778,so2,ppm,0.0
7425,25471,Parramatta North-7425,2020-02-29T19:00:00+11:00,-33.799444,150.997778,so2,ppm,0.0
7425,25471,Parramatta North-7425,2020-02-29T20:00:00+11:00,-33.799444,150.997778,so2,ppm,0.0
7425,25471,Parramatta North-7425,2020-02-29T21:00:00+11:00,-33.799444,150.997778,so2,ppm,0.0
7425,25471,Parramatta North-7425,2020-02-29T22:00:00+11:00,-33.799444,150.997778,so2,ppm,0.0
7425,25471,Parramatta North-7425,2020-02-29T23:00:00+11:00,-33.799444,150.997778,so2,ppm,0.0
7425,25470,Parramatta North-7425,2020-02-29T01:00:00+11:00,-33.799444,150.997778,o3,ppm,0.009
7425,25470,Parramatta North-7425,2020-02-29T02:00:00+11:00,-33.799444,150.997778,o3,ppm,0.009
7425,25470,Parramatta North-7425,2020-02-29T03:00:00+11:00,-33.799444,150.997778,o3,ppm,0.009
7425,25470,Parramatta North-7425,2020-02-29T04:00:00+11:00,-33.799444,150.997778,o3,ppm,0.013
7425,25470,Parramatta North-7425,2020-02-29T05:00:00+11:00,-33.799444,150.997778,o3,ppm,0.009
7425,25470,Parramatta North-7425,2020-02-29T06:00:00+11:00,-33.799444,150.997778,o3,ppm,0.001
7425,25470,Parramatta North-7425,2020-02-29T07:00:00+11:00,-33.799444,150.997778,o3,ppm,0.001
7425,25470,Parramatta North-7425,2020-02-29T08:00:00+11:00,-33.799444,150.997778,o3,ppm,0.006
7425,25470,Parramatta North-7425,2020-02-29T09:00:00+11:00,-33.799444,150.997778,o3,ppm,0.014
7425,25470,Parramatta North-7425,2020-02-29T10:00:00+11:00,-33.799444,150.997778,o3,ppm,0.02
7425,25470,Parramatta North-7425,2020-02-29T11:00:00+11:00,-33.799444,150.997778,o3,ppm,0.024
7425,25470,Parramatta North-7425,2020-02-29T12:00:00+11:00,-33.799444,150.997778,o3,ppm,0.03
7425,25470,Parramatta North-7425,2020-02-29T13:00:00+11:00,-33.799444,150.997778,o3,ppm,0.033
7425,25470,Parramatta North-7425,2020-02-29T14:00:00+11:00,-33.799444,150.997778,o3,ppm,0.032
7425,25470,Parramatta North-7425,2020-02-29T15:00:00+11:00,-33.799444,150.997778,o3,ppm,0.033
7425,25470,Parramatta North-7425,2020-02-29T16:00:00+11:00,-33.799444,150.997778,o3,ppm,0.03
7425,25470,Parramatta North-7425,2020-02-29T17:00:00+11:00,-33.799444,150.997778,o3,ppm,0.025
7425,25470,Parramatta North-7425,2020-02-29T18:00:00+11:00,-33.799444,150.997778,o3,ppm,0.024
7425,25470,Parramatta North-7425,2020-02-29T19:00:00+11:00,-33.799444,150.997778,o3,ppm,0.025
7425,25470,Parramatta North-7425,2020-02-29T20:00:00+11:00,-33.799444,150.997778,o3,ppm,0.023
7425,25470,Parramatta North-7425,2020-02-29T21:00:00+11:00,-33.799444,150.997778,o3,ppm,0.02
7425,25470,Parramatta North-7425,2020-02-29T22:00:00+11:00,-33.799444,150.997778,o3,ppm,0.014
7425,25470,Parramatta North-7425,2020-02-29T23:00:00+11:00,-33.799444,150.997778,o3,ppm,0.008
