location_id,sensors_id,location,datetime,lat,lon,parameter,units,value
7428,21615,Cook And Phillip-7428,2020-06-01T01:00:00+10:00,-33.8725,151.213333,pm10,µg/m³,8.2
7428,21615,Cook And Phillip-7428,2020-06-01T02:00:00+10:00,-33.8725,151.213333,pm10,µg/m³,7.6
7428,21615,Cook And Phillip-7428,2020-06-01T03:00:00+10:00,-33.8725,151.213333,pm10,µg/m³,11.3
7428,21615,Cook And Phillip-7428,2020-06-01T04:00:00+10:00,-33.8725,151.213333,pm10,µg/m³,9.0
7428,21615,Cook And Phillip-7428,2020-06-01T05:00:00+10:00,-33.8725,151.213333,pm10,µg/m³,7.1
7428,21615,Cook And Phillip-7428,2020-06-01T06:00:00+10:00,-33.8725,151.213333,pm10,µg/m³,7.9
7428,21615,Cook And Phillip-7428,2020-06-01T07:00:00+10:00,-33.8725,151.213333,pm10,µg/m³,7.8
7428,21615,Cook And Phillip-7428,2020-06-01T08:00:00+10:00,-33.8725,151.213333,pm10,µg/m³,10.0
7428,21615,Cook And Phillip-7428,2020-06-01T09:00:00+10:00,-33.8725,151.213333,pm10,µg/m³,11.5
7428,21615,Cook And Phillip-7428,2020-06-01T10:00:00+10:00,-33.8725,151.213333,pm10,µg/m³,8.6
7428,21615,Cook And Phillip-7428,2020-06-01T12:00:00+10:00,-33.8725,151.213333,pm10,µg/m³,9.4
7428,21615,Cook And Phillip-7428,2020-06-01T14:00:00+10:00,-33.8725,151.213333,pm10,µg/m³,10.3
7428,21615,Cook And Phillip-7428,2020-06-01T18:00:00+10:00,-33.8725,151.213333,pm10,µg/m³,13.3
7428,21615,Cook And Phillip-7428,2020-06-01T20:00:00+10:00,-33.8725,151.213333,pm10,µg/m³,4.3
7428,21615,Cook And Phillip-7428,2020-06-01T21:00:00+10:00,-33.8725,151.213333,pm10,µg/m³,2.8
7428,21615,Cook And Phillip-7428,2020-06-01T22:00:00+10:00,-33.8725,151.213333,pm10,µg/m³,2.4
7428,21615,Cook And Phillip-7428,2020-06-01T23:00:00+10:00,-33.8725,151.213333,pm10,µg/m³,4.4
7428,21614,Cook And Phillip-7428,2020-06-01T01:00:00+10:00,-33.8725,151.213333,pm25,µg/m³,4.1
7428,21614,Cook And Phillip-7428,2020-06-01T02:00:00+10:00,-33.8725,151.213333,pm25,µg/m³,2.9
7428,21614,Cook And Phillip-7428,2020-06-01T03:00:00+10:00,-33.8725,151.213333,pm25,µg/m³,7.3
7428,21614,Cook And Phillip-7428,2020-06-01T04:00:00+10:00,-33.8725,151.213333,pm25,µg/m³,4.8
7428,21614,Cook And Phillip-7428,2020-06-01T05:00:00+10:00,-33.8725,151.213333,pm25,µg/m³,3.6
7428,21614,Cook And Phillip-7428,2020-06-01T06:00:00+10:00,-33.8725,151.213333,pm25,µg/m³,4.3
7428,21614,Cook And Phillip-7428,2020-06-01T07:00:00+10:00,-33.8725,151.213333,pm25,µg/m³,4.0
7428,21614,Cook And Phillip-7428,2020-06-01T08:00:00+10:00,-33.8725,151.213333,pm25,µg/m³,5.7
7428,21614,Cook And Phillip-7428,2020-06-01T09:00:00+10:00,-33.8725,151.213333,pm25,µg/m³,6.0
7428,21614,Cook And Phillip-7428,2020-06-01T10:00:00+10:00,-33.8725,151.213333,pm25,µg/m³,2.2
7428,21614,Cook And Phillip-7428,2020-06-01T12:00:00+10:00,-33.8725,151.213333,pm25,µg/m³,3.7
7428,21614,Cook And Phillip-7428,2020-06-01T14:00:00+10:00,-33.8725,151.213333,pm25,µg/m³,0.0
7428,21614,Cook And Phillip-7428,2020-06-01T18:00:00+10:00,-33.8725,151.213333,pm25,µg/m³,5.3
7428,21614,Cook And Phillip-7428,2020-06-01T20:00:00+10:00,-33.8725,151.213333,pm25,µg/m³,2.0
7428,21614,Cook And Phillip-7428,2020-06-01T21:00:00+10:00,-33.8725,151.213333,pm25,µg/m³,1.0
7428,21614,Cook And Phillip-7428,2020-06-01T22:00:00+10:00,-33.8725,151.213333,pm25,µg/m³,0.9
7428,21614,Cook And Phillip-7428,2020-06-01T23:00:00+10:00,-33.8725,151.213333,pm25,µg/m³,2.8
7428,25546,Cook And Phillip-7428,2020-06-01T01:00:00+10:00,-33.8725,151.213333,no2,ppm,0.014
7428,25546,Cook And Phillip-7428,2020-06-01T03:00:00+10:00,-33.8725,151.213333,no2,ppm,0.011
7428,25546,Cook And Phillip-7428,2020-06-01T04:00:00+10:00,-33.8725,151.213333,no2,ppm,0.01
7428,25546,Cook And Phillip-7428,2020-06-01T05:00:00+10:00,-33.8725,151.213333,no2,ppm,0.013
7428,25546,Cook And Phillip-7428,2020-06-01T06:00:00+10:00,-33.8725,151.213333,no2,ppm,0.012
7428,25546,Cook And Phillip-7428,2020-06-01T07:00:00+10:00,-33.8725,151.213333,no2,ppm,0.021
7428,25546,Cook And Phillip-7428,2020-06-01T08:00:00+10:00,-33.8725,151.213333,no2,ppm,0.022
7428,25546,Cook And Phillip-7428,2020-06-01T09:00:00+10:00,-33.8725,151.213333,no2,ppm,0.019
7428,25546,Cook And Phillip-7428,2020-06-01T10:00:00+10:00,-33.8725,151.213333,no2,ppm,0.013
7428,25546,Cook And Phillip-7428,2020-06-01T12:00:00+10:00,-33.8725,151.213333,no2,ppm,0.011
7428,25546,Cook And Phillip-7428,2020-06-01T14:00:00+10:00,-33.8725,151.213333,no2,ppm,0.01
7428,25546,Cook And Phillip-7428,2020-06-01T18:00:00+10:00,-33.8725,151.213333,no2,ppm,0.021
7428,25546,Cook And Phillip-7428,2020-06-01T20:00:00+10:00,-33.8725,151.213333,no2,ppm,0.013
7428,25546,Cook And Phillip-7428,2020-06-01T21:00:00+10:00,-33.8725,151.213333,no2,ppm,0.012
7428,25546,Cook And Phillip-7428,2020-06-01T22:00:00+10:00,-33.8725,151.213333,no2,ppm,0.012
7428,25546,Cook And Phillip-7428,2020-06-01T23:00:00+10:00,-33.8725,151.213333,no2,ppm,0.014
7428,28686,Cook And Phillip-7428,2020-06-01T01:00:00+10:00,-33.8725,151.213333,co,ppm,0.1
7428,28686,Cook And Phillip-7428,2020-06-01T02:00:00+10:00,-33.8725,151.213333,co,ppm,0.1
7428,28686,Cook And Phillip-7428,2020-06-01T03:00:00+10:00,-33.8725,151.213333,co,ppm,0.1
7428,28686,Cook And Phillip-7428,2020-06-01T04:00:00+10:00,-33.8725,151.213333,co,ppm,0.1
7428,28686,Cook And Phillip-7428,2020-06-01T05:00:00+10:00,-33.8725,151.213333,co,ppm,0.1
7428,28686,Cook And Phillip-7428,2020-06-01T06:00:00+10:00,-33.8725,151.213333,co,ppm,0.0
7428,28686,Cook And Phillip-7428,2020-06-01T07:00:00+10:00,-33.8725,151.213333,co,ppm,0.0
7428,28686,Cook And Phillip-7428,2020-06-01T08:00:00+10:00,-33.8725,151.213333,co,ppm,0.0
7428,28686,Cook And Phillip-7428,2020-06-01T09:00:00+10:00,-33.8725,151.213333,co,ppm,0.0
7428,28686,Cook And Phillip-7428,2020-06-01T10:00:00+10:00,-33.8725,151.213333,co,ppm,0.0
7428,28686,Cook And Phillip-7428,2020-06-01T12:00:00+10:00,-33.8725,151.213333,co,ppm,0.0
7428,28686,Cook And Phillip-7428,2020-06-01T14:00:00+10:00,-33.8725,151.213333,co,ppm,0.0
7428,28686,Cook And Phillip-7428,2020-06-01T18:00:00+10:00,-33.8725,151.213333,co,ppm,0.0
7428,28686,Cook And Phillip-7428,2020-06-01T20:00:00+10:00,-33.8725,151.213333,co,ppm,0.0
7428,28686,Cook And Phillip-7428,2020-06-01T21:00:00+10:00,-33.8725,151.213333,co,ppm,0.0
7428,28686,Cook And Phillip-7428,2020-06-01T22:00:00+10:00,-33.8725,151.213333,co,ppm,0.0
7428,28686,Cook And Phillip-7428,2020-06-01T23:00:00+10:00,-33.8725,151.213333,co,ppm,0.0
7428,25544,Cook And Phillip-7428,2020-06-01T01:00:00+10:00,-33.8725,151.213333,so2,ppm,0.0
7428,25544,Cook And Phillip-7428,2020-06-01T03:00:00+10:00,-33.8725,151.213333,so2,ppm,0.0
7428,25544,Cook And Phillip-7428,2020-06-01T04:00:00+10:00,-33.8725,151.213333,so2,ppm,0.0
7428,25544,Cook And Phillip-7428,2020-06-01T05:00:00+10:00,-33.8725,151.213333,so2,ppm,0.0
7428,25544,Cook And Phillip-7428,2020-06-01T06:00:00+10:00,-33.8725,151.213333,so2,ppm,0.0
7428,25544,Cook And Phillip-7428,2020-06-01T07:00:00+10:00,-33.8725,151.213333,so2,ppm,0.0
7428,25544,Cook And Phillip-7428,2020-06-01T08:00:00+10:00,-33.8725,151.213333,so2,ppm,0.0
7428,25544,Cook And Phillip-7428,2020-06-01T09:00:00+10:00,-33.8725,151.213333,so2,ppm,0.0
7428,25544,Cook And Phillip-7428,2020-06-01T10:00:00+10:00,-33.8725,151.213333,so2,ppm,0.0
7428,25544,Cook And Phillip-7428,2020-06-01T12:00:00+10:00,-33.8725,151.213333,so2,ppm,0.0
7428,25544,Cook And Phillip-7428,2020-06-01T14:00:00+10:00,-33.8725,151.213333,so2,ppm,0.0
7428,25544,Cook And Phillip-7428,2020-06-01T18:00:00+10:00,-33.8725,151.213333,so2,ppm,0.0
7428,25544,Cook And Phillip-7428,2020-06-01T20:00:00+10:00,-33.8725,151.213333,so2,ppm,0.0
7428,25544,Cook And Phillip-7428,2020-06-01T21:00:00+10:00,-33.8725,151.213333,so2,ppm,0.0
7428,25544,Cook And Phillip-7428,2020-06-01T22:00:00+10:00,-33.8725,151.213333,so2,ppm,0.0
7428,25544,Cook And Phillip-7428,2020-06-01T23:00:00+10:00,-33.8725,151.213333,so2,ppm,0.0
7428,25545,Cook And Phillip-7428,2020-06-01T01:00:00+10:00,-33.8725,151.213333,o3,ppm,0.006
7428,25545,Cook And Phillip-7428,2020-06-01T02:00:00+10:00,-33.8725,151.213333,o3,ppm,0.005
7428,25545,Cook And Phillip-7428,2020-06-01T03:00:00+10:00,-33.8725,151.213333,o3,ppm,0.007
7428,25545,Cook And Phillip-7428,2020-06-01T04:00:00+10:00,-33.8725,151.213333,o3,ppm,0.009
7428,25545,Cook And Phillip-7428,2020-06-01T05:00:00+10:00,-33.8725,151.213333,o3,ppm,0.009
7428,25545,Cook And Phillip-7428,2020-06-01T06:00:00+10:00,-33.8725,151.213333,o3,ppm,0.01
7428,25545,Cook And Phillip-7428,2020-06-01T07:00:00+10:00,-33.8725,151.213333,o3,ppm,0.005
7428,25545,Cook And Phillip-7428,2020-06-01T08:00:00+10:00,-33.8725,151.213333,o3,ppm,0.004
7428,25545,Cook And Phillip-7428,2020-06-01T09:00:00+10:00,-33.8725,151.213333,o3,ppm,0.008
7428,25545,Cook And Phillip-7428,2020-06-01T10:00:00+10:00,-33.8725,151.213333,o3,ppm,0.012
7428,25545,Cook And Phillip-7428,2020-06-01T12:00:00+10:00,-33.8725,151.213333,o3,ppm,0.016
7428,25545,Cook And Phillip-7428,2020-06-01T14:00:00+10:00,-33.8725,151.213333,o3,ppm,0.019
7428,25545,Cook And Phillip-7428,2020-06-01T18:00:00+10:00,-33.8725,151.213333,o3,ppm,0.007
7428,25545,Cook And Phillip-7428,2020-06-01T20:00:00+10:00,-33.8725,151.213333,o3,ppm,0.012
7428,25545,Cook And Phillip-7428,2020-06-01T21:00:00+10:00,-33.8725,151.213333,o3,ppm,0.013
7428,25545,Cook And Phillip-7428,2020-06-01T22:00:00+10:00,-33.8725,151.213333,o3,ppm,0.013
7428,25545,Cook And Phillip-7428,2020-06-01T23:00:00+10:00,-33.8725,151.213333,o3,ppm,0.011
7428,21615,Cook And Phillip-7428,2020-06-02T01:00:00+10:00,-33.8725,151.213333,pm10,µg/m³,2.7
7428,21615,Cook And Phillip-7428,2020-06-02T03:00:00+10:00,-33.8725,151.213333,pm10,µg/m³,2.3
7428,21615,Cook And Phillip-7428,2020-06-02T04:00:00+10:00,-33.8725,151.213333,pm10,µg/m³,1.3
7428,21615,Cook And Phillip-7428,2020-06-02T05:00:00+10:00,-33.8725,151.213333,pm10,µg/m³,3.0
7428,21615,Cook And Phillip-7428,2020-06-02T06:00:00+10:00,-33.8725,151.213333,pm10,µg/m³,2.2
7428,21615,Cook And Phillip-7428,2020-06-02T07:00:00+10:00,-33.8725,151.213333,pm10,µg/m³,2.3
7428,21615,Cook And Phillip-7428,2020-06-02T08:00:00+10:00,-33.8725,151.213333,pm10,µg/m³,3.9
7428,21615,Cook And Phillip-7428,2020-06-02T09:00:00+10:00,-33.8725,151.213333,pm10,µg/m³,3.9
7428,21615,Cook And Phillip-7428,2020-06-02T11:00:00+10:00,-33.8725,151.213333,pm10,µg/m³,6.4
7428,21615,Cook And Phillip-7428,2020-06-02T12:00:00+10:00,-33.8725,151.213333,pm10,µg/m³,7.3
7428,21615,Cook And Phillip-7428,2020-06-02T15:00:00+10:00,-33.8725,151.213333,pm10,µg/m³,8.3
7428,21615,Cook And Phillip-7428,2020-06-02T16:00:00+10:00,-33.8725,151.213333,pm10,µg/m³,8.3
7428,21615,Cook And Phillip-7428,2020-06-02T17:00:00+10:00,-33.8725,151.213333,pm10,µg/m³,7.9
7428,21614,Cook And Phillip-7428,2020-06-02T01:00:00+10:00,-33.8725,151.213333,pm25,µg/m³,0.7
7428,21614,Cook And Phillip-7428,2020-06-02T03:00:00+10:00,-33.8725,151.213333,pm25,µg/m³,1.1
7428,21614,Cook And Phillip-7428,2020-06-02T04:00:00+10:00,-33.8725,151.213333,pm25,µg/m³,0.4
7428,21614,Cook And Phillip-7428,2020-06-02T05:00:00+10:00,-33.8725,151.213333,pm25,µg/m³,1.4
7428,21614,Cook And Phillip-7428,2020-06-02T06:00:00+10:00,-33.8725,151.213333,pm25,µg/m³,1.2
7428,21614,Cook And Phillip-7428,2020-06-02T07:00:00+10:00,-33.8725,151.213333,pm25,µg/m³,0.9
7428,21614,Cook And Phillip-7428,2020-06-02T08:00:00+10:00,-33.8725,151.213333,pm25,µg/m³,2.0
7428,21614,Cook And Phillip-7428,2020-06-02T09:00:00+10:00,-33.8725,151.213333,pm25,µg/m³,1.5
7428,21614,Cook And Phillip-7428,2020-06-02T11:00:00+10:00,-33.8725,151.213333,pm25,µg/m³,2.3
7428,21614,Cook And Phillip-7428,2020-06-02T12:00:00+10:00,-33.8725,151.213333,pm25,µg/m³,3.5
7428,21614,Cook And Phillip-7428,2020-06-02T15:00:00+10:00,-33.8725,151.213333,pm25,µg/m³,3.8
7428,21614,Cook And Phillip-7428,2020-06-02T16:00:00+10:00,-33.8725,151.213333,pm25,µg/m³,3.7
7428,21614,Cook And Phillip-7428,2020-06-02T17:00:00+10:00,-33.8725,151.213333,pm25,µg/m³,3.4
7428,25546,Cook And Phillip-7428,2020-06-02T01:00:00+10:00,-33.8725,151.213333,no2,ppm,0.009
7428,25546,Cook And Phillip-7428,2020-06-02T03:00:00+10:00,-33.8725,151.213333,no2,ppm,0.004
7428,25546,Cook And Phillip-7428,2020-06-02T04:00:00+10:00,-33.8725,151.213333,no2,ppm,0.006
7428,25546,Cook And Phillip-7428,2020-06-02T05:00:00+10:00,-33.8725,151.213333,no2,ppm,0.01
7428,25546,Cook And Phillip-7428,2020-06-02T06:00:00+10:00,-33.8725,151.213333,no2,ppm,0.011
7428,25546,Cook And Phillip-7428,2020-06-02T07:00:00+10:00,-33.8725,151.213333,no2,ppm,0.02
7428,25546,Cook And Phillip-7428,2020-06-02T08:00:00+10:00,-33.8725,151.213333,no2,ppm,0.024
7428,25546,Cook And Phillip-7428,2020-06-02T09:00:00+10:00,-33.8725,151.213333,no2,ppm,0.026
7428,25546,Cook And Phillip-7428,2020-06-02T11:00:00+10:00,-33.8725,151.213333,no2,ppm,0.024
7428,25546,Cook And Phillip-7428,2020-06-02T12:00:00+10:00,-33.8725,151.213333,no2,ppm,0.016
7428,25546,Cook And Phillip-7428,2020-06-02T15:00:00+10:00,-33.8725,151.213333,no2,ppm,0.02
7428,25546,Cook And Phillip-7428,2020-06-02T16:00:00+10:00,-33.8725,151.213333,no2,ppm,0.021
7428,25546,Cook And Phillip-7428,2020-06-02T17:00:00+10:00,-33.8725,151.213333,no2,ppm,0.018
7428,28686,Cook And Phillip-7428,2020-06-02T01:00:00+10:00,-33.8725,151.213333,co,ppm,0.0
7428,28686,Cook And Phillip-7428,2020-06-02T03:00:00+10:00,-33.8725,151.213333,co,ppm,0.0
7428,28686,Cook And Phillip-7428,2020-06-02T04:00:00+10:00,-33.8725,151.213333,co,ppm,0.0
7428,28686,Cook And Phillip-7428,2020-06-02T05:00:00+10:00,-33.8725,151.213333,co,ppm,0.0
7428,28686,Cook And Phillip-7428,2020-06-02T06:00:00+10:00,-33.8725,151.213333,co,ppm,0.0
7428,28686,Cook And Phillip-7428,2020-06-02T07:00:00+10:00,-33.8725,151.213333,co,ppm,0.0
7428,28686,Cook And Phillip-7428,2020-06-02T08:00:00+10:00,-33.8725,151.213333,co,ppm,0.0
7428,28686,Cook And Phillip-7428,2020-06-02T09:00:00+10:00,-33.8725,151.213333,co,ppm,0.0
7428,28686,Cook And Phillip-7428,2020-06-02T11:00:00+10:00,-33.8725,151.213333,co,ppm,0.0
7428,28686,Cook And Phillip-7428,2020-06-02T12:00:00+10:00,-33.8725,151.213333,co,ppm,0.0
7428,28686,Cook And Phillip-7428,2020-06-02T15:00:00+10:00,-33.8725,151.213333,co,ppm,0.1
7428,28686,Cook And Phillip-7428,2020-06-02T16:00:00+10:00,-33.8725,151.213333,co,ppm,0.1
7428,28686,Cook And Phillip-7428,2020-06-02T17:00:00+10:00,-33.8725,151.213333,co,ppm,0.1
7428,25544,Cook And Phillip-7428,2020-06-02T01:00:00+10:00,-33.8725,151.213333,so2,ppm,0.0
7428,25544,Cook And Phillip-7428,2020-06-02T03:00:00+10:00,-33.8725,151.213333,so2,ppm,0.0
7428,25544,Cook And Phillip-7428,2020-06-02T04:00:00+10:00,-33.8725,151.213333,so2,ppm,0.0
7428,25544,Cook And Phillip-7428,2020-06-02T05:00:00+10:00,-33.8725,151.213333,so2,ppm,0.0
7428,25544,Cook And Phillip-7428,2020-06-02T06:00:00+10:00,-33.8725,151.213333,so2,ppm,0.0
7428,25544,Cook And Phillip-7428,2020-06-02T07:00:00+10:00,-33.8725,151.213333,so2,ppm,0.0
7428,25544,Cook And Phillip-7428,2020-06-02T08:00:00+10:00,-33.8725,151.213333,so2,ppm,0.0
7428,25544,Cook And Phillip-7428,2020-06-02T09:00:00+10:00,-33.8725,151.213333,so2,ppm,0.0
7428,25544,Cook And Phillip-7428,2020-06-02T11:00:00+10:00,-33.8725,151.213333,so2,ppm,0.0
7428,25544,Cook And Phillip-7428,2020-06-02T12:00:00+10:00,-33.8725,151.213333,so2,ppm,0.0
7428,25544,Cook And Phillip-7428,2020-06-02T15:00:00+10:00,-33.8725,151.213333,so2,ppm,0.0
7428,25544,Cook And Phillip-7428,2020-06-02T16:00:00+10:00,-33.8725,151.213333,so2,ppm,0.0
7428,25544,Cook And Phillip-7428,2020-06-02T17:00:00+10:00,-33.8725,151.213333,so2,ppm,0.0
7428,25545,Cook And Phillip-7428,2020-06-02T01:00:00+10:00,-33.8725,151.213333,o3,ppm,0.016
7428,25545,Cook And Phillip-7428,2020-06-02T03:00:00+10:00,-33.8725,151.213333,o3,ppm,0.019
7428,25545,Cook And Phillip-7428,2020-06-02T04:00:00+10:00,-33.8725,151.213333,o3,ppm,0.018
7428,25545,Cook And Phillip-7428,2020-06-02T05:00:00+10:00,-33.8725,151.213333,o3,ppm,0.014
7428,25545,Cook And Phillip-7428,2020-06-02T06:00:00+10:00,-33.8725,151.213333,o3,ppm,0.013
7428,25545,Cook And Phillip-7428,2020-06-02T07:00:00+10:00,-33.8725,151.213333,o3,ppm,0.005
7428,25545,Cook And Phillip-7428,2020-06-02T08:00:00+10:00,-33.8725,151.213333,o3,ppm,0.001
7428,25545,Cook And Phillip-7428,2020-06-02T09:00:00+10:00,-33.8725,151.213333,o3,ppm,0.0
7428,25545,Cook And Phillip-7428,2020-06-02T11:00:00+10:00,-33.8725,151.213333,o3,ppm,0.003
7428,25545,Cook And Phillip-7428,2020-06-02T12:00:00+10:00,-33.8725,151.213333,o3,ppm,0.008
7428,25545,Cook And Phillip-7428,2020-06-02T15:00:00+10:00,-33.8725,151.213333,o3,ppm,0.005
7428,25545,Cook And Phillip-7428,2020-06-02T16:00:00+10:00,-33.8725,151.213333,o3,ppm,0.005
7428,25545,Cook And Phillip-7428,2020-06-02T17:00:00+10:00,-33.8725,151.213333,o3,ppm,0.006
7428,21615,Cook And Phillip-7428,2020-06-03T02:00:00+10:00,-33.8725,151.213333,pm10,µg/m³,5.0
7428,21615,Cook And Phillip-7428,2020-06-03T03:00:00+10:00,-33.8725,151.213333,pm10,µg/m³,3.7
7428,21615,Cook And Phillip-7428,2020-06-03T04:00:00+10:00,-33.8725,151.213333,pm10,µg/m³,4.4
7428,21615,Cook And Phillip-7428,2020-06-03T05:00:00+10:00,-33.8725,151.213333,pm10,µg/m³,6.3
7428,21615,Cook And Phillip-7428,2020-06-03T07:00:00+10:00,-33.8725,151.213333,pm10,µg/m³,6.8
7428,21615,Cook And Phillip-7428,2020-06-03T08:00:00+10:00,-33.8725,151.213333,pm10,µg/m³,8.1
7428,21615,Cook And Phillip-7428,2020-06-03T09:00:00+10:00,-33.8725,151.213333,pm10,µg/m³,6.2
7428,21615,Cook And Phillip-7428,2020-06-03T10:00:00+10:00,-33.8725,151.213333,pm10,µg/m³,7.9
7428,21615,Cook And Phillip-7428,2020-06-03T12:00:00+10:00,-33.8725,151.213333,pm10,µg/m³,7.4
7428,21615,Cook And Phillip-7428,2020-06-03T14:00:00+10:00,-33.8725,151.213333,pm10,µg/m³,11.3
7428,21615,Cook And Phillip-7428,2020-06-03T15:00:00+10:00,-33.8725,151.213333,pm10,µg/m³,10.8
7428,21615,Cook And Phillip-7428,2020-06-03T16:00:00+10:00,-33.8725,151.213333,pm10,µg/m³,13.6
7428,21615,Cook And Phillip-7428,2020-06-03T17:00:00+10:00,-33.8725,151.213333,pm10,µg/m³,11.5
7428,21615,Cook And Phillip-7428,2020-06-03T18:00:00+10:00,-33.8725,151.213333,pm10,µg/m³,11.5
7428,21615,Cook And Phillip-7428,2020-06-03T19:00:00+10:00,-33.8725,151.213333,pm10,µg/m³,13.3
7428,21615,Cook And Phillip-7428,2020-06-03T20:00:00+10:00,-33.8725,151.213333,pm10,µg/m³,18.7
7428,21614,Cook And Phillip-7428,2020-06-03T02:00:00+10:00,-33.8725,151.213333,pm25,µg/m³,2.8
7428,21614,Cook And Phillip-7428,2020-06-03T03:00:00+10:00,-33.8725,151.213333,pm25,µg/m³,2.3
7428,21614,Cook And Phillip-7428,2020-06-03T04:00:00+10:00,-33.8725,151.213333,pm25,µg/m³,3.3
7428,21614,Cook And Phillip-7428,2020-06-03T05:00:00+10:00,-33.8725,151.213333,pm25,µg/m³,4.7
7428,21614,Cook And Phillip-7428,2020-06-03T07:00:00+10:00,-33.8725,151.213333,pm25,µg/m³,4.8
7428,21614,Cook And Phillip-7428,2020-06-03T08:00:00+10:00,-33.8725,151.213333,pm25,µg/m³,5.1
7428,21614,Cook And Phillip-7428,2020-06-03T09:00:00+10:00,-33.8725,151.213333,pm25,µg/m³,0.9
7428,21614,Cook And Phillip-7428,2020-06-03T10:00:00+10:00,-33.8725,151.213333,pm25,µg/m³,3.7
7428,21614,Cook And Phillip-7428,2020-06-03T12:00:00+10:00,-33.8725,151.213333,pm25,µg/m³,3.9
7428,21614,Cook And Phillip-7428,2020-06-03T14:00:00+10:00,-33.8725,151.213333,pm25,µg/m³,6.5
7428,21614,Cook And Phillip-7428,2020-06-03T15:00:00+10:00,-33.8725,151.213333,pm25,µg/m³,5.1
7428,21614,Cook And Phillip-7428,2020-06-03T16:00:00+10:00,-33.8725,151.213333,pm25,µg/m³,5.5
7428,21614,Cook And Phillip-7428,2020-06-03T17:00:00+10:00,-33.8725,151.213333,pm25,µg/m³,3.6
7428,21614,Cook And Phillip-7428,2020-06-03T18:00:00+10:00,-33.8725,151.213333,pm25,µg/m³,3.5
7428,21614,Cook And Phillip-7428,2020-06-03T19:00:00+10:00,-33.8725,151.213333,pm25,µg/m³,3.9
7428,21614,Cook And Phillip-7428,2020-06-03T20:00:00+10:00,-33.8725,151.213333,pm25,µg/m³,7.8
7428,25546,Cook And Phillip-7428,2020-06-03T03:00:00+10:00,-33.8725,151.213333,no2,ppm,0.009
7428,25546,Cook And Phillip-7428,2020-06-03T04:00:00+10:00,-33.8725,151.213333,no2,ppm,0.009
7428,25546,Cook And Phillip-7428,2020-06-03T05:00:00+10:00,-33.8725,151.213333,no2,ppm,0.012
7428,25546,Cook And Phillip-7428,2020-06-03T07:00:00+10:00,-33.8725,151.213333,no2,ppm,0.02
7428,25546,Cook And Phillip-7428,2020-06-03T08:00:00+10:00,-33.8725,151.213333,no2,ppm,0.026
7428,25546,Cook And Phillip-7428,2020-06-03T09:00:00+10:00,-33.8725,151.213333,no2,ppm,0.025
7428,25546,Cook And Phillip-7428,2020-06-03T10:00:00+10:00,-33.8725,151.213333,no2,ppm,0.016
7428,25546,Cook And Phillip-7428,2020-06-03T12:00:00+10:00,-33.8725,151.213333,no2,ppm,0.011
7428,25546,Cook And Phillip-7428,2020-06-03T14:00:00+10:00,-33.8725,151.213333,no2,ppm,0.007
7428,25546,Cook And Phillip-7428,2020-06-03T15:00:00+10:00,-33.8725,151.213333,no2,ppm,0.006
7428,25546,Cook And Phillip-7428,2020-06-03T16:00:00+10:00,-33.8725,151.213333,no2,ppm,0.01
7428,25546,Cook And Phillip-7428,2020-06-03T17:00:00+10:00,-33.8725,151.213333,no2,ppm,0.013
7428,25546,Cook And Phillip-7428,2020-06-03T18:00:00+10:00,-33.8725,151.213333,no2,ppm,0.017
7428,25546,Cook And Phillip-7428,2020-06-03T19:00:00+10:00,-33.8725,151.213333,no2,ppm,0.016
7428,25546,Cook And Phillip-7428,2020-06-03T20:00:00+10:00,-33.8725,151.213333,no2,ppm,0.009
7428,28686,Cook And Phillip-7428,2020-06-03T02:00:00+10:00,-33.8725,151.213333,co,ppm,0.0
7428,28686,Cook And Phillip-7428,2020-06-03T03:00:00+10:00,-33.8725,151.213333,co,ppm,0.0
7428,28686,Cook And Phillip-7428,2020-06-03T04:00:00+10:00,-33.8725,151.213333,co,ppm,0.0
7428,28686,Cook And Phillip-7428,2020-06-03T05:00:00+10:00,-33.8725,151.213333,co,ppm,0.0
7428,28686,Cook And Phillip-7428,2020-06-03T07:00:00+10:00,-33.8725,151.213333,co,ppm,0.0
7428,28686,Cook And Phillip-7428,2020-06-03T08:00:00+10:00,-33.8725,151.213333,co,ppm,0.0
7428,28686,Cook And Phillip-7428,2020-06-03T09:00:00+10:00,-33.8725,151.213333,co,ppm,0.1
7428,28686,Cook And Phillip-7428,2020-06-03T10:00:00+10:00,-33.8725,151.213333,co,ppm,0.1
7428,28686,Cook And Phillip-7428,2020-06-03T12:00:00+10:00,-33.8725,151.213333,co,ppm,0.1
7428,28686,Cook And Phillip-7428,2020-06-03T14:00:00+10:00,-33.8725,151.213333,co,ppm,0.1
7428,28686,Cook And Phillip-7428,2020-06-03T15:00:00+10:00,-33.8725,151.213333,co,ppm,0.0
7428,28686,Cook And Phillip-7428,2020-06-03T16:00:00+10:00,-33.8725,151.213333,co,ppm,0.0
7428,28686,Cook And Phillip-7428,2020-06-03T17:00:00+10:00,-33.8725,151.213333,co,ppm,0.0
7428,28686,Cook And Phillip-7428,2020-06-03T18:00:00+10:00,-33.8725,151.213333,co,ppm,0.0
7428,28686,Cook And Phillip-7428,2020-06-03T19:00:00+10:00,-33.8725,151.213333,co,ppm,0.0
7428,28686,Cook And Phillip-7428,2020-06-03T20:00:00+10:00,-33.8725,151.213333,co,ppm,0.0
7428,25544,Cook And Phillip-7428,2020-06-03T03:00:00+10:00,-33.8725,151.213333,so2,ppm,0.0
7428,25544,Cook And Phillip-7428,2020-06-03T04:00:00+10:00,-33.8725,151.213333,so2,ppm,0.0
7428,25544,Cook And Phillip-7428,2020-06-03T05:00:00+10:00,-33.8725,151.213333,so2,ppm,0.0
7428,25544,Cook And Phillip-7428,2020-06-03T07:00:00+10:00,-33.8725,151.213333,so2,ppm,0.0
7428,25544,Cook And Phillip-7428,2020-06-03T08:00:00+10:00,-33.8725,151.213333,so2,ppm,0.0
7428,25544,Cook And Phillip-7428,2020-06-03T09:00:00+10:00,-33.8725,151.213333,so2,ppm,0.0
7428,25544,Cook And Phillip-7428,2020-06-03T10:00:00+10:00,-33.8725,151.213333,so2,ppm,0.0
7428,25544,Cook And Phillip-7428,2020-06-03T12:00:00+10:00,-33.8725,151.213333,so2,ppm,0.0
7428,25544,Cook And Phillip-7428,2020-06-03T14:00:00+10:00,-33.8725,151.213333,so2,ppm,0.0
7428,25544,Cook And Phillip-7428,2020-06-03T15:00:00+10:00,-33.8725,151.213333,so2,ppm,0.0
7428,25544,Cook And Phillip-7428,2020-06-03T16:00:00+10:00,-33.8725,151.213333,so2,ppm,0.0
7428,25544,Cook And Phillip-7428,2020-06-03T17:00:00+10:00,-33.8725,151.213333,so2,ppm,0.0
7428,25544,Cook And Phillip-7428,2020-06-03T18:00:00+10:00,-33.8725,151.213333,so2,ppm,0.0
7428,25544,Cook And Phillip-7428,2020-06-03T19:00:00+10:00,-33.8725,151.213333,so2,ppm,0.0
7428,25544,Cook And Phillip-7428,2020-06-03T20:00:00+10:00,-33.8725,151.213333,so2,ppm,0.0
7428,25545,Cook And Phillip-7428,2020-06-03T02:00:00+10:00,-33.8725,151.213333,o3,ppm,0.01
7428,25545,Cook And Phillip-7428,2020-06-03T03:00:00+10:00,-33.8725,151.213333,o3,ppm,0.013
7428,25545,Cook And Phillip-7428,2020-06-03T04:00:00+10:00,-33.8725,151.213333,o3,ppm,0.013
7428,25545,Cook And Phillip-7428,2020-06-03T05:00:00+10:00,-33.8725,151.213333,o3,ppm,0.009
7428,25545,Cook And Phillip-7428,2020-06-03T07:00:00+10:00,-33.8725,151.213333,o3,ppm,0.003
7428,25545,Cook And Phillip-7428,2020-06-03T08:00:00+10:00,-33.8725,151.213333,o3,ppm,0.001
7428,25545,Cook And Phillip-7428,2020-06-03T09:00:00+10:00,-33.8725,151.213333,o3,ppm,0.004
7428,25545,Cook And Phillip-7428,2020-06-03T10:00:00+10:00,-33.8725,151.213333,o3,ppm,0.011
7428,25545,Cook And Phillip-7428,2020-06-03T12:00:00+10:00,-33.8725,151.213333,o3,ppm,0.015
7428,25545,Cook And Phillip-7428,2020-06-03T14:00:00+10:00,-33.8725,151.213333,o3,ppm,0.022
7428,25545,Cook And Phillip-7428,2020-06-03T15:00:00+10:00,-33.8725,151.213333,o3,ppm,0.023
7428,25545,Cook And Phillip-7428,2020-06-03T16:00:00+10:00,-33.8725,151.213333,o3,ppm,0.019
7428,25545,Cook And Phillip-7428,2020-06-03T17:00:00+10:00,-33.8725,151.213333,o3,ppm,0.017
7428,25545,Cook And Phillip-7428,2020-06-03T18:00:00+10:00,-33.8725,151.213333,o3,ppm,0.013
7428,25545,Cook And Phillip-7428,2020-06-03T19:00:00+10:00,-33.8725,151.213333,o3,ppm,0.014
7428,25545,Cook And Phillip-7428,2020-06-03T20:00:00+10:00,-33.8725,151.213333,o3,ppm,0.02
7428,21615,Cook And Phillip-7428,2020-06-04T09:00:00+10:00,-33.8725,151.213333,pm10,µg/m³,10.4
7428,21615,Cook And Phillip-7428,2020-06-04T11:00:00+10:00,-33.8725,151.213333,pm10,µg/m³,13.8
7428,21615,Cook And Phillip-7428,2020-06-04T12:00:00+10:00,-33.8725,151.213333,pm10,µg/m³,15.6
7428,21615,Cook And Phillip-7428,2020-06-04T13:00:00+10:00,-33.8725,151.213333,pm10,µg/m³,18.3
7428,21615,Cook And Phillip-7428,2020-06-04T14:00:00+10:00,-33.8725,151.213333,pm10,µg/m³,18.0
7428,21615,Cook And Phillip-7428,2020-06-04T15:00:00+10:00,-33.8725,151.213333,pm10,µg/m³,16.2
7428,21615,Cook And Phillip-7428,2020-06-04T16:00:00+10:00,-33.8725,151.213333,pm10,µg/m³,16.4
7428,21614,Cook And Phillip-7428,2020-06-04T09:00:00+10:00,-33.8725,151.213333,pm25,µg/m³,4.1
7428,21614,Cook And Phillip-7428,2020-06-04T11:00:00+10:00,-33.8725,151.213333,pm25,µg/m³,4.7
7428,21614,Cook And Phillip-7428,2020-06-04T12:00:00+10:00,-33.8725,151.213333,pm25,µg/m³,4.8
7428,21614,Cook And Phillip-7428,2020-06-04T13:00:00+10:00,-33.8725,151.213333,pm25,µg/m³,6.6
7428,21614,Cook And Phillip-7428,2020-06-04T14:00:00+10:00,-33.8725,151.213333,pm25,µg/m³,7.1
7428,21614,Cook And Phillip-7428,2020-06-04T15:00:00+10:00,-33.8725,151.213333,pm25,µg/m³,6.0
7428,21614,Cook And Phillip-7428,2020-06-04T16:00:00+10:00,-33.8725,151.213333,pm25,µg/m³,6.6
7428,25546,Cook And Phillip-7428,2020-06-04T09:00:00+10:00,-33.8725,151.213333,no2,ppm,0.023
7428,25546,Cook And Phillip-7428,2020-06-04T11:00:00+10:00,-33.8725,151.213333,no2,ppm,0.014
7428,25546,Cook And Phillip-7428,2020-06-04T12:00:00+10:00,-33.8725,151.213333,no2,ppm,0.011
7428,25546,Cook And Phillip-7428,2020-06-04T13:00:00+10:00,-33.8725,151.213333,no2,ppm,0.01
7428,25546,Cook And Phillip-7428,2020-06-04T14:00:00+10:00,-33.8725,151.213333,no2,ppm,0.008
7428,25546,Cook And Phillip-7428,2020-06-04T15:00:00+10:00,-33.8725,151.213333,no2,ppm,0.009
7428,25546,Cook And Phillip-7428,2020-06-04T16:00:00+10:00,-33.8725,151.213333,no2,ppm,0.014
7428,28686,Cook And Phillip-7428,2020-06-04T09:00:00+10:00,-33.8725,151.213333,co,ppm,0.0
7428,28686,Cook And Phillip-7428,2020-06-04T11:00:00+10:00,-33.8725,151.213333,co,ppm,0.0
7428,28686,Cook And Phillip-7428,2020-06-04T12:00:00+10:00,-33.8725,151.213333,co,ppm,0.0
7428,28686,Cook And Phillip-7428,2020-06-04T13:00:00+10:00,-33.8725,151.213333,co,ppm,0.0
7428,28686,Cook And Phillip-7428,2020-06-04T14:00:00+10:00,-33.8725,151.213333,co,ppm,0.0
7428,28686,Cook And Phillip-7428,2020-06-04T15:00:00+10:00,-33.8725,151.213333,co,ppm,0.1
7428,28686,Cook And Phillip-7428,2020-06-04T16:00:00+10:00,-33.8725,151.213333,co,ppm,0.1
7428,25544,Cook And Phillip-7428,2020-06-04T09:00:00+10:00,-33.8725,151.213333,so2,ppm,0.0
7428,25544,Cook And Phillip-7428,2020-06-04T11:00:00+10:00,-33.8725,151.213333,so2,ppm,0.0
7428,25544,Cook And Phillip-7428,2020-06-04T12:00:00+10:00,-33.8725,151.213333,so2,ppm,0.0
7428,25544,Cook And Phillip-7428,2020-06-04T13:00:00+10:00,-33.8725,151.213333,so2,ppm,0.0
7428,25544,Cook And Phillip-7428,2020-06-04T14:00:00+10:00,-33.8725,151.213333,so2,ppm,0.0
7428,25544,Cook And Phillip-7428,2020-06-04T15:00:00+10:00,-33.8725,151.213333,so2,ppm,0.0
7428,25544,Cook And Phillip-7428,2020-06-04T16:00:00+10:00,-33.8725,151.213333,so2,ppm,0.0
7428,25545,Cook And Phillip-7428,2020-06-04T09:00:00+10:00,-33.8725,151.213333,o3,ppm,0.005
7428,25545,Cook And Phillip-7428,2020-06-04T11:00:00+10:00,-33.8725,151.213333,o3,ppm,0.015
7428,25545,Cook And Phillip-7428,2020-06-04T12:00:00+10:00,-33.8725,151.213333,o3,ppm,0.019
7428,25545,Cook And Phillip-7428,2020-06-04T13:00:00+10:00,-33.8725,151.213333,o3,ppm,0.02
7428,25545,Cook And Phillip-7428,2020-06-04T14:00:00+10:00,-33.8725,151.213333,o3,ppm,0.022
7428,25545,Cook And Phillip-7428,2020-06-04T15:00:00+10:00,-33.8725,151.213333,o3,ppm,0.022
7428,25545,Cook And Phillip-7428,2020-06-04T16:00:00+10:00,-33.8725,151.213333,o3,ppm,0.017
7428,21615,Cook And Phillip-7428,2020-06-05T01:00:00+10:00,-33.8725,151.213333,pm10,µg/m³,24.0
7428,21615,Cook And Phillip-7428,2020-06-05T02:00:00+10:00,-33.8725,151.213333,pm10,µg/m³,28.5
7428,21615,Cook And Phillip-7428,2020-06-05T03:00:00+10:00,-33.8725,151.213333,pm10,µg/m³,20.4
7428,21615,Cook And Phillip-7428,2020-06-05T04:00:00+10:00,-33.8725,151.213333,pm10,µg/m³,21.1
7428,21615,Cook And Phillip-7428,2020-06-05T05:00:00+10:00,-33.8725,151.213333,pm10,µg/m³,16.1
7428,21615,Cook And Phillip-7428,2020-06-05T07:00:00+10:00,-33.8725,151.213333,pm10,µg/m³,14.3
7428,21615,Cook And Phillip-7428,2020-06-05T09:00:00+10:00,-33.8725,151.213333,pm10,µg/m³,16.7
7428,21615,Cook And Phillip-7428,2020-06-05T11:00:00+10:00,-33.8725,151.213333,pm10,µg/m³,28.0
7428,21615,Cook And Phillip-7428,2020-06-05T13:00:00+10:00,-33.8725,151.213333,pm10,µg/m³,25.5
7428,21615,Cook And Phillip-7428,2020-06-05T15:00:00+10:00,-33.8725,151.213333,pm10,µg/m³,22.3
7428,21615,Cook And Phillip-7428,2020-06-05T16:00:00+10:00,-33.8725,151.213333,pm10,µg/m³,25.9
7428,21615,Cook And Phillip-7428,2020-06-05T17:00:00+10:00,-33.8725,151.213333,pm10,µg/m³,21.2
7428,21615,Cook And Phillip-7428,2020-06-05T18:00:00+10:00,-33.8725,151.213333,pm10,µg/m³,18.8
7428,21615,Cook And Phillip-7428,2020-06-05T21:00:00+10:00,-33.8725,151.213333,pm10,µg/m³,23.9
7428,21615,Cook And Phillip-7428,2020-06-05T23:00:00+10:00,-33.8725,151.213333,pm10,µg/m³,39.8
7428,21614,Cook And Phillip-7428,2020-06-05T01:00:00+10:00,-33.8725,151.213333,pm25,µg/m³,13.6
7428,21614,Cook And Phillip-7428,2020-06-05T02:00:00+10:00,-33.8725,151.213333,pm25,µg/m³,12.4
7428,21614,Cook And Phillip-7428,2020-06-05T03:00:00+10:00,-33.8725,151.213333,pm25,µg/m³,10.2
7428,21614,Cook And Phillip-7428,2020-06-05T04:00:00+10:00,-33.8725,151.213333,pm25,µg/m³,11.5
7428,21614,Cook And Phillip-7428,2020-06-05T05:00:00+10:00,-33.8725,151.213333,pm25,µg/m³,8.0
7428,21614,Cook And Phillip-7428,2020-06-05T07:00:00+10:00,-33.8725,151.213333,pm25,µg/m³,7.5
7428,21614,Cook And Phillip-7428,2020-06-05T09:00:00+10:00,-33.8725,151.213333,pm25,µg/m³,9.3
7428,21614,Cook And Phillip-7428,2020-06-05T11:00:00+10:00,-33.8725,151.213333,pm25,µg/m³,16.7
7428,21614,Cook And Phillip-7428,2020-06-05T13:00:00+10:00,-33.8725,151.213333,pm25,µg/m³,16.1
7428,21614,Cook And Phillip-7428,2020-06-05T15:00:00+10:00,-33.8725,151.213333,pm25,µg/m³,13.3
7428,21614,Cook And Phillip-7428,2020-06-05T16:00:00+10:00,-33.8725,151.213333,pm25,µg/m³,12.0
7428,21614,Cook And Phillip-7428,2020-06-05T17:00:00+10:00,-33.8725,151.213333,pm25,µg/m³,8.4
7428,21614,Cook And Phillip-7428,2020-06-05T18:00:00+10:00,-33.8725,151.213333,pm25,µg/m³,6.0
7428,21614,Cook And Phillip-7428,2020-06-05T21:00:00+10:00,-33.8725,151.213333,pm25,µg/m³,14.7
7428,21614,Cook And Phillip-7428,2020-06-05T23:00:00+10:00,-33.8725,151.213333,pm25,µg/m³,25.0
7428,25546,Cook And Phillip-7428,2020-06-05T01:00:00+10:00,-33.8725,151.213333,no2,ppm,0.026
7428,25546,Cook And Phillip-7428,2020-06-05T03:00:00+10:00,-33.8725,151.213333,no2,ppm,0.022
7428,25546,Cook And Phillip-7428,2020-06-05T04:00:00+10:00,-33.8725,151.213333,no2,ppm,0.021
7428,25546,Cook And Phillip-7428,2020-06-05T05:00:00+10:00,-33.8725,151.213333,no2,ppm,0.02
7428,25546,Cook And Phillip-7428,2020-06-05T07:00:00+10:00,-33.8725,151.213333,no2,ppm,0.021
7428,25546,Cook And Phillip-7428,2020-06-05T09:00:00+10:00,-33.8725,151.213333,no2,ppm,0.021
7428,25546,Cook And Phillip-7428,2020-06-05T11:00:00+10:00,-33.8725,151.213333,no2,ppm,0.022
7428,25546,Cook And Phillip-7428,2020-06-05T13:00:00+10:00,-33.8725,151.213333,no2,ppm,0.026
7428,25546,Cook And Phillip-7428,2020-06-05T15:00:00+10:00,-33.8725,151.213333,no2,ppm,0.027
7428,25546,Cook And Phillip-7428,2020-06-05T16:00:00+10:00,-33.8725,151.213333,no2,ppm,0.025
7428,25546,Cook And Phillip-7428,2020-06-05T17:00:00+10:00,-33.8725,151.213333,no2,ppm,0.029
7428,25546,Cook And Phillip-7428,2020-06-05T18:00:00+10:00,-33.8725,151.213333,no2,ppm,0.033
7428,25546,Cook And Phillip-7428,2020-06-05T21:00:00+10:00,-33.8725,151.213333,no2,ppm,0.033
7428,25546,Cook And Phillip-7428,2020-06-05T23:00:00+10:00,-33.8725,151.213333,no2,ppm,0.038
7428,28686,Cook And Phillip-7428,2020-06-05T01:00:00+10:00,-33.8725,151.213333,co,ppm,0.3
7428,28686,Cook And Phillip-7428,2020-06-05T02:00:00+10:00,-33.8725,151.213333,co,ppm,0.3
7428,28686,Cook And Phillip-7428,2020-06-05T03:00:00+10:00,-33.8725,151.213333,co,ppm,0.3
7428,28686,Cook And Phillip-7428,2020-06-05T04:00:00+10:00,-33.8725,151.213333,co,ppm,0.3
7428,28686,Cook And Phillip-7428,2020-06-05T05:00:00+10:00,-33.8725,151.213333,co,ppm,0.3
7428,28686,Cook And Phillip-7428,2020-06-05T07:00:00+10:00,-33.8725,151.213333,co,ppm,0.2
7428,28686,Cook And Phillip-7428,2020-06-05T09:00:00+10:00,-33.8725,151.213333,co,ppm,0.2
7428,28686,Cook And Phillip-7428,2020-06-05T11:00:00+10:00,-33.8725,151.213333,co,ppm,0.2
7428,28686,Cook And Phillip-7428,2020-06-05T13:00:00+10:00,-33.8725,151.213333,co,ppm,0.2
7428,28686,Cook And Phillip-7428,2020-06-05T15:00:00+10:00,-33.8725,151.213333,co,ppm,0.2
7428,28686,Cook And Phillip-7428,2020-06-05T16:00:00+10:00,-33.8725,151.213333,co,ppm,0.2
7428,28686,Cook And Phillip-7428,2020-06-05T17:00:00+10:00,-33.8725,151.213333,co,ppm,0.2
7428,28686,Cook And Phillip-7428,2020-06-05T18:00:00+10:00,-33.8725,151.213333,co,ppm,0.2
7428,28686,Cook And Phillip-7428,2020-06-05T21:00:00+10:00,-33.8725,151.213333,co,ppm,0.4
7428,28686,Cook And Phillip-7428,2020-06-05T23:00:00+10:00,-33.8725,151.213333,co,ppm,0.5
7428,25544,Cook And Phillip-7428,2020-06-05T01:00:00+10:00,-33.8725,151.213333,so2,ppm,0.0
7428,25544,Cook And Phillip-7428,2020-06-05T03:00:00+10:00,-33.8725,151.213333,so2,ppm,0.0
7428,25544,Cook And Phillip-7428,2020-06-05T04:00:00+10:00,-33.8725,151.213333,so2,ppm,0.0
7428,25544,Cook And Phillip-7428,2020-06-05T05:00:00+10:00,-33.8725,151.213333,so2,ppm,0.0
7428,25544,Cook And Phillip-7428,2020-06-05T07:00:00+10:00,-33.8725,151.213333,so2,ppm,0.0
7428,25544,Cook And Phillip-7428,2020-06-05T09:00:00+10:00,-33.8725,151.213333,so2,ppm,0.001
7428,25544,Cook And Phillip-7428,2020-06-05T11:00:00+10:00,-33.8725,151.213333,so2,ppm,0.001
7428,25544,Cook And Phillip-7428,2020-06-05T13:00:00+10:00,-33.8725,151.213333,so2,ppm,0.001
7428,25544,Cook And Phillip-7428,2020-06-05T15:00:00+10:00,-33.8725,151.213333,so2,ppm,0.001
7428,25544,Cook And Phillip-7428,2020-06-05T16:00:00+10:00,-33.8725,151.213333,so2,ppm,0.0
7428,25544,Cook And Phillip-7428,2020-06-05T17:00:00+10:00,-33.8725,151.213333,so2,ppm,0.0
7428,25544,Cook And Phillip-7428,2020-06-05T18:00:00+10:00,-33.8725,151.213333,so2,ppm,0.001
7428,25544,Cook And Phillip-7428,2020-06-05T21:00:00+10:00,-33.8725,151.213333,so2,ppm,0.002
7428,25544,Cook And Phillip-7428,2020-06-05T23:00:00+10:00,-33.8725,151.213333,so2,ppm,0.002
7428,25545,Cook And Phillip-7428,2020-06-05T01:00:00+10:00,-33.8725,151.213333,o3,ppm,0.001
7428,25545,Cook And Phillip-7428,2020-06-05T02:00:00+10:00,-33.8725,151.213333,o3,ppm,0.001
7428,25545,Cook And Phillip-7428,2020-06-05T03:00:00+10:00,-33.8725,151.213333,o3,ppm,0.001
7428,25545,Cook And Phillip-7428,2020-06-05T04:00:00+10:00,-33.8725,151.213333,o3,ppm,0.002
7428,25545,Cook And Phillip-7428,2020-06-05T05:00:00+10:00,-33.8725,151.213333,o3,ppm,0.002
7428,25545,Cook And Phillip-7428,2020-06-05T07:00:00+10:00,-33.8725,151.213333,o3,ppm,0.001
7428,25545,Cook And Phillip-7428,2020-06-05T09:00:00+10:00,-33.8725,151.213333,o3,ppm,0.003
7428,25545,Cook And Phillip-7428,2020-06-05T11:00:00+10:00,-33.8725,151.213333,o3,ppm,0.005
7428,25545,Cook And Phillip-7428,2020-06-05T13:00:00+10:00,-33.8725,151.213333,o3,ppm,0.011
7428,25545,Cook And Phillip-7428,2020-06-05T15:00:00+10:00,-33.8725,151.213333,o3,ppm,0.008
7428,25545,Cook And Phillip-7428,2020-06-05T16:00:00+10:00,-33.8725,151.213333,o3,ppm,0.007
7428,25545,Cook And Phillip-7428,2020-06-05T17:00:00+10:00,-33.8725,151.213333,o3,ppm,0.003
7428,25545,Cook And Phillip-7428,2020-06-05T18:00:00+10:00,-33.8725,151.213333,o3,ppm,0.001
7428,25545,Cook And Phillip-7428,2020-06-05T21:00:00+10:00,-33.8725,151.213333,o3,ppm,0.001
7428,25545,Cook And Phillip-7428,2020-06-05T23:00:00+10:00,-33.8725,151.213333,o3,ppm,0.002
7428,21615,Cook And Phillip-7428,2020-06-06T01:00:00+10:00,-33.8725,151.213333,pm10,µg/m³,24.6
7428,21615,Cook And Phillip-7428,2020-06-06T02:00:00+10:00,-33.8725,151.213333,pm10,µg/m³,20.3
7428,21615,Cook And Phillip-7428,2020-06-06T03:00:00+10:00,-33.8725,151.213333,pm10,µg/m³,14.1
7428,21615,Cook And Phillip-7428,2020-06-06T04:00:00+10:00,-33.8725,151.213333,pm10,µg/m³,15.6
7428,21615,Cook And Phillip-7428,2020-06-06T05:00:00+10:00,-33.8725,151.213333,pm10,µg/m³,17.3
7428,21615,Cook And Phillip-7428,2020-06-06T06:00:00+10:00,-33.8725,151.213333,pm10,µg/m³,16.8
7428,21615,Cook And Phillip-7428,2020-06-06T08:00:00+10:00,-33.8725,151.213333,pm10,µg/m³,15.4
7428,21615,Cook And Phillip-7428,2020-06-06T10:00:00+10:00,-33.8725,151.213333,pm10,µg/m³,21.3
7428,21615,Cook And Phillip-7428,2020-06-06T11:00:00+10:00,-33.8725,151.213333,pm10,µg/m³,23.1
7428,21615,Cook And Phillip-7428,2020-06-06T12:00:00+10:00,-33.8725,151.213333,pm10,µg/m³,25.4
7428,21615,Cook And Phillip-7428,2020-06-06T13:00:00+10:00,-33.8725,151.213333,pm10,µg/m³,24.3
7428,21615,Cook And Phillip-7428,2020-06-06T14:00:00+10:00,-33.8725,151.213333,pm10,µg/m³,19.7
7428,21615,Cook And Phillip-7428,2020-06-06T15:00:00+10:00,-33.8725,151.213333,pm10,µg/m³,14.1
7428,21615,Cook And Phillip-7428,2020-06-06T16:00:00+10:00,-33.8725,151.213333,pm10,µg/m³,16.2
7428,21614,Cook And Phillip-7428,2020-06-06T01:00:00+10:00,-33.8725,151.213333,pm25,µg/m³,17.2
7428,21614,Cook And Phillip-7428,2020-06-06T02:00:00+10:00,-33.8725,151.213333,pm25,µg/m³,15.1
7428,21614,Cook And Phillip-7428,2020-06-06T03:00:00+10:00,-33.8725,151.213333,pm25,µg/m³,10.4
7428,21614,Cook And Phillip-7428,2020-06-06T04:00:00+10:00,-33.8725,151.213333,pm25,µg/m³,12.9
7428,21614,Cook And Phillip-7428,2020-06-06T05:00:00+10:00,-33.8725,151.213333,pm25,µg/m³,14.1
7428,21614,Cook And Phillip-7428,2020-06-06T06:00:00+10:00,-33.8725,151.213333,pm25,µg/m³,13.2
7428,21614,Cook And Phillip-7428,2020-06-06T08:00:00+10:00,-33.8725,151.213333,pm25,µg/m³,10.4
7428,21614,Cook And Phillip-7428,2020-06-06T10:00:00+10:00,-33.8725,151.213333,pm25,µg/m³,15.7
7428,21614,Cook And Phillip-7428,2020-06-06T11:00:00+10:00,-33.8725,151.213333,pm25,µg/m³,16.4
7428,21614,Cook And Phillip-7428,2020-06-06T12:00:00+10:00,-33.8725,151.213333,pm25,µg/m³,17.1
7428,21614,Cook And Phillip-7428,2020-06-06T13:00:00+10:00,-33.8725,151.213333,pm25,µg/m³,15.6
7428,21614,Cook And Phillip-7428,2020-06-06T14:00:00+10:00,-33.8725,151.213333,pm25,µg/m³,13.0
7428,21614,Cook And Phillip-7428,2020-06-06T15:00:00+10:00,-33.8725,151.213333,pm25,µg/m³,9.5
7428,21614,Cook And Phillip-7428,2020-06-06T16:00:00+10:00,-33.8725,151.213333,pm25,µg/m³,10.4
7428,25546,Cook And Phillip-7428,2020-06-06T01:00:00+10:00,-33.8725,151.213333,no2,ppm,0.028
7428,25546,Cook And Phillip-7428,2020-06-06T03:00:00+10:00,-33.8725,151.213333,no2,ppm,0.019
7428,25546,Cook And Phillip-7428,2020-06-06T04:00:00+10:00,-33.8725,151.213333,no2,ppm,0.021
7428,25546,Cook And Phillip-7428,2020-06-06T05:00:00+10:00,-33.8725,151.213333,no2,ppm,0.021
7428,25546,Cook And Phillip-7428,2020-06-06T06:00:00+10:00,-33.8725,151.213333,no2,ppm,0.02
7428,25546,Cook And Phillip-7428,2020-06-06T08:00:00+10:00,-33.8725,151.213333,no2,ppm,0.018
7428,25546,Cook And Phillip-7428,2020-06-06T10:00:00+10:00,-33.8725,151.213333,no2,ppm,0.018
7428,25546,Cook And Phillip-7428,2020-06-06T11:00:00+10:00,-33.8725,151.213333,no2,ppm,0.019
7428,25546,Cook And Phillip-7428,2020-06-06T12:00:00+10:00,-33.8725,151.213333,no2,ppm,0.018
7428,25546,Cook And Phillip-7428,2020-06-06T13:00:00+10:00,-33.8725,151.213333,no2,ppm,0.017
7428,25546,Cook And Phillip-7428,2020-06-06T14:00:00+10:00,-33.8725,151.213333,no2,ppm,0.007
7428,25546,Cook And Phillip-7428,2020-06-06T15:00:00+10:00,-33.8725,151.213333,no2,ppm,0.01
7428,25546,Cook And Phillip-7428,2020-06-06T16:00:00+10:00,-33.8725,151.213333,no2,ppm,0.014
7428,28686,Cook And Phillip-7428,2020-06-06T01:00:00+10:00,-33.8725,151.213333,co,ppm,0.6
7428,28686,Cook And Phillip-7428,2020-06-06T02:00:00+10:00,-33.8725,151.213333,co,ppm,0.6
7428,28686,Cook And Phillip-7428,2020-06-06T03:00:00+10:00,-33.8725,151.213333,co,ppm,0.6
7428,28686,Cook And Phillip-7428,2020-06-06T04:00:00+10:00,-33.8725,151.213333,co,ppm,0.5
7428,28686,Cook And Phillip-7428,2020-06-06T05:00:00+10:00,-33.8725,151.213333,co,ppm,0.5
7428,28686,Cook And Phillip-7428,2020-06-06T06:00:00+10:00,-33.8725,151.213333,co,ppm,0.4
7428,28686,Cook And Phillip-7428,2020-06-06T08:00:00+10:00,-33.8725,151.213333,co,ppm,0.2
7428,28686,Cook And Phillip-7428,2020-06-06T10:00:00+10:00,-33.8725,151.213333,co,ppm,0.2
7428,28686,Cook And Phillip-7428,2020-06-06T11:00:00+10:00,-33.8725,151.213333,co,ppm,0.2
7428,28686,Cook And Phillip-7428,2020-06-06T12:00:00+10:00,-33.8725,151.213333,co,ppm,0.2
7428,28686,Cook And Phillip-7428,2020-06-06T13:00:00+10:00,-33.8725,151.213333,co,ppm,0.2
7428,28686,Cook And Phillip-7428,2020-06-06T14:00:00+10:00,-33.8725,151.213333,co,ppm,0.2
7428,28686,Cook And Phillip-7428,2020-06-06T15:00:00+10:00,-33.8725,151.213333,co,ppm,0.1
7428,28686,Cook And Phillip-7428,2020-06-06T16:00:00+10:00,-33.8725,151.213333,co,ppm,0.1
7428,25544,Cook And Phillip-7428,2020-06-06T01:00:00+10:00,-33.8725,151.213333,so2,ppm,0.001
7428,25544,Cook And Phillip-7428,2020-06-06T03:00:00+10:00,-33.8725,151.213333,so2,ppm,0.0
7428,25544,Cook And Phillip-7428,2020-06-06T04:00:00+10:00,-33.8725,151.213333,so2,ppm,0.0
7428,25544,Cook And Phillip-7428,2020-06-06T05:00:00+10:00,-33.8725,151.213333,so2,ppm,0.0
7428,25544,Cook And Phillip-7428,2020-06-06T06:00:00+10:00,-33.8725,151.213333,so2,ppm,0.0
7428,25544,Cook And Phillip-7428,2020-06-06T08:00:00+10:00,-33.8725,151.213333,so2,ppm,0.0
7428,25544,Cook And Phillip-7428,2020-06-06T10:00:00+10:00,-33.8725,151.213333,so2,ppm,0.0
7428,25544,Cook And Phillip-7428,2020-06-06T11:00:00+10:00,-33.8725,151.213333,so2,ppm,0.0
7428,25544,Cook And Phillip-7428,2020-06-06T12:00:00+10:00,-33.8725,151.213333,so2,ppm,0.0
7428,25544,Cook And Phillip-7428,2020-06-06T13:00:00+10:00,-33.8725,151.213333,so2,ppm,0.0
7428,25544,Cook And Phillip-7428,2020-06-06T14:00:00+10:00,-33.8725,151.213333,so2,ppm,0.0
7428,25544,Cook And Phillip-7428,2020-06-06T15:00:00+10:00,-33.8725,151.213333,so2,ppm,0.0
7428,25544,Cook And Phillip-7428,2020-06-06T16:00:00+10:00,-33.8725,151.213333,so2,ppm,0.0
7428,25545,Cook And Phillip-7428,2020-06-06T01:00:00+10:00,-33.8725,151.213333,o3,ppm,0.002
7428,25545,Cook And Phillip-7428,2020-06-06T02:00:00+10:00,-33.8725,151.213333,o3,ppm,0.002
7428,25545,Cook And Phillip-7428,2020-06-06T03:00:00+10:00,-33.8725,151.213333,o3,ppm,0.001
7428,25545,Cook And Phillip-7428,2020-06-06T04:00:00+10:00,-33.8725,151.213333,o3,ppm,0.001
7428,25545,Cook And Phillip-7428,2020-06-06T05:00:00+10:00,-33.8725,151.213333,o3,ppm,0.001
7428,25545,Cook And Phillip-7428,2020-06-06T06:00:00+10:00,-33.8725,151.213333,o3,ppm,0.001
7428,25545,Cook And Phillip-7428,2020-06-06T08:00:00+10:00,-33.8725,151.213333,o3,ppm,0.002
7428,25545,Cook And Phillip-7428,2020-06-06T10:00:00+10:00,-33.8725,151.213333,o3,ppm,0.005
7428,25545,Cook And Phillip-7428,2020-06-06T11:00:00+10:00,-33.8725,151.213333,o3,ppm,0.007
7428,25545,Cook And Phillip-7428,2020-06-06T12:00:00+10:00,-33.8725,151.213333,o3,ppm,0.011
7428,25545,Cook And Phillip-7428,2020-06-06T13:00:00+10:00,-33.8725,151.213333,o3,ppm,0.015
7428,25545,Cook And Phillip-7428,2020-06-06T14:00:00+10:00,-33.8725,151.213333,o3,ppm,0.024
7428,25545,Cook And Phillip-7428,2020-06-06T15:00:00+10:00,-33.8725,151.213333,o3,ppm,0.023
7428,25545,Cook And Phillip-7428,2020-06-06T16:00:00+10:00,-33.8725,151.213333,o3,ppm,0.019
7428,21615,Cook And Phillip-7428,2020-06-07T01:00:00+10:00,-33.8725,151.213333,pm10,µg/m³,34.3
7428,21615,Cook And Phillip-7428,2020-06-07T02:00:00+10:00,-33.8725,151.213333,pm10,µg/m³,36.7
7428,21615,Cook And Phillip-7428,2020-06-07T03:00:00+10:00,-33.8725,151.213333,pm10,µg/m³,43.9
7428,21615,Cook And Phillip-7428,2020-06-07T04:00:00+10:00,-33.8725,151.213333,pm10,µg/m³,54.0
7428,21615,Cook And Phillip-7428,2020-06-07T07:00:00+10:00,-33.8725,151.213333,pm10,µg/m³,39.3
7428,21615,Cook And Phillip-7428,2020-06-07T09:00:00+10:00,-33.8725,151.213333,pm10,µg/m³,26.1
7428,21614,Cook And Phillip-7428,2020-06-07T01:00:00+10:00,-33.8725,151.213333,pm25,µg/m³,27.8
7428,21614,Cook And Phillip-7428,2020-06-07T02:00:00+10:00,-33.8725,151.213333,pm25,µg/m³,30.2
7428,21614,Cook And Phillip-7428,2020-06-07T03:00:00+10:00,-33.8725,151.213333,pm25,µg/m³,37.0
7428,21614,Cook And Phillip-7428,2020-06-07T04:00:00+10:00,-33.8725,151.213333,pm25,µg/m³,47.7
7428,21614,Cook And Phillip-7428,2020-06-07T07:00:00+10:00,-33.8725,151.213333,pm25,µg/m³,33.8
7428,21614,Cook And Phillip-7428,2020-06-07T09:00:00+10:00,-33.8725,151.213333,pm25,µg/m³,22.3
7428,25546,Cook And Phillip-7428,2020-06-07T01:00:00+10:00,-33.8725,151.213333,no2,ppm,0.025
7428,25546,Cook And Phillip-7428,2020-06-07T03:00:00+10:00,-33.8725,151.213333,no2,ppm,0.02
7428,25546,Cook And Phillip-7428,2020-06-07T04:00:00+10:00,-33.8725,151.213333,no2,ppm,0.021
7428,25546,Cook And Phillip-7428,2020-06-07T07:00:00+10:00,-33.8725,151.213333,no2,ppm,0.014
7428,25546,Cook And Phillip-7428,2020-06-07T09:00:00+10:00,-33.8725,151.213333,no2,ppm,0.012
7428,28686,Cook And Phillip-7428,2020-06-07T01:00:00+10:00,-33.8725,151.213333,co,ppm,0.4
7428,28686,Cook And Phillip-7428,2020-06-07T02:00:00+10:00,-33.8725,151.213333,co,ppm,0.4
7428,28686,Cook And Phillip-7428,2020-06-07T03:00:00+10:00,-33.8725,151.213333,co,ppm,0.4
7428,28686,Cook And Phillip-7428,2020-06-07T04:00:00+10:00,-33.8725,151.213333,co,ppm,0.5
7428,28686,Cook And Phillip-7428,2020-06-07T07:00:00+10:00,-33.8725,151.213333,co,ppm,0.5
7428,28686,Cook And Phillip-7428,2020-06-07T09:00:00+10:00,-33.8725,151.213333,co,ppm,0.4
7428,25544,Cook And Phillip-7428,2020-06-07T01:00:00+10:00,-33.8725,151.213333,so2,ppm,0.0
7428,25544,Cook And Phillip-7428,2020-06-07T03:00:00+10:00,-33.8725,151.213333,so2,ppm,0.0
7428,25544,Cook And Phillip-7428,2020-06-07T04:00:00+10:00,-33.8725,151.213333,so2,ppm,0.0
7428,25544,Cook And Phillip-7428,2020-06-07T07:00:00+10:00,-33.8725,151.213333,so2,ppm,0.0
7428,25544,Cook And Phillip-7428,2020-06-07T09:00:00+10:00,-33.8725,151.213333,so2,ppm,0.0
7428,25545,Cook And Phillip-7428,2020-06-07T01:00:00+10:00,-33.8725,151.213333,o3,ppm,0.001
7428,25545,Cook And Phillip-7428,2020-06-07T02:00:00+10:00,-33.8725,151.213333,o3,ppm,0.001
7428,25545,Cook And Phillip-7428,2020-06-07T03:00:00+10:00,-33.8725,151.213333,o3,ppm,0.0
7428,25545,Cook And Phillip-7428,2020-06-07T04:00:00+10:00,-33.8725,151.213333,o3,ppm,0.0
7428,25545,Cook And Phillip-7428,2020-06-07T07:00:00+10:00,-33.8725,151.213333,o3,ppm,0.002
7428,25545,Cook And Phillip-7428,2020-06-07T09:00:00+10:00,-33.8725,151.213333,o3,ppm,0.004
7428,21615,Cook And Phillip-7428,2020-06-09T12:00:00+10:00,-33.8725,151.213333,pm10,µg/m³,20.8
7428,21615,Cook And Phillip-7428,2020-06-09T14:00:00+10:00,-33.8725,151.213333,pm10,µg/m³,14.8
7428,21615,Cook And Phillip-7428,2020-06-09T16:00:00+10:00,-33.8725,151.213333,pm10,µg/m³,10.9
7428,21615,Cook And Phillip-7428,2020-06-09T17:00:00+10:00,-33.8725,151.213333,pm10,µg/m³,10.8
7428,21615,Cook And Phillip-7428,2020-06-09T18:00:00+10:00,-33.8725,151.213333,pm10,µg/m³,13.6
7428,21615,Cook And Phillip-7428,2020-06-09T19:00:00+10:00,-33.8725,151.213333,pm10,µg/m³,15.5
7428,21615,Cook And Phillip-7428,2020-06-09T22:00:00+10:00,-33.8725,151.213333,pm10,µg/m³,13.4
7428,21615,Cook And Phillip-7428,2020-06-09T23:00:00+10:00,-33.8725,151.213333,pm10,µg/m³,11.7
7428,21614,Cook And Phillip-7428,2020-06-09T12:00:00+10:00,-33.8725,151.213333,pm25,µg/m³,12.6
7428,21614,Cook And Phillip-7428,2020-06-09T14:00:00+10:00,-33.8725,151.213333,pm25,µg/m³,8.6
7428,21614,Cook And Phillip-7428,2020-06-09T16:00:00+10:00,-33.8725,151.213333,pm25,µg/m³,3.8
7428,21614,Cook And Phillip-7428,2020-06-09T17:00:00+10:00,-33.8725,151.213333,pm25,µg/m³,2.4
7428,21614,Cook And Phillip-7428,2020-06-09T18:00:00+10:00,-33.8725,151.213333,pm25,µg/m³,4.3
7428,21614,Cook And Phillip-7428,2020-06-09T19:00:00+10:00,-33.8725,151.213333,pm25,µg/m³,7.6
7428,21614,Cook And Phillip-7428,2020-06-09T22:00:00+10:00,-33.8725,151.213333,pm25,µg/m³,6.6
7428,21614,Cook And Phillip-7428,2020-06-09T23:00:00+10:00,-33.8725,151.213333,pm25,µg/m³,4.7
7428,25546,Cook And Phillip-7428,2020-06-09T12:00:00+10:00,-33.8725,151.213333,no2,ppm,0.009
7428,25546,Cook And Phillip-7428,2020-06-09T14:00:00+10:00,-33.8725,151.213333,no2,ppm,0.009
7428,25546,Cook And Phillip-7428,2020-06-09T16:00:00+10:00,-33.8725,151.213333,no2,ppm,0.013
7428,25546,Cook And Phillip-7428,2020-06-09T17:00:00+10:00,-33.8725,151.213333,no2,ppm,0.02
7428,25546,Cook And Phillip-7428,2020-06-09T18:00:00+10:00,-33.8725,151.213333,no2,ppm,0.029
7428,25546,Cook And Phillip-7428,2020-06-09T19:00:00+10:00,-33.8725,151.213333,no2,ppm,0.026
7428,25546,Cook And Phillip-7428,2020-06-09T22:00:00+10:00,-33.8725,151.213333,no2,ppm,0.025
7428,25546,Cook And Phillip-7428,2020-06-09T23:00:00+10:00,-33.8725,151.213333,no2,ppm,0.025
7428,28686,Cook And Phillip-7428,2020-06-09T12:00:00+10:00,-33.8725,151.213333,co,ppm,0.3
7428,28686,Cook And Phillip-7428,2020-06-09T17:00:00+10:00,-33.8725,151.213333,co,ppm,0.2
7428,28686,Cook And Phillip-7428,2020-06-09T18:00:00+10:00,-33.8725,151.213333,co,ppm,0.2
7428,28686,Cook And Phillip-7428,2020-06-09T19:00:00+10:00,-33.8725,151.213333,co,ppm,0.3
7428,28686,Cook And Phillip-7428,2020-06-09T22:00:00+10:00,-33.8725,151.213333,co,ppm,0.2
7428,28686,Cook And Phillip-7428,2020-06-09T23:00:00+10:00,-33.8725,151.213333,co,ppm,0.3
7428,25544,Cook And Phillip-7428,2020-06-09T12:00:00+10:00,-33.8725,151.213333,so2,ppm,0.009
7428,25544,Cook And Phillip-7428,2020-06-09T14:00:00+10:00,-33.8725,151.213333,so2,ppm,0.0
7428,25544,Cook And Phillip-7428,2020-06-09T16:00:00+10:00,-33.8725,151.213333,so2,ppm,0.0
7428,25544,Cook And Phillip-7428,2020-06-09T17:00:00+10:00,-33.8725,151.213333,so2,ppm,0.0
7428,25544,Cook And Phillip-7428,2020-06-09T18:00:00+10:00,-33.8725,151.213333,so2,ppm,0.0
7428,25544,Cook And Phillip-7428,2020-06-09T19:00:00+10:00,-33.8725,151.213333,so2,ppm,0.0
7428,25544,Cook And Phillip-7428,2020-06-09T22:00:00+10:00,-33.8725,151.213333,so2,ppm,0.0
7428,25544,Cook And Phillip-7428,2020-06-09T23:00:00+10:00,-33.8725,151.213333,so2,ppm,0.0
7428,25545,Cook And Phillip-7428,2020-06-09T12:00:00+10:00,-33.8725,151.213333,o3,ppm,0.02
7428,25545,Cook And Phillip-7428,2020-06-09T14:00:00+10:00,-33.8725,151.213333,o3,ppm,0.02
7428,25545,Cook And Phillip-7428,2020-06-09T16:00:00+10:00,-33.8725,151.213333,o3,ppm,0.016
7428,25545,Cook And Phillip-7428,2020-06-09T17:00:00+10:00,-33.8725,151.213333,o3,ppm,0.008
7428,25545,Cook And Phillip-7428,2020-06-09T18:00:00+10:00,-33.8725,151.213333,o3,ppm,0.001
7428,25545,Cook And Phillip-7428,2020-06-09T19:00:00+10:00,-33.8725,151.213333,o3,ppm,0.003
7428,25545,Cook And Phillip-7428,2020-06-09T22:00:00+10:00,-33.8725,151.213333,o3,ppm,0.003
7428,25545,Cook And Phillip-7428,2020-06-09T23:00:00+10:00,-33.8725,151.213333,o3,ppm,0.001
7428,21615,Cook And Phillip-7428,2020-06-10T02:00:00+10:00,-33.8725,151.213333,pm10,µg/m³,5.5
7428,21615,Cook And Phillip-7428,2020-06-10T12:00:00+10:00,-33.8725,151.213333,pm10,µg/m³,7.1
7428,21615,Cook And Phillip-7428,2020-06-10T19:00:00+10:00,-33.8725,151.213333,pm10,µg/m³,8.1
7428,21615,Cook And Phillip-7428,2020-06-10T20:00:00+10:00,-33.8725,151.213333,pm10,µg/m³,9.8
7428,21614,Cook And Phillip-7428,2020-06-10T02:00:00+10:00,-33.8725,151.213333,pm25,µg/m³,3.2
7428,21614,Cook And Phillip-7428,2020-06-10T12:00:00+10:00,-33.8725,151.213333,pm25,µg/m³,4.8
7428,21614,Cook And Phillip-7428,2020-06-10T19:00:00+10:00,-33.8725,151.213333,pm25,µg/m³,4.1
7428,21614,Cook And Phillip-7428,2020-06-10T20:00:00+10:00,-33.8725,151.213333,pm25,µg/m³,5.9
7428,25546,Cook And Phillip-7428,2020-06-10T12:00:00+10:00,-33.8725,151.213333,no2,ppm,0.014
7428,25546,Cook And Phillip-7428,2020-06-10T18:00:00+10:00,-33.8725,151.213333,no2,ppm,0.018
7428,25546,Cook And Phillip-7428,2020-06-10T19:00:00+10:00,-33.8725,151.213333,no2,ppm,0.02
7428,25546,Cook And Phillip-7428,2020-06-10T20:00:00+10:00,-33.8725,151.213333,no2,ppm,0.014
7428,28686,Cook And Phillip-7428,2020-06-10T02:00:00+10:00,-33.8725,151.213333,co,ppm,0.3
7428,28686,Cook And Phillip-7428,2020-06-10T12:00:00+10:00,-33.8725,151.213333,co,ppm,0.1
7428,25544,Cook And Phillip-7428,2020-06-10T12:00:00+10:00,-33.8725,151.213333,so2,ppm,0.002
7428,25544,Cook And Phillip-7428,2020-06-10T18:00:00+10:00,-33.8725,151.213333,so2,ppm,0.001
7428,25544,Cook And Phillip-7428,2020-06-10T19:00:00+10:00,-33.8725,151.213333,so2,ppm,0.0
7428,25544,Cook And Phillip-7428,2020-06-10T20:00:00+10:00,-33.8725,151.213333,so2,ppm,0.0
7428,25545,Cook And Phillip-7428,2020-06-10T02:00:00+10:00,-33.8725,151.213333,o3,ppm,0.004
7428,25545,Cook And Phillip-7428,2020-06-10T12:00:00+10:00,-33.8725,151.213333,o3,ppm,0.006
7428,25545,Cook And Phillip-7428,2020-06-10T18:00:00+10:00,-33.8725,151.213333,o3,ppm,0.012
7428,25545,Cook And Phillip-7428,2020-06-10T19:00:00+10:00,-33.8725,151.213333,o3,ppm,0.006
7428,25545,Cook And Phillip-7428,2020-06-10T20:00:00+10:00,-33.8725,151.213333,o3,ppm,0.008
7428,21615,Cook And Phillip-7428,2020-06-11T01:00:00+10:00,-33.8725,151.213333,pm10,µg/m³,5.0
7428,21615,Cook And Phillip-7428,2020-06-11T02:00:00+10:00,-33.8725,151.213333,pm10,µg/m³,6.0
7428,21615,Cook And Phillip-7428,2020-06-11T03:00:00+10:00,-33.8725,151.213333,pm10,µg/m³,7.4
7428,21615,Cook And Phillip-7428,2020-06-11T04:00:00+10:00,-33.8725,151.213333,pm10,µg/m³,11.9
7428,21615,Cook And Phillip-7428,2020-06-11T05:00:00+10:00,-33.8725,151.213333,pm10,µg/m³,16.4
7428,21615,Cook And Phillip-7428,2020-06-11T06:00:00+10:00,-33.8725,151.213333,pm10,µg/m³,17.9
7428,21615,Cook And Phillip-7428,2020-06-11T07:00:00+10:00,-33.8725,151.213333,pm10,µg/m³,17.6
7428,21615,Cook And Phillip-7428,2020-06-11T10:00:00+10:00,-33.8725,151.213333,pm10,µg/m³,17.5
7428,21615,Cook And Phillip-7428,2020-06-11T12:00:00+10:00,-33.8725,151.213333,pm10,µg/m³,17.1
7428,21615,Cook And Phillip-7428,2020-06-11T17:00:00+10:00,-33.8725,151.213333,pm10,µg/m³,15.7
7428,21615,Cook And Phillip-7428,2020-06-11T18:00:00+10:00,-33.8725,151.213333,pm10,µg/m³,15.4
7428,21615,Cook And Phillip-7428,2020-06-11T19:00:00+10:00,-33.8725,151.213333,pm10,µg/m³,15.9
7428,21615,Cook And Phillip-7428,2020-06-11T20:00:00+10:00,-33.8725,151.213333,pm10,µg/m³,15.4
7428,21615,Cook And Phillip-7428,2020-06-11T21:00:00+10:00,-33.8725,151.213333,pm10,µg/m³,14.3
7428,21615,Cook And Phillip-7428,2020-06-11T23:00:00+10:00,-33.8725,151.213333,pm10,µg/m³,13.2
7428,21614,Cook And Phillip-7428,2020-06-11T01:00:00+10:00,-33.8725,151.213333,pm25,µg/m³,2.5
7428,21614,Cook And Phillip-7428,2020-06-11T02:00:00+10:00,-33.8725,151.213333,pm25,µg/m³,3.1
7428,21614,Cook And Phillip-7428,2020-06-11T03:00:00+10:00,-33.8725,151.213333,pm25,µg/m³,4.2
7428,21614,Cook And Phillip-7428,2020-06-11T04:00:00+10:00,-33.8725,151.213333,pm25,µg/m³,9.2
7428,21614,Cook And Phillip-7428,2020-06-11T05:00:00+10:00,-33.8725,151.213333,pm25,µg/m³,13.2
7428,21614,Cook And Phillip-7428,2020-06-11T06:00:00+10:00,-33.8725,151.213333,pm25,µg/m³,12.3
7428,21614,Cook And Phillip-7428,2020-06-11T07:00:00+10:00,-33.8725,151.213333,pm25,µg/m³,12.8
7428,21614,Cook And Phillip-7428,2020-06-11T10:00:00+10:00,-33.8725,151.213333,pm25,µg/m³,13.6
7428,21614,Cook And Phillip-7428,2020-06-11T12:00:00+10:00,-33.8725,151.213333,pm25,µg/m³,12.2
7428,21614,Cook And Phillip-7428,2020-06-11T17:00:00+10:00,-33.8725,151.213333,pm25,µg/m³,7.3
7428,21614,Cook And Phillip-7428,2020-06-11T18:00:00+10:00,-33.8725,151.213333,pm25,µg/m³,6.4
7428,21614,Cook And Phillip-7428,2020-06-11T19:00:00+10:00,-33.8725,151.213333,pm25,µg/m³,6.4
7428,21614,Cook And Phillip-7428,2020-06-11T20:00:00+10:00,-33.8725,151.213333,pm25,µg/m³,7.5
7428,21614,Cook And Phillip-7428,2020-06-11T21:00:00+10:00,-33.8725,151.213333,pm25,µg/m³,5.5
7428,21614,Cook And Phillip-7428,2020-06-11T23:00:00+10:00,-33.8725,151.213333,pm25,µg/m³,5.4
7428,25546,Cook And Phillip-7428,2020-06-11T01:00:00+10:00,-33.8725,151.213333,no2,ppm,0.016
7428,25546,Cook And Phillip-7428,2020-06-11T03:00:00+10:00,-33.8725,151.213333,no2,ppm,0.017
7428,25546,Cook And Phillip-7428,2020-06-11T04:00:00+10:00,-33.8725,151.213333,no2,ppm,0.018
7428,25546,Cook And Phillip-7428,2020-06-11T05:00:00+10:00,-33.8725,151.213333,no2,ppm,0.018
7428,25546,Cook And Phillip-7428,2020-06-11T06:00:00+10:00,-33.8725,151.213333,no2,ppm,0.019
7428,25546,Cook And Phillip-7428,2020-06-11T07:00:00+10:00,-33.8725,151.213333,no2,ppm,0.019
7428,25546,Cook And Phillip-7428,2020-06-11T10:00:00+10:00,-33.8725,151.213333,no2,ppm,0.018
7428,25546,Cook And Phillip-7428,2020-06-11T12:00:00+10:00,-33.8725,151.213333,no2,ppm,0.014
7428,25546,Cook And Phillip-7428,2020-06-11T17:00:00+10:00,-33.8725,151.213333,no2,ppm,0.013
7428,25546,Cook And Phillip-7428,2020-06-11T18:00:00+10:00,-33.8725,151.213333,no2,ppm,0.019
7428,25546,Cook And Phillip-7428,2020-06-11T19:00:00+10:00,-33.8725,151.213333,no2,ppm,0.02
7428,25546,Cook And Phillip-7428,2020-06-11T20:00:00+10:00,-33.8725,151.213333,no2,ppm,0.016
7428,25546,Cook And Phillip-7428,2020-06-11T21:00:00+10:00,-33.8725,151.213333,no2,ppm,0.016
7428,25546,Cook And Phillip-7428,2020-06-11T23:00:00+10:00,-33.8725,151.213333,no2,ppm,0.019
7428,28686,Cook And Phillip-7428,2020-06-11T01:00:00+10:00,-33.8725,151.213333,co,ppm,0.1
7428,28686,Cook And Phillip-7428,2020-06-11T02:00:00+10:00,-33.8725,151.213333,co,ppm,0.1
7428,28686,Cook And Phillip-7428,2020-06-11T03:00:00+10:00,-33.8725,151.213333,co,ppm,0.1
7428,28686,Cook And Phillip-7428,2020-06-11T04:00:00+10:00,-33.8725,151.213333,co,ppm,0.1
7428,28686,Cook And Phillip-7428,2020-06-11T05:00:00+10:00,-33.8725,151.213333,co,ppm,0.1
7428,28686,Cook And Phillip-7428,2020-06-11T06:00:00+10:00,-33.8725,151.213333,co,ppm,0.1
7428,28686,Cook And Phillip-7428,2020-06-11T07:00:00+10:00,-33.8725,151.213333,co,ppm,0.1
7428,28686,Cook And Phillip-7428,2020-06-11T10:00:00+10:00,-33.8725,151.213333,co,ppm,0.1
7428,28686,Cook And Phillip-7428,2020-06-11T12:00:00+10:00,-33.8725,151.213333,co,ppm,0.1
7428,28686,Cook And Phillip-7428,2020-06-11T17:00:00+10:00,-33.8725,151.213333,co,ppm,0.1
7428,28686,Cook And Phillip-7428,2020-06-11T18:00:00+10:00,-33.8725,151.213333,co,ppm,0.0
7428,28686,Cook And Phillip-7428,2020-06-11T19:00:00+10:00,-33.8725,151.213333,co,ppm,0.0
7428,28686,Cook And Phillip-7428,2020-06-11T20:00:00+10:00,-33.8725,151.213333,co,ppm,0.0
7428,28686,Cook And Phillip-7428,2020-06-11T21:00:00+10:00,-33.8725,151.213333,co,ppm,0.0
7428,28686,Cook And Phillip-7428,2020-06-11T23:00:00+10:00,-33.8725,151.213333,co,ppm,0.0
7428,25544,Cook And Phillip-7428,2020-06-11T01:00:00+10:00,-33.8725,151.213333,so2,ppm,0.002
7428,25544,Cook And Phillip-7428,2020-06-11T03:00:00+10:00,-33.8725,151.213333,so2,ppm,0.001
7428,25544,Cook And Phillip-7428,2020-06-11T04:00:00+10:00,-33.8725,151.213333,so2,ppm,0.0
7428,25544,Cook And Phillip-7428,2020-06-11T05:00:00+10:00,-33.8725,151.213333,so2,ppm,0.0
7428,25544,Cook And Phillip-7428,2020-06-11T06:00:00+10:00,-33.8725,151.213333,so2,ppm,0.0
7428,25544,Cook And Phillip-7428,2020-06-11T07:00:00+10:00,-33.8725,151.213333,so2,ppm,0.0
7428,25544,Cook And Phillip-7428,2020-06-11T10:00:00+10:00,-33.8725,151.213333,so2,ppm,0.001
7428,25544,Cook And Phillip-7428,2020-06-11T12:00:00+10:00,-33.8725,151.213333,so2,ppm,0.0
7428,25544,Cook And Phillip-7428,2020-06-11T17:00:00+10:00,-33.8725,151.213333,so2,ppm,0.0
7428,25544,Cook And Phillip-7428,2020-06-11T18:00:00+10:00,-33.8725,151.213333,so2,ppm,0.001
7428,25544,Cook And Phillip-7428,2020-06-11T19:00:00+10:00,-33.8725,151.213333,so2,ppm,0.001
7428,25544,Cook And Phillip-7428,2020-06-11T20:00:00+10:00,-33.8725,151.213333,so2,ppm,0.001
7428,25544,Cook And Phillip-7428,2020-06-11T21:00:00+10:00,-33.8725,151.213333,so2,ppm,0.0
7428,25544,Cook And Phillip-7428,2020-06-11T23:00:00+10:00,-33.8725,151.213333,so2,ppm,0.0
7428,25545,Cook And Phillip-7428,2020-06-11T01:00:00+10:00,-33.8725,151.213333,o3,ppm,0.004
7428,25545,Cook And Phillip-7428,2020-06-11T02:00:00+10:00,-33.8725,151.213333,o3,ppm,0.005
7428,25545,Cook And Phillip-7428,2020-06-11T04:00:00+10:00,-33.8725,151.213333,o3,ppm,0.0
7428,25545,Cook And Phillip-7428,2020-06-11T05:00:00+10:00,-33.8725,151.213333,o3,ppm,0.0
7428,25545,Cook And Phillip-7428,2020-06-11T10:00:00+10:00,-33.8725,151.213333,o3,ppm,0.0
7428,25545,Cook And Phillip-7428,2020-06-11T12:00:00+10:00,-33.8725,151.213333,o3,ppm,0.007
7428,25545,Cook And Phillip-7428,2020-06-11T17:00:00+10:00,-33.8725,151.213333,o3,ppm,0.014
7428,25545,Cook And Phillip-7428,2020-06-11T18:00:00+10:00,-33.8725,151.213333,o3,ppm,0.008
7428,25545,Cook And Phillip-7428,2020-06-11T19:00:00+10:00,-33.8725,151.213333,o3,ppm,0.007
7428,25545,Cook And Phillip-7428,2020-06-11T20:00:00+10:00,-33.8725,151.213333,o3,ppm,0.01
7428,25545,Cook And Phillip-7428,2020-06-11T21:00:00+10:00,-33.8725,151.213333,o3,ppm,0.006
7428,25545,Cook And Phillip-7428,2020-06-11T23:00:00+10:00,-33.8725,151.213333,o3,ppm,0.002
7428,21615,Cook And Phillip-7428,2020-06-12T01:00:00+10:00,-33.8725,151.213333,pm10,µg/m³,14.8
7428,21615,Cook And Phillip-7428,2020-06-12T02:00:00+10:00,-33.8725,151.213333,pm10,µg/m³,11.5
7428,21615,Cook And Phillip-7428,2020-06-12T03:00:00+10:00,-33.8725,151.213333,pm10,µg/m³,11.0
7428,21615,Cook And Phillip-7428,2020-06-12T04:00:00+10:00,-33.8725,151.213333,pm10,µg/m³,11.1
7428,21615,Cook And Phillip-7428,2020-06-12T05:00:00+10:00,-33.8725,151.213333,pm10,µg/m³,10.9
7428,21615,Cook And Phillip-7428,2020-06-12T06:00:00+10:00,-33.8725,151.213333,pm10,µg/m³,11.1
7428,21615,Cook And Phillip-7428,2020-06-12T07:00:00+10:00,-33.8725,151.213333,pm10,µg/m³,12.1
7428,21615,Cook And Phillip-7428,2020-06-12T08:00:00+10:00,-33.8725,151.213333,pm10,µg/m³,12.0
7428,21615,Cook And Phillip-7428,2020-06-12T09:00:00+10:00,-33.8725,151.213333,pm10,µg/m³,15.2
7428,21615,Cook And Phillip-7428,2020-06-12T11:00:00+10:00,-33.8725,151.213333,pm10,µg/m³,16.0
7428,21615,Cook And Phillip-7428,2020-06-12T12:00:00+10:00,-33.8725,151.213333,pm10,µg/m³,16.3
7428,21615,Cook And Phillip-7428,2020-06-12T13:00:00+10:00,-33.8725,151.213333,pm10,µg/m³,19.8
7428,21615,Cook And Phillip-7428,2020-06-12T14:00:00+10:00,-33.8725,151.213333,pm10,µg/m³,17.0
7428,21615,Cook And Phillip-7428,2020-06-12T16:00:00+10:00,-33.8725,151.213333,pm10,µg/m³,12.3
7428,21615,Cook And Phillip-7428,2020-06-12T17:00:00+10:00,-33.8725,151.213333,pm10,µg/m³,10.5
7428,21615,Cook And Phillip-7428,2020-06-12T18:00:00+10:00,-33.8725,151.213333,pm10,µg/m³,16.0
7428,21615,Cook And Phillip-7428,2020-06-12T19:00:00+10:00,-33.8725,151.213333,pm10,µg/m³,17.4
7428,21615,Cook And Phillip-7428,2020-06-12T20:00:00+10:00,-33.8725,151.213333,pm10,µg/m³,21.5
7428,21615,Cook And Phillip-7428,2020-06-12T21:00:00+10:00,-33.8725,151.213333,pm10,µg/m³,20.3
7428,21615,Cook And Phillip-7428,2020-06-12T22:00:00+10:00,-33.8725,151.213333,pm10,µg/m³,18.6
7428,21614,Cook And Phillip-7428,2020-06-12T01:00:00+10:00,-33.8725,151.213333,pm25,µg/m³,9.1
7428,21614,Cook And Phillip-7428,2020-06-12T02:00:00+10:00,-33.8725,151.213333,pm25,µg/m³,6.7
7428,21614,Cook And Phillip-7428,2020-06-12T03:00:00+10:00,-33.8725,151.213333,pm25,µg/m³,6.4
7428,21614,Cook And Phillip-7428,2020-06-12T04:00:00+10:00,-33.8725,151.213333,pm25,µg/m³,6.7
7428,21614,Cook And Phillip-7428,2020-06-12T05:00:00+10:00,-33.8725,151.213333,pm25,µg/m³,7.1
7428,21614,Cook And Phillip-7428,2020-06-12T06:00:00+10:00,-33.8725,151.213333,pm25,µg/m³,7.0
7428,21614,Cook And Phillip-7428,2020-06-12T07:00:00+10:00,-33.8725,151.213333,pm25,µg/m³,8.4
7428,21614,Cook And Phillip-7428,2020-06-12T08:00:00+10:00,-33.8725,151.213333,pm25,µg/m³,7.9
7428,21614,Cook And Phillip-7428,2020-06-12T09:00:00+10:00,-33.8725,151.213333,pm25,µg/m³,9.3
7428,21614,Cook And Phillip-7428,2020-06-12T11:00:00+10:00,-33.8725,151.213333,pm25,µg/m³,9.4
7428,21614,Cook And Phillip-7428,2020-06-12T12:00:00+10:00,-33.8725,151.213333,pm25,µg/m³,8.5
7428,21614,Cook And Phillip-7428,2020-06-12T13:00:00+10:00,-33.8725,151.213333,pm25,µg/m³,10.9
7428,21614,Cook And Phillip-7428,2020-06-12T14:00:00+10:00,-33.8725,151.213333,pm25,µg/m³,7.9
7428,21614,Cook And Phillip-7428,2020-06-12T16:00:00+10:00,-33.8725,151.213333,pm25,µg/m³,8.3
7428,21614,Cook And Phillip-7428,2020-06-12T17:00:00+10:00,-33.8725,151.213333,pm25,µg/m³,6.8
7428,21614,Cook And Phillip-7428,2020-06-12T18:00:00+10:00,-33.8725,151.213333,pm25,µg/m³,10.8
7428,21614,Cook And Phillip-7428,2020-06-12T19:00:00+10:00,-33.8725,151.213333,pm25,µg/m³,12.3
7428,21614,Cook And Phillip-7428,2020-06-12T20:00:00+10:00,-33.8725,151.213333,pm25,µg/m³,16.2
7428,21614,Cook And Phillip-7428,2020-06-12T21:00:00+10:00,-33.8725,151.213333,pm25,µg/m³,14.7
7428,21614,Cook And Phillip-7428,2020-06-12T22:00:00+10:00,-33.8725,151.213333,pm25,µg/m³,13.5
7428,25546,Cook And Phillip-7428,2020-06-12T01:00:00+10:00,-33.8725,151.213333,no2,ppm,0.02
7428,25546,Cook And Phillip-7428,2020-06-12T03:00:00+10:00,-33.8725,151.213333,no2,ppm,0.015
7428,25546,Cook And Phillip-7428,2020-06-12T04:00:00+10:00,-33.8725,151.213333,no2,ppm,0.016
7428,25546,Cook And Phillip-7428,2020-06-12T05:00:00+10:00,-33.8725,151.213333,no2,ppm,0.015
7428,25546,Cook And Phillip-7428,2020-06-12T06:00:00+10:00,-33.8725,151.213333,no2,ppm,0.018
7428,25546,Cook And Phillip-7428,2020-06-12T07:00:00+10:00,-33.8725,151.213333,no2,ppm,0.023
7428,25546,Cook And Phillip-7428,2020-06-12T08:00:00+10:00,-33.8725,151.213333,no2,ppm,0.028
7428,25546,Cook And Phillip-7428,2020-06-12T09:00:00+10:00,-33.8725,151.213333,no2,ppm,0.028
7428,25546,Cook And Phillip-7428,2020-06-12T11:00:00+10:00,-33.8725,151.213333,no2,ppm,0.022
7428,25546,Cook And Phillip-7428,2020-06-12T12:00:00+10:00,-33.8725,151.213333,no2,ppm,0.022
7428,25546,Cook And Phillip-7428,2020-06-12T13:00:00+10:00,-33.8725,151.213333,no2,ppm,0.02
7428,25546,Cook And Phillip-7428,2020-06-12T14:00:00+10:00,-33.8725,151.213333,no2,ppm,0.024
7428,25546,Cook And Phillip-7428,2020-06-12T16:00:00+10:00,-33.8725,151.213333,no2,ppm,0.024
7428,25546,Cook And Phillip-7428,2020-06-12T17:00:00+10:00,-33.8725,151.213333,no2,ppm,0.025
7428,25546,Cook And Phillip-7428,2020-06-12T18:00:00+10:00,-33.8725,151.213333,no2,ppm,0.03
7428,25546,Cook And Phillip-7428,2020-06-12T19:00:00+10:00,-33.8725,151.213333,no2,ppm,0.029
7428,25546,Cook And Phillip-7428,2020-06-12T20:00:00+10:00,-33.8725,151.213333,no2,ppm,0.027
7428,25546,Cook And Phillip-7428,2020-06-12T21:00:00+10:00,-33.8725,151.213333,no2,ppm,0.025
7428,25546,Cook And Phillip-7428,2020-06-12T22:00:00+10:00,-33.8725,151.213333,no2,ppm,0.023
7428,28686,Cook And Phillip-7428,2020-06-12T01:00:00+10:00,-33.8725,151.213333,co,ppm,0.1
7428,28686,Cook And Phillip-7428,2020-06-12T02:00:00+10:00,-33.8725,151.213333,co,ppm,0.1
7428,28686,Cook And Phillip-7428,2020-06-12T03:00:00+10:00,-33.8725,151.213333,co,ppm,0.1
7428,28686,Cook And Phillip-7428,2020-06-12T04:00:00+10:00,-33.8725,151.213333,co,ppm,0.1
7428,28686,Cook And Phillip-7428,2020-06-12T05:00:00+10:00,-33.8725,151.213333,co,ppm,0.1
7428,28686,Cook And Phillip-7428,2020-06-12T06:00:00+10:00,-33.8725,151.213333,co,ppm,0.1
7428,28686,Cook And Phillip-7428,2020-06-12T07:00:00+10:00,-33.8725,151.213333,co,ppm,0.1
7428,28686,Cook And Phillip-7428,2020-06-12T08:00:00+10:00,-33.8725,151.213333,co,ppm,0.1
7428,28686,Cook And Phillip-7428,2020-06-12T09:00:00+10:00,-33.8725,151.213333,co,ppm,0.1
7428,28686,Cook And Phillip-7428,2020-06-12T11:00:00+10:00,-33.8725,151.213333,co,ppm,0.1
7428,28686,Cook And Phillip-7428,2020-06-12T12:00:00+10:00,-33.8725,151.213333,co,ppm,0.1
7428,28686,Cook And Phillip-7428,2020-06-12T13:00:00+10:00,-33.8725,151.213333,co,ppm,0.2
7428,28686,Cook And Phillip-7428,2020-06-12T14:00:00+10:00,-33.8725,151.213333,co,ppm,0.2
7428,28686,Cook And Phillip-7428,2020-06-12T16:00:00+10:00,-33.8725,151.213333,co,ppm,0.2
7428,28686,Cook And Phillip-7428,2020-06-12T17:00:00+10:00,-33.8725,151.213333,co,ppm,0.2
7428,28686,Cook And Phillip-7428,2020-06-12T18:00:00+10:00,-33.8725,151.213333,co,ppm,0.2
7428,28686,Cook And Phillip-7428,2020-06-12T19:00:00+10:00,-33.8725,151.213333,co,ppm,0.3
7428,28686,Cook And Phillip-7428,2020-06-12T20:00:00+10:00,-33.8725,151.213333,co,ppm,0.3
7428,28686,Cook And Phillip-7428,2020-06-12T21:00:00+10:00,-33.8725,151.213333,co,ppm,0.3
7428,28686,Cook And Phillip-7428,2020-06-12T22:00:00+10:00,-33.8725,151.213333,co,ppm,0.3
7428,25544,Cook And Phillip-7428,2020-06-12T01:00:00+10:00,-33.8725,151.213333,so2,ppm,0.0
7428,25544,Cook And Phillip-7428,2020-06-12T03:00:00+10:00,-33.8725,151.213333,so2,ppm,0.0
7428,25544,Cook And Phillip-7428,2020-06-12T04:00:00+10:00,-33.8725,151.213333,so2,ppm,0.0
7428,25544,Cook And Phillip-7428,2020-06-12T05:00:00+10:00,-33.8725,151.213333,so2,ppm,0.0
7428,25544,Cook And Phillip-7428,2020-06-12T06:00:00+10:00,-33.8725,151.213333,so2,ppm,0.0
7428,25544,Cook And Phillip-7428,2020-06-12T07:00:00+10:00,-33.8725,151.213333,so2,ppm,0.0
7428,25544,Cook And Phillip-7428,2020-06-12T08:00:00+10:00,-33.8725,151.213333,so2,ppm,0.001
7428,25544,Cook And Phillip-7428,2020-06-12T09:00:00+10:00,-33.8725,151.213333,so2,ppm,0.001
7428,25544,Cook And Phillip-7428,2020-06-12T11:00:00+10:00,-33.8725,151.213333,so2,ppm,0.001
7428,25544,Cook And Phillip-7428,2020-06-12T12:00:00+10:00,-33.8725,151.213333,so2,ppm,0.001
7428,25544,Cook And Phillip-7428,2020-06-12T13:00:00+10:00,-33.8725,151.213333,so2,ppm,0.001
7428,25544,Cook And Phillip-7428,2020-06-12T14:00:00+10:00,-33.8725,151.213333,so2,ppm,0.001
7428,25544,Cook And Phillip-7428,2020-06-12T16:00:00+10:00,-33.8725,151.213333,so2,ppm,0.0
7428,25544,Cook And Phillip-7428,2020-06-12T17:00:00+10:00,-33.8725,151.213333,so2,ppm,0.001
7428,25544,Cook And Phillip-7428,2020-06-12T18:00:00+10:00,-33.8725,151.213333,so2,ppm,0.001
7428,25544,Cook And Phillip-7428,2020-06-12T19:00:00+10:00,-33.8725,151.213333,so2,ppm,0.001
7428,25544,Cook And Phillip-7428,2020-06-12T20:00:00+10:00,-33.8725,151.213333,so2,ppm,0.001
7428,25544,Cook And Phillip-7428,2020-06-12T21:00:00+10:00,-33.8725,151.213333,so2,ppm,0.001
7428,25544,Cook And Phillip-7428,2020-06-12T22:00:00+10:00,-33.8725,151.213333,so2,ppm,0.001
7428,25545,Cook And Phillip-7428,2020-06-12T01:00:00+10:00,-33.8725,151.213333,o3,ppm,0.0
7428,25545,Cook And Phillip-7428,2020-06-12T02:00:00+10:00,-33.8725,151.213333,o3,ppm,0.0
7428,25545,Cook And Phillip-7428,2020-06-12T03:00:00+10:00,-33.8725,151.213333,o3,ppm,0.001
7428,25545,Cook And Phillip-7428,2020-06-12T04:00:00+10:00,-33.8725,151.213333,o3,ppm,0.002
7428,25545,Cook And Phillip-7428,2020-06-12T05:00:00+10:00,-33.8725,151.213333,o3,ppm,0.002
7428,25545,Cook And Phillip-7428,2020-06-12T06:00:00+10:00,-33.8725,151.213333,o3,ppm,0.0
7428,25545,Cook And Phillip-7428,2020-06-12T07:00:00+10:00,-33.8725,151.213333,o3,ppm,0.0
7428,25545,Cook And Phillip-7428,2020-06-12T08:00:00+10:00,-33.8725,151.213333,o3,ppm,0.0
7428,25545,Cook And Phillip-7428,2020-06-12T09:00:00+10:00,-33.8725,151.213333,o3,ppm,0.0
7428,25545,Cook And Phillip-7428,2020-06-12T11:00:00+10:00,-33.8725,151.213333,o3,ppm,0.002
7428,25545,Cook And Phillip-7428,2020-06-12T12:00:00+10:00,-33.8725,151.213333,o3,ppm,0.002
7428,25545,Cook And Phillip-7428,2020-06-12T13:00:00+10:00,-33.8725,151.213333,o3,ppm,0.007
7428,25545,Cook And Phillip-7428,2020-06-12T14:00:00+10:00,-33.8725,151.213333,o3,ppm,0.002
7428,25545,Cook And Phillip-7428,2020-06-12T16:00:00+10:00,-33.8725,151.213333,o3,ppm,0.0
7428,25545,Cook And Phillip-7428,2020-06-12T17:00:00+10:00,-33.8725,151.213333,o3,ppm,0.0
7428,25545,Cook And Phillip-7428,2020-06-12T18:00:00+10:00,-33.8725,151.213333,o3,ppm,0.0
7428,25545,Cook And Phillip-7428,2020-06-12T19:00:00+10:00,-33.8725,151.213333,o3,ppm,0.0
7428,25545,Cook And Phillip-7428,2020-06-12T20:00:00+10:00,-33.8725,151.213333,o3,ppm,0.0
7428,25545,Cook And Phillip-7428,2020-06-12T21:00:00+10:00,-33.8725,151.213333,o3,ppm,0.0
7428,25545,Cook And Phillip-7428,2020-06-12T22:00:00+10:00,-33.8725,151.213333,o3,ppm,0.0
7428,21615,Cook And Phillip-7428,2020-06-13T02:00:00+10:00,-33.8725,151.213333,pm10,µg/m³,18.6
7428,21615,Cook And Phillip-7428,2020-06-13T04:00:00+10:00,-33.8725,151.213333,pm10,µg/m³,17.3
7428,21615,Cook And Phillip-7428,2020-06-13T05:00:00+10:00,-33.8725,151.213333,pm10,µg/m³,17.3
7428,21615,Cook And Phillip-7428,2020-06-13T06:00:00+10:00,-33.8725,151.213333,pm10,µg/m³,14.2
7428,21615,Cook And Phillip-7428,2020-06-13T07:00:00+10:00,-33.8725,151.213333,pm10,µg/m³,13.5
7428,21615,Cook And Phillip-7428,2020-06-13T08:00:00+10:00,-33.8725,151.213333,pm10,µg/m³,16.7
7428,21615,Cook And Phillip-7428,2020-06-13T09:00:00+10:00,-33.8725,151.213333,pm10,µg/m³,20.3
7428,21615,Cook And Phillip-7428,2020-06-13T15:00:00+10:00,-33.8725,151.213333,pm10,µg/m³,15.1
7428,21615,Cook And Phillip-7428,2020-06-13T16:00:00+10:00,-33.8725,151.213333,pm10,µg/m³,13.3
7428,21615,Cook And Phillip-7428,2020-06-13T17:00:00+10:00,-33.8725,151.213333,pm10,µg/m³,12.5
7428,21615,Cook And Phillip-7428,2020-06-13T18:00:00+10:00,-33.8725,151.213333,pm10,µg/m³,12.4
7428,21615,Cook And Phillip-7428,2020-06-13T19:00:00+10:00,-33.8725,151.213333,pm10,µg/m³,10.1
7428,21615,Cook And Phillip-7428,2020-06-13T20:00:00+10:00,-33.8725,151.213333,pm10,µg/m³,9.6
7428,21615,Cook And Phillip-7428,2020-06-13T21:00:00+10:00,-33.8725,151.213333,pm10,µg/m³,14.8
7428,21615,Cook And Phillip-7428,2020-06-13T22:00:00+10:00,-33.8725,151.213333,pm10,µg/m³,15.0
7428,21615,Cook And Phillip-7428,2020-06-13T23:00:00+10:00,-33.8725,151.213333,pm10,µg/m³,17.5
7428,21614,Cook And Phillip-7428,2020-06-13T02:00:00+10:00,-33.8725,151.213333,pm25,µg/m³,14.2
7428,21614,Cook And Phillip-7428,2020-06-13T04:00:00+10:00,-33.8725,151.213333,pm25,µg/m³,13.1
7428,21614,Cook And Phillip-7428,2020-06-13T05:00:00+10:00,-33.8725,151.213333,pm25,µg/m³,12.8
7428,21614,Cook And Phillip-7428,2020-06-13T06:00:00+10:00,-33.8725,151.213333,pm25,µg/m³,10.9
7428,21614,Cook And Phillip-7428,2020-06-13T07:00:00+10:00,-33.8725,151.213333,pm25,µg/m³,10.3
7428,21614,Cook And Phillip-7428,2020-06-13T08:00:00+10:00,-33.8725,151.213333,pm25,µg/m³,12.4
7428,21614,Cook And Phillip-7428,2020-06-13T09:00:00+10:00,-33.8725,151.213333,pm25,µg/m³,15.1
7428,21614,Cook And Phillip-7428,2020-06-13T15:00:00+10:00,-33.8725,151.213333,pm25,µg/m³,8.9
7428,21614,Cook And Phillip-7428,2020-06-13T16:00:00+10:00,-33.8725,151.213333,pm25,µg/m³,7.4
7428,21614,Cook And Phillip-7428,2020-06-13T17:00:00+10:00,-33.8725,151.213333,pm25,µg/m³,6.8
7428,21614,Cook And Phillip-7428,2020-06-13T18:00:00+10:00,-33.8725,151.213333,pm25,µg/m³,7.3
7428,21614,Cook And Phillip-7428,2020-06-13T19:00:00+10:00,-33.8725,151.213333,pm25,µg/m³,4.9
7428,21614,Cook And Phillip-7428,2020-06-13T20:00:00+10:00,-33.8725,151.213333,pm25,µg/m³,4.3
7428,21614,Cook And Phillip-7428,2020-06-13T21:00:00+10:00,-33.8725,151.213333,pm25,µg/m³,10.3
7428,21614,Cook And Phillip-7428,2020-06-13T22:00:00+10:00,-33.8725,151.213333,pm25,µg/m³,11.1
7428,21614,Cook And Phillip-7428,2020-06-13T23:00:00+10:00,-33.8725,151.213333,pm25,µg/m³,13.2
7428,25546,Cook And Phillip-7428,2020-06-13T04:00:00+10:00,-33.8725,151.213333,no2,ppm,0.016
7428,25546,Cook And Phillip-7428,2020-06-13T05:00:00+10:00,-33.8725,151.213333,no2,ppm,0.015
7428,25546,Cook And Phillip-7428,2020-06-13T06:00:00+10:00,-33.8725,151.213333,no2,ppm,0.014
7428,25546,Cook And Phillip-7428,2020-06-13T07:00:00+10:00,-33.8725,151.213333,no2,ppm,0.016
7428,25546,Cook And Phillip-7428,2020-06-13T08:00:00+10:00,-33.8725,151.213333,no2,ppm,0.016
7428,25546,Cook And Phillip-7428,2020-06-13T09:00:00+10:00,-33.8725,151.213333,no2,ppm,0.017
7428,25546,Cook And Phillip-7428,2020-06-13T15:00:00+10:00,-33.8725,151.213333,no2,ppm,0.013
7428,25546,Cook And Phillip-7428,2020-06-13T16:00:00+10:00,-33.8725,151.213333,no2,ppm,0.013
7428,25546,Cook And Phillip-7428,2020-06-13T17:00:00+10:00,-33.8725,151.213333,no2,ppm,0.017
7428,25546,Cook And Phillip-7428,2020-06-13T18:00:00+10:00,-33.8725,151.213333,no2,ppm,0.021
7428,25546,Cook And Phillip-7428,2020-06-13T19:00:00+10:00,-33.8725,151.213333,no2,ppm,0.015
7428,25546,Cook And Phillip-7428,2020-06-13T20:00:00+10:00,-33.8725,151.213333,no2,ppm,0.013
7428,25546,Cook And Phillip-7428,2020-06-13T21:00:00+10:00,-33.8725,151.213333,no2,ppm,0.01
7428,25546,Cook And Phillip-7428,2020-06-13T22:00:00+10:00,-33.8725,151.213333,no2,ppm,0.012
7428,25546,Cook And Phillip-7428,2020-06-13T23:00:00+10:00,-33.8725,151.213333,no2,ppm,0.014
7428,25545,Cook And Phillip-7428,2020-06-13T02:00:00+10:00,-33.8725,151.213333,o3,ppm,0.0
7428,28686,Cook And Phillip-7428,2020-06-13T02:00:00+10:00,-33.8725,151.213333,co,ppm,0.3
7428,25545,Cook And Phillip-7428,2020-06-13T04:00:00+10:00,-33.8725,151.213333,o3,ppm,0.0
7428,25545,Cook And Phillip-7428,2020-06-13T05:00:00+10:00,-33.8725,151.213333,o3,ppm,0.0
7428,25545,Cook And Phillip-7428,2020-06-13T06:00:00+10:00,-33.8725,151.213333,o3,ppm,0.0
7428,25545,Cook And Phillip-7428,2020-06-13T07:00:00+10:00,-33.8725,151.213333,o3,ppm,0.0
7428,25545,Cook And Phillip-7428,2020-06-13T08:00:00+10:00,-33.8725,151.213333,o3,ppm,0.0
7428,25545,Cook And Phillip-7428,2020-06-13T09:00:00+10:00,-33.8725,151.213333,o3,ppm,0.0
7428,25545,Cook And Phillip-7428,2020-06-13T15:00:00+10:00,-33.8725,151.213333,o3,ppm,0.015
7428,25545,Cook And Phillip-7428,2020-06-13T16:00:00+10:00,-33.8725,151.213333,o3,ppm,0.016
7428,25545,Cook And Phillip-7428,2020-06-13T17:00:00+10:00,-33.8725,151.213333,o3,ppm,0.011
7428,25545,Cook And Phillip-7428,2020-06-13T18:00:00+10:00,-33.8725,151.213333,o3,ppm,0.006
7428,25545,Cook And Phillip-7428,2020-06-13T19:00:00+10:00,-33.8725,151.213333,o3,ppm,0.011
7428,25545,Cook And Phillip-7428,2020-06-13T20:00:00+10:00,-33.8725,151.213333,o3,ppm,0.012
7428,25545,Cook And Phillip-7428,2020-06-13T21:00:00+10:00,-33.8725,151.213333,o3,ppm,0.013
7428,25545,Cook And Phillip-7428,2020-06-13T22:00:00+10:00,-33.8725,151.213333,o3,ppm,0.008
7428,25545,Cook And Phillip-7428,2020-06-13T23:00:00+10:00,-33.8725,151.213333,o3,ppm,0.005
7428,28686,Cook And Phillip-7428,2020-06-13T04:00:00+10:00,-33.8725,151.213333,co,ppm,0.3
7428,28686,Cook And Phillip-7428,2020-06-13T05:00:00+10:00,-33.8725,151.213333,co,ppm,0.2
7428,28686,Cook And Phillip-7428,2020-06-13T06:00:00+10:00,-33.8725,151.213333,co,ppm,0.2
7428,28686,Cook And Phillip-7428,2020-06-13T07:00:00+10:00,-33.8725,151.213333,co,ppm,0.2
7428,28686,Cook And Phillip-7428,2020-06-13T08:00:00+10:00,-33.8725,151.213333,co,ppm,0.2
7428,28686,Cook And Phillip-7428,2020-06-13T09:00:00+10:00,-33.8725,151.213333,co,ppm,0.2
7428,28686,Cook And Phillip-7428,2020-06-13T15:00:00+10:00,-33.8725,151.213333,co,ppm,0.1
7428,28686,Cook And Phillip-7428,2020-06-13T16:00:00+10:00,-33.8725,151.213333,co,ppm,0.1
7428,28686,Cook And Phillip-7428,2020-06-13T17:00:00+10:00,-33.8725,151.213333,co,ppm,0.1
7428,28686,Cook And Phillip-7428,2020-06-13T18:00:00+10:00,-33.8725,151.213333,co,ppm,0.1
7428,28686,Cook And Phillip-7428,2020-06-13T19:00:00+10:00,-33.8725,151.213333,co,ppm,0.1
7428,28686,Cook And Phillip-7428,2020-06-13T20:00:00+10:00,-33.8725,151.213333,co,ppm,0.1
7428,28686,Cook And Phillip-7428,2020-06-13T21:00:00+10:00,-33.8725,151.213333,co,ppm,0.1
7428,28686,Cook And Phillip-7428,2020-06-13T22:00:00+10:00,-33.8725,151.213333,co,ppm,0.1
7428,28686,Cook And Phillip-7428,2020-06-13T23:00:00+10:00,-33.8725,151.213333,co,ppm,0.1
7428,25544,Cook And Phillip-7428,2020-06-13T04:00:00+10:00,-33.8725,151.213333,so2,ppm,0.0
7428,25544,Cook And Phillip-7428,2020-06-13T05:00:00+10:00,-33.8725,151.213333,so2,ppm,0.0
7428,25544,Cook And Phillip-7428,2020-06-13T06:00:00+10:00,-33.8725,151.213333,so2,ppm,0.0
7428,25544,Cook And Phillip-7428,2020-06-13T07:00:00+10:00,-33.8725,151.213333,so2,ppm,0.0
7428,25544,Cook And Phillip-7428,2020-06-13T08:00:00+10:00,-33.8725,151.213333,so2,ppm,0.0
7428,25544,Cook And Phillip-7428,2020-06-13T09:00:00+10:00,-33.8725,151.213333,so2,ppm,0.001
7428,25544,Cook And Phillip-7428,2020-06-13T15:00:00+10:00,-33.8725,151.213333,so2,ppm,0.001
7428,25544,Cook And Phillip-7428,2020-06-13T16:00:00+10:00,-33.8725,151.213333,so2,ppm,0.0
7428,25544,Cook And Phillip-7428,2020-06-13T17:00:00+10:00,-33.8725,151.213333,so2,ppm,0.0
7428,25544,Cook And Phillip-7428,2020-06-13T18:00:00+10:00,-33.8725,151.213333,so2,ppm,0.0
7428,25544,Cook And Phillip-7428,2020-06-13T19:00:00+10:00,-33.8725,151.213333,so2,ppm,0.0
7428,25544,Cook And Phillip-7428,2020-06-13T20:00:00+10:00,-33.8725,151.213333,so2,ppm,0.0
7428,25544,Cook And Phillip-7428,2020-06-13T21:00:00+10:00,-33.8725,151.213333,so2,ppm,0.0
7428,25544,Cook And Phillip-7428,2020-06-13T22:00:00+10:00,-33.8725,151.213333,so2,ppm,0.0
7428,25544,Cook And Phillip-7428,2020-06-13T23:00:00+10:00,-33.8725,151.213333,so2,ppm,0.0
7428,21615,Cook And Phillip-7428,2020-06-14T01:00:00+10:00,-33.8725,151.213333,pm10,µg/m³,11.9
7428,21615,Cook And Phillip-7428,2020-06-14T03:00:00+10:00,-33.8725,151.213333,pm10,µg/m³,10.7
7428,21615,Cook And Phillip-7428,2020-06-14T04:00:00+10:00,-33.8725,151.213333,pm10,µg/m³,11.3
7428,21615,Cook And Phillip-7428,2020-06-14T07:00:00+10:00,-33.8725,151.213333,pm10,µg/m³,16.2
7428,21615,Cook And Phillip-7428,2020-06-14T08:00:00+10:00,-33.8725,151.213333,pm10,µg/m³,15.7
7428,21615,Cook And Phillip-7428,2020-06-14T09:00:00+10:00,-33.8725,151.213333,pm10,µg/m³,6.8
7428,21615,Cook And Phillip-7428,2020-06-14T10:00:00+10:00,-33.8725,151.213333,pm10,µg/m³,6.7
7428,21615,Cook And Phillip-7428,2020-06-14T13:00:00+10:00,-33.8725,151.213333,pm10,µg/m³,6.3
7428,21615,Cook And Phillip-7428,2020-06-14T14:00:00+10:00,-33.8725,151.213333,pm10,µg/m³,13.4
7428,21615,Cook And Phillip-7428,2020-06-14T16:00:00+10:00,-33.8725,151.213333,pm10,µg/m³,8.9
7428,21615,Cook And Phillip-7428,2020-06-14T17:00:00+10:00,-33.8725,151.213333,pm10,µg/m³,5.2
7428,21615,Cook And Phillip-7428,2020-06-14T18:00:00+10:00,-33.8725,151.213333,pm10,µg/m³,4.6
7428,21615,Cook And Phillip-7428,2020-06-14T19:00:00+10:00,-33.8725,151.213333,pm10,µg/m³,4.4
7428,21615,Cook And Phillip-7428,2020-06-14T20:00:00+10:00,-33.8725,151.213333,pm10,µg/m³,6.9
7428,21614,Cook And Phillip-7428,2020-06-14T01:00:00+10:00,-33.8725,151.213333,pm25,µg/m³,8.4
7428,21614,Cook And Phillip-7428,2020-06-14T03:00:00+10:00,-33.8725,151.213333,pm25,µg/m³,7.8
7428,21614,Cook And Phillip-7428,2020-06-14T04:00:00+10:00,-33.8725,151.213333,pm25,µg/m³,8.5
7428,21614,Cook And Phillip-7428,2020-06-14T07:00:00+10:00,-33.8725,151.213333,pm25,µg/m³,14.4
7428,21614,Cook And Phillip-7428,2020-06-14T08:00:00+10:00,-33.8725,151.213333,pm25,µg/m³,13.5
7428,21614,Cook And Phillip-7428,2020-06-14T09:00:00+10:00,-33.8725,151.213333,pm25,µg/m³,4.7
7428,21614,Cook And Phillip-7428,2020-06-14T10:00:00+10:00,-33.8725,151.213333,pm25,µg/m³,4.6
7428,21614,Cook And Phillip-7428,2020-06-14T13:00:00+10:00,-33.8725,151.213333,pm25,µg/m³,4.0
7428,21614,Cook And Phillip-7428,2020-06-14T14:00:00+10:00,-33.8725,151.213333,pm25,µg/m³,11.1
7428,21614,Cook And Phillip-7428,2020-06-14T16:00:00+10:00,-33.8725,151.213333,pm25,µg/m³,6.8
7428,21614,Cook And Phillip-7428,2020-06-14T17:00:00+10:00,-33.8725,151.213333,pm25,µg/m³,2.9
7428,21614,Cook And Phillip-7428,2020-06-14T18:00:00+10:00,-33.8725,151.213333,pm25,µg/m³,2.3
7428,21614,Cook And Phillip-7428,2020-06-14T19:00:00+10:00,-33.8725,151.213333,pm25,µg/m³,1.7
7428,21614,Cook And Phillip-7428,2020-06-14T20:00:00+10:00,-33.8725,151.213333,pm25,µg/m³,4.4
7428,25546,Cook And Phillip-7428,2020-06-14T01:00:00+10:00,-33.8725,151.213333,no2,ppm,0.009
7428,25546,Cook And Phillip-7428,2020-06-14T03:00:00+10:00,-33.8725,151.213333,no2,ppm,0.012
7428,25546,Cook And Phillip-7428,2020-06-14T04:00:00+10:00,-33.8725,151.213333,no2,ppm,0.013
7428,25546,Cook And Phillip-7428,2020-06-14T07:00:00+10:00,-33.8725,151.213333,no2,ppm,0.014
7428,25546,Cook And Phillip-7428,2020-06-14T08:00:00+10:00,-33.8725,151.213333,no2,ppm,0.015
7428,25546,Cook And Phillip-7428,2020-06-14T09:00:00+10:00,-33.8725,151.213333,no2,ppm,0.012
7428,25546,Cook And Phillip-7428,2020-06-14T10:00:00+10:00,-33.8725,151.213333,no2,ppm,0.011
7428,25546,Cook And Phillip-7428,2020-06-14T13:00:00+10:00,-33.8725,151.213333,no2,ppm,0.009
7428,25546,Cook And Phillip-7428,2020-06-14T14:00:00+10:00,-33.8725,151.213333,no2,ppm,0.009
7428,25546,Cook And Phillip-7428,2020-06-14T16:00:00+10:00,-33.8725,151.213333,no2,ppm,0.013
7428,25546,Cook And Phillip-7428,2020-06-14T17:00:00+10:00,-33.8725,151.213333,no2,ppm,0.018
7428,25546,Cook And Phillip-7428,2020-06-14T18:00:00+10:00,-33.8725,151.213333,no2,ppm,0.018
7428,25546,Cook And Phillip-7428,2020-06-14T19:00:00+10:00,-33.8725,151.213333,no2,ppm,0.019
7428,25546,Cook And Phillip-7428,2020-06-14T20:00:00+10:00,-33.8725,151.213333,no2,ppm,0.019
7428,28686,Cook And Phillip-7428,2020-06-14T01:00:00+10:00,-33.8725,151.213333,co,ppm,0.1
7428,28686,Cook And Phillip-7428,2020-06-14T03:00:00+10:00,-33.8725,151.213333,co,ppm,0.1
7428,28686,Cook And Phillip-7428,2020-06-14T04:00:00+10:00,-33.8725,151.213333,co,ppm,0.1
7428,28686,Cook And Phillip-7428,2020-06-14T07:00:00+10:00,-33.8725,151.213333,co,ppm,0.1
7428,28686,Cook And Phillip-7428,2020-06-14T08:00:00+10:00,-33.8725,151.213333,co,ppm,0.1
7428,28686,Cook And Phillip-7428,2020-06-14T09:00:00+10:00,-33.8725,151.213333,co,ppm,0.1
7428,28686,Cook And Phillip-7428,2020-06-14T10:00:00+10:00,-33.8725,151.213333,co,ppm,0.1
7428,28686,Cook And Phillip-7428,2020-06-14T13:00:00+10:00,-33.8725,151.213333,co,ppm,0.1
7428,28686,Cook And Phillip-7428,2020-06-14T14:00:00+10:00,-33.8725,151.213333,co,ppm,0.1
7428,28686,Cook And Phillip-7428,2020-06-14T16:00:00+10:00,-33.8725,151.213333,co,ppm,0.0
7428,28686,Cook And Phillip-7428,2020-06-14T17:00:00+10:00,-33.8725,151.213333,co,ppm,0.0
7428,28686,Cook And Phillip-7428,2020-06-14T18:00:00+10:00,-33.8725,151.213333,co,ppm,0.1
7428,28686,Cook And Phillip-7428,2020-06-14T19:00:00+10:00,-33.8725,151.213333,co,ppm,0.1
7428,28686,Cook And Phillip-7428,2020-06-14T20:00:00+10:00,-33.8725,151.213333,co,ppm,0.1
7428,25544,Cook And Phillip-7428,2020-06-14T01:00:00+10:00,-33.8725,151.213333,so2,ppm,0.002
7428,25544,Cook And Phillip-7428,2020-06-14T03:00:00+10:00,-33.8725,151.213333,so2,ppm,0.001
7428,25544,Cook And Phillip-7428,2020-06-14T04:00:00+10:00,-33.8725,151.213333,so2,ppm,0.0
7428,25544,Cook And Phillip-7428,2020-06-14T07:00:00+10:00,-33.8725,151.213333,so2,ppm,0.0
7428,25544,Cook And Phillip-7428,2020-06-14T08:00:00+10:00,-33.8725,151.213333,so2,ppm,0.0
7428,25544,Cook And Phillip-7428,2020-06-14T09:00:00+10:00,-33.8725,151.213333,so2,ppm,0.0
7428,25544,Cook And Phillip-7428,2020-06-14T10:00:00+10:00,-33.8725,151.213333,so2,ppm,0.0
7428,25544,Cook And Phillip-7428,2020-06-14T13:00:00+10:00,-33.8725,151.213333,so2,ppm,0.0
7428,25544,Cook And Phillip-7428,2020-06-14T14:00:00+10:00,-33.8725,151.213333,so2,ppm,0.0
7428,25544,Cook And Phillip-7428,2020-06-14T16:00:00+10:00,-33.8725,151.213333,so2,ppm,0.0
7428,25544,Cook And Phillip-7428,2020-06-14T17:00:00+10:00,-33.8725,151.213333,so2,ppm,0.0
7428,25544,Cook And Phillip-7428,2020-06-14T18:00:00+10:00,-33.8725,151.213333,so2,ppm,0.0
7428,25544,Cook And Phillip-7428,2020-06-14T19:00:00+10:00,-33.8725,151.213333,so2,ppm,0.0
7428,25544,Cook And Phillip-7428,2020-06-14T20:00:00+10:00,-33.8725,151.213333,so2,ppm,0.0
7428,25545,Cook And Phillip-7428,2020-06-14T01:00:00+10:00,-33.8725,151.213333,o3,ppm,0.007
7428,25545,Cook And Phillip-7428,2020-06-14T03:00:00+10:00,-33.8725,151.213333,o3,ppm,0.001
7428,25545,Cook And Phillip-7428,2020-06-14T04:00:00+10:00,-33.8725,151.213333,o3,ppm,0.003
7428,25545,Cook And Phillip-7428,2020-06-14T07:00:00+10:00,-33.8725,151.213333,o3,ppm,0.001
7428,25545,Cook And Phillip-7428,2020-06-14T08:00:00+10:00,-33.8725,151.213333,o3,ppm,0.002
7428,25545,Cook And Phillip-7428,2020-06-14T09:00:00+10:00,-33.8725,151.213333,o3,ppm,0.004
7428,25545,Cook And Phillip-7428,2020-06-14T10:00:00+10:00,-33.8725,151.213333,o3,ppm,0.006
7428,25545,Cook And Phillip-7428,2020-06-14T13:00:00+10:00,-33.8725,151.213333,o3,ppm,0.017
7428,25545,Cook And Phillip-7428,2020-06-14T14:00:00+10:00,-33.8725,151.213333,o3,ppm,0.021
7428,25545,Cook And Phillip-7428,2020-06-14T16:00:00+10:00,-33.8725,151.213333,o3,ppm,0.016
7428,25545,Cook And Phillip-7428,2020-06-14T17:00:00+10:00,-33.8725,151.213333,o3,ppm,0.01
7428,25545,Cook And Phillip-7428,2020-06-14T18:00:00+10:00,-33.8725,151.213333,o3,ppm,0.01
7428,25545,Cook And Phillip-7428,2020-06-14T19:00:00+10:00,-33.8725,151.213333,o3,ppm,0.009
7428,25545,Cook And Phillip-7428,2020-06-14T20:00:00+10:00,-33.8725,151.213333,o3,ppm,0.008
7428,21615,Cook And Phillip-7428,2020-06-15T01:00:00+10:00,-33.8725,151.213333,pm10,µg/m³,7.5
7428,21615,Cook And Phillip-7428,2020-06-15T03:00:00+10:00,-33.8725,151.213333,pm10,µg/m³,5.7
7428,21615,Cook And Phillip-7428,2020-06-15T04:00:00+10:00,-33.8725,151.213333,pm10,µg/m³,6.7
7428,21615,Cook And Phillip-7428,2020-06-15T05:00:00+10:00,-33.8725,151.213333,pm10,µg/m³,6.9
7428,21615,Cook And Phillip-7428,2020-06-15T06:00:00+10:00,-33.8725,151.213333,pm10,µg/m³,7.2
7428,21615,Cook And Phillip-7428,2020-06-15T08:00:00+10:00,-33.8725,151.213333,pm10,µg/m³,6.9
7428,21615,Cook And Phillip-7428,2020-06-15T10:00:00+10:00,-33.8725,151.213333,pm10,µg/m³,13.9
7428,21615,Cook And Phillip-7428,2020-06-15T11:00:00+10:00,-33.8725,151.213333,pm10,µg/m³,15.7
7428,21615,Cook And Phillip-7428,2020-06-15T12:00:00+10:00,-33.8725,151.213333,pm10,µg/m³,16.0
7428,21615,Cook And Phillip-7428,2020-06-15T15:00:00+10:00,-33.8725,151.213333,pm10,µg/m³,17.0
7428,21615,Cook And Phillip-7428,2020-06-15T23:00:00+10:00,-33.8725,151.213333,pm10,µg/m³,9.4
7428,21614,Cook And Phillip-7428,2020-06-15T01:00:00+10:00,-33.8725,151.213333,pm25,µg/m³,5.1
7428,21614,Cook And Phillip-7428,2020-06-15T03:00:00+10:00,-33.8725,151.213333,pm25,µg/m³,1.8
7428,21614,Cook And Phillip-7428,2020-06-15T04:00:00+10:00,-33.8725,151.213333,pm25,µg/m³,3.5
7428,21614,Cook And Phillip-7428,2020-06-15T05:00:00+10:00,-33.8725,151.213333,pm25,µg/m³,3.4
7428,21614,Cook And Phillip-7428,2020-06-15T06:00:00+10:00,-33.8725,151.213333,pm25,µg/m³,4.6
7428,21614,Cook And Phillip-7428,2020-06-15T08:00:00+10:00,-33.8725,151.213333,pm25,µg/m³,3.6
7428,21614,Cook And Phillip-7428,2020-06-15T10:00:00+10:00,-33.8725,151.213333,pm25,µg/m³,7.4
7428,21614,Cook And Phillip-7428,2020-06-15T11:00:00+10:00,-33.8725,151.213333,pm25,µg/m³,7.7
7428,21614,Cook And Phillip-7428,2020-06-15T12:00:00+10:00,-33.8725,151.213333,pm25,µg/m³,8.1
7428,21614,Cook And Phillip-7428,2020-06-15T15:00:00+10:00,-33.8725,151.213333,pm25,µg/m³,8.5
7428,21614,Cook And Phillip-7428,2020-06-15T23:00:00+10:00,-33.8725,151.213333,pm25,µg/m³,6.9
7428,28686,Cook And Phillip-7428,2020-06-15T01:00:00+10:00,-33.8725,151.213333,co,ppm,0.1
7428,25546,Cook And Phillip-7428,2020-06-15T01:00:00+10:00,-33.8725,151.213333,no2,ppm,0.017
7428,25546,Cook And Phillip-7428,2020-06-15T03:00:00+10:00,-33.8725,151.213333,no2,ppm,0.013
7428,25546,Cook And Phillip-7428,2020-06-15T04:00:00+10:00,-33.8725,151.213333,no2,ppm,0.011
7428,25546,Cook And Phillip-7428,2020-06-15T05:00:00+10:00,-33.8725,151.213333,no2,ppm,0.015
7428,25546,Cook And Phillip-7428,2020-06-15T06:00:00+10:00,-33.8725,151.213333,no2,ppm,0.014
7428,25546,Cook And Phillip-7428,2020-06-15T08:00:00+10:00,-33.8725,151.213333,no2,ppm,0.023
7428,25546,Cook And Phillip-7428,2020-06-15T10:00:00+10:00,-33.8725,151.213333,no2,ppm,0.022
7428,25546,Cook And Phillip-7428,2020-06-15T11:00:00+10:00,-33.8725,151.213333,no2,ppm,0.022
7428,25546,Cook And Phillip-7428,2020-06-15T12:00:00+10:00,-33.8725,151.213333,no2,ppm,0.02
7428,25546,Cook And Phillip-7428,2020-06-15T15:00:00+10:00,-33.8725,151.213333,no2,ppm,0.02
7428,25546,Cook And Phillip-7428,2020-06-15T23:00:00+10:00,-33.8725,151.213333,no2,ppm,0.02
7428,28686,Cook And Phillip-7428,2020-06-15T03:00:00+10:00,-33.8725,151.213333,co,ppm,0.1
7428,28686,Cook And Phillip-7428,2020-06-15T04:00:00+10:00,-33.8725,151.213333,co,ppm,0.1
7428,28686,Cook And Phillip-7428,2020-06-15T05:00:00+10:00,-33.8725,151.213333,co,ppm,0.0
7428,28686,Cook And Phillip-7428,2020-06-15T06:00:00+10:00,-33.8725,151.213333,co,ppm,0.0
7428,28686,Cook And Phillip-7428,2020-06-15T08:00:00+10:00,-33.8725,151.213333,co,ppm,0.0
7428,28686,Cook And Phillip-7428,2020-06-15T10:00:00+10:00,-33.8725,151.213333,co,ppm,0.0
7428,28686,Cook And Phillip-7428,2020-06-15T11:00:00+10:00,-33.8725,151.213333,co,ppm,0.0
7428,28686,Cook And Phillip-7428,2020-06-15T12:00:00+10:00,-33.8725,151.213333,co,ppm,0.0
7428,28686,Cook And Phillip-7428,2020-06-15T15:00:00+10:00,-33.8725,151.213333,co,ppm,0.1
7428,28686,Cook And Phillip-7428,2020-06-15T23:00:00+10:00,-33.8725,151.213333,co,ppm,0.2
7428,25545,Cook And Phillip-7428,2020-06-15T01:00:00+10:00,-33.8725,151.213333,o3,ppm,0.007
7428,25545,Cook And Phillip-7428,2020-06-15T03:00:00+10:00,-33.8725,151.213333,o3,ppm,0.009
7428,25545,Cook And Phillip-7428,2020-06-15T04:00:00+10:00,-33.8725,151.213333,o3,ppm,0.011
7428,25545,Cook And Phillip-7428,2020-06-15T05:00:00+10:00,-33.8725,151.213333,o3,ppm,0.01
7428,25545,Cook And Phillip-7428,2020-06-15T06:00:00+10:00,-33.8725,151.213333,o3,ppm,0.008
7428,25545,Cook And Phillip-7428,2020-06-15T08:00:00+10:00,-33.8725,151.213333,o3,ppm,0.002
7428,25545,Cook And Phillip-7428,2020-06-15T10:00:00+10:00,-33.8725,151.213333,o3,ppm,0.005
7428,25545,Cook And Phillip-7428,2020-06-15T11:00:00+10:00,-33.8725,151.213333,o3,ppm,0.006
7428,25545,Cook And Phillip-7428,2020-06-15T12:00:00+10:00,-33.8725,151.213333,o3,ppm,0.008
7428,25545,Cook And Phillip-7428,2020-06-15T15:00:00+10:00,-33.8725,151.213333,o3,ppm,0.009
7428,25545,Cook And Phillip-7428,2020-06-15T23:00:00+10:00,-33.8725,151.213333,o3,ppm,0.005
7428,25544,Cook And Phillip-7428,2020-06-15T01:00:00+10:00,-33.8725,151.213333,so2,ppm,0.0
7428,25544,Cook And Phillip-7428,2020-06-15T03:00:00+10:00,-33.8725,151.213333,so2,ppm,0.0
7428,25544,Cook And Phillip-7428,2020-06-15T04:00:00+10:00,-33.8725,151.213333,so2,ppm,0.0
7428,25544,Cook And Phillip-7428,2020-06-15T05:00:00+10:00,-33.8725,151.213333,so2,ppm,0.0
7428,25544,Cook And Phillip-7428,2020-06-15T06:00:00+10:00,-33.8725,151.213333,so2,ppm,0.001
7428,25544,Cook And Phillip-7428,2020-06-15T08:00:00+10:00,-33.8725,151.213333,so2,ppm,0.001
7428,25544,Cook And Phillip-7428,2020-06-15T10:00:00+10:00,-33.8725,151.213333,so2,ppm,0.001
7428,25544,Cook And Phillip-7428,2020-06-15T11:00:00+10:00,-33.8725,151.213333,so2,ppm,0.001
7428,25544,Cook And Phillip-7428,2020-06-15T12:00:00+10:00,-33.8725,151.213333,so2,ppm,0.001
7428,25544,Cook And Phillip-7428,2020-06-15T15:00:00+10:00,-33.8725,151.213333,so2,ppm,0.0
7428,25544,Cook And Phillip-7428,2020-06-15T23:00:00+10:00,-33.8725,151.213333,so2,ppm,0.0
7428,21615,Cook And Phillip-7428,2020-06-16T01:00:00+10:00,-33.8725,151.213333,pm10,µg/m³,7.3
7428,21615,Cook And Phillip-7428,2020-06-16T02:00:00+10:00,-33.8725,151.213333,pm10,µg/m³,5.8
7428,21615,Cook And Phillip-7428,2020-06-16T10:00:00+10:00,-33.8725,151.213333,pm10,µg/m³,14.1
7428,21615,Cook And Phillip-7428,2020-06-16T12:00:00+10:00,-33.8725,151.213333,pm10,µg/m³,15.0
7428,21615,Cook And Phillip-7428,2020-06-16T13:00:00+10:00,-33.8725,151.213333,pm10,µg/m³,15.7
7428,21615,Cook And Phillip-7428,2020-06-16T14:00:00+10:00,-33.8725,151.213333,pm10,µg/m³,14.8
7428,21615,Cook And Phillip-7428,2020-06-16T15:00:00+10:00,-33.8725,151.213333,pm10,µg/m³,15.2
7428,21615,Cook And Phillip-7428,2020-06-16T16:00:00+10:00,-33.8725,151.213333,pm10,µg/m³,14.7
7428,21615,Cook And Phillip-7428,2020-06-16T17:00:00+10:00,-33.8725,151.213333,pm10,µg/m³,13.0
7428,21614,Cook And Phillip-7428,2020-06-16T01:00:00+10:00,-33.8725,151.213333,pm25,µg/m³,4.9
7428,21614,Cook And Phillip-7428,2020-06-16T02:00:00+10:00,-33.8725,151.213333,pm25,µg/m³,3.3
7428,21614,Cook And Phillip-7428,2020-06-16T10:00:00+10:00,-33.8725,151.213333,pm25,µg/m³,6.7
7428,21614,Cook And Phillip-7428,2020-06-16T12:00:00+10:00,-33.8725,151.213333,pm25,µg/m³,9.5
7428,21614,Cook And Phillip-7428,2020-06-16T13:00:00+10:00,-33.8725,151.213333,pm25,µg/m³,11.7
7428,21614,Cook And Phillip-7428,2020-06-16T14:00:00+10:00,-33.8725,151.213333,pm25,µg/m³,10.1
7428,21614,Cook And Phillip-7428,2020-06-16T15:00:00+10:00,-33.8725,151.213333,pm25,µg/m³,10.4
7428,21614,Cook And Phillip-7428,2020-06-16T16:00:00+10:00,-33.8725,151.213333,pm25,µg/m³,9.1
7428,21614,Cook And Phillip-7428,2020-06-16T17:00:00+10:00,-33.8725,151.213333,pm25,µg/m³,8.1
7428,25546,Cook And Phillip-7428,2020-06-16T01:00:00+10:00,-33.8725,151.213333,no2,ppm,0.013
7428,25546,Cook And Phillip-7428,2020-06-16T10:00:00+10:00,-33.8725,151.213333,no2,ppm,0.025
7428,25546,Cook And Phillip-7428,2020-06-16T12:00:00+10:00,-33.8725,151.213333,no2,ppm,0.016
7428,25546,Cook And Phillip-7428,2020-06-16T13:00:00+10:00,-33.8725,151.213333,no2,ppm,0.015
7428,25546,Cook And Phillip-7428,2020-06-16T14:00:00+10:00,-33.8725,151.213333,no2,ppm,0.015
7428,25546,Cook And Phillip-7428,2020-06-16T15:00:00+10:00,-33.8725,151.213333,no2,ppm,0.018
7428,25546,Cook And Phillip-7428,2020-06-16T16:00:00+10:00,-33.8725,151.213333,no2,ppm,0.023
7428,25546,Cook And Phillip-7428,2020-06-16T17:00:00+10:00,-33.8725,151.213333,no2,ppm,0.03
7428,28686,Cook And Phillip-7428,2020-06-16T01:00:00+10:00,-33.8725,151.213333,co,ppm,0.1
7428,28686,Cook And Phillip-7428,2020-06-16T02:00:00+10:00,-33.8725,151.213333,co,ppm,0.1
7428,28686,Cook And Phillip-7428,2020-06-16T10:00:00+10:00,-33.8725,151.213333,co,ppm,0.1
7428,28686,Cook And Phillip-7428,2020-06-16T12:00:00+10:00,-33.8725,151.213333,co,ppm,0.1
7428,28686,Cook And Phillip-7428,2020-06-16T13:00:00+10:00,-33.8725,151.213333,co,ppm,0.1
7428,28686,Cook And Phillip-7428,2020-06-16T14:00:00+10:00,-33.8725,151.213333,co,ppm,0.1
7428,28686,Cook And Phillip-7428,2020-06-16T15:00:00+10:00,-33.8725,151.213333,co,ppm,0.1
7428,28686,Cook And Phillip-7428,2020-06-16T16:00:00+10:00,-33.8725,151.213333,co,ppm,0.1
7428,28686,Cook And Phillip-7428,2020-06-16T17:00:00+10:00,-33.8725,151.213333,co,ppm,0.1
7428,25544,Cook And Phillip-7428,2020-06-16T01:00:00+10:00,-33.8725,151.213333,so2,ppm,0.0
7428,25544,Cook And Phillip-7428,2020-06-16T10:00:00+10:00,-33.8725,151.213333,so2,ppm,0.001
7428,25544,Cook And Phillip-7428,2020-06-16T12:00:00+10:00,-33.8725,151.213333,so2,ppm,0.0
7428,25544,Cook And Phillip-7428,2020-06-16T13:00:00+10:00,-33.8725,151.213333,so2,ppm,0.0
7428,25544,Cook And Phillip-7428,2020-06-16T14:00:00+10:00,-33.8725,151.213333,so2,ppm,0.0
7428,25544,Cook And Phillip-7428,2020-06-16T15:00:00+10:00,-33.8725,151.213333,so2,ppm,0.0
7428,25544,Cook And Phillip-7428,2020-06-16T16:00:00+10:00,-33.8725,151.213333,so2,ppm,0.0
7428,25544,Cook And Phillip-7428,2020-06-16T17:00:00+10:00,-33.8725,151.213333,so2,ppm,0.0
7428,25545,Cook And Phillip-7428,2020-06-16T01:00:00+10:00,-33.8725,151.213333,o3,ppm,0.011
7428,25545,Cook And Phillip-7428,2020-06-16T02:00:00+10:00,-33.8725,151.213333,o3,ppm,0.008
7428,25545,Cook And Phillip-7428,2020-06-16T10:00:00+10:00,-33.8725,151.213333,o3,ppm,0.003
7428,25545,Cook And Phillip-7428,2020-06-16T12:00:00+10:00,-33.8725,151.213333,o3,ppm,0.012
7428,25545,Cook And Phillip-7428,2020-06-16T13:00:00+10:00,-33.8725,151.213333,o3,ppm,0.014
7428,25545,Cook And Phillip-7428,2020-06-16T14:00:00+10:00,-33.8725,151.213333,o3,ppm,0.014
7428,25545,Cook And Phillip-7428,2020-06-16T15:00:00+10:00,-33.8725,151.213333,o3,ppm,0.011
7428,25545,Cook And Phillip-7428,2020-06-16T16:00:00+10:00,-33.8725,151.213333,o3,ppm,0.008
7428,25545,Cook And Phillip-7428,2020-06-16T17:00:00+10:00,-33.8725,151.213333,o3,ppm,0.002
7428,21615,Cook And Phillip-7428,2020-06-17T05:00:00+10:00,-33.8725,151.213333,pm10,µg/m³,6.6
7428,21615,Cook And Phillip-7428,2020-06-17T06:00:00+10:00,-33.8725,151.213333,pm10,µg/m³,7.8
7428,21615,Cook And Phillip-7428,2020-06-17T07:00:00+10:00,-33.8725,151.213333,pm10,µg/m³,8.2
7428,21615,Cook And Phillip-7428,2020-06-17T09:00:00+10:00,-33.8725,151.213333,pm10,µg/m³,16.2
7428,21615,Cook And Phillip-7428,2020-06-17T10:00:00+10:00,-33.8725,151.213333,pm10,µg/m³,22.0
7428,21615,Cook And Phillip-7428,2020-06-17T11:00:00+10:00,-33.8725,151.213333,pm10,µg/m³,16.8
7428,21615,Cook And Phillip-7428,2020-06-17T12:00:00+10:00,-33.8725,151.213333,pm10,µg/m³,11.8
7428,21615,Cook And Phillip-7428,2020-06-17T13:00:00+10:00,-33.8725,151.213333,pm10,µg/m³,14.8
7428,21615,Cook And Phillip-7428,2020-06-17T14:00:00+10:00,-33.8725,151.213333,pm10,µg/m³,17.3
7428,21615,Cook And Phillip-7428,2020-06-17T16:00:00+10:00,-33.8725,151.213333,pm10,µg/m³,22.0
7428,21615,Cook And Phillip-7428,2020-06-17T17:00:00+10:00,-33.8725,151.213333,pm10,µg/m³,20.4
7428,21615,Cook And Phillip-7428,2020-06-17T18:00:00+10:00,-33.8725,151.213333,pm10,µg/m³,15.8
7428,21615,Cook And Phillip-7428,2020-06-17T21:00:00+10:00,-33.8725,151.213333,pm10,µg/m³,13.3
7428,21615,Cook And Phillip-7428,2020-06-17T22:00:00+10:00,-33.8725,151.213333,pm10,µg/m³,12.5
7428,21615,Cook And Phillip-7428,2020-06-17T23:00:00+10:00,-33.8725,151.213333,pm10,µg/m³,13.7
7428,21614,Cook And Phillip-7428,2020-06-17T05:00:00+10:00,-33.8725,151.213333,pm25,µg/m³,4.0
7428,21614,Cook And Phillip-7428,2020-06-17T06:00:00+10:00,-33.8725,151.213333,pm25,µg/m³,4.7
7428,21614,Cook And Phillip-7428,2020-06-17T07:00:00+10:00,-33.8725,151.213333,pm25,µg/m³,4.3
7428,21614,Cook And Phillip-7428,2020-06-17T09:00:00+10:00,-33.8725,151.213333,pm25,µg/m³,6.9
7428,21614,Cook And Phillip-7428,2020-06-17T10:00:00+10:00,-33.8725,151.213333,pm25,µg/m³,10.8
7428,21614,Cook And Phillip-7428,2020-06-17T11:00:00+10:00,-33.8725,151.213333,pm25,µg/m³,8.0
7428,21614,Cook And Phillip-7428,2020-06-17T12:00:00+10:00,-33.8725,151.213333,pm25,µg/m³,6.2
7428,21614,Cook And Phillip-7428,2020-06-17T13:00:00+10:00,-33.8725,151.213333,pm25,µg/m³,6.6
7428,21614,Cook And Phillip-7428,2020-06-17T14:00:00+10:00,-33.8725,151.213333,pm25,µg/m³,5.1
7428,21614,Cook And Phillip-7428,2020-06-17T16:00:00+10:00,-33.8725,151.213333,pm25,µg/m³,8.2
7428,21614,Cook And Phillip-7428,2020-06-17T17:00:00+10:00,-33.8725,151.213333,pm25,µg/m³,7.4
7428,21614,Cook And Phillip-7428,2020-06-17T18:00:00+10:00,-33.8725,151.213333,pm25,µg/m³,3.6
7428,21614,Cook And Phillip-7428,2020-06-17T21:00:00+10:00,-33.8725,151.213333,pm25,µg/m³,4.2
7428,21614,Cook And Phillip-7428,2020-06-17T22:00:00+10:00,-33.8725,151.213333,pm25,µg/m³,4.5
7428,21614,Cook And Phillip-7428,2020-06-17T23:00:00+10:00,-33.8725,151.213333,pm25,µg/m³,7.3
7428,25546,Cook And Phillip-7428,2020-06-17T05:00:00+10:00,-33.8725,151.213333,no2,ppm,0.016
7428,25546,Cook And Phillip-7428,2020-06-17T06:00:00+10:00,-33.8725,151.213333,no2,ppm,0.017
7428,25546,Cook And Phillip-7428,2020-06-17T07:00:00+10:00,-33.8725,151.213333,no2,ppm,0.022
7428,25546,Cook And Phillip-7428,2020-06-17T09:00:00+10:00,-33.8725,151.213333,no2,ppm,0.03
7428,25546,Cook And Phillip-7428,2020-06-17T10:00:00+10:00,-33.8725,151.213333,no2,ppm,0.029
7428,25546,Cook And Phillip-7428,2020-06-17T11:00:00+10:00,-33.8725,151.213333,no2,ppm,0.025
7428,25546,Cook And Phillip-7428,2020-06-17T12:00:00+10:00,-33.8725,151.213333,no2,ppm,0.019
7428,25546,Cook And Phillip-7428,2020-06-17T13:00:00+10:00,-33.8725,151.213333,no2,ppm,0.014
7428,25546,Cook And Phillip-7428,2020-06-17T14:00:00+10:00,-33.8725,151.213333,no2,ppm,0.008
7428,25546,Cook And Phillip-7428,2020-06-17T16:00:00+10:00,-33.8725,151.213333,no2,ppm,0.011
7428,25546,Cook And Phillip-7428,2020-06-17T17:00:00+10:00,-33.8725,151.213333,no2,ppm,0.011
7428,25546,Cook And Phillip-7428,2020-06-17T18:00:00+10:00,-33.8725,151.213333,no2,ppm,0.016
7428,25546,Cook And Phillip-7428,2020-06-17T21:00:00+10:00,-33.8725,151.213333,no2,ppm,0.012
7428,25546,Cook And Phillip-7428,2020-06-17T22:00:00+10:00,-33.8725,151.213333,no2,ppm,0.018
7428,25546,Cook And Phillip-7428,2020-06-17T23:00:00+10:00,-33.8725,151.213333,no2,ppm,0.019
7428,28686,Cook And Phillip-7428,2020-06-17T05:00:00+10:00,-33.8725,151.213333,co,ppm,0.1
7428,28686,Cook And Phillip-7428,2020-06-17T06:00:00+10:00,-33.8725,151.213333,co,ppm,0.0
7428,28686,Cook And Phillip-7428,2020-06-17T07:00:00+10:00,-33.8725,151.213333,co,ppm,0.0
7428,28686,Cook And Phillip-7428,2020-06-17T09:00:00+10:00,-33.8725,151.213333,co,ppm,0.1
7428,28686,Cook And Phillip-7428,2020-06-17T10:00:00+10:00,-33.8725,151.213333,co,ppm,0.1
7428,28686,Cook And Phillip-7428,2020-06-17T11:00:00+10:00,-33.8725,151.213333,co,ppm,0.1
7428,28686,Cook And Phillip-7428,2020-06-17T12:00:00+10:00,-33.8725,151.213333,co,ppm,0.1
7428,28686,Cook And Phillip-7428,2020-06-17T13:00:00+10:00,-33.8725,151.213333,co,ppm,0.1
7428,28686,Cook And Phillip-7428,2020-06-17T14:00:00+10:00,-33.8725,151.213333,co,ppm,0.1
7428,28686,Cook And Phillip-7428,2020-06-17T16:00:00+10:00,-33.8725,151.213333,co,ppm,0.1
7428,28686,Cook And Phillip-7428,2020-06-17T17:00:00+10:00,-33.8725,151.213333,co,ppm,0.0
7428,28686,Cook And Phillip-7428,2020-06-17T18:00:00+10:00,-33.8725,151.213333,co,ppm,0.0
7428,28686,Cook And Phillip-7428,2020-06-17T21:00:00+10:00,-33.8725,151.213333,co,ppm,0.0
7428,28686,Cook And Phillip-7428,2020-06-17T22:00:00+10:00,-33.8725,151.213333,co,ppm,0.0
7428,28686,Cook And Phillip-7428,2020-06-17T23:00:00+10:00,-33.8725,151.213333,co,ppm,0.0
7428,25544,Cook And Phillip-7428,2020-06-17T05:00:00+10:00,-33.8725,151.213333,so2,ppm,0.0
7428,25544,Cook And Phillip-7428,2020-06-17T06:00:00+10:00,-33.8725,151.213333,so2,ppm,0.0
7428,25544,Cook And Phillip-7428,2020-06-17T07:00:00+10:00,-33.8725,151.213333,so2,ppm,0.0
7428,25544,Cook And Phillip-7428,2020-06-17T09:00:00+10:00,-33.8725,151.213333,so2,ppm,0.001
7428,25544,Cook And Phillip-7428,2020-06-17T10:00:00+10:00,-33.8725,151.213333,so2,ppm,0.002
7428,25544,Cook And Phillip-7428,2020-06-17T11:00:00+10:00,-33.8725,151.213333,so2,ppm,0.0
7428,25544,Cook And Phillip-7428,2020-06-17T12:00:00+10:00,-33.8725,151.213333,so2,ppm,0.0
7428,25544,Cook And Phillip-7428,2020-06-17T13:00:00+10:00,-33.8725,151.213333,so2,ppm,0.0
7428,25544,Cook And Phillip-7428,2020-06-17T14:00:00+10:00,-33.8725,151.213333,so2,ppm,0.0
7428,25544,Cook And Phillip-7428,2020-06-17T16:00:00+10:00,-33.8725,151.213333,so2,ppm,0.0
7428,25544,Cook And Phillip-7428,2020-06-17T17:00:00+10:00,-33.8725,151.213333,so2,ppm,0.0
7428,25544,Cook And Phillip-7428,2020-06-17T18:00:00+10:00,-33.8725,151.213333,so2,ppm,0.0
7428,25544,Cook And Phillip-7428,2020-06-17T21:00:00+10:00,-33.8725,151.213333,so2,ppm,0.0
7428,25544,Cook And Phillip-7428,2020-06-17T22:00:00+10:00,-33.8725,151.213333,so2,ppm,0.0
7428,25544,Cook And Phillip-7428,2020-06-17T23:00:00+10:00,-33.8725,151.213333,so2,ppm,0.0
7428,25545,Cook And Phillip-7428,2020-06-17T05:00:00+10:00,-33.8725,151.213333,o3,ppm,0.005
7428,25545,Cook And Phillip-7428,2020-06-17T06:00:00+10:00,-33.8725,151.213333,o3,ppm,0.004
7428,25545,Cook And Phillip-7428,2020-06-17T07:00:00+10:00,-33.8725,151.213333,o3,ppm,0.0
7428,25545,Cook And Phillip-7428,2020-06-17T09:00:00+10:00,-33.8725,151.213333,o3,ppm,0.0
7428,25545,Cook And Phillip-7428,2020-06-17T10:00:00+10:00,-33.8725,151.213333,o3,ppm,0.0
7428,25545,Cook And Phillip-7428,2020-06-17T11:00:00+10:00,-33.8725,151.213333,o3,ppm,0.001
7428,25545,Cook And Phillip-7428,2020-06-17T12:00:00+10:00,-33.8725,151.213333,o3,ppm,0.005
7428,25545,Cook And Phillip-7428,2020-06-17T13:00:00+10:00,-33.8725,151.213333,o3,ppm,0.013
7428,25545,Cook And Phillip-7428,2020-06-17T14:00:00+10:00,-33.8725,151.213333,o3,ppm,0.019
7428,25545,Cook And Phillip-7428,2020-06-17T16:00:00+10:00,-33.8725,151.213333,o3,ppm,0.017
7428,25545,Cook And Phillip-7428,2020-06-17T17:00:00+10:00,-33.8725,151.213333,o3,ppm,0.017
7428,25545,Cook And Phillip-7428,2020-06-17T18:00:00+10:00,-33.8725,151.213333,o3,ppm,0.013
7428,25545,Cook And Phillip-7428,2020-06-17T21:00:00+10:00,-33.8725,151.213333,o3,ppm,0.016
7428,25545,Cook And Phillip-7428,2020-06-17T22:00:00+10:00,-33.8725,151.213333,o3,ppm,0.008
7428,25545,Cook And Phillip-7428,2020-06-17T23:00:00+10:00,-33.8725,151.213333,o3,ppm,0.005
7428,21615,Cook And Phillip-7428,2020-06-18T01:00:00+10:00,-33.8725,151.213333,pm10,µg/m³,12.1
7428,21615,Cook And Phillip-7428,2020-06-18T02:00:00+10:00,-33.8725,151.213333,pm10,µg/m³,15.0
7428,21615,Cook And Phillip-7428,2020-06-18T03:00:00+10:00,-33.8725,151.213333,pm10,µg/m³,12.5
7428,21615,Cook And Phillip-7428,2020-06-18T08:00:00+10:00,-33.8725,151.213333,pm10,µg/m³,16.3
7428,21615,Cook And Phillip-7428,2020-06-18T09:00:00+10:00,-33.8725,151.213333,pm10,µg/m³,20.3
7428,21615,Cook And Phillip-7428,2020-06-18T10:00:00+10:00,-33.8725,151.213333,pm10,µg/m³,21.7
7428,21615,Cook And Phillip-7428,2020-06-18T11:00:00+10:00,-33.8725,151.213333,pm10,µg/m³,31.3
7428,21615,Cook And Phillip-7428,2020-06-18T12:00:00+10:00,-33.8725,151.213333,pm10,µg/m³,16.1
7428,21615,Cook And Phillip-7428,2020-06-18T13:00:00+10:00,-33.8725,151.213333,pm10,µg/m³,11.9
7428,21615,Cook And Phillip-7428,2020-06-18T14:00:00+10:00,-33.8725,151.213333,pm10,µg/m³,8.4
7428,21615,Cook And Phillip-7428,2020-06-18T20:00:00+10:00,-33.8725,151.213333,pm10,µg/m³,10.9
7428,21615,Cook And Phillip-7428,2020-06-18T21:00:00+10:00,-33.8725,151.213333,pm10,µg/m³,7.9
7428,21615,Cook And Phillip-7428,2020-06-18T22:00:00+10:00,-33.8725,151.213333,pm10,µg/m³,6.8
7428,21614,Cook And Phillip-7428,2020-06-18T01:00:00+10:00,-33.8725,151.213333,pm25,µg/m³,4.3
7428,21614,Cook And Phillip-7428,2020-06-18T02:00:00+10:00,-33.8725,151.213333,pm25,µg/m³,5.6
7428,21614,Cook And Phillip-7428,2020-06-18T03:00:00+10:00,-33.8725,151.213333,pm25,µg/m³,4.0
7428,21614,Cook And Phillip-7428,2020-06-18T08:00:00+10:00,-33.8725,151.213333,pm25,µg/m³,7.2
7428,21614,Cook And Phillip-7428,2020-06-18T09:00:00+10:00,-33.8725,151.213333,pm25,µg/m³,9.5
7428,21614,Cook And Phillip-7428,2020-06-18T10:00:00+10:00,-33.8725,151.213333,pm25,µg/m³,9.4
7428,21614,Cook And Phillip-7428,2020-06-18T11:00:00+10:00,-33.8725,151.213333,pm25,µg/m³,14.2
7428,21614,Cook And Phillip-7428,2020-06-18T12:00:00+10:00,-33.8725,151.213333,pm25,µg/m³,4.5
7428,21614,Cook And Phillip-7428,2020-06-18T13:00:00+10:00,-33.8725,151.213333,pm25,µg/m³,4.3
7428,21614,Cook And Phillip-7428,2020-06-18T14:00:00+10:00,-33.8725,151.213333,pm25,µg/m³,2.6
7428,21614,Cook And Phillip-7428,2020-06-18T20:00:00+10:00,-33.8725,151.213333,pm25,µg/m³,5.7
7428,21614,Cook And Phillip-7428,2020-06-18T21:00:00+10:00,-33.8725,151.213333,pm25,µg/m³,2.6
7428,21614,Cook And Phillip-7428,2020-06-18T22:00:00+10:00,-33.8725,151.213333,pm25,µg/m³,2.0
7428,25546,Cook And Phillip-7428,2020-06-18T01:00:00+10:00,-33.8725,151.213333,no2,ppm,0.019
7428,25546,Cook And Phillip-7428,2020-06-18T03:00:00+10:00,-33.8725,151.213333,no2,ppm,0.016
7428,25546,Cook And Phillip-7428,2020-06-18T08:00:00+10:00,-33.8725,151.213333,no2,ppm,0.035
7428,25546,Cook And Phillip-7428,2020-06-18T09:00:00+10:00,-33.8725,151.213333,no2,ppm,0.032
7428,25546,Cook And Phillip-7428,2020-06-18T10:00:00+10:00,-33.8725,151.213333,no2,ppm,0.034
7428,25546,Cook And Phillip-7428,2020-06-18T11:00:00+10:00,-33.8725,151.213333,no2,ppm,0.028
7428,25546,Cook And Phillip-7428,2020-06-18T12:00:00+10:00,-33.8725,151.213333,no2,ppm,0.01
7428,25546,Cook And Phillip-7428,2020-06-18T13:00:00+10:00,-33.8725,151.213333,no2,ppm,0.005
7428,25546,Cook And Phillip-7428,2020-06-18T14:00:00+10:00,-33.8725,151.213333,no2,ppm,0.008
7428,25546,Cook And Phillip-7428,2020-06-18T17:00:00+10:00,-33.8725,151.213333,no2,ppm,0.017
7428,25546,Cook And Phillip-7428,2020-06-18T18:00:00+10:00,-33.8725,151.213333,no2,ppm,0.028
7428,25546,Cook And Phillip-7428,2020-06-18T20:00:00+10:00,-33.8725,151.213333,no2,ppm,0.032
7428,25546,Cook And Phillip-7428,2020-06-18T21:00:00+10:00,-33.8725,151.213333,no2,ppm,0.03
7428,25546,Cook And Phillip-7428,2020-06-18T22:00:00+10:00,-33.8725,151.213333,no2,ppm,0.029
7428,28686,Cook And Phillip-7428,2020-06-18T01:00:00+10:00,-33.8725,151.213333,co,ppm,0.0
7428,28686,Cook And Phillip-7428,2020-06-18T02:00:00+10:00,-33.8725,151.213333,co,ppm,0.0
7428,28686,Cook And Phillip-7428,2020-06-18T03:00:00+10:00,-33.8725,151.213333,co,ppm,0.0
7428,28686,Cook And Phillip-7428,2020-06-18T08:00:00+10:00,-33.8725,151.213333,co,ppm,0.1
7428,28686,Cook And Phillip-7428,2020-06-18T09:00:00+10:00,-33.8725,151.213333,co,ppm,0.1
7428,28686,Cook And Phillip-7428,2020-06-18T10:00:00+10:00,-33.8725,151.213333,co,ppm,0.1
7428,28686,Cook And Phillip-7428,2020-06-18T11:00:00+10:00,-33.8725,151.213333,co,ppm,0.2
7428,28686,Cook And Phillip-7428,2020-06-18T12:00:00+10:00,-33.8725,151.213333,co,ppm,0.2
7428,28686,Cook And Phillip-7428,2020-06-18T13:00:00+10:00,-33.8725,151.213333,co,ppm,0.2
7428,28686,Cook And Phillip-7428,2020-06-18T14:00:00+10:00,-33.8725,151.213333,co,ppm,0.2
7428,28686,Cook And Phillip-7428,2020-06-18T16:00:00+10:00,-33.8725,151.213333,co,ppm,0.1
7428,28686,Cook And Phillip-7428,2020-06-18T17:00:00+10:00,-33.8725,151.213333,co,ppm,0.1
7428,28686,Cook And Phillip-7428,2020-06-18T18:00:00+10:00,-33.8725,151.213333,co,ppm,0.1
7428,28686,Cook And Phillip-7428,2020-06-18T20:00:00+10:00,-33.8725,151.213333,co,ppm,0.0
7428,28686,Cook And Phillip-7428,2020-06-18T21:00:00+10:00,-33.8725,151.213333,co,ppm,0.0
7428,28686,Cook And Phillip-7428,2020-06-18T22:00:00+10:00,-33.8725,151.213333,co,ppm,0.0
7428,25544,Cook And Phillip-7428,2020-06-18T01:00:00+10:00,-33.8725,151.213333,so2,ppm,0.0
7428,25544,Cook And Phillip-7428,2020-06-18T03:00:00+10:00,-33.8725,151.213333,so2,ppm,0.0
7428,25544,Cook And Phillip-7428,2020-06-18T08:00:00+10:00,-33.8725,151.213333,so2,ppm,0.001
7428,25544,Cook And Phillip-7428,2020-06-18T09:00:00+10:00,-33.8725,151.213333,so2,ppm,0.001
7428,25544,Cook And Phillip-7428,2020-06-18T10:00:00+10:00,-33.8725,151.213333,so2,ppm,0.002
7428,25544,Cook And Phillip-7428,2020-06-18T11:00:00+10:00,-33.8725,151.213333,so2,ppm,0.001
7428,25544,Cook And Phillip-7428,2020-06-18T12:00:00+10:00,-33.8725,151.213333,so2,ppm,0.001
7428,25544,Cook And Phillip-7428,2020-06-18T13:00:00+10:00,-33.8725,151.213333,so2,ppm,0.0
7428,25544,Cook And Phillip-7428,2020-06-18T14:00:00+10:00,-33.8725,151.213333,so2,ppm,0.0
7428,25544,Cook And Phillip-7428,2020-06-18T17:00:00+10:00,-33.8725,151.213333,so2,ppm,0.001
7428,25544,Cook And Phillip-7428,2020-06-18T18:00:00+10:00,-33.8725,151.213333,so2,ppm,0.0
7428,25544,Cook And Phillip-7428,2020-06-18T20:00:00+10:00,-33.8725,151.213333,so2,ppm,0.0
7428,25544,Cook And Phillip-7428,2020-06-18T21:00:00+10:00,-33.8725,151.213333,so2,ppm,0.0
7428,25544,Cook And Phillip-7428,2020-06-18T22:00:00+10:00,-33.8725,151.213333,so2,ppm,0.0
7428,25545,Cook And Phillip-7428,2020-06-18T01:00:00+10:00,-33.8725,151.213333,o3,ppm,0.005
7428,25545,Cook And Phillip-7428,2020-06-18T02:00:00+10:00,-33.8725,151.213333,o3,ppm,0.005
7428,25545,Cook And Phillip-7428,2020-06-18T03:00:00+10:00,-33.8725,151.213333,o3,ppm,0.008
7428,25545,Cook And Phillip-7428,2020-06-18T08:00:00+10:00,-33.8725,151.213333,o3,ppm,0.001
7428,25545,Cook And Phillip-7428,2020-06-18T09:00:00+10:00,-33.8725,151.213333,o3,ppm,0.003
7428,25545,Cook And Phillip-7428,2020-06-18T10:00:00+10:00,-33.8725,151.213333,o3,ppm,0.001
7428,25545,Cook And Phillip-7428,2020-06-18T11:00:00+10:00,-33.8725,151.213333,o3,ppm,0.008
7428,25545,Cook And Phillip-7428,2020-06-18T12:00:00+10:00,-33.8725,151.213333,o3,ppm,0.023
7428,25545,Cook And Phillip-7428,2020-06-18T13:00:00+10:00,-33.8725,151.213333,o3,ppm,0.027
7428,25545,Cook And Phillip-7428,2020-06-18T14:00:00+10:00,-33.8725,151.213333,o3,ppm,0.026
7428,25545,Cook And Phillip-7428,2020-06-18T17:00:00+10:00,-33.8725,151.213333,o3,ppm,0.012
7428,25545,Cook And Phillip-7428,2020-06-18T18:00:00+10:00,-33.8725,151.213333,o3,ppm,0.003
7428,25545,Cook And Phillip-7428,2020-06-18T20:00:00+10:00,-33.8725,151.213333,o3,ppm,0.001
7428,25545,Cook And Phillip-7428,2020-06-18T21:00:00+10:00,-33.8725,151.213333,o3,ppm,0.001
7428,25545,Cook And Phillip-7428,2020-06-18T22:00:00+10:00,-33.8725,151.213333,o3,ppm,0.001
7428,21615,Cook And Phillip-7428,2020-06-19T01:00:00+10:00,-33.8725,151.213333,pm10,µg/m³,18.4
7428,21615,Cook And Phillip-7428,2020-06-19T02:00:00+10:00,-33.8725,151.213333,pm10,µg/m³,20.0
7428,21615,Cook And Phillip-7428,2020-06-19T03:00:00+10:00,-33.8725,151.213333,pm10,µg/m³,15.3
7428,21615,Cook And Phillip-7428,2020-06-19T04:00:00+10:00,-33.8725,151.213333,pm10,µg/m³,15.4
7428,21615,Cook And Phillip-7428,2020-06-19T05:00:00+10:00,-33.8725,151.213333,pm10,µg/m³,16.4
7428,21615,Cook And Phillip-7428,2020-06-19T06:00:00+10:00,-33.8725,151.213333,pm10,µg/m³,12.5
7428,21615,Cook And Phillip-7428,2020-06-19T07:00:00+10:00,-33.8725,151.213333,pm10,µg/m³,14.6
7428,21615,Cook And Phillip-7428,2020-06-19T08:00:00+10:00,-33.8725,151.213333,pm10,µg/m³,20.8
7428,21615,Cook And Phillip-7428,2020-06-19T10:00:00+10:00,-33.8725,151.213333,pm10,µg/m³,24.6
7428,21615,Cook And Phillip-7428,2020-06-19T11:00:00+10:00,-33.8725,151.213333,pm10,µg/m³,26.5
7428,21615,Cook And Phillip-7428,2020-06-19T12:00:00+10:00,-33.8725,151.213333,pm10,µg/m³,22.5
7428,21615,Cook And Phillip-7428,2020-06-19T13:00:00+10:00,-33.8725,151.213333,pm10,µg/m³,9.6
7428,21615,Cook And Phillip-7428,2020-06-19T14:00:00+10:00,-33.8725,151.213333,pm10,µg/m³,12.4
7428,21615,Cook And Phillip-7428,2020-06-19T16:00:00+10:00,-33.8725,151.213333,pm10,µg/m³,17.1
7428,21615,Cook And Phillip-7428,2020-06-19T17:00:00+10:00,-33.8725,151.213333,pm10,µg/m³,21.3
7428,21615,Cook And Phillip-7428,2020-06-19T18:00:00+10:00,-33.8725,151.213333,pm10,µg/m³,16.8
7428,21615,Cook And Phillip-7428,2020-06-19T20:00:00+10:00,-33.8725,151.213333,pm10,µg/m³,11.1
7428,21615,Cook And Phillip-7428,2020-06-19T22:00:00+10:00,-33.8725,151.213333,pm10,µg/m³,13.0
7428,21615,Cook And Phillip-7428,2020-06-19T23:00:00+10:00,-33.8725,151.213333,pm10,µg/m³,8.2
7428,21614,Cook And Phillip-7428,2020-06-19T01:00:00+10:00,-33.8725,151.213333,pm25,µg/m³,11.8
7428,21614,Cook And Phillip-7428,2020-06-19T02:00:00+10:00,-33.8725,151.213333,pm25,µg/m³,13.1
7428,21614,Cook And Phillip-7428,2020-06-19T03:00:00+10:00,-33.8725,151.213333,pm25,µg/m³,8.7
7428,21614,Cook And Phillip-7428,2020-06-19T04:00:00+10:00,-33.8725,151.213333,pm25,µg/m³,9.0
7428,21614,Cook And Phillip-7428,2020-06-19T05:00:00+10:00,-33.8725,151.213333,pm25,µg/m³,10.5
7428,21614,Cook And Phillip-7428,2020-06-19T06:00:00+10:00,-33.8725,151.213333,pm25,µg/m³,6.9
7428,21614,Cook And Phillip-7428,2020-06-19T07:00:00+10:00,-33.8725,151.213333,pm25,µg/m³,9.2
7428,21614,Cook And Phillip-7428,2020-06-19T08:00:00+10:00,-33.8725,151.213333,pm25,µg/m³,14.1
7428,21614,Cook And Phillip-7428,2020-06-19T10:00:00+10:00,-33.8725,151.213333,pm25,µg/m³,15.9
7428,21614,Cook And Phillip-7428,2020-06-19T11:00:00+10:00,-33.8725,151.213333,pm25,µg/m³,16.3
7428,21614,Cook And Phillip-7428,2020-06-19T12:00:00+10:00,-33.8725,151.213333,pm25,µg/m³,15.9
7428,21614,Cook And Phillip-7428,2020-06-19T13:00:00+10:00,-33.8725,151.213333,pm25,µg/m³,5.2
7428,21614,Cook And Phillip-7428,2020-06-19T14:00:00+10:00,-33.8725,151.213333,pm25,µg/m³,7.3
7428,21614,Cook And Phillip-7428,2020-06-19T16:00:00+10:00,-33.8725,151.213333,pm25,µg/m³,12.0
7428,21614,Cook And Phillip-7428,2020-06-19T17:00:00+10:00,-33.8725,151.213333,pm25,µg/m³,15.0
7428,21614,Cook And Phillip-7428,2020-06-19T18:00:00+10:00,-33.8725,151.213333,pm25,µg/m³,11.8
7428,21614,Cook And Phillip-7428,2020-06-19T20:00:00+10:00,-33.8725,151.213333,pm25,µg/m³,6.2
7428,21614,Cook And Phillip-7428,2020-06-19T22:00:00+10:00,-33.8725,151.213333,pm25,µg/m³,9.9
7428,21614,Cook And Phillip-7428,2020-06-19T23:00:00+10:00,-33.8725,151.213333,pm25,µg/m³,4.7
7428,25546,Cook And Phillip-7428,2020-06-19T01:00:00+10:00,-33.8725,151.213333,no2,ppm,0.029
7428,25546,Cook And Phillip-7428,2020-06-19T03:00:00+10:00,-33.8725,151.213333,no2,ppm,0.025
7428,25546,Cook And Phillip-7428,2020-06-19T04:00:00+10:00,-33.8725,151.213333,no2,ppm,0.025
7428,25546,Cook And Phillip-7428,2020-06-19T05:00:00+10:00,-33.8725,151.213333,no2,ppm,0.023
7428,25546,Cook And Phillip-7428,2020-06-19T06:00:00+10:00,-33.8725,151.213333,no2,ppm,0.022
7428,25546,Cook And Phillip-7428,2020-06-19T07:00:00+10:00,-33.8725,151.213333,no2,ppm,0.023
7428,25546,Cook And Phillip-7428,2020-06-19T08:00:00+10:00,-33.8725,151.213333,no2,ppm,0.022
7428,25546,Cook And Phillip-7428,2020-06-19T10:00:00+10:00,-33.8725,151.213333,no2,ppm,0.026
7428,25546,Cook And Phillip-7428,2020-06-19T11:00:00+10:00,-33.8725,151.213333,no2,ppm,0.025
7428,25546,Cook And Phillip-7428,2020-06-19T12:00:00+10:00,-33.8725,151.213333,no2,ppm,0.015
7428,25546,Cook And Phillip-7428,2020-06-19T13:00:00+10:00,-33.8725,151.213333,no2,ppm,0.015
7428,25546,Cook And Phillip-7428,2020-06-19T14:00:00+10:00,-33.8725,151.213333,no2,ppm,0.012
7428,25546,Cook And Phillip-7428,2020-06-19T16:00:00+10:00,-33.8725,151.213333,no2,ppm,0.016
7428,25546,Cook And Phillip-7428,2020-06-19T17:00:00+10:00,-33.8725,151.213333,no2,ppm,0.019
7428,25546,Cook And Phillip-7428,2020-06-19T18:00:00+10:00,-33.8725,151.213333,no2,ppm,0.024
7428,25546,Cook And Phillip-7428,2020-06-19T20:00:00+10:00,-33.8725,151.213333,no2,ppm,0.021
7428,25546,Cook And Phillip-7428,2020-06-19T22:00:00+10:00,-33.8725,151.213333,no2,ppm,0.012
7428,25546,Cook And Phillip-7428,2020-06-19T23:00:00+10:00,-33.8725,151.213333,no2,ppm,0.011
7428,28686,Cook And Phillip-7428,2020-06-19T01:00:00+10:00,-33.8725,151.213333,co,ppm,0.1
7428,28686,Cook And Phillip-7428,2020-06-19T02:00:00+10:00,-33.8725,151.213333,co,ppm,0.2
7428,28686,Cook And Phillip-7428,2020-06-19T03:00:00+10:00,-33.8725,151.213333,co,ppm,0.2
7428,28686,Cook And Phillip-7428,2020-06-19T04:00:00+10:00,-33.8725,151.213333,co,ppm,0.2
7428,28686,Cook And Phillip-7428,2020-06-19T05:00:00+10:00,-33.8725,151.213333,co,ppm,0.2
7428,28686,Cook And Phillip-7428,2020-06-19T06:00:00+10:00,-33.8725,151.213333,co,ppm,0.2
7428,28686,Cook And Phillip-7428,2020-06-19T07:00:00+10:00,-33.8725,151.213333,co,ppm,0.2
7428,28686,Cook And Phillip-7428,2020-06-19T08:00:00+10:00,-33.8725,151.213333,co,ppm,0.2
7428,28686,Cook And Phillip-7428,2020-06-19T10:00:00+10:00,-33.8725,151.213333,co,ppm,0.2
7428,28686,Cook And Phillip-7428,2020-06-19T11:00:00+10:00,-33.8725,151.213333,co,ppm,0.2
7428,28686,Cook And Phillip-7428,2020-06-19T12:00:00+10:00,-33.8725,151.213333,co,ppm,0.2
7428,28686,Cook And Phillip-7428,2020-06-19T13:00:00+10:00,-33.8725,151.213333,co,ppm,0.2
7428,28686,Cook And Phillip-7428,2020-06-19T14:00:00+10:00,-33.8725,151.213333,co,ppm,0.2
7428,28686,Cook And Phillip-7428,2020-06-19T16:00:00+10:00,-33.8725,151.213333,co,ppm,0.2
7428,28686,Cook And Phillip-7428,2020-06-19T17:00:00+10:00,-33.8725,151.213333,co,ppm,0.2
7428,28686,Cook And Phillip-7428,2020-06-19T18:00:00+10:00,-33.8725,151.213333,co,ppm,0.2
7428,28686,Cook And Phillip-7428,2020-06-19T20:00:00+10:00,-33.8725,151.213333,co,ppm,0.1
7428,28686,Cook And Phillip-7428,2020-06-19T22:00:00+10:00,-33.8725,151.213333,co,ppm,0.1
7428,28686,Cook And Phillip-7428,2020-06-19T23:00:00+10:00,-33.8725,151.213333,co,ppm,0.1
7428,25544,Cook And Phillip-7428,2020-06-19T01:00:00+10:00,-33.8725,151.213333,so2,ppm,0.001
7428,25544,Cook And Phillip-7428,2020-06-19T03:00:00+10:00,-33.8725,151.213333,so2,ppm,0.001
7428,25544,Cook And Phillip-7428,2020-06-19T04:00:00+10:00,-33.8725,151.213333,so2,ppm,0.0
7428,25544,Cook And Phillip-7428,2020-06-19T05:00:00+10:00,-33.8725,151.213333,so2,ppm,0.0
7428,25544,Cook And Phillip-7428,2020-06-19T06:00:00+10:00,-33.8725,151.213333,so2,ppm,0.0
7428,25544,Cook And Phillip-7428,2020-06-19T07:00:00+10:00,-33.8725,151.213333,so2,ppm,0.001
7428,25544,Cook And Phillip-7428,2020-06-19T08:00:00+10:00,-33.8725,151.213333,so2,ppm,0.001
7428,25544,Cook And Phillip-7428,2020-06-19T10:00:00+10:00,-33.8725,151.213333,so2,ppm,0.003
7428,25544,Cook And Phillip-7428,2020-06-19T11:00:00+10:00,-33.8725,151.213333,so2,ppm,0.003
7428,25544,Cook And Phillip-7428,2020-06-19T12:00:00+10:00,-33.8725,151.213333,so2,ppm,0.001
7428,25544,Cook And Phillip-7428,2020-06-19T13:00:00+10:00,-33.8725,151.213333,so2,ppm,0.002
7428,25544,Cook And Phillip-7428,2020-06-19T14:00:00+10:00,-33.8725,151.213333,so2,ppm,0.003
7428,25544,Cook And Phillip-7428,2020-06-19T16:00:00+10:00,-33.8725,151.213333,so2,ppm,0.003
7428,25544,Cook And Phillip-7428,2020-06-19T17:00:00+10:00,-33.8725,151.213333,so2,ppm,0.004
7428,25544,Cook And Phillip-7428,2020-06-19T18:00:00+10:00,-33.8725,151.213333,so2,ppm,0.003
7428,25544,Cook And Phillip-7428,2020-06-19T20:00:00+10:00,-33.8725,151.213333,so2,ppm,0.002
7428,25544,Cook And Phillip-7428,2020-06-19T22:00:00+10:00,-33.8725,151.213333,so2,ppm,0.001
7428,25544,Cook And Phillip-7428,2020-06-19T23:00:00+10:00,-33.8725,151.213333,so2,ppm,0.001
7428,25545,Cook And Phillip-7428,2020-06-19T01:00:00+10:00,-33.8725,151.213333,o3,ppm,0.0
7428,25545,Cook And Phillip-7428,2020-06-19T02:00:00+10:00,-33.8725,151.213333,o3,ppm,0.0
7428,25545,Cook And Phillip-7428,2020-06-19T03:00:00+10:00,-33.8725,151.213333,o3,ppm,0.0
7428,25545,Cook And Phillip-7428,2020-06-19T04:00:00+10:00,-33.8725,151.213333,o3,ppm,0.001
7428,25545,Cook And Phillip-7428,2020-06-19T05:00:00+10:00,-33.8725,151.213333,o3,ppm,0.001
7428,25545,Cook And Phillip-7428,2020-06-19T06:00:00+10:00,-33.8725,151.213333,o3,ppm,0.002
7428,25545,Cook And Phillip-7428,2020-06-19T07:00:00+10:00,-33.8725,151.213333,o3,ppm,0.001
7428,25545,Cook And Phillip-7428,2020-06-19T08:00:00+10:00,-33.8725,151.213333,o3,ppm,0.001
7428,25545,Cook And Phillip-7428,2020-06-19T10:00:00+10:00,-33.8725,151.213333,o3,ppm,0.003
7428,25545,Cook And Phillip-7428,2020-06-19T11:00:00+10:00,-33.8725,151.213333,o3,ppm,0.006
7428,25545,Cook And Phillip-7428,2020-06-19T12:00:00+10:00,-33.8725,151.213333,o3,ppm,0.013
7428,25545,Cook And Phillip-7428,2020-06-19T13:00:00+10:00,-33.8725,151.213333,o3,ppm,0.015
7428,25545,Cook And Phillip-7428,2020-06-19T14:00:00+10:00,-33.8725,151.213333,o3,ppm,0.018
7428,25545,Cook And Phillip-7428,2020-06-19T16:00:00+10:00,-33.8725,151.213333,o3,ppm,0.012
7428,25545,Cook And Phillip-7428,2020-06-19T17:00:00+10:00,-33.8725,151.213333,o3,ppm,0.008
7428,25545,Cook And Phillip-7428,2020-06-19T18:00:00+10:00,-33.8725,151.213333,o3,ppm,0.006
7428,25545,Cook And Phillip-7428,2020-06-19T20:00:00+10:00,-33.8725,151.213333,o3,ppm,0.007
7428,25545,Cook And Phillip-7428,2020-06-19T22:00:00+10:00,-33.8725,151.213333,o3,ppm,0.014
7428,25545,Cook And Phillip-7428,2020-06-19T23:00:00+10:00,-33.8725,151.213333,o3,ppm,0.013
7428,21615,Cook And Phillip-7428,2020-06-20T01:00:00+10:00,-33.8725,151.213333,pm10,µg/m³,4.9
7428,21615,Cook And Phillip-7428,2020-06-20T02:00:00+10:00,-33.8725,151.213333,pm10,µg/m³,9.5
7428,21615,Cook And Phillip-7428,2020-06-20T03:00:00+10:00,-33.8725,151.213333,pm10,µg/m³,6.7
7428,21615,Cook And Phillip-7428,2020-06-20T04:00:00+10:00,-33.8725,151.213333,pm10,µg/m³,4.0
7428,21615,Cook And Phillip-7428,2020-06-20T05:00:00+10:00,-33.8725,151.213333,pm10,µg/m³,6.9
7428,21615,Cook And Phillip-7428,2020-06-20T06:00:00+10:00,-33.8725,151.213333,pm10,µg/m³,11.9
7428,21615,Cook And Phillip-7428,2020-06-20T07:00:00+10:00,-33.8725,151.213333,pm10,µg/m³,17.3
7428,21615,Cook And Phillip-7428,2020-06-20T08:00:00+10:00,-33.8725,151.213333,pm10,µg/m³,21.9
7428,21615,Cook And Phillip-7428,2020-06-20T09:00:00+10:00,-33.8725,151.213333,pm10,µg/m³,24.7
7428,21615,Cook And Phillip-7428,2020-06-20T10:00:00+10:00,-33.8725,151.213333,pm10,µg/m³,21.0
7428,21615,Cook And Phillip-7428,2020-06-20T11:00:00+10:00,-33.8725,151.213333,pm10,µg/m³,20.2
7428,21615,Cook And Phillip-7428,2020-06-20T12:00:00+10:00,-33.8725,151.213333,pm10,µg/m³,23.8
7428,21615,Cook And Phillip-7428,2020-06-20T13:00:00+10:00,-33.8725,151.213333,pm10,µg/m³,22.3
7428,21615,Cook And Phillip-7428,2020-06-20T14:00:00+10:00,-33.8725,151.213333,pm10,µg/m³,27.4
7428,21615,Cook And Phillip-7428,2020-06-20T15:00:00+10:00,-33.8725,151.213333,pm10,µg/m³,23.1
7428,21615,Cook And Phillip-7428,2020-06-20T16:00:00+10:00,-33.8725,151.213333,pm10,µg/m³,15.3
7428,21615,Cook And Phillip-7428,2020-06-20T18:00:00+10:00,-33.8725,151.213333,pm10,µg/m³,21.4
7428,21615,Cook And Phillip-7428,2020-06-20T20:00:00+10:00,-33.8725,151.213333,pm10,µg/m³,29.9
7428,21615,Cook And Phillip-7428,2020-06-20T21:00:00+10:00,-33.8725,151.213333,pm10,µg/m³,19.4
7428,21615,Cook And Phillip-7428,2020-06-20T22:00:00+10:00,-33.8725,151.213333,pm10,µg/m³,12.6
7428,21614,Cook And Phillip-7428,2020-06-20T01:00:00+10:00,-33.8725,151.213333,pm25,µg/m³,2.0
7428,21614,Cook And Phillip-7428,2020-06-20T02:00:00+10:00,-33.8725,151.213333,pm25,µg/m³,7.0
7428,21614,Cook And Phillip-7428,2020-06-20T03:00:00+10:00,-33.8725,151.213333,pm25,µg/m³,4.5
7428,21614,Cook And Phillip-7428,2020-06-20T04:00:00+10:00,-33.8725,151.213333,pm25,µg/m³,2.0
7428,21614,Cook And Phillip-7428,2020-06-20T05:00:00+10:00,-33.8725,151.213333,pm25,µg/m³,4.7
7428,21614,Cook And Phillip-7428,2020-06-20T06:00:00+10:00,-33.8725,151.213333,pm25,µg/m³,8.7
7428,21614,Cook And Phillip-7428,2020-06-20T07:00:00+10:00,-33.8725,151.213333,pm25,µg/m³,13.0
7428,21614,Cook And Phillip-7428,2020-06-20T08:00:00+10:00,-33.8725,151.213333,pm25,µg/m³,17.0
7428,21614,Cook And Phillip-7428,2020-06-20T09:00:00+10:00,-33.8725,151.213333,pm25,µg/m³,17.9
7428,21614,Cook And Phillip-7428,2020-06-20T10:00:00+10:00,-33.8725,151.213333,pm25,µg/m³,15.3
7428,21614,Cook And Phillip-7428,2020-06-20T11:00:00+10:00,-33.8725,151.213333,pm25,µg/m³,13.5
7428,21614,Cook And Phillip-7428,2020-06-20T12:00:00+10:00,-33.8725,151.213333,pm25,µg/m³,17.9
7428,21614,Cook And Phillip-7428,2020-06-20T13:00:00+10:00,-33.8725,151.213333,pm25,µg/m³,16.8
7428,21614,Cook And Phillip-7428,2020-06-20T14:00:00+10:00,-33.8725,151.213333,pm25,µg/m³,19.2
7428,21614,Cook And Phillip-7428,2020-06-20T15:00:00+10:00,-33.8725,151.213333,pm25,µg/m³,14.8
7428,21614,Cook And Phillip-7428,2020-06-20T16:00:00+10:00,-33.8725,151.213333,pm25,µg/m³,8.6
7428,21614,Cook And Phillip-7428,2020-06-20T18:00:00+10:00,-33.8725,151.213333,pm25,µg/m³,11.8
7428,21614,Cook And Phillip-7428,2020-06-20T20:00:00+10:00,-33.8725,151.213333,pm25,µg/m³,24.4
7428,21614,Cook And Phillip-7428,2020-06-20T21:00:00+10:00,-33.8725,151.213333,pm25,µg/m³,16.7
7428,21614,Cook And Phillip-7428,2020-06-20T22:00:00+10:00,-33.8725,151.213333,pm25,µg/m³,10.9
7428,25546,Cook And Phillip-7428,2020-06-20T01:00:00+10:00,-33.8725,151.213333,no2,ppm,0.02
7428,25546,Cook And Phillip-7428,2020-06-20T03:00:00+10:00,-33.8725,151.213333,no2,ppm,0.011
7428,25546,Cook And Phillip-7428,2020-06-20T04:00:00+10:00,-33.8725,151.213333,no2,ppm,0.021
7428,25546,Cook And Phillip-7428,2020-06-20T05:00:00+10:00,-33.8725,151.213333,no2,ppm,0.021
7428,25546,Cook And Phillip-7428,2020-06-20T06:00:00+10:00,-33.8725,151.213333,no2,ppm,0.02
7428,25546,Cook And Phillip-7428,2020-06-20T07:00:00+10:00,-33.8725,151.213333,no2,ppm,0.02
7428,25546,Cook And Phillip-7428,2020-06-20T08:00:00+10:00,-33.8725,151.213333,no2,ppm,0.018
7428,25546,Cook And Phillip-7428,2020-06-20T09:00:00+10:00,-33.8725,151.213333,no2,ppm,0.018
7428,25546,Cook And Phillip-7428,2020-06-20T10:00:00+10:00,-33.8725,151.213333,no2,ppm,0.013
7428,25546,Cook And Phillip-7428,2020-06-20T11:00:00+10:00,-33.8725,151.213333,no2,ppm,0.017
7428,25546,Cook And Phillip-7428,2020-06-20T12:00:00+10:00,-33.8725,151.213333,no2,ppm,0.017
7428,25546,Cook And Phillip-7428,2020-06-20T13:00:00+10:00,-33.8725,151.213333,no2,ppm,0.018
7428,25546,Cook And Phillip-7428,2020-06-20T14:00:00+10:00,-33.8725,151.213333,no2,ppm,0.018
7428,25546,Cook And Phillip-7428,2020-06-20T15:00:00+10:00,-33.8725,151.213333,no2,ppm,0.017
7428,25546,Cook And Phillip-7428,2020-06-20T16:00:00+10:00,-33.8725,151.213333,no2,ppm,0.017
7428,25546,Cook And Phillip-7428,2020-06-20T18:00:00+10:00,-33.8725,151.213333,no2,ppm,0.026
7428,25546,Cook And Phillip-7428,2020-06-20T20:00:00+10:00,-33.8725,151.213333,no2,ppm,0.02
7428,25546,Cook And Phillip-7428,2020-06-20T21:00:00+10:00,-33.8725,151.213333,no2,ppm,0.02
7428,25546,Cook And Phillip-7428,2020-06-20T22:00:00+10:00,-33.8725,151.213333,no2,ppm,0.012
7428,28686,Cook And Phillip-7428,2020-06-20T01:00:00+10:00,-33.8725,151.213333,co,ppm,0.1
7428,28686,Cook And Phillip-7428,2020-06-20T02:00:00+10:00,-33.8725,151.213333,co,ppm,0.1
7428,28686,Cook And Phillip-7428,2020-06-20T03:00:00+10:00,-33.8725,151.213333,co,ppm,0.1
7428,28686,Cook And Phillip-7428,2020-06-20T04:00:00+10:00,-33.8725,151.213333,co,ppm,0.1
7428,28686,Cook And Phillip-7428,2020-06-20T05:00:00+10:00,-33.8725,151.213333,co,ppm,0.1
7428,28686,Cook And Phillip-7428,2020-06-20T06:00:00+10:00,-33.8725,151.213333,co,ppm,0.1
7428,28686,Cook And Phillip-7428,2020-06-20T07:00:00+10:00,-33.8725,151.213333,co,ppm,0.1
7428,28686,Cook And Phillip-7428,2020-06-20T08:00:00+10:00,-33.8725,151.213333,co,ppm,0.2
7428,28686,Cook And Phillip-7428,2020-06-20T09:00:00+10:00,-33.8725,151.213333,co,ppm,0.2
7428,28686,Cook And Phillip-7428,2020-06-20T10:00:00+10:00,-33.8725,151.213333,co,ppm,0.2
7428,28686,Cook And Phillip-7428,2020-06-20T11:00:00+10:00,-33.8725,151.213333,co,ppm,0.3
7428,28686,Cook And Phillip-7428,2020-06-20T12:00:00+10:00,-33.8725,151.213333,co,ppm,0.3
7428,28686,Cook And Phillip-7428,2020-06-20T13:00:00+10:00,-33.8725,151.213333,co,ppm,0.3
7428,28686,Cook And Phillip-7428,2020-06-20T14:00:00+10:00,-33.8725,151.213333,co,ppm,0.3
7428,28686,Cook And Phillip-7428,2020-06-20T15:00:00+10:00,-33.8725,151.213333,co,ppm,0.3
7428,28686,Cook And Phillip-7428,2020-06-20T16:00:00+10:00,-33.8725,151.213333,co,ppm,0.3
7428,28686,Cook And Phillip-7428,2020-06-20T18:00:00+10:00,-33.8725,151.213333,co,ppm,0.3
7428,28686,Cook And Phillip-7428,2020-06-20T20:00:00+10:00,-33.8725,151.213333,co,ppm,0.3
7428,28686,Cook And Phillip-7428,2020-06-20T21:00:00+10:00,-33.8725,151.213333,co,ppm,0.2
7428,28686,Cook And Phillip-7428,2020-06-20T22:00:00+10:00,-33.8725,151.213333,co,ppm,0.2
7428,25544,Cook And Phillip-7428,2020-06-20T01:00:00+10:00,-33.8725,151.213333,so2,ppm,0.005
7428,25544,Cook And Phillip-7428,2020-06-20T03:00:00+10:00,-33.8725,151.213333,so2,ppm,0.007
7428,25544,Cook And Phillip-7428,2020-06-20T04:00:00+10:00,-33.8725,151.213333,so2,ppm,0.019
7428,25544,Cook And Phillip-7428,2020-06-20T05:00:00+10:00,-33.8725,151.213333,so2,ppm,0.001
7428,25544,Cook And Phillip-7428,2020-06-20T06:00:00+10:00,-33.8725,151.213333,so2,ppm,0.001
7428,25544,Cook And Phillip-7428,2020-06-20T07:00:00+10:00,-33.8725,151.213333,so2,ppm,0.001
7428,25544,Cook And Phillip-7428,2020-06-20T08:00:00+10:00,-33.8725,151.213333,so2,ppm,0.001
7428,25544,Cook And Phillip-7428,2020-06-20T09:00:00+10:00,-33.8725,151.213333,so2,ppm,0.001
7428,25544,Cook And Phillip-7428,2020-06-20T10:00:00+10:00,-33.8725,151.213333,so2,ppm,0.001
7428,25544,Cook And Phillip-7428,2020-06-20T11:00:00+10:00,-33.8725,151.213333,so2,ppm,0.001
7428,25544,Cook And Phillip-7428,2020-06-20T12:00:00+10:00,-33.8725,151.213333,so2,ppm,0.001
7428,25544,Cook And Phillip-7428,2020-06-20T13:00:00+10:00,-33.8725,151.213333,so2,ppm,0.001
7428,25544,Cook And Phillip-7428,2020-06-20T14:00:00+10:00,-33.8725,151.213333,so2,ppm,0.002
7428,25544,Cook And Phillip-7428,2020-06-20T15:00:00+10:00,-33.8725,151.213333,so2,ppm,0.002
7428,25544,Cook And Phillip-7428,2020-06-20T16:00:00+10:00,-33.8725,151.213333,so2,ppm,0.001
7428,25544,Cook And Phillip-7428,2020-06-20T18:00:00+10:00,-33.8725,151.213333,so2,ppm,0.001
7428,25544,Cook And Phillip-7428,2020-06-20T20:00:00+10:00,-33.8725,151.213333,so2,ppm,0.003
7428,25544,Cook And Phillip-7428,2020-06-20T21:00:00+10:00,-33.8725,151.213333,so2,ppm,0.005
7428,25544,Cook And Phillip-7428,2020-06-20T22:00:00+10:00,-33.8725,151.213333,so2,ppm,0.003
7428,25545,Cook And Phillip-7428,2020-06-20T01:00:00+10:00,-33.8725,151.213333,o3,ppm,0.006
7428,25545,Cook And Phillip-7428,2020-06-20T02:00:00+10:00,-33.8725,151.213333,o3,ppm,0.009
7428,25545,Cook And Phillip-7428,2020-06-20T03:00:00+10:00,-33.8725,151.213333,o3,ppm,0.009
7428,25545,Cook And Phillip-7428,2020-06-20T04:00:00+10:00,-33.8725,151.213333,o3,ppm,0.001
7428,25545,Cook And Phillip-7428,2020-06-20T05:00:00+10:00,-33.8725,151.213333,o3,ppm,0.0
7428,25545,Cook And Phillip-7428,2020-06-20T06:00:00+10:00,-33.8725,151.213333,o3,ppm,0.0
7428,25545,Cook And Phillip-7428,2020-06-20T07:00:00+10:00,-33.8725,151.213333,o3,ppm,0.0
7428,25545,Cook And Phillip-7428,2020-06-20T08:00:00+10:00,-33.8725,151.213333,o3,ppm,0.0
7428,25545,Cook And Phillip-7428,2020-06-20T09:00:00+10:00,-33.8725,151.213333,o3,ppm,0.001
7428,25545,Cook And Phillip-7428,2020-06-20T10:00:00+10:00,-33.8725,151.213333,o3,ppm,0.003
7428,25545,Cook And Phillip-7428,2020-06-20T11:00:00+10:00,-33.8725,151.213333,o3,ppm,0.003
7428,25545,Cook And Phillip-7428,2020-06-20T12:00:00+10:00,-33.8725,151.213333,o3,ppm,0.003
7428,25545,Cook And Phillip-7428,2020-06-20T13:00:00+10:00,-33.8725,151.213333,o3,ppm,0.006
7428,25545,Cook And Phillip-7428,2020-06-20T14:00:00+10:00,-33.8725,151.213333,o3,ppm,0.008
7428,25545,Cook And Phillip-7428,2020-06-20T15:00:00+10:00,-33.8725,151.213333,o3,ppm,0.009
7428,25545,Cook And Phillip-7428,2020-06-20T16:00:00+10:00,-33.8725,151.213333,o3,ppm,0.009
7428,25545,Cook And Phillip-7428,2020-06-20T18:00:00+10:00,-33.8725,151.213333,o3,ppm,0.0
7428,25545,Cook And Phillip-7428,2020-06-20T20:00:00+10:00,-33.8725,151.213333,o3,ppm,0.003
7428,25545,Cook And Phillip-7428,2020-06-20T21:00:00+10:00,-33.8725,151.213333,o3,ppm,0.002
7428,25545,Cook And Phillip-7428,2020-06-20T22:00:00+10:00,-33.8725,151.213333,o3,ppm,0.008
7428,21615,Cook And Phillip-7428,2020-06-21T01:00:00+10:00,-33.8725,151.213333,pm10,µg/m³,10.2
7428,21615,Cook And Phillip-7428,2020-06-21T02:00:00+10:00,-33.8725,151.213333,pm10,µg/m³,7.7
7428,21615,Cook And Phillip-7428,2020-06-21T03:00:00+10:00,-33.8725,151.213333,pm10,µg/m³,12.9
7428,21615,Cook And Phillip-7428,2020-06-21T11:00:00+10:00,-33.8725,151.213333,pm10,µg/m³,0.0
7428,21615,Cook And Phillip-7428,2020-06-21T12:00:00+10:00,-33.8725,151.213333,pm10,µg/m³,3.9
7428,21615,Cook And Phillip-7428,2020-06-21T13:00:00+10:00,-33.8725,151.213333,pm10,µg/m³,14.9
7428,21615,Cook And Phillip-7428,2020-06-21T14:00:00+10:00,-33.8725,151.213333,pm10,µg/m³,16.7
7428,21615,Cook And Phillip-7428,2020-06-21T16:00:00+10:00,-33.8725,151.213333,pm10,µg/m³,9.0
7428,21615,Cook And Phillip-7428,2020-06-21T17:00:00+10:00,-33.8725,151.213333,pm10,µg/m³,14.6
7428,21615,Cook And Phillip-7428,2020-06-21T18:00:00+10:00,-33.8725,151.213333,pm10,µg/m³,10.7
7428,21615,Cook And Phillip-7428,2020-06-21T19:00:00+10:00,-33.8725,151.213333,pm10,µg/m³,12.6
7428,21615,Cook And Phillip-7428,2020-06-21T20:00:00+10:00,-33.8725,151.213333,pm10,µg/m³,7.3
7428,21615,Cook And Phillip-7428,2020-06-21T21:00:00+10:00,-33.8725,151.213333,pm10,µg/m³,4.5
7428,21615,Cook And Phillip-7428,2020-06-21T22:00:00+10:00,-33.8725,151.213333,pm10,µg/m³,9.9
7428,21614,Cook And Phillip-7428,2020-06-21T01:00:00+10:00,-33.8725,151.213333,pm25,µg/m³,8.6
7428,21614,Cook And Phillip-7428,2020-06-21T02:00:00+10:00,-33.8725,151.213333,pm25,µg/m³,6.3
7428,21614,Cook And Phillip-7428,2020-06-21T03:00:00+10:00,-33.8725,151.213333,pm25,µg/m³,11.2
7428,21614,Cook And Phillip-7428,2020-06-21T11:00:00+10:00,-33.8725,151.213333,pm25,µg/m³,0.0
7428,21614,Cook And Phillip-7428,2020-06-21T12:00:00+10:00,-33.8725,151.213333,pm25,µg/m³,2.3
7428,21614,Cook And Phillip-7428,2020-06-21T13:00:00+10:00,-33.8725,151.213333,pm25,µg/m³,12.9
7428,21614,Cook And Phillip-7428,2020-06-21T14:00:00+10:00,-33.8725,151.213333,pm25,µg/m³,15.2
7428,21614,Cook And Phillip-7428,2020-06-21T16:00:00+10:00,-33.8725,151.213333,pm25,µg/m³,7.9
7428,21614,Cook And Phillip-7428,2020-06-21T17:00:00+10:00,-33.8725,151.213333,pm25,µg/m³,9.8
7428,21614,Cook And Phillip-7428,2020-06-21T18:00:00+10:00,-33.8725,151.213333,pm25,µg/m³,4.7
7428,21614,Cook And Phillip-7428,2020-06-21T19:00:00+10:00,-33.8725,151.213333,pm25,µg/m³,7.0
7428,21614,Cook And Phillip-7428,2020-06-21T20:00:00+10:00,-33.8725,151.213333,pm25,µg/m³,2.6
7428,21614,Cook And Phillip-7428,2020-06-21T21:00:00+10:00,-33.8725,151.213333,pm25,µg/m³,1.2
7428,21614,Cook And Phillip-7428,2020-06-21T22:00:00+10:00,-33.8725,151.213333,pm25,µg/m³,7.6
7428,25546,Cook And Phillip-7428,2020-06-21T01:00:00+10:00,-33.8725,151.213333,no2,ppm,0.013
7428,25546,Cook And Phillip-7428,2020-06-21T03:00:00+10:00,-33.8725,151.213333,no2,ppm,0.005
7428,25546,Cook And Phillip-7428,2020-06-21T11:00:00+10:00,-33.8725,151.213333,no2,ppm,0.011
7428,25546,Cook And Phillip-7428,2020-06-21T12:00:00+10:00,-33.8725,151.213333,no2,ppm,0.008
7428,25546,Cook And Phillip-7428,2020-06-21T13:00:00+10:00,-33.8725,151.213333,no2,ppm,0.005
7428,25546,Cook And Phillip-7428,2020-06-21T14:00:00+10:00,-33.8725,151.213333,no2,ppm,0.007
7428,25546,Cook And Phillip-7428,2020-06-21T16:00:00+10:00,-33.8725,151.213333,no2,ppm,0.009
7428,25546,Cook And Phillip-7428,2020-06-21T17:00:00+10:00,-33.8725,151.213333,no2,ppm,0.017
7428,25546,Cook And Phillip-7428,2020-06-21T18:00:00+10:00,-33.8725,151.213333,no2,ppm,0.024
7428,25546,Cook And Phillip-7428,2020-06-21T19:00:00+10:00,-33.8725,151.213333,no2,ppm,0.023
7428,25546,Cook And Phillip-7428,2020-06-21T20:00:00+10:00,-33.8725,151.213333,no2,ppm,0.021
7428,25546,Cook And Phillip-7428,2020-06-21T21:00:00+10:00,-33.8725,151.213333,no2,ppm,0.021
7428,25546,Cook And Phillip-7428,2020-06-21T22:00:00+10:00,-33.8725,151.213333,no2,ppm,0.021
7428,28686,Cook And Phillip-7428,2020-06-21T01:00:00+10:00,-33.8725,151.213333,co,ppm,0.1
7428,28686,Cook And Phillip-7428,2020-06-21T02:00:00+10:00,-33.8725,151.213333,co,ppm,0.1
7428,28686,Cook And Phillip-7428,2020-06-21T03:00:00+10:00,-33.8725,151.213333,co,ppm,0.1
7428,28686,Cook And Phillip-7428,2020-06-21T11:00:00+10:00,-33.8725,151.213333,co,ppm,0.0
7428,28686,Cook And Phillip-7428,2020-06-21T12:00:00+10:00,-33.8725,151.213333,co,ppm,0.0
7428,28686,Cook And Phillip-7428,2020-06-21T13:00:00+10:00,-33.8725,151.213333,co,ppm,0.1
7428,28686,Cook And Phillip-7428,2020-06-21T14:00:00+10:00,-33.8725,151.213333,co,ppm,0.1
7428,28686,Cook And Phillip-7428,2020-06-21T16:00:00+10:00,-33.8725,151.213333,co,ppm,0.1
7428,28686,Cook And Phillip-7428,2020-06-21T17:00:00+10:00,-33.8725,151.213333,co,ppm,0.1
7428,28686,Cook And Phillip-7428,2020-06-21T18:00:00+10:00,-33.8725,151.213333,co,ppm,0.2
7428,28686,Cook And Phillip-7428,2020-06-21T19:00:00+10:00,-33.8725,151.213333,co,ppm,0.2
7428,28686,Cook And Phillip-7428,2020-06-21T20:00:00+10:00,-33.8725,151.213333,co,ppm,0.2
7428,28686,Cook And Phillip-7428,2020-06-21T21:00:00+10:00,-33.8725,151.213333,co,ppm,0.3
7428,28686,Cook And Phillip-7428,2020-06-21T22:00:00+10:00,-33.8725,151.213333,co,ppm,0.2
7428,25544,Cook And Phillip-7428,2020-06-21T01:00:00+10:00,-33.8725,151.213333,so2,ppm,0.001
7428,25544,Cook And Phillip-7428,2020-06-21T03:00:00+10:00,-33.8725,151.213333,so2,ppm,0.0
7428,25544,Cook And Phillip-7428,2020-06-21T11:00:00+10:00,-33.8725,151.213333,so2,ppm,0.0
7428,25544,Cook And Phillip-7428,2020-06-21T12:00:00+10:00,-33.8725,151.213333,so2,ppm,0.0
7428,25544,Cook And Phillip-7428,2020-06-21T13:00:00+10:00,-33.8725,151.213333,so2,ppm,0.0
7428,25544,Cook And Phillip-7428,2020-06-21T14:00:00+10:00,-33.8725,151.213333,so2,ppm,0.0
7428,25544,Cook And Phillip-7428,2020-06-21T16:00:00+10:00,-33.8725,151.213333,so2,ppm,0.0
7428,25544,Cook And Phillip-7428,2020-06-21T17:00:00+10:00,-33.8725,151.213333,so2,ppm,0.0
7428,25544,Cook And Phillip-7428,2020-06-21T18:00:00+10:00,-33.8725,151.213333,so2,ppm,0.001
7428,25544,Cook And Phillip-7428,2020-06-21T19:00:00+10:00,-33.8725,151.213333,so2,ppm,0.001
7428,25544,Cook And Phillip-7428,2020-06-21T20:00:00+10:00,-33.8725,151.213333,so2,ppm,0.0
7428,25544,Cook And Phillip-7428,2020-06-21T21:00:00+10:00,-33.8725,151.213333,so2,ppm,0.0
7428,25544,Cook And Phillip-7428,2020-06-21T22:00:00+10:00,-33.8725,151.213333,so2,ppm,0.001
7428,25545,Cook And Phillip-7428,2020-06-21T01:00:00+10:00,-33.8725,151.213333,o3,ppm,0.007
7428,25545,Cook And Phillip-7428,2020-06-21T02:00:00+10:00,-33.8725,151.213333,o3,ppm,0.007
7428,25545,Cook And Phillip-7428,2020-06-21T03:00:00+10:00,-33.8725,151.213333,o3,ppm,0.013
7428,25545,Cook And Phillip-7428,2020-06-21T11:00:00+10:00,-33.8725,151.213333,o3,ppm,0.011
7428,25545,Cook And Phillip-7428,2020-06-21T12:00:00+10:00,-33.8725,151.213333,o3,ppm,0.016
7428,25545,Cook And Phillip-7428,2020-06-21T13:00:00+10:00,-33.8725,151.213333,o3,ppm,0.02
7428,25545,Cook And Phillip-7428,2020-06-21T14:00:00+10:00,-33.8725,151.213333,o3,ppm,0.021
7428,25545,Cook And Phillip-7428,2020-06-21T16:00:00+10:00,-33.8725,151.213333,o3,ppm,0.017
7428,25545,Cook And Phillip-7428,2020-06-21T17:00:00+10:00,-33.8725,151.213333,o3,ppm,0.006
7428,25545,Cook And Phillip-7428,2020-06-21T18:00:00+10:00,-33.8725,151.213333,o3,ppm,0.001
7428,25545,Cook And Phillip-7428,2020-06-21T19:00:00+10:00,-33.8725,151.213333,o3,ppm,0.001
7428,25545,Cook And Phillip-7428,2020-06-21T20:00:00+10:00,-33.8725,151.213333,o3,ppm,0.003
7428,25545,Cook And Phillip-7428,2020-06-21T21:00:00+10:00,-33.8725,151.213333,o3,ppm,0.003
7428,25545,Cook And Phillip-7428,2020-06-21T22:00:00+10:00,-33.8725,151.213333,o3,ppm,0.003
7428,21615,Cook And Phillip-7428,2020-06-22T04:00:00+10:00,-33.8725,151.213333,pm10,µg/m³,2.8
7428,21615,Cook And Phillip-7428,2020-06-22T05:00:00+10:00,-33.8725,151.213333,pm10,µg/m³,1.6
7428,21615,Cook And Phillip-7428,2020-06-22T06:00:00+10:00,-33.8725,151.213333,pm10,µg/m³,3.6
7428,21615,Cook And Phillip-7428,2020-06-22T12:00:00+10:00,-33.8725,151.213333,pm10,µg/m³,14.3
7428,21615,Cook And Phillip-7428,2020-06-22T13:00:00+10:00,-33.8725,151.213333,pm10,µg/m³,10.6
7428,21614,Cook And Phillip-7428,2020-06-22T04:00:00+10:00,-33.8725,151.213333,pm25,µg/m³,1.1
7428,21614,Cook And Phillip-7428,2020-06-22T05:00:00+10:00,-33.8725,151.213333,pm25,µg/m³,0.0
7428,21614,Cook And Phillip-7428,2020-06-22T06:00:00+10:00,-33.8725,151.213333,pm25,µg/m³,1.2
7428,21614,Cook And Phillip-7428,2020-06-22T12:00:00+10:00,-33.8725,151.213333,pm25,µg/m³,8.8
7428,21614,Cook And Phillip-7428,2020-06-22T13:00:00+10:00,-33.8725,151.213333,pm25,µg/m³,6.7
7428,25546,Cook And Phillip-7428,2020-06-22T04:00:00+10:00,-33.8725,151.213333,no2,ppm,0.009
7428,25546,Cook And Phillip-7428,2020-06-22T05:00:00+10:00,-33.8725,151.213333,no2,ppm,0.011
7428,25546,Cook And Phillip-7428,2020-06-22T06:00:00+10:00,-33.8725,151.213333,no2,ppm,0.013
7428,25546,Cook And Phillip-7428,2020-06-22T12:00:00+10:00,-33.8725,151.213333,no2,ppm,0.019
7428,25546,Cook And Phillip-7428,2020-06-22T13:00:00+10:00,-33.8725,151.213333,no2,ppm,0.017
7428,28686,Cook And Phillip-7428,2020-06-22T04:00:00+10:00,-33.8725,151.213333,co,ppm,0.0
7428,28686,Cook And Phillip-7428,2020-06-22T05:00:00+10:00,-33.8725,151.213333,co,ppm,0.0
7428,28686,Cook And Phillip-7428,2020-06-22T06:00:00+10:00,-33.8725,151.213333,co,ppm,0.0
7428,28686,Cook And Phillip-7428,2020-06-22T12:00:00+10:00,-33.8725,151.213333,co,ppm,0.1
7428,28686,Cook And Phillip-7428,2020-06-22T13:00:00+10:00,-33.8725,151.213333,co,ppm,0.1
7428,25544,Cook And Phillip-7428,2020-06-22T04:00:00+10:00,-33.8725,151.213333,so2,ppm,0.0
7428,25544,Cook And Phillip-7428,2020-06-22T05:00:00+10:00,-33.8725,151.213333,so2,ppm,0.0
7428,25544,Cook And Phillip-7428,2020-06-22T06:00:00+10:00,-33.8725,151.213333,so2,ppm,0.0
7428,25544,Cook And Phillip-7428,2020-06-22T12:00:00+10:00,-33.8725,151.213333,so2,ppm,0.0
7428,25544,Cook And Phillip-7428,2020-06-22T13:00:00+10:00,-33.8725,151.213333,so2,ppm,0.0
7428,25545,Cook And Phillip-7428,2020-06-22T04:00:00+10:00,-33.8725,151.213333,o3,ppm,0.012
7428,25545,Cook And Phillip-7428,2020-06-22T05:00:00+10:00,-33.8725,151.213333,o3,ppm,0.01
7428,25545,Cook And Phillip-7428,2020-06-22T06:00:00+10:00,-33.8725,151.213333,o3,ppm,0.008
7428,25545,Cook And Phillip-7428,2020-06-22T12:00:00+10:00,-33.8725,151.213333,o3,ppm,0.007
7428,25545,Cook And Phillip-7428,2020-06-22T13:00:00+10:00,-33.8725,151.213333,o3,ppm,0.011
7428,21615,Cook And Phillip-7428,2020-06-23T02:00:00+10:00,-33.8725,151.213333,pm10,µg/m³,26.8
7428,25546,Cook And Phillip-7428,2020-06-23T03:00:00+10:00,-33.8725,151.213333,no2,ppm,0.006
7428,25546,Cook And Phillip-7428,2020-06-23T04:00:00+10:00,-33.8725,151.213333,no2,ppm,0.006
7428,25546,Cook And Phillip-7428,2020-06-23T05:00:00+10:00,-33.8725,151.213333,no2,ppm,0.006
7428,25546,Cook And Phillip-7428,2020-06-23T06:00:00+10:00,-33.8725,151.213333,no2,ppm,0.007
7428,25546,Cook And Phillip-7428,2020-06-23T09:00:00+10:00,-33.8725,151.213333,no2,ppm,0.026
7428,25546,Cook And Phillip-7428,2020-06-23T10:00:00+10:00,-33.8725,151.213333,no2,ppm,0.023
7428,25546,Cook And Phillip-7428,2020-06-23T12:00:00+10:00,-33.8725,151.213333,no2,ppm,0.014
7428,25546,Cook And Phillip-7428,2020-06-23T14:00:00+10:00,-33.8725,151.213333,no2,ppm,0.013
7428,25546,Cook And Phillip-7428,2020-06-23T15:00:00+10:00,-33.8725,151.213333,no2,ppm,0.015
7428,25546,Cook And Phillip-7428,2020-06-23T16:00:00+10:00,-33.8725,151.213333,no2,ppm,0.017
7428,25546,Cook And Phillip-7428,2020-06-23T18:00:00+10:00,-33.8725,151.213333,no2,ppm,0.026
7428,25546,Cook And Phillip-7428,2020-06-23T19:00:00+10:00,-33.8725,151.213333,no2,ppm,0.022
7428,25546,Cook And Phillip-7428,2020-06-23T21:00:00+10:00,-33.8725,151.213333,no2,ppm,0.02
7428,21615,Cook And Phillip-7428,2020-06-23T03:00:00+10:00,-33.8725,151.213333,pm10,µg/m³,2.4
7428,21615,Cook And Phillip-7428,2020-06-23T04:00:00+10:00,-33.8725,151.213333,pm10,µg/m³,2.1
7428,21615,Cook And Phillip-7428,2020-06-23T05:00:00+10:00,-33.8725,151.213333,pm10,µg/m³,2.2
7428,21615,Cook And Phillip-7428,2020-06-23T06:00:00+10:00,-33.8725,151.213333,pm10,µg/m³,1.0
7428,21615,Cook And Phillip-7428,2020-06-23T09:00:00+10:00,-33.8725,151.213333,pm10,µg/m³,6.8
7428,21615,Cook And Phillip-7428,2020-06-23T10:00:00+10:00,-33.8725,151.213333,pm10,µg/m³,9.1
7428,21615,Cook And Phillip-7428,2020-06-23T12:00:00+10:00,-33.8725,151.213333,pm10,µg/m³,11.7
7428,21615,Cook And Phillip-7428,2020-06-23T14:00:00+10:00,-33.8725,151.213333,pm10,µg/m³,8.4
7428,21615,Cook And Phillip-7428,2020-06-23T15:00:00+10:00,-33.8725,151.213333,pm10,µg/m³,8.5
7428,21615,Cook And Phillip-7428,2020-06-23T16:00:00+10:00,-33.8725,151.213333,pm10,µg/m³,8.0
7428,21615,Cook And Phillip-7428,2020-06-23T18:00:00+10:00,-33.8725,151.213333,pm10,µg/m³,5.3
7428,21615,Cook And Phillip-7428,2020-06-23T19:00:00+10:00,-33.8725,151.213333,pm10,µg/m³,5.4
7428,21615,Cook And Phillip-7428,2020-06-23T21:00:00+10:00,-33.8725,151.213333,pm10,µg/m³,1.7
7428,21614,Cook And Phillip-7428,2020-06-23T02:00:00+10:00,-33.8725,151.213333,pm25,µg/m³,25.1
7428,21614,Cook And Phillip-7428,2020-06-23T03:00:00+10:00,-33.8725,151.213333,pm25,µg/m³,1.3
7428,21614,Cook And Phillip-7428,2020-06-23T04:00:00+10:00,-33.8725,151.213333,pm25,µg/m³,1.3
7428,21614,Cook And Phillip-7428,2020-06-23T05:00:00+10:00,-33.8725,151.213333,pm25,µg/m³,1.6
7428,21614,Cook And Phillip-7428,2020-06-23T06:00:00+10:00,-33.8725,151.213333,pm25,µg/m³,0.5
7428,21614,Cook And Phillip-7428,2020-06-23T09:00:00+10:00,-33.8725,151.213333,pm25,µg/m³,2.7
7428,21614,Cook And Phillip-7428,2020-06-23T10:00:00+10:00,-33.8725,151.213333,pm25,µg/m³,3.3
7428,21614,Cook And Phillip-7428,2020-06-23T12:00:00+10:00,-33.8725,151.213333,pm25,µg/m³,6.8
7428,21614,Cook And Phillip-7428,2020-06-23T14:00:00+10:00,-33.8725,151.213333,pm25,µg/m³,4.3
7428,21614,Cook And Phillip-7428,2020-06-23T15:00:00+10:00,-33.8725,151.213333,pm25,µg/m³,4.1
7428,21614,Cook And Phillip-7428,2020-06-23T16:00:00+10:00,-33.8725,151.213333,pm25,µg/m³,4.1
7428,21614,Cook And Phillip-7428,2020-06-23T18:00:00+10:00,-33.8725,151.213333,pm25,µg/m³,2.0
7428,21614,Cook And Phillip-7428,2020-06-23T19:00:00+10:00,-33.8725,151.213333,pm25,µg/m³,2.2
7428,21614,Cook And Phillip-7428,2020-06-23T21:00:00+10:00,-33.8725,151.213333,pm25,µg/m³,0.0
7428,28686,Cook And Phillip-7428,2020-06-23T06:00:00+10:00,-33.8725,151.213333,co,ppm,0.0
7428,25544,Cook And Phillip-7428,2020-06-23T03:00:00+10:00,-33.8725,151.213333,so2,ppm,0.0
7428,25544,Cook And Phillip-7428,2020-06-23T04:00:00+10:00,-33.8725,151.213333,so2,ppm,0.0
7428,25544,Cook And Phillip-7428,2020-06-23T05:00:00+10:00,-33.8725,151.213333,so2,ppm,0.0
7428,25544,Cook And Phillip-7428,2020-06-23T06:00:00+10:00,-33.8725,151.213333,so2,ppm,0.0
7428,25544,Cook And Phillip-7428,2020-06-23T09:00:00+10:00,-33.8725,151.213333,so2,ppm,0.0
7428,25544,Cook And Phillip-7428,2020-06-23T10:00:00+10:00,-33.8725,151.213333,so2,ppm,0.0
7428,25544,Cook And Phillip-7428,2020-06-23T12:00:00+10:00,-33.8725,151.213333,so2,ppm,0.0
7428,25544,Cook And Phillip-7428,2020-06-23T14:00:00+10:00,-33.8725,151.213333,so2,ppm,0.0
7428,25544,Cook And Phillip-7428,2020-06-23T15:00:00+10:00,-33.8725,151.213333,so2,ppm,0.0
7428,25544,Cook And Phillip-7428,2020-06-23T16:00:00+10:00,-33.8725,151.213333,so2,ppm,0.0
7428,25544,Cook And Phillip-7428,2020-06-23T18:00:00+10:00,-33.8725,151.213333,so2,ppm,0.0
7428,25544,Cook And Phillip-7428,2020-06-23T19:00:00+10:00,-33.8725,151.213333,so2,ppm,0.0
7428,25544,Cook And Phillip-7428,2020-06-23T21:00:00+10:00,-33.8725,151.213333,so2,ppm,0.0
7428,28686,Cook And Phillip-7428,2020-06-23T09:00:00+10:00,-33.8725,151.213333,co,ppm,0.0
7428,28686,Cook And Phillip-7428,2020-06-23T10:00:00+10:00,-33.8725,151.213333,co,ppm,0.0
7428,28686,Cook And Phillip-7428,2020-06-23T12:00:00+10:00,-33.8725,151.213333,co,ppm,0.0
7428,28686,Cook And Phillip-7428,2020-06-23T14:00:00+10:00,-33.8725,151.213333,co,ppm,0.1
7428,28686,Cook And Phillip-7428,2020-06-23T15:00:00+10:00,-33.8725,151.213333,co,ppm,0.1
7428,28686,Cook And Phillip-7428,2020-06-23T16:00:00+10:00,-33.8725,151.213333,co,ppm,0.1
7428,28686,Cook And Phillip-7428,2020-06-23T18:00:00+10:00,-33.8725,151.213333,co,ppm,0.1
7428,28686,Cook And Phillip-7428,2020-06-23T19:00:00+10:00,-33.8725,151.213333,co,ppm,0.1
7428,28686,Cook And Phillip-7428,2020-06-23T21:00:00+10:00,-33.8725,151.213333,co,ppm,0.1
7428,25545,Cook And Phillip-7428,2020-06-23T03:00:00+10:00,-33.8725,151.213333,o3,ppm,0.012
7428,25545,Cook And Phillip-7428,2020-06-23T04:00:00+10:00,-33.8725,151.213333,o3,ppm,0.014
7428,25545,Cook And Phillip-7428,2020-06-23T05:00:00+10:00,-33.8725,151.213333,o3,ppm,0.015
7428,25545,Cook And Phillip-7428,2020-06-23T06:00:00+10:00,-33.8725,151.213333,o3,ppm,0.013
7428,25545,Cook And Phillip-7428,2020-06-23T09:00:00+10:00,-33.8725,151.213333,o3,ppm,0.002
7428,25545,Cook And Phillip-7428,2020-06-23T10:00:00+10:00,-33.8725,151.213333,o3,ppm,0.005
7428,25545,Cook And Phillip-7428,2020-06-23T12:00:00+10:00,-33.8725,151.213333,o3,ppm,0.012
7428,25545,Cook And Phillip-7428,2020-06-23T14:00:00+10:00,-33.8725,151.213333,o3,ppm,0.016
7428,25545,Cook And Phillip-7428,2020-06-23T15:00:00+10:00,-33.8725,151.213333,o3,ppm,0.013
7428,25545,Cook And Phillip-7428,2020-06-23T16:00:00+10:00,-33.8725,151.213333,o3,ppm,0.01
7428,25545,Cook And Phillip-7428,2020-06-23T18:00:00+10:00,-33.8725,151.213333,o3,ppm,0.0
7428,25545,Cook And Phillip-7428,2020-06-23T19:00:00+10:00,-33.8725,151.213333,o3,ppm,0.002
7428,25545,Cook And Phillip-7428,2020-06-23T21:00:00+10:00,-33.8725,151.213333,o3,ppm,0.003
7428,21615,Cook And Phillip-7428,2020-06-24T01:00:00+10:00,-33.8725,151.213333,pm10,µg/m³,3.7
7428,25546,Cook And Phillip-7428,2020-06-24T01:00:00+10:00,-33.8725,151.213333,no2,ppm,0.015
7428,25546,Cook And Phillip-7428,2020-06-24T03:00:00+10:00,-33.8725,151.213333,no2,ppm,0.007
7428,25546,Cook And Phillip-7428,2020-06-24T05:00:00+10:00,-33.8725,151.213333,no2,ppm,0.012
7428,25546,Cook And Phillip-7428,2020-06-24T07:00:00+10:00,-33.8725,151.213333,no2,ppm,0.017
7428,25546,Cook And Phillip-7428,2020-06-24T08:00:00+10:00,-33.8725,151.213333,no2,ppm,0.022
7428,25546,Cook And Phillip-7428,2020-06-24T10:00:00+10:00,-33.8725,151.213333,no2,ppm,0.024
7428,25546,Cook And Phillip-7428,2020-06-24T11:00:00+10:00,-33.8725,151.213333,no2,ppm,0.024
7428,25546,Cook And Phillip-7428,2020-06-24T12:00:00+10:00,-33.8725,151.213333,no2,ppm,0.02
7428,25546,Cook And Phillip-7428,2020-06-24T13:00:00+10:00,-33.8725,151.213333,no2,ppm,0.015
7428,25546,Cook And Phillip-7428,2020-06-24T14:00:00+10:00,-33.8725,151.213333,no2,ppm,0.016
7428,25546,Cook And Phillip-7428,2020-06-24T15:00:00+10:00,-33.8725,151.213333,no2,ppm,0.015
7428,25546,Cook And Phillip-7428,2020-06-24T16:00:00+10:00,-33.8725,151.213333,no2,ppm,0.018
7428,25546,Cook And Phillip-7428,2020-06-24T18:00:00+10:00,-33.8725,151.213333,no2,ppm,0.025
7428,25546,Cook And Phillip-7428,2020-06-24T19:00:00+10:00,-33.8725,151.213333,no2,ppm,0.024
7428,25546,Cook And Phillip-7428,2020-06-24T20:00:00+10:00,-33.8725,151.213333,no2,ppm,0.023
7428,25546,Cook And Phillip-7428,2020-06-24T21:00:00+10:00,-33.8725,151.213333,no2,ppm,0.019
7428,25546,Cook And Phillip-7428,2020-06-24T22:00:00+10:00,-33.8725,151.213333,no2,ppm,0.019
7428,21615,Cook And Phillip-7428,2020-06-24T03:00:00+10:00,-33.8725,151.213333,pm10,µg/m³,3.7
7428,21615,Cook And Phillip-7428,2020-06-24T05:00:00+10:00,-33.8725,151.213333,pm10,µg/m³,0.1
7428,21615,Cook And Phillip-7428,2020-06-24T07:00:00+10:00,-33.8725,151.213333,pm10,µg/m³,2.4
7428,21615,Cook And Phillip-7428,2020-06-24T08:00:00+10:00,-33.8725,151.213333,pm10,µg/m³,5.0
7428,21615,Cook And Phillip-7428,2020-06-24T10:00:00+10:00,-33.8725,151.213333,pm10,µg/m³,11.3
7428,21615,Cook And Phillip-7428,2020-06-24T11:00:00+10:00,-33.8725,151.213333,pm10,µg/m³,13.5
7428,21615,Cook And Phillip-7428,2020-06-24T12:00:00+10:00,-33.8725,151.213333,pm10,µg/m³,13.7
7428,21615,Cook And Phillip-7428,2020-06-24T13:00:00+10:00,-33.8725,151.213333,pm10,µg/m³,15.0
7428,21615,Cook And Phillip-7428,2020-06-24T14:00:00+10:00,-33.8725,151.213333,pm10,µg/m³,12.4
7428,21615,Cook And Phillip-7428,2020-06-24T15:00:00+10:00,-33.8725,151.213333,pm10,µg/m³,6.7
7428,21615,Cook And Phillip-7428,2020-06-24T16:00:00+10:00,-33.8725,151.213333,pm10,µg/m³,10.5
7428,21615,Cook And Phillip-7428,2020-06-24T18:00:00+10:00,-33.8725,151.213333,pm10,µg/m³,8.7
7428,21615,Cook And Phillip-7428,2020-06-24T19:00:00+10:00,-33.8725,151.213333,pm10,µg/m³,12.5
7428,21615,Cook And Phillip-7428,2020-06-24T20:00:00+10:00,-33.8725,151.213333,pm10,µg/m³,10.6
7428,21615,Cook And Phillip-7428,2020-06-24T21:00:00+10:00,-33.8725,151.213333,pm10,µg/m³,9.3
7428,21615,Cook And Phillip-7428,2020-06-24T22:00:00+10:00,-33.8725,151.213333,pm10,µg/m³,7.3
7428,21614,Cook And Phillip-7428,2020-06-24T01:00:00+10:00,-33.8725,151.213333,pm25,µg/m³,2.9
7428,21614,Cook And Phillip-7428,2020-06-24T03:00:00+10:00,-33.8725,151.213333,pm25,µg/m³,2.9
7428,21614,Cook And Phillip-7428,2020-06-24T05:00:00+10:00,-33.8725,151.213333,pm25,µg/m³,0.0
7428,21614,Cook And Phillip-7428,2020-06-24T07:00:00+10:00,-33.8725,151.213333,pm25,µg/m³,1.5
7428,21614,Cook And Phillip-7428,2020-06-24T08:00:00+10:00,-33.8725,151.213333,pm25,µg/m³,2.9
7428,21614,Cook And Phillip-7428,2020-06-24T10:00:00+10:00,-33.8725,151.213333,pm25,µg/m³,4.7
7428,21614,Cook And Phillip-7428,2020-06-24T11:00:00+10:00,-33.8725,151.213333,pm25,µg/m³,5.4
7428,21614,Cook And Phillip-7428,2020-06-24T12:00:00+10:00,-33.8725,151.213333,pm25,µg/m³,6.3
7428,21614,Cook And Phillip-7428,2020-06-24T13:00:00+10:00,-33.8725,151.213333,pm25,µg/m³,8.4
7428,21614,Cook And Phillip-7428,2020-06-24T14:00:00+10:00,-33.8725,151.213333,pm25,µg/m³,7.3
7428,21614,Cook And Phillip-7428,2020-06-24T15:00:00+10:00,-33.8725,151.213333,pm25,µg/m³,2.1
7428,21614,Cook And Phillip-7428,2020-06-24T16:00:00+10:00,-33.8725,151.213333,pm25,µg/m³,5.9
7428,21614,Cook And Phillip-7428,2020-06-24T18:00:00+10:00,-33.8725,151.213333,pm25,µg/m³,4.3
7428,21614,Cook And Phillip-7428,2020-06-24T19:00:00+10:00,-33.8725,151.213333,pm25,µg/m³,7.8
7428,21614,Cook And Phillip-7428,2020-06-24T20:00:00+10:00,-33.8725,151.213333,pm25,µg/m³,6.6
7428,21614,Cook And Phillip-7428,2020-06-24T21:00:00+10:00,-33.8725,151.213333,pm25,µg/m³,5.7
7428,21614,Cook And Phillip-7428,2020-06-24T22:00:00+10:00,-33.8725,151.213333,pm25,µg/m³,4.0
7428,28686,Cook And Phillip-7428,2020-06-24T01:00:00+10:00,-33.8725,151.213333,co,ppm,0.1
7428,25544,Cook And Phillip-7428,2020-06-24T01:00:00+10:00,-33.8725,151.213333,so2,ppm,0.0
7428,25544,Cook And Phillip-7428,2020-06-24T03:00:00+10:00,-33.8725,151.213333,so2,ppm,0.0
7428,25544,Cook And Phillip-7428,2020-06-24T05:00:00+10:00,-33.8725,151.213333,so2,ppm,0.0
7428,25544,Cook And Phillip-7428,2020-06-24T07:00:00+10:00,-33.8725,151.213333,so2,ppm,0.0
7428,25544,Cook And Phillip-7428,2020-06-24T08:00:00+10:00,-33.8725,151.213333,so2,ppm,0.0
7428,25544,Cook And Phillip-7428,2020-06-24T10:00:00+10:00,-33.8725,151.213333,so2,ppm,0.001
7428,25544,Cook And Phillip-7428,2020-06-24T11:00:00+10:00,-33.8725,151.213333,so2,ppm,0.001
7428,25544,Cook And Phillip-7428,2020-06-24T12:00:00+10:00,-33.8725,151.213333,so2,ppm,0.0
7428,25544,Cook And Phillip-7428,2020-06-24T13:00:00+10:00,-33.8725,151.213333,so2,ppm,0.0
7428,25544,Cook And Phillip-7428,2020-06-24T14:00:00+10:00,-33.8725,151.213333,so2,ppm,0.0
7428,25544,Cook And Phillip-7428,2020-06-24T15:00:00+10:00,-33.8725,151.213333,so2,ppm,0.0
7428,25544,Cook And Phillip-7428,2020-06-24T16:00:00+10:00,-33.8725,151.213333,so2,ppm,0.0
7428,25544,Cook And Phillip-7428,2020-06-24T18:00:00+10:00,-33.8725,151.213333,so2,ppm,0.0
7428,25544,Cook And Phillip-7428,2020-06-24T19:00:00+10:00,-33.8725,151.213333,so2,ppm,0.0
7428,25544,Cook And Phillip-7428,2020-06-24T20:00:00+10:00,-33.8725,151.213333,so2,ppm,0.0
7428,25544,Cook And Phillip-7428,2020-06-24T21:00:00+10:00,-33.8725,151.213333,so2,ppm,0.0
7428,25544,Cook And Phillip-7428,2020-06-24T22:00:00+10:00,-33.8725,151.213333,so2,ppm,0.0
7428,28686,Cook And Phillip-7428,2020-06-24T03:00:00+10:00,-33.8725,151.213333,co,ppm,0.1
7428,28686,Cook And Phillip-7428,2020-06-24T05:00:00+10:00,-33.8725,151.213333,co,ppm,0.0
7428,28686,Cook And Phillip-7428,2020-06-24T07:00:00+10:00,-33.8725,151.213333,co,ppm,0.0
7428,28686,Cook And Phillip-7428,2020-06-24T08:00:00+10:00,-33.8725,151.213333,co,ppm,0.0
7428,28686,Cook And Phillip-7428,2020-06-24T10:00:00+10:00,-33.8725,151.213333,co,ppm,0.1
7428,28686,Cook And Phillip-7428,2020-06-24T11:00:00+10:00,-33.8725,151.213333,co,ppm,0.1
7428,28686,Cook And Phillip-7428,2020-06-24T12:00:00+10:00,-33.8725,151.213333,co,ppm,0.1
7428,28686,Cook And Phillip-7428,2020-06-24T13:00:00+10:00,-33.8725,151.213333,co,ppm,0.1
7428,28686,Cook And Phillip-7428,2020-06-24T14:00:00+10:00,-33.8725,151.213333,co,ppm,0.1
7428,28686,Cook And Phillip-7428,2020-06-24T15:00:00+10:00,-33.8725,151.213333,co,ppm,0.1
7428,28686,Cook And Phillip-7428,2020-06-24T16:00:00+10:00,-33.8725,151.213333,co,ppm,0.1
7428,28686,Cook And Phillip-7428,2020-06-24T18:00:00+10:00,-33.8725,151.213333,co,ppm,0.1
7428,28686,Cook And Phillip-7428,2020-06-24T19:00:00+10:00,-33.8725,151.213333,co,ppm,0.1
7428,28686,Cook And Phillip-7428,2020-06-24T20:00:00+10:00,-33.8725,151.213333,co,ppm,0.1
7428,28686,Cook And Phillip-7428,2020-06-24T21:00:00+10:00,-33.8725,151.213333,co,ppm,0.1
7428,28686,Cook And Phillip-7428,2020-06-24T22:00:00+10:00,-33.8725,151.213333,co,ppm,0.1
7428,25545,Cook And Phillip-7428,2020-06-24T01:00:00+10:00,-33.8725,151.213333,o3,ppm,0.004
7428,25545,Cook And Phillip-7428,2020-06-24T03:00:00+10:00,-33.8725,151.213333,o3,ppm,0.01
7428,25545,Cook And Phillip-7428,2020-06-24T05:00:00+10:00,-33.8725,151.213333,o3,ppm,0.005
7428,25545,Cook And Phillip-7428,2020-06-24T07:00:00+10:00,-33.8725,151.213333,o3,ppm,0.001
7428,25545,Cook And Phillip-7428,2020-06-24T08:00:00+10:00,-33.8725,151.213333,o3,ppm,0.0
7428,25545,Cook And Phillip-7428,2020-06-24T10:00:00+10:00,-33.8725,151.213333,o3,ppm,0.001
7428,25545,Cook And Phillip-7428,2020-06-24T11:00:00+10:00,-33.8725,151.213333,o3,ppm,0.002
7428,25545,Cook And Phillip-7428,2020-06-24T12:00:00+10:00,-33.8725,151.213333,o3,ppm,0.006
7428,25545,Cook And Phillip-7428,2020-06-24T13:00:00+10:00,-33.8725,151.213333,o3,ppm,0.011
7428,25545,Cook And Phillip-7428,2020-06-24T14:00:00+10:00,-33.8725,151.213333,o3,ppm,0.01
7428,25545,Cook And Phillip-7428,2020-06-24T15:00:00+10:00,-33.8725,151.213333,o3,ppm,0.012
7428,25545,Cook And Phillip-7428,2020-06-24T16:00:00+10:00,-33.8725,151.213333,o3,ppm,0.008
7428,25545,Cook And Phillip-7428,2020-06-24T18:00:00+10:00,-33.8725,151.213333,o3,ppm,0.003
7428,25545,Cook And Phillip-7428,2020-06-24T19:00:00+10:00,-33.8725,151.213333,o3,ppm,0.004
7428,25545,Cook And Phillip-7428,2020-06-24T20:00:00+10:00,-33.8725,151.213333,o3,ppm,0.001
7428,25545,Cook And Phillip-7428,2020-06-24T21:00:00+10:00,-33.8725,151.213333,o3,ppm,0.002
7428,25545,Cook And Phillip-7428,2020-06-24T22:00:00+10:00,-33.8725,151.213333,o3,ppm,0.001
7428,21615,Cook And Phillip-7428,2020-06-25T02:00:00+10:00,-33.8725,151.213333,pm10,µg/m³,8.7
7428,21615,Cook And Phillip-7428,2020-06-25T03:00:00+10:00,-33.8725,151.213333,pm10,µg/m³,0.0
7428,21615,Cook And Phillip-7428,2020-06-25T04:00:00+10:00,-33.8725,151.213333,pm10,µg/m³,1.9
7428,21615,Cook And Phillip-7428,2020-06-25T05:00:00+10:00,-33.8725,151.213333,pm10,µg/m³,2.9
7428,21615,Cook And Phillip-7428,2020-06-25T06:00:00+10:00,-33.8725,151.213333,pm10,µg/m³,1.5
7428,21615,Cook And Phillip-7428,2020-06-25T10:00:00+10:00,-33.8725,151.213333,pm10,µg/m³,11.4
7428,21615,Cook And Phillip-7428,2020-06-25T12:00:00+10:00,-33.8725,151.213333,pm10,µg/m³,13.4
7428,21615,Cook And Phillip-7428,2020-06-25T13:00:00+10:00,-33.8725,151.213333,pm10,µg/m³,11.1
7428,21615,Cook And Phillip-7428,2020-06-25T14:00:00+10:00,-33.8725,151.213333,pm10,µg/m³,10.8
7428,21615,Cook And Phillip-7428,2020-06-25T15:00:00+10:00,-33.8725,151.213333,pm10,µg/m³,11.9
7428,21614,Cook And Phillip-7428,2020-06-25T02:00:00+10:00,-33.8725,151.213333,pm25,µg/m³,2.8
7428,21614,Cook And Phillip-7428,2020-06-25T03:00:00+10:00,-33.8725,151.213333,pm25,µg/m³,0.0
7428,21614,Cook And Phillip-7428,2020-06-25T04:00:00+10:00,-33.8725,151.213333,pm25,µg/m³,0.7
7428,21614,Cook And Phillip-7428,2020-06-25T05:00:00+10:00,-33.8725,151.213333,pm25,µg/m³,1.5
7428,21614,Cook And Phillip-7428,2020-06-25T06:00:00+10:00,-33.8725,151.213333,pm25,µg/m³,0.3
7428,21614,Cook And Phillip-7428,2020-06-25T10:00:00+10:00,-33.8725,151.213333,pm25,µg/m³,5.1
7428,21614,Cook And Phillip-7428,2020-06-25T12:00:00+10:00,-33.8725,151.213333,pm25,µg/m³,6.4
7428,21614,Cook And Phillip-7428,2020-06-25T13:00:00+10:00,-33.8725,151.213333,pm25,µg/m³,6.4
7428,21614,Cook And Phillip-7428,2020-06-25T14:00:00+10:00,-33.8725,151.213333,pm25,µg/m³,5.9
7428,21614,Cook And Phillip-7428,2020-06-25T15:00:00+10:00,-33.8725,151.213333,pm25,µg/m³,6.8
7428,25546,Cook And Phillip-7428,2020-06-25T03:00:00+10:00,-33.8725,151.213333,no2,ppm,0.006
7428,25546,Cook And Phillip-7428,2020-06-25T04:00:00+10:00,-33.8725,151.213333,no2,ppm,0.007
7428,25546,Cook And Phillip-7428,2020-06-25T05:00:00+10:00,-33.8725,151.213333,no2,ppm,0.008
7428,25546,Cook And Phillip-7428,2020-06-25T06:00:00+10:00,-33.8725,151.213333,no2,ppm,0.011
7428,25546,Cook And Phillip-7428,2020-06-25T10:00:00+10:00,-33.8725,151.213333,no2,ppm,0.021
7428,25546,Cook And Phillip-7428,2020-06-25T12:00:00+10:00,-33.8725,151.213333,no2,ppm,0.022
7428,25546,Cook And Phillip-7428,2020-06-25T13:00:00+10:00,-33.8725,151.213333,no2,ppm,0.012
7428,25546,Cook And Phillip-7428,2020-06-25T14:00:00+10:00,-33.8725,151.213333,no2,ppm,0.016
7428,25546,Cook And Phillip-7428,2020-06-25T15:00:00+10:00,-33.8725,151.213333,no2,ppm,0.015
7428,28686,Cook And Phillip-7428,2020-06-25T02:00:00+10:00,-33.8725,151.213333,co,ppm,0.1
7428,28686,Cook And Phillip-7428,2020-06-25T03:00:00+10:00,-33.8725,151.213333,co,ppm,0.1
7428,28686,Cook And Phillip-7428,2020-06-25T04:00:00+10:00,-33.8725,151.213333,co,ppm,0.1
7428,28686,Cook And Phillip-7428,2020-06-25T05:00:00+10:00,-33.8725,151.213333,co,ppm,0.0
7428,28686,Cook And Phillip-7428,2020-06-25T06:00:00+10:00,-33.8725,151.213333,co,ppm,0.0
7428,28686,Cook And Phillip-7428,2020-06-25T10:00:00+10:00,-33.8725,151.213333,co,ppm,0.0
7428,28686,Cook And Phillip-7428,2020-06-25T12:00:00+10:00,-33.8725,151.213333,co,ppm,0.1
7428,28686,Cook And Phillip-7428,2020-06-25T13:00:00+10:00,-33.8725,151.213333,co,ppm,0.1
7428,28686,Cook And Phillip-7428,2020-06-25T14:00:00+10:00,-33.8725,151.213333,co,ppm,0.1
7428,28686,Cook And Phillip-7428,2020-06-25T15:00:00+10:00,-33.8725,151.213333,co,ppm,0.1
7428,25544,Cook And Phillip-7428,2020-06-25T03:00:00+10:00,-33.8725,151.213333,so2,ppm,0.0
7428,25544,Cook And Phillip-7428,2020-06-25T04:00:00+10:00,-33.8725,151.213333,so2,ppm,0.0
7428,25544,Cook And Phillip-7428,2020-06-25T05:00:00+10:00,-33.8725,151.213333,so2,ppm,0.0
7428,25544,Cook And Phillip-7428,2020-06-25T06:00:00+10:00,-33.8725,151.213333,so2,ppm,0.0
7428,25544,Cook And Phillip-7428,2020-06-25T10:00:00+10:00,-33.8725,151.213333,so2,ppm,0.0
7428,25544,Cook And Phillip-7428,2020-06-25T12:00:00+10:00,-33.8725,151.213333,so2,ppm,0.0
7428,25544,Cook And Phillip-7428,2020-06-25T13:00:00+10:00,-33.8725,151.213333,so2,ppm,0.0
7428,25544,Cook And Phillip-7428,2020-06-25T14:00:00+10:00,-33.8725,151.213333,so2,ppm,0.0
7428,25544,Cook And Phillip-7428,2020-06-25T15:00:00+10:00,-33.8725,151.213333,so2,ppm,0.0
7428,25545,Cook And Phillip-7428,2020-06-25T02:00:00+10:00,-33.8725,151.213333,o3,ppm,0.004
7428,25545,Cook And Phillip-7428,2020-06-25T03:00:00+10:00,-33.8725,151.213333,o3,ppm,0.01
7428,25545,Cook And Phillip-7428,2020-06-25T04:00:00+10:00,-33.8725,151.213333,o3,ppm,0.01
7428,25545,Cook And Phillip-7428,2020-06-25T05:00:00+10:00,-33.8725,151.213333,o3,ppm,0.009
7428,25545,Cook And Phillip-7428,2020-06-25T06:00:00+10:00,-33.8725,151.213333,o3,ppm,0.007
7428,25545,Cook And Phillip-7428,2020-06-25T10:00:00+10:00,-33.8725,151.213333,o3,ppm,0.004
7428,25545,Cook And Phillip-7428,2020-06-25T12:00:00+10:00,-33.8725,151.213333,o3,ppm,0.001
7428,25545,Cook And Phillip-7428,2020-06-25T13:00:00+10:00,-33.8725,151.213333,o3,ppm,0.013
7428,25545,Cook And Phillip-7428,2020-06-25T14:00:00+10:00,-33.8725,151.213333,o3,ppm,0.013
7428,25545,Cook And Phillip-7428,2020-06-25T15:00:00+10:00,-33.8725,151.213333,o3,ppm,0.014
7428,21615,Cook And Phillip-7428,2020-06-26T02:00:00+10:00,-33.8725,151.213333,pm10,µg/m³,3.8
7428,21615,Cook And Phillip-7428,2020-06-26T03:00:00+10:00,-33.8725,151.213333,pm10,µg/m³,2.7
7428,21615,Cook And Phillip-7428,2020-06-26T05:00:00+10:00,-33.8725,151.213333,pm10,µg/m³,8.0
7428,21615,Cook And Phillip-7428,2020-06-26T06:00:00+10:00,-33.8725,151.213333,pm10,µg/m³,4.9
7428,21615,Cook And Phillip-7428,2020-06-26T09:00:00+10:00,-33.8725,151.213333,pm10,µg/m³,12.7
7428,21615,Cook And Phillip-7428,2020-06-26T10:00:00+10:00,-33.8725,151.213333,pm10,µg/m³,18.0
7428,21615,Cook And Phillip-7428,2020-06-26T11:00:00+10:00,-33.8725,151.213333,pm10,µg/m³,15.5
7428,21615,Cook And Phillip-7428,2020-06-26T12:00:00+10:00,-33.8725,151.213333,pm10,µg/m³,17.4
7428,21615,Cook And Phillip-7428,2020-06-26T13:00:00+10:00,-33.8725,151.213333,pm10,µg/m³,16.2
7428,21615,Cook And Phillip-7428,2020-06-26T14:00:00+10:00,-33.8725,151.213333,pm10,µg/m³,13.5
7428,21615,Cook And Phillip-7428,2020-06-26T15:00:00+10:00,-33.8725,151.213333,pm10,µg/m³,10.4
7428,21615,Cook And Phillip-7428,2020-06-26T16:00:00+10:00,-33.8725,151.213333,pm10,µg/m³,14.9
7428,21615,Cook And Phillip-7428,2020-06-26T17:00:00+10:00,-33.8725,151.213333,pm10,µg/m³,12.5
7428,21615,Cook And Phillip-7428,2020-06-26T18:00:00+10:00,-33.8725,151.213333,pm10,µg/m³,11.2
7428,21615,Cook And Phillip-7428,2020-06-26T19:00:00+10:00,-33.8725,151.213333,pm10,µg/m³,13.1
7428,21615,Cook And Phillip-7428,2020-06-26T20:00:00+10:00,-33.8725,151.213333,pm10,µg/m³,16.2
7428,21615,Cook And Phillip-7428,2020-06-26T22:00:00+10:00,-33.8725,151.213333,pm10,µg/m³,16.2
7428,21615,Cook And Phillip-7428,2020-06-26T23:00:00+10:00,-33.8725,151.213333,pm10,µg/m³,20.1
7428,21614,Cook And Phillip-7428,2020-06-26T02:00:00+10:00,-33.8725,151.213333,pm25,µg/m³,1.6
7428,21614,Cook And Phillip-7428,2020-06-26T03:00:00+10:00,-33.8725,151.213333,pm25,µg/m³,1.0
7428,21614,Cook And Phillip-7428,2020-06-26T05:00:00+10:00,-33.8725,151.213333,pm25,µg/m³,5.1
7428,21614,Cook And Phillip-7428,2020-06-26T06:00:00+10:00,-33.8725,151.213333,pm25,µg/m³,3.3
7428,21614,Cook And Phillip-7428,2020-06-26T09:00:00+10:00,-33.8725,151.213333,pm25,µg/m³,5.2
7428,21614,Cook And Phillip-7428,2020-06-26T10:00:00+10:00,-33.8725,151.213333,pm25,µg/m³,9.1
7428,21614,Cook And Phillip-7428,2020-06-26T11:00:00+10:00,-33.8725,151.213333,pm25,µg/m³,5.5
7428,21614,Cook And Phillip-7428,2020-06-26T12:00:00+10:00,-33.8725,151.213333,pm25,µg/m³,9.2
7428,21614,Cook And Phillip-7428,2020-06-26T13:00:00+10:00,-33.8725,151.213333,pm25,µg/m³,9.1
7428,21614,Cook And Phillip-7428,2020-06-26T14:00:00+10:00,-33.8725,151.213333,pm25,µg/m³,7.2
7428,21614,Cook And Phillip-7428,2020-06-26T15:00:00+10:00,-33.8725,151.213333,pm25,µg/m³,4.9
7428,21614,Cook And Phillip-7428,2020-06-26T16:00:00+10:00,-33.8725,151.213333,pm25,µg/m³,9.6
7428,21614,Cook And Phillip-7428,2020-06-26T17:00:00+10:00,-33.8725,151.213333,pm25,µg/m³,7.3
7428,21614,Cook And Phillip-7428,2020-06-26T18:00:00+10:00,-33.8725,151.213333,pm25,µg/m³,5.9
7428,21614,Cook And Phillip-7428,2020-06-26T19:00:00+10:00,-33.8725,151.213333,pm25,µg/m³,7.1
7428,21614,Cook And Phillip-7428,2020-06-26T20:00:00+10:00,-33.8725,151.213333,pm25,µg/m³,9.2
7428,21614,Cook And Phillip-7428,2020-06-26T22:00:00+10:00,-33.8725,151.213333,pm25,µg/m³,10.0
7428,21614,Cook And Phillip-7428,2020-06-26T23:00:00+10:00,-33.8725,151.213333,pm25,µg/m³,11.3
7428,25546,Cook And Phillip-7428,2020-06-26T03:00:00+10:00,-33.8725,151.213333,no2,ppm,0.013
7428,25546,Cook And Phillip-7428,2020-06-26T05:00:00+10:00,-33.8725,151.213333,no2,ppm,0.011
7428,25546,Cook And Phillip-7428,2020-06-26T06:00:00+10:00,-33.8725,151.213333,no2,ppm,0.013
7428,25546,Cook And Phillip-7428,2020-06-26T09:00:00+10:00,-33.8725,151.213333,no2,ppm,0.025
7428,25546,Cook And Phillip-7428,2020-06-26T10:00:00+10:00,-33.8725,151.213333,no2,ppm,0.025
7428,25546,Cook And Phillip-7428,2020-06-26T11:00:00+10:00,-33.8725,151.213333,no2,ppm,0.021
7428,25546,Cook And Phillip-7428,2020-06-26T12:00:00+10:00,-33.8725,151.213333,no2,ppm,0.021
7428,25546,Cook And Phillip-7428,2020-06-26T13:00:00+10:00,-33.8725,151.213333,no2,ppm,0.014
7428,25546,Cook And Phillip-7428,2020-06-26T14:00:00+10:00,-33.8725,151.213333,no2,ppm,0.009
7428,25546,Cook And Phillip-7428,2020-06-26T15:00:00+10:00,-33.8725,151.213333,no2,ppm,0.007
7428,25546,Cook And Phillip-7428,2020-06-26T16:00:00+10:00,-33.8725,151.213333,no2,ppm,0.013
7428,25546,Cook And Phillip-7428,2020-06-26T17:00:00+10:00,-33.8725,151.213333,no2,ppm,0.019
7428,25546,Cook And Phillip-7428,2020-06-26T18:00:00+10:00,-33.8725,151.213333,no2,ppm,0.028
7428,25546,Cook And Phillip-7428,2020-06-26T19:00:00+10:00,-33.8725,151.213333,no2,ppm,0.031
7428,25546,Cook And Phillip-7428,2020-06-26T20:00:00+10:00,-33.8725,151.213333,no2,ppm,0.03
7428,25546,Cook And Phillip-7428,2020-06-26T22:00:00+10:00,-33.8725,151.213333,no2,ppm,0.025
7428,25546,Cook And Phillip-7428,2020-06-26T23:00:00+10:00,-33.8725,151.213333,no2,ppm,0.03
7428,28686,Cook And Phillip-7428,2020-06-26T02:00:00+10:00,-33.8725,151.213333,co,ppm,0.1
7428,28686,Cook And Phillip-7428,2020-06-26T03:00:00+10:00,-33.8725,151.213333,co,ppm,0.1
7428,28686,Cook And Phillip-7428,2020-06-26T05:00:00+10:00,-33.8725,151.213333,co,ppm,0.1
7428,28686,Cook And Phillip-7428,2020-06-26T06:00:00+10:00,-33.8725,151.213333,co,ppm,0.1
7428,28686,Cook And Phillip-7428,2020-06-26T09:00:00+10:00,-33.8725,151.213333,co,ppm,0.1
7428,28686,Cook And Phillip-7428,2020-06-26T10:00:00+10:00,-33.8725,151.213333,co,ppm,0.1
7428,28686,Cook And Phillip-7428,2020-06-26T11:00:00+10:00,-33.8725,151.213333,co,ppm,0.1
7428,28686,Cook And Phillip-7428,2020-06-26T12:00:00+10:00,-33.8725,151.213333,co,ppm,0.1
7428,28686,Cook And Phillip-7428,2020-06-26T13:00:00+10:00,-33.8725,151.213333,co,ppm,0.2
7428,28686,Cook And Phillip-7428,2020-06-26T14:00:00+10:00,-33.8725,151.213333,co,ppm,0.2
7428,28686,Cook And Phillip-7428,2020-06-26T15:00:00+10:00,-33.8725,151.213333,co,ppm,0.2
7428,28686,Cook And Phillip-7428,2020-06-26T16:00:00+10:00,-33.8725,151.213333,co,ppm,0.2
7428,28686,Cook And Phillip-7428,2020-06-26T17:00:00+10:00,-33.8725,151.213333,co,ppm,0.1
7428,28686,Cook And Phillip-7428,2020-06-26T18:00:00+10:00,-33.8725,151.213333,co,ppm,0.1
7428,28686,Cook And Phillip-7428,2020-06-26T19:00:00+10:00,-33.8725,151.213333,co,ppm,0.2
7428,28686,Cook And Phillip-7428,2020-06-26T20:00:00+10:00,-33.8725,151.213333,co,ppm,0.2
7428,28686,Cook And Phillip-7428,2020-06-26T22:00:00+10:00,-33.8725,151.213333,co,ppm,0.2
7428,28686,Cook And Phillip-7428,2020-06-26T23:00:00+10:00,-33.8725,151.213333,co,ppm,0.2
7428,25544,Cook And Phillip-7428,2020-06-26T03:00:00+10:00,-33.8725,151.213333,so2,ppm,0.0
7428,25544,Cook And Phillip-7428,2020-06-26T05:00:00+10:00,-33.8725,151.213333,so2,ppm,0.0
7428,25544,Cook And Phillip-7428,2020-06-26T06:00:00+10:00,-33.8725,151.213333,so2,ppm,0.0
7428,25544,Cook And Phillip-7428,2020-06-26T09:00:00+10:00,-33.8725,151.213333,so2,ppm,0.001
7428,25544,Cook And Phillip-7428,2020-06-26T10:00:00+10:00,-33.8725,151.213333,so2,ppm,0.001
7428,25544,Cook And Phillip-7428,2020-06-26T11:00:00+10:00,-33.8725,151.213333,so2,ppm,0.0
7428,25544,Cook And Phillip-7428,2020-06-26T12:00:00+10:00,-33.8725,151.213333,so2,ppm,0.0
7428,25544,Cook And Phillip-7428,2020-06-26T13:00:00+10:00,-33.8725,151.213333,so2,ppm,0.0
7428,25544,Cook And Phillip-7428,2020-06-26T14:00:00+10:00,-33.8725,151.213333,so2,ppm,0.0
7428,25544,Cook And Phillip-7428,2020-06-26T15:00:00+10:00,-33.8725,151.213333,so2,ppm,0.0
7428,25544,Cook And Phillip-7428,2020-06-26T16:00:00+10:00,-33.8725,151.213333,so2,ppm,0.0
7428,25544,Cook And Phillip-7428,2020-06-26T17:00:00+10:00,-33.8725,151.213333,so2,ppm,0.0
7428,25544,Cook And Phillip-7428,2020-06-26T18:00:00+10:00,-33.8725,151.213333,so2,ppm,0.0
7428,25544,Cook And Phillip-7428,2020-06-26T19:00:00+10:00,-33.8725,151.213333,so2,ppm,0.0
7428,25544,Cook And Phillip-7428,2020-06-26T20:00:00+10:00,-33.8725,151.213333,so2,ppm,0.0
7428,25544,Cook And Phillip-7428,2020-06-26T22:00:00+10:00,-33.8725,151.213333,so2,ppm,0.0
7428,25544,Cook And Phillip-7428,2020-06-26T23:00:00+10:00,-33.8725,151.213333,so2,ppm,0.001
7428,25545,Cook And Phillip-7428,2020-06-26T02:00:00+10:00,-33.8725,151.213333,o3,ppm,0.002
7428,25545,Cook And Phillip-7428,2020-06-26T03:00:00+10:00,-33.8725,151.213333,o3,ppm,0.006
7428,25545,Cook And Phillip-7428,2020-06-26T05:00:00+10:00,-33.8725,151.213333,o3,ppm,0.008
7428,25545,Cook And Phillip-7428,2020-06-26T06:00:00+10:00,-33.8725,151.213333,o3,ppm,0.006
7428,25545,Cook And Phillip-7428,2020-06-26T09:00:00+10:00,-33.8725,151.213333,o3,ppm,0.0
7428,25545,Cook And Phillip-7428,2020-06-26T10:00:00+10:00,-33.8725,151.213333,o3,ppm,0.002
7428,25545,Cook And Phillip-7428,2020-06-26T11:00:00+10:00,-33.8725,151.213333,o3,ppm,0.004
7428,25545,Cook And Phillip-7428,2020-06-26T12:00:00+10:00,-33.8725,151.213333,o3,ppm,0.005
7428,25545,Cook And Phillip-7428,2020-06-26T13:00:00+10:00,-33.8725,151.213333,o3,ppm,0.013
7428,25545,Cook And Phillip-7428,2020-06-26T14:00:00+10:00,-33.8725,151.213333,o3,ppm,0.019
7428,25545,Cook And Phillip-7428,2020-06-26T15:00:00+10:00,-33.8725,151.213333,o3,ppm,0.02
7428,25545,Cook And Phillip-7428,2020-06-26T16:00:00+10:00,-33.8725,151.213333,o3,ppm,0.015
7428,25545,Cook And Phillip-7428,2020-06-26T17:00:00+10:00,-33.8725,151.213333,o3,ppm,0.008
7428,25545,Cook And Phillip-7428,2020-06-26T18:00:00+10:00,-33.8725,151.213333,o3,ppm,0.0
7428,25545,Cook And Phillip-7428,2020-06-26T19:00:00+10:00,-33.8725,151.213333,o3,ppm,0.0
7428,25545,Cook And Phillip-7428,2020-06-26T20:00:00+10:00,-33.8725,151.213333,o3,ppm,0.0
7428,25545,Cook And Phillip-7428,2020-06-26T22:00:00+10:00,-33.8725,151.213333,o3,ppm,0.001
7428,25545,Cook And Phillip-7428,2020-06-26T23:00:00+10:00,-33.8725,151.213333,o3,ppm,0.0
7428,21615,Cook And Phillip-7428,2020-06-27T01:00:00+10:00,-33.8725,151.213333,pm10,µg/m³,22.6
7428,21615,Cook And Phillip-7428,2020-06-27T02:00:00+10:00,-33.8725,151.213333,pm10,µg/m³,16.6
7428,21615,Cook And Phillip-7428,2020-06-27T03:00:00+10:00,-33.8725,151.213333,pm10,µg/m³,15.0
7428,21615,Cook And Phillip-7428,2020-06-27T04:00:00+10:00,-33.8725,151.213333,pm10,µg/m³,12.4
7428,21615,Cook And Phillip-7428,2020-06-27T05:00:00+10:00,-33.8725,151.213333,pm10,µg/m³,11.7
7428,21615,Cook And Phillip-7428,2020-06-27T06:00:00+10:00,-33.8725,151.213333,pm10,µg/m³,12.6
7428,21615,Cook And Phillip-7428,2020-06-27T07:00:00+10:00,-33.8725,151.213333,pm10,µg/m³,11.7
7428,21615,Cook And Phillip-7428,2020-06-27T09:00:00+10:00,-33.8725,151.213333,pm10,µg/m³,12.0
7428,21615,Cook And Phillip-7428,2020-06-27T10:00:00+10:00,-33.8725,151.213333,pm10,µg/m³,15.9
7428,21615,Cook And Phillip-7428,2020-06-27T12:00:00+10:00,-33.8725,151.213333,pm10,µg/m³,16.6
7428,21615,Cook And Phillip-7428,2020-06-27T13:00:00+10:00,-33.8725,151.213333,pm10,µg/m³,16.7
7428,21615,Cook And Phillip-7428,2020-06-27T14:00:00+10:00,-33.8725,151.213333,pm10,µg/m³,11.2
7428,21615,Cook And Phillip-7428,2020-06-27T15:00:00+10:00,-33.8725,151.213333,pm10,µg/m³,14.3
7428,21615,Cook And Phillip-7428,2020-06-27T16:00:00+10:00,-33.8725,151.213333,pm10,µg/m³,13.0
7428,21615,Cook And Phillip-7428,2020-06-27T17:00:00+10:00,-33.8725,151.213333,pm10,µg/m³,9.7
7428,21615,Cook And Phillip-7428,2020-06-27T18:00:00+10:00,-33.8725,151.213333,pm10,µg/m³,8.1
7428,21615,Cook And Phillip-7428,2020-06-27T19:00:00+10:00,-33.8725,151.213333,pm10,µg/m³,11.1
7428,21615,Cook And Phillip-7428,2020-06-27T20:00:00+10:00,-33.8725,151.213333,pm10,µg/m³,10.1
7428,21615,Cook And Phillip-7428,2020-06-27T21:00:00+10:00,-33.8725,151.213333,pm10,µg/m³,13.7
7428,21615,Cook And Phillip-7428,2020-06-27T22:00:00+10:00,-33.8725,151.213333,pm10,µg/m³,12.0
7428,21614,Cook And Phillip-7428,2020-06-27T01:00:00+10:00,-33.8725,151.213333,pm25,µg/m³,15.0
7428,21614,Cook And Phillip-7428,2020-06-27T02:00:00+10:00,-33.8725,151.213333,pm25,µg/m³,11.2
7428,21614,Cook And Phillip-7428,2020-06-27T03:00:00+10:00,-33.8725,151.213333,pm25,µg/m³,9.9
7428,21614,Cook And Phillip-7428,2020-06-27T04:00:00+10:00,-33.8725,151.213333,pm25,µg/m³,6.6
7428,21614,Cook And Phillip-7428,2020-06-27T05:00:00+10:00,-33.8725,151.213333,pm25,µg/m³,6.1
7428,21614,Cook And Phillip-7428,2020-06-27T06:00:00+10:00,-33.8725,151.213333,pm25,µg/m³,8.5
7428,21614,Cook And Phillip-7428,2020-06-27T07:00:00+10:00,-33.8725,151.213333,pm25,µg/m³,7.7
7428,21614,Cook And Phillip-7428,2020-06-27T09:00:00+10:00,-33.8725,151.213333,pm25,µg/m³,6.2
7428,21614,Cook And Phillip-7428,2020-06-27T10:00:00+10:00,-33.8725,151.213333,pm25,µg/m³,8.5
7428,21614,Cook And Phillip-7428,2020-06-27T12:00:00+10:00,-33.8725,151.213333,pm25,µg/m³,5.8
7428,21614,Cook And Phillip-7428,2020-06-27T13:00:00+10:00,-33.8725,151.213333,pm25,µg/m³,6.3
7428,21614,Cook And Phillip-7428,2020-06-27T14:00:00+10:00,-33.8725,151.213333,pm25,µg/m³,4.3
7428,21614,Cook And Phillip-7428,2020-06-27T15:00:00+10:00,-33.8725,151.213333,pm25,µg/m³,8.5
7428,21614,Cook And Phillip-7428,2020-06-27T16:00:00+10:00,-33.8725,151.213333,pm25,µg/m³,6.7
7428,21614,Cook And Phillip-7428,2020-06-27T17:00:00+10:00,-33.8725,151.213333,pm25,µg/m³,4.4
7428,21614,Cook And Phillip-7428,2020-06-27T18:00:00+10:00,-33.8725,151.213333,pm25,µg/m³,2.2
7428,21614,Cook And Phillip-7428,2020-06-27T19:00:00+10:00,-33.8725,151.213333,pm25,µg/m³,5.0
7428,21614,Cook And Phillip-7428,2020-06-27T20:00:00+10:00,-33.8725,151.213333,pm25,µg/m³,5.2
7428,21614,Cook And Phillip-7428,2020-06-27T21:00:00+10:00,-33.8725,151.213333,pm25,µg/m³,8.9
7428,21614,Cook And Phillip-7428,2020-06-27T22:00:00+10:00,-33.8725,151.213333,pm25,µg/m³,6.7
7428,25546,Cook And Phillip-7428,2020-06-27T01:00:00+10:00,-33.8725,151.213333,no2,ppm,0.026
7428,25546,Cook And Phillip-7428,2020-06-27T03:00:00+10:00,-33.8725,151.213333,no2,ppm,0.019
7428,25546,Cook And Phillip-7428,2020-06-27T04:00:00+10:00,-33.8725,151.213333,no2,ppm,0.019
7428,25546,Cook And Phillip-7428,2020-06-27T05:00:00+10:00,-33.8725,151.213333,no2,ppm,0.018
7428,25546,Cook And Phillip-7428,2020-06-27T06:00:00+10:00,-33.8725,151.213333,no2,ppm,0.019
7428,25546,Cook And Phillip-7428,2020-06-27T07:00:00+10:00,-33.8725,151.213333,no2,ppm,0.019
7428,25546,Cook And Phillip-7428,2020-06-27T09:00:00+10:00,-33.8725,151.213333,no2,ppm,0.021
7428,25546,Cook And Phillip-7428,2020-06-27T10:00:00+10:00,-33.8725,151.213333,no2,ppm,0.019
7428,25546,Cook And Phillip-7428,2020-06-27T12:00:00+10:00,-33.8725,151.213333,no2,ppm,0.018
7428,25546,Cook And Phillip-7428,2020-06-27T13:00:00+10:00,-33.8725,151.213333,no2,ppm,0.007
7428,25546,Cook And Phillip-7428,2020-06-27T14:00:00+10:00,-33.8725,151.213333,no2,ppm,0.005
7428,25546,Cook And Phillip-7428,2020-06-27T15:00:00+10:00,-33.8725,151.213333,no2,ppm,0.006
7428,25546,Cook And Phillip-7428,2020-06-27T16:00:00+10:00,-33.8725,151.213333,no2,ppm,0.009
7428,25546,Cook And Phillip-7428,2020-06-27T17:00:00+10:00,-33.8725,151.213333,no2,ppm,0.009
7428,25546,Cook And Phillip-7428,2020-06-27T18:00:00+10:00,-33.8725,151.213333,no2,ppm,0.017
7428,25546,Cook And Phillip-7428,2020-06-27T19:00:00+10:00,-33.8725,151.213333,no2,ppm,0.018
7428,25546,Cook And Phillip-7428,2020-06-27T20:00:00+10:00,-33.8725,151.213333,no2,ppm,0.017
7428,25546,Cook And Phillip-7428,2020-06-27T21:00:00+10:00,-33.8725,151.213333,no2,ppm,0.014
7428,25546,Cook And Phillip-7428,2020-06-27T22:00:00+10:00,-33.8725,151.213333,no2,ppm,0.02
7428,28686,Cook And Phillip-7428,2020-06-27T01:00:00+10:00,-33.8725,151.213333,co,ppm,0.3
7428,28686,Cook And Phillip-7428,2020-06-27T02:00:00+10:00,-33.8725,151.213333,co,ppm,0.4
7428,28686,Cook And Phillip-7428,2020-06-27T03:00:00+10:00,-33.8725,151.213333,co,ppm,0.4
7428,28686,Cook And Phillip-7428,2020-06-27T04:00:00+10:00,-33.8725,151.213333,co,ppm,0.3
7428,28686,Cook And Phillip-7428,2020-06-27T05:00:00+10:00,-33.8725,151.213333,co,ppm,0.3
7428,28686,Cook And Phillip-7428,2020-06-27T06:00:00+10:00,-33.8725,151.213333,co,ppm,0.3
7428,28686,Cook And Phillip-7428,2020-06-27T07:00:00+10:00,-33.8725,151.213333,co,ppm,0.2
7428,28686,Cook And Phillip-7428,2020-06-27T09:00:00+10:00,-33.8725,151.213333,co,ppm,0.1
7428,28686,Cook And Phillip-7428,2020-06-27T10:00:00+10:00,-33.8725,151.213333,co,ppm,0.1
7428,28686,Cook And Phillip-7428,2020-06-27T12:00:00+10:00,-33.8725,151.213333,co,ppm,0.1
7428,28686,Cook And Phillip-7428,2020-06-27T13:00:00+10:00,-33.8725,151.213333,co,ppm,0.1
7428,28686,Cook And Phillip-7428,2020-06-27T14:00:00+10:00,-33.8725,151.213333,co,ppm,0.1
7428,28686,Cook And Phillip-7428,2020-06-27T15:00:00+10:00,-33.8725,151.213333,co,ppm,0.1
7428,28686,Cook And Phillip-7428,2020-06-27T16:00:00+10:00,-33.8725,151.213333,co,ppm,0.1
7428,28686,Cook And Phillip-7428,2020-06-27T17:00:00+10:00,-33.8725,151.213333,co,ppm,0.0
7428,28686,Cook And Phillip-7428,2020-06-27T18:00:00+10:00,-33.8725,151.213333,co,ppm,0.0
7428,28686,Cook And Phillip-7428,2020-06-27T19:00:00+10:00,-33.8725,151.213333,co,ppm,0.0
7428,28686,Cook And Phillip-7428,2020-06-27T20:00:00+10:00,-33.8725,151.213333,co,ppm,0.0
7428,28686,Cook And Phillip-7428,2020-06-27T21:00:00+10:00,-33.8725,151.213333,co,ppm,0.0
7428,28686,Cook And Phillip-7428,2020-06-27T22:00:00+10:00,-33.8725,151.213333,co,ppm,0.0
7428,25544,Cook And Phillip-7428,2020-06-27T01:00:00+10:00,-33.8725,151.213333,so2,ppm,0.0
7428,25544,Cook And Phillip-7428,2020-06-27T03:00:00+10:00,-33.8725,151.213333,so2,ppm,0.001
7428,25544,Cook And Phillip-7428,2020-06-27T04:00:00+10:00,-33.8725,151.213333,so2,ppm,0.0
7428,25544,Cook And Phillip-7428,2020-06-27T05:00:00+10:00,-33.8725,151.213333,so2,ppm,0.0
7428,25544,Cook And Phillip-7428,2020-06-27T06:00:00+10:00,-33.8725,151.213333,so2,ppm,0.0
7428,25544,Cook And Phillip-7428,2020-06-27T07:00:00+10:00,-33.8725,151.213333,so2,ppm,0.0
7428,25544,Cook And Phillip-7428,2020-06-27T09:00:00+10:00,-33.8725,151.213333,so2,ppm,0.0
7428,25544,Cook And Phillip-7428,2020-06-27T10:00:00+10:00,-33.8725,151.213333,so2,ppm,0.0
7428,25544,Cook And Phillip-7428,2020-06-27T12:00:00+10:00,-33.8725,151.213333,so2,ppm,0.001
7428,25544,Cook And Phillip-7428,2020-06-27T13:00:00+10:00,-33.8725,151.213333,so2,ppm,0.0
7428,25544,Cook And Phillip-7428,2020-06-27T14:00:00+10:00,-33.8725,151.213333,so2,ppm,0.0
7428,25544,Cook And Phillip-7428,2020-06-27T15:00:00+10:00,-33.8725,151.213333,so2,ppm,0.0
7428,25544,Cook And Phillip-7428,2020-06-27T16:00:00+10:00,-33.8725,151.213333,so2,ppm,0.0
7428,25544,Cook And Phillip-7428,2020-06-27T17:00:00+10:00,-33.8725,151.213333,so2,ppm,0.0
7428,25544,Cook And Phillip-7428,2020-06-27T18:00:00+10:00,-33.8725,151.213333,so2,ppm,0.0
7428,25544,Cook And Phillip-7428,2020-06-27T19:00:00+10:00,-33.8725,151.213333,so2,ppm,0.0
7428,25544,Cook And Phillip-7428,2020-06-27T20:00:00+10:00,-33.8725,151.213333,so2,ppm,0.0
7428,25544,Cook And Phillip-7428,2020-06-27T21:00:00+10:00,-33.8725,151.213333,so2,ppm,0.0
7428,25544,Cook And Phillip-7428,2020-06-27T22:00:00+10:00,-33.8725,151.213333,so2,ppm,0.0
7428,25545,Cook And Phillip-7428,2020-06-27T01:00:00+10:00,-33.8725,151.213333,o3,ppm,0.0
7428,25545,Cook And Phillip-7428,2020-06-27T02:00:00+10:00,-33.8725,151.213333,o3,ppm,0.0
7428,25545,Cook And Phillip-7428,2020-06-27T03:00:00+10:00,-33.8725,151.213333,o3,ppm,0.0
7428,25545,Cook And Phillip-7428,2020-06-27T04:00:00+10:00,-33.8725,151.213333,o3,ppm,0.0
7428,25545,Cook And Phillip-7428,2020-06-27T05:00:00+10:00,-33.8725,151.213333,o3,ppm,0.001
7428,25545,Cook And Phillip-7428,2020-06-27T06:00:00+10:00,-33.8725,151.213333,o3,ppm,0.0
7428,25545,Cook And Phillip-7428,2020-06-27T07:00:00+10:00,-33.8725,151.213333,o3,ppm,0.0
7428,25545,Cook And Phillip-7428,2020-06-27T09:00:00+10:00,-33.8725,151.213333,o3,ppm,0.001
7428,25545,Cook And Phillip-7428,2020-06-27T10:00:00+10:00,-33.8725,151.213333,o3,ppm,0.004
7428,25545,Cook And Phillip-7428,2020-06-27T12:00:00+10:00,-33.8725,151.213333,o3,ppm,0.009
7428,25545,Cook And Phillip-7428,2020-06-27T13:00:00+10:00,-33.8725,151.213333,o3,ppm,0.021
7428,25545,Cook And Phillip-7428,2020-06-27T14:00:00+10:00,-33.8725,151.213333,o3,ppm,0.023
7428,25545,Cook And Phillip-7428,2020-06-27T15:00:00+10:00,-33.8725,151.213333,o3,ppm,0.022
7428,25545,Cook And Phillip-7428,2020-06-27T16:00:00+10:00,-33.8725,151.213333,o3,ppm,0.02
7428,25545,Cook And Phillip-7428,2020-06-27T17:00:00+10:00,-33.8725,151.213333,o3,ppm,0.018
7428,25545,Cook And Phillip-7428,2020-06-27T18:00:00+10:00,-33.8725,151.213333,o3,ppm,0.011
7428,25545,Cook And Phillip-7428,2020-06-27T19:00:00+10:00,-33.8725,151.213333,o3,ppm,0.011
7428,25545,Cook And Phillip-7428,2020-06-27T20:00:00+10:00,-33.8725,151.213333,o3,ppm,0.013
7428,25545,Cook And Phillip-7428,2020-06-27T21:00:00+10:00,-33.8725,151.213333,o3,ppm,0.014
7428,25545,Cook And Phillip-7428,2020-06-27T22:00:00+10:00,-33.8725,151.213333,o3,ppm,0.007
7428,21615,Cook And Phillip-7428,2020-06-28T01:00:00+10:00,-33.8725,151.213333,pm10,µg/m³,21.0
7428,21615,Cook And Phillip-7428,2020-06-28T03:00:00+10:00,-33.8725,151.213333,pm10,µg/m³,17.6
7428,21615,Cook And Phillip-7428,2020-06-28T04:00:00+10:00,-33.8725,151.213333,pm10,µg/m³,13.0
7428,21615,Cook And Phillip-7428,2020-06-28T06:00:00+10:00,-33.8725,151.213333,pm10,µg/m³,10.6
7428,21615,Cook And Phillip-7428,2020-06-28T07:00:00+10:00,-33.8725,151.213333,pm10,µg/m³,9.2
7428,21615,Cook And Phillip-7428,2020-06-28T08:00:00+10:00,-33.8725,151.213333,pm10,µg/m³,7.3
7428,21615,Cook And Phillip-7428,2020-06-28T10:00:00+10:00,-33.8725,151.213333,pm10,µg/m³,8.2
7428,21615,Cook And Phillip-7428,2020-06-28T11:00:00+10:00,-33.8725,151.213333,pm10,µg/m³,9.5
7428,21615,Cook And Phillip-7428,2020-06-28T12:00:00+10:00,-33.8725,151.213333,pm10,µg/m³,11.6
7428,21615,Cook And Phillip-7428,2020-06-28T13:00:00+10:00,-33.8725,151.213333,pm10,µg/m³,11.6
7428,21615,Cook And Phillip-7428,2020-06-28T14:00:00+10:00,-33.8725,151.213333,pm10,µg/m³,10.1
7428,21615,Cook And Phillip-7428,2020-06-28T15:00:00+10:00,-33.8725,151.213333,pm10,µg/m³,9.4
7428,21615,Cook And Phillip-7428,2020-06-28T16:00:00+10:00,-33.8725,151.213333,pm10,µg/m³,7.9
7428,21615,Cook And Phillip-7428,2020-06-28T17:00:00+10:00,-33.8725,151.213333,pm10,µg/m³,10.9
7428,21615,Cook And Phillip-7428,2020-06-28T18:00:00+10:00,-33.8725,151.213333,pm10,µg/m³,11.8
7428,21615,Cook And Phillip-7428,2020-06-28T19:00:00+10:00,-33.8725,151.213333,pm10,µg/m³,8.1
7428,21615,Cook And Phillip-7428,2020-06-28T20:00:00+10:00,-33.8725,151.213333,pm10,µg/m³,5.8
7428,21615,Cook And Phillip-7428,2020-06-28T21:00:00+10:00,-33.8725,151.213333,pm10,µg/m³,4.4
7428,21615,Cook And Phillip-7428,2020-06-28T23:00:00+10:00,-33.8725,151.213333,pm10,µg/m³,16.1
7428,21614,Cook And Phillip-7428,2020-06-28T01:00:00+10:00,-33.8725,151.213333,pm25,µg/m³,15.0
7428,21614,Cook And Phillip-7428,2020-06-28T03:00:00+10:00,-33.8725,151.213333,pm25,µg/m³,13.0
7428,21614,Cook And Phillip-7428,2020-06-28T04:00:00+10:00,-33.8725,151.213333,pm25,µg/m³,9.1
7428,21614,Cook And Phillip-7428,2020-06-28T06:00:00+10:00,-33.8725,151.213333,pm25,µg/m³,7.8
7428,21614,Cook And Phillip-7428,2020-06-28T07:00:00+10:00,-33.8725,151.213333,pm25,µg/m³,6.1
7428,21614,Cook And Phillip-7428,2020-06-28T08:00:00+10:00,-33.8725,151.213333,pm25,µg/m³,3.7
7428,21614,Cook And Phillip-7428,2020-06-28T10:00:00+10:00,-33.8725,151.213333,pm25,µg/m³,4.3
7428,21614,Cook And Phillip-7428,2020-06-28T11:00:00+10:00,-33.8725,151.213333,pm25,µg/m³,5.1
7428,21614,Cook And Phillip-7428,2020-06-28T12:00:00+10:00,-33.8725,151.213333,pm25,µg/m³,6.6
7428,21614,Cook And Phillip-7428,2020-06-28T13:00:00+10:00,-33.8725,151.213333,pm25,µg/m³,5.0
7428,21614,Cook And Phillip-7428,2020-06-28T14:00:00+10:00,-33.8725,151.213333,pm25,µg/m³,3.0
7428,21614,Cook And Phillip-7428,2020-06-28T15:00:00+10:00,-33.8725,151.213333,pm25,µg/m³,3.0
7428,21614,Cook And Phillip-7428,2020-06-28T16:00:00+10:00,-33.8725,151.213333,pm25,µg/m³,2.0
7428,21614,Cook And Phillip-7428,2020-06-28T17:00:00+10:00,-33.8725,151.213333,pm25,µg/m³,5.0
7428,21614,Cook And Phillip-7428,2020-06-28T18:00:00+10:00,-33.8725,151.213333,pm25,µg/m³,8.0
7428,21614,Cook And Phillip-7428,2020-06-28T19:00:00+10:00,-33.8725,151.213333,pm25,µg/m³,5.1
7428,21614,Cook And Phillip-7428,2020-06-28T20:00:00+10:00,-33.8725,151.213333,pm25,µg/m³,1.8
7428,21614,Cook And Phillip-7428,2020-06-28T21:00:00+10:00,-33.8725,151.213333,pm25,µg/m³,1.1
7428,21614,Cook And Phillip-7428,2020-06-28T23:00:00+10:00,-33.8725,151.213333,pm25,µg/m³,14.5
7428,25546,Cook And Phillip-7428,2020-06-28T01:00:00+10:00,-33.8725,151.213333,no2,ppm,0.02
7428,25546,Cook And Phillip-7428,2020-06-28T03:00:00+10:00,-33.8725,151.213333,no2,ppm,0.014
7428,25546,Cook And Phillip-7428,2020-06-28T04:00:00+10:00,-33.8725,151.213333,no2,ppm,0.012
7428,25546,Cook And Phillip-7428,2020-06-28T06:00:00+10:00,-33.8725,151.213333,no2,ppm,0.01
7428,25546,Cook And Phillip-7428,2020-06-28T07:00:00+10:00,-33.8725,151.213333,no2,ppm,0.013
7428,25546,Cook And Phillip-7428,2020-06-28T08:00:00+10:00,-33.8725,151.213333,no2,ppm,0.014
7428,25546,Cook And Phillip-7428,2020-06-28T10:00:00+10:00,-33.8725,151.213333,no2,ppm,0.014
7428,25546,Cook And Phillip-7428,2020-06-28T11:00:00+10:00,-33.8725,151.213333,no2,ppm,0.015
7428,25546,Cook And Phillip-7428,2020-06-28T12:00:00+10:00,-33.8725,151.213333,no2,ppm,0.015
7428,25546,Cook And Phillip-7428,2020-06-28T13:00:00+10:00,-33.8725,151.213333,no2,ppm,0.006
7428,25546,Cook And Phillip-7428,2020-06-28T14:00:00+10:00,-33.8725,151.213333,no2,ppm,0.004
7428,25546,Cook And Phillip-7428,2020-06-28T15:00:00+10:00,-33.8725,151.213333,no2,ppm,0.006
7428,25546,Cook And Phillip-7428,2020-06-28T16:00:00+10:00,-33.8725,151.213333,no2,ppm,0.007
7428,25546,Cook And Phillip-7428,2020-06-28T17:00:00+10:00,-33.8725,151.213333,no2,ppm,0.01
7428,25546,Cook And Phillip-7428,2020-06-28T18:00:00+10:00,-33.8725,151.213333,no2,ppm,0.012
7428,25546,Cook And Phillip-7428,2020-06-28T19:00:00+10:00,-33.8725,151.213333,no2,ppm,0.016
7428,25546,Cook And Phillip-7428,2020-06-28T20:00:00+10:00,-33.8725,151.213333,no2,ppm,0.01
7428,25546,Cook And Phillip-7428,2020-06-28T21:00:00+10:00,-33.8725,151.213333,no2,ppm,0.013
7428,25546,Cook And Phillip-7428,2020-06-28T23:00:00+10:00,-33.8725,151.213333,no2,ppm,0.017
7428,28686,Cook And Phillip-7428,2020-06-28T01:00:00+10:00,-33.8725,151.213333,co,ppm,0.1
7428,28686,Cook And Phillip-7428,2020-06-28T03:00:00+10:00,-33.8725,151.213333,co,ppm,0.1
7428,28686,Cook And Phillip-7428,2020-06-28T04:00:00+10:00,-33.8725,151.213333,co,ppm,0.2
7428,28686,Cook And Phillip-7428,2020-06-28T06:00:00+10:00,-33.8725,151.213333,co,ppm,0.1
7428,28686,Cook And Phillip-7428,2020-06-28T07:00:00+10:00,-33.8725,151.213333,co,ppm,0.1
7428,28686,Cook And Phillip-7428,2020-06-28T08:00:00+10:00,-33.8725,151.213333,co,ppm,0.1
7428,28686,Cook And Phillip-7428,2020-06-28T10:00:00+10:00,-33.8725,151.213333,co,ppm,0.1
7428,28686,Cook And Phillip-7428,2020-06-28T11:00:00+10:00,-33.8725,151.213333,co,ppm,0.1
7428,28686,Cook And Phillip-7428,2020-06-28T12:00:00+10:00,-33.8725,151.213333,co,ppm,0.1
7428,28686,Cook And Phillip-7428,2020-06-28T13:00:00+10:00,-33.8725,151.213333,co,ppm,0.1
7428,28686,Cook And Phillip-7428,2020-06-28T14:00:00+10:00,-33.8725,151.213333,co,ppm,0.1
7428,28686,Cook And Phillip-7428,2020-06-28T15:00:00+10:00,-33.8725,151.213333,co,ppm,0.0
7428,28686,Cook And Phillip-7428,2020-06-28T16:00:00+10:00,-33.8725,151.213333,co,ppm,0.0
7428,28686,Cook And Phillip-7428,2020-06-28T17:00:00+10:00,-33.8725,151.213333,co,ppm,0.0
7428,28686,Cook And Phillip-7428,2020-06-28T18:00:00+10:00,-33.8725,151.213333,co,ppm,0.0
7428,28686,Cook And Phillip-7428,2020-06-28T19:00:00+10:00,-33.8725,151.213333,co,ppm,0.0
7428,28686,Cook And Phillip-7428,2020-06-28T20:00:00+10:00,-33.8725,151.213333,co,ppm,0.0
7428,28686,Cook And Phillip-7428,2020-06-28T21:00:00+10:00,-33.8725,151.213333,co,ppm,0.0
7428,28686,Cook And Phillip-7428,2020-06-28T23:00:00+10:00,-33.8725,151.213333,co,ppm,0.0
7428,25544,Cook And Phillip-7428,2020-06-28T01:00:00+10:00,-33.8725,151.213333,so2,ppm,0.0
7428,25544,Cook And Phillip-7428,2020-06-28T03:00:00+10:00,-33.8725,151.213333,so2,ppm,0.0
7428,25544,Cook And Phillip-7428,2020-06-28T04:00:00+10:00,-33.8725,151.213333,so2,ppm,0.0
7428,25544,Cook And Phillip-7428,2020-06-28T06:00:00+10:00,-33.8725,151.213333,so2,ppm,0.0
7428,25544,Cook And Phillip-7428,2020-06-28T07:00:00+10:00,-33.8725,151.213333,so2,ppm,0.0
7428,25544,Cook And Phillip-7428,2020-06-28T08:00:00+10:00,-33.8725,151.213333,so2,ppm,0.0
7428,25544,Cook And Phillip-7428,2020-06-28T10:00:00+10:00,-33.8725,151.213333,so2,ppm,0.0
7428,25544,Cook And Phillip-7428,2020-06-28T11:00:00+10:00,-33.8725,151.213333,so2,ppm,0.0
7428,25544,Cook And Phillip-7428,2020-06-28T12:00:00+10:00,-33.8725,151.213333,so2,ppm,0.0
7428,25544,Cook And Phillip-7428,2020-06-28T13:00:00+10:00,-33.8725,151.213333,so2,ppm,0.0
7428,25544,Cook And Phillip-7428,2020-06-28T14:00:00+10:00,-33.8725,151.213333,so2,ppm,0.0
7428,25544,Cook And Phillip-7428,2020-06-28T15:00:00+10:00,-33.8725,151.213333,so2,ppm,0.0
7428,25544,Cook And Phillip-7428,2020-06-28T16:00:00+10:00,-33.8725,151.213333,so2,ppm,0.0
7428,25544,Cook And Phillip-7428,2020-06-28T17:00:00+10:00,-33.8725,151.213333,so2,ppm,0.0
7428,25544,Cook And Phillip-7428,2020-06-28T18:00:00+10:00,-33.8725,151.213333,so2,ppm,0.0
7428,25544,Cook And Phillip-7428,2020-06-28T19:00:00+10:00,-33.8725,151.213333,so2,ppm,0.0
7428,25544,Cook And Phillip-7428,2020-06-28T20:00:00+10:00,-33.8725,151.213333,so2,ppm,0.0
7428,25544,Cook And Phillip-7428,2020-06-28T21:00:00+10:00,-33.8725,151.213333,so2,ppm,0.0
7428,25544,Cook And Phillip-7428,2020-06-28T23:00:00+10:00,-33.8725,151.213333,so2,ppm,0.0
7428,25545,Cook And Phillip-7428,2020-06-28T01:00:00+10:00,-33.8725,151.213333,o3,ppm,0.003
7428,25545,Cook And Phillip-7428,2020-06-28T03:00:00+10:00,-33.8725,151.213333,o3,ppm,0.005
7428,25545,Cook And Phillip-7428,2020-06-28T04:00:00+10:00,-33.8725,151.213333,o3,ppm,0.009
7428,25545,Cook And Phillip-7428,2020-06-28T06:00:00+10:00,-33.8725,151.213333,o3,ppm,0.009
7428,25545,Cook And Phillip-7428,2020-06-28T07:00:00+10:00,-33.8725,151.213333,o3,ppm,0.007
7428,25545,Cook And Phillip-7428,2020-06-28T08:00:00+10:00,-33.8725,151.213333,o3,ppm,0.006
7428,25545,Cook And Phillip-7428,2020-06-28T10:00:00+10:00,-33.8725,151.213333,o3,ppm,0.007
7428,25545,Cook And Phillip-7428,2020-06-28T11:00:00+10:00,-33.8725,151.213333,o3,ppm,0.007
7428,25545,Cook And Phillip-7428,2020-06-28T12:00:00+10:00,-33.8725,151.213333,o3,ppm,0.009
7428,25545,Cook And Phillip-7428,2020-06-28T13:00:00+10:00,-33.8725,151.213333,o3,ppm,0.022
7428,25545,Cook And Phillip-7428,2020-06-28T14:00:00+10:00,-33.8725,151.213333,o3,ppm,0.023
7428,25545,Cook And Phillip-7428,2020-06-28T15:00:00+10:00,-33.8725,151.213333,o3,ppm,0.022
7428,25545,Cook And Phillip-7428,2020-06-28T16:00:00+10:00,-33.8725,151.213333,o3,ppm,0.02
7428,25545,Cook And Phillip-7428,2020-06-28T17:00:00+10:00,-33.8725,151.213333,o3,ppm,0.017
7428,25545,Cook And Phillip-7428,2020-06-28T18:00:00+10:00,-33.8725,151.213333,o3,ppm,0.014
7428,25545,Cook And Phillip-7428,2020-06-28T19:00:00+10:00,-33.8725,151.213333,o3,ppm,0.01
7428,25545,Cook And Phillip-7428,2020-06-28T20:00:00+10:00,-33.8725,151.213333,o3,ppm,0.017
7428,25545,Cook And Phillip-7428,2020-06-28T21:00:00+10:00,-33.8725,151.213333,o3,ppm,0.014
7428,25545,Cook And Phillip-7428,2020-06-28T23:00:00+10:00,-33.8725,151.213333,o3,ppm,0.008
7428,21615,Cook And Phillip-7428,2020-06-29T01:00:00+10:00,-33.8725,151.213333,pm10,µg/m³,1.6
7428,21615,Cook And Phillip-7428,2020-06-29T02:00:00+10:00,-33.8725,151.213333,pm10,µg/m³,4.5
7428,21615,Cook And Phillip-7428,2020-06-29T03:00:00+10:00,-33.8725,151.213333,pm10,µg/m³,7.3
7428,21615,Cook And Phillip-7428,2020-06-29T04:00:00+10:00,-33.8725,151.213333,pm10,µg/m³,10.1
7428,21615,Cook And Phillip-7428,2020-06-29T05:00:00+10:00,-33.8725,151.213333,pm10,µg/m³,7.2
7428,21615,Cook And Phillip-7428,2020-06-29T06:00:00+10:00,-33.8725,151.213333,pm10,µg/m³,0.0
7428,21615,Cook And Phillip-7428,2020-06-29T07:00:00+10:00,-33.8725,151.213333,pm10,µg/m³,12.3
7428,21615,Cook And Phillip-7428,2020-06-29T09:00:00+10:00,-33.8725,151.213333,pm10,µg/m³,10.2
7428,21615,Cook And Phillip-7428,2020-06-29T10:00:00+10:00,-33.8725,151.213333,pm10,µg/m³,12.7
7428,21615,Cook And Phillip-7428,2020-06-29T11:00:00+10:00,-33.8725,151.213333,pm10,µg/m³,18.1
7428,21615,Cook And Phillip-7428,2020-06-29T12:00:00+10:00,-33.8725,151.213333,pm10,µg/m³,6.9
7428,21615,Cook And Phillip-7428,2020-06-29T13:00:00+10:00,-33.8725,151.213333,pm10,µg/m³,10.2
7428,21615,Cook And Phillip-7428,2020-06-29T14:00:00+10:00,-33.8725,151.213333,pm10,µg/m³,9.4
7428,21615,Cook And Phillip-7428,2020-06-29T16:00:00+10:00,-33.8725,151.213333,pm10,µg/m³,17.4
7428,21615,Cook And Phillip-7428,2020-06-29T17:00:00+10:00,-33.8725,151.213333,pm10,µg/m³,22.1
7428,21615,Cook And Phillip-7428,2020-06-29T18:00:00+10:00,-33.8725,151.213333,pm10,µg/m³,15.4
7428,21615,Cook And Phillip-7428,2020-06-29T19:00:00+10:00,-33.8725,151.213333,pm10,µg/m³,13.7
7428,21615,Cook And Phillip-7428,2020-06-29T20:00:00+10:00,-33.8725,151.213333,pm10,µg/m³,5.7
7428,21615,Cook And Phillip-7428,2020-06-29T22:00:00+10:00,-33.8725,151.213333,pm10,µg/m³,28.0
7428,21615,Cook And Phillip-7428,2020-06-29T23:00:00+10:00,-33.8725,151.213333,pm10,µg/m³,19.8
7428,21614,Cook And Phillip-7428,2020-06-29T01:00:00+10:00,-33.8725,151.213333,pm25,µg/m³,0.1
7428,21614,Cook And Phillip-7428,2020-06-29T02:00:00+10:00,-33.8725,151.213333,pm25,µg/m³,2.7
7428,21614,Cook And Phillip-7428,2020-06-29T03:00:00+10:00,-33.8725,151.213333,pm25,µg/m³,5.9
7428,21614,Cook And Phillip-7428,2020-06-29T04:00:00+10:00,-33.8725,151.213333,pm25,µg/m³,9.1
7428,21614,Cook And Phillip-7428,2020-06-29T05:00:00+10:00,-33.8725,151.213333,pm25,µg/m³,5.6
7428,21614,Cook And Phillip-7428,2020-06-29T06:00:00+10:00,-33.8725,151.213333,pm25,µg/m³,0.0
7428,21614,Cook And Phillip-7428,2020-06-29T07:00:00+10:00,-33.8725,151.213333,pm25,µg/m³,9.9
7428,21614,Cook And Phillip-7428,2020-06-29T09:00:00+10:00,-33.8725,151.213333,pm25,µg/m³,7.0
7428,21614,Cook And Phillip-7428,2020-06-29T10:00:00+10:00,-33.8725,151.213333,pm25,µg/m³,8.1
7428,21614,Cook And Phillip-7428,2020-06-29T11:00:00+10:00,-33.8725,151.213333,pm25,µg/m³,12.9
7428,21614,Cook And Phillip-7428,2020-06-29T12:00:00+10:00,-33.8725,151.213333,pm25,µg/m³,3.8
7428,21614,Cook And Phillip-7428,2020-06-29T13:00:00+10:00,-33.8725,151.213333,pm25,µg/m³,7.9
7428,21614,Cook And Phillip-7428,2020-06-29T14:00:00+10:00,-33.8725,151.213333,pm25,µg/m³,6.1
7428,21614,Cook And Phillip-7428,2020-06-29T16:00:00+10:00,-33.8725,151.213333,pm25,µg/m³,12.4
7428,21614,Cook And Phillip-7428,2020-06-29T17:00:00+10:00,-33.8725,151.213333,pm25,µg/m³,18.8
7428,21614,Cook And Phillip-7428,2020-06-29T18:00:00+10:00,-33.8725,151.213333,pm25,µg/m³,9.7
7428,21614,Cook And Phillip-7428,2020-06-29T19:00:00+10:00,-33.8725,151.213333,pm25,µg/m³,7.1
7428,21614,Cook And Phillip-7428,2020-06-29T20:00:00+10:00,-33.8725,151.213333,pm25,µg/m³,0.0
7428,21614,Cook And Phillip-7428,2020-06-29T22:00:00+10:00,-33.8725,151.213333,pm25,µg/m³,20.4
7428,21614,Cook And Phillip-7428,2020-06-29T23:00:00+10:00,-33.8725,151.213333,pm25,µg/m³,13.5
7428,25546,Cook And Phillip-7428,2020-06-29T01:00:00+10:00,-33.8725,151.213333,no2,ppm,0.018
7428,25546,Cook And Phillip-7428,2020-06-29T03:00:00+10:00,-33.8725,151.213333,no2,ppm,0.014
7428,25546,Cook And Phillip-7428,2020-06-29T04:00:00+10:00,-33.8725,151.213333,no2,ppm,0.017
7428,25546,Cook And Phillip-7428,2020-06-29T05:00:00+10:00,-33.8725,151.213333,no2,ppm,0.018
7428,25546,Cook And Phillip-7428,2020-06-29T06:00:00+10:00,-33.8725,151.213333,no2,ppm,0.02
7428,25546,Cook And Phillip-7428,2020-06-29T07:00:00+10:00,-33.8725,151.213333,no2,ppm,0.022
7428,25546,Cook And Phillip-7428,2020-06-29T09:00:00+10:00,-33.8725,151.213333,no2,ppm,0.03
7428,25546,Cook And Phillip-7428,2020-06-29T10:00:00+10:00,-33.8725,151.213333,no2,ppm,0.028
7428,25546,Cook And Phillip-7428,2020-06-29T11:00:00+10:00,-33.8725,151.213333,no2,ppm,0.021
7428,25546,Cook And Phillip-7428,2020-06-29T12:00:00+10:00,-33.8725,151.213333,no2,ppm,0.014
7428,25546,Cook And Phillip-7428,2020-06-29T13:00:00+10:00,-33.8725,151.213333,no2,ppm,0.012
7428,25546,Cook And Phillip-7428,2020-06-29T14:00:00+10:00,-33.8725,151.213333,no2,ppm,0.01
7428,25546,Cook And Phillip-7428,2020-06-29T16:00:00+10:00,-33.8725,151.213333,no2,ppm,0.016
7428,25546,Cook And Phillip-7428,2020-06-29T17:00:00+10:00,-33.8725,151.213333,no2,ppm,0.026
7428,25546,Cook And Phillip-7428,2020-06-29T18:00:00+10:00,-33.8725,151.213333,no2,ppm,0.03
7428,25546,Cook And Phillip-7428,2020-06-29T19:00:00+10:00,-33.8725,151.213333,no2,ppm,0.029
7428,25546,Cook And Phillip-7428,2020-06-29T20:00:00+10:00,-33.8725,151.213333,no2,ppm,0.028
7428,25546,Cook And Phillip-7428,2020-06-29T22:00:00+10:00,-33.8725,151.213333,no2,ppm,0.031
7428,25546,Cook And Phillip-7428,2020-06-29T23:00:00+10:00,-33.8725,151.213333,no2,ppm,0.026
7428,28686,Cook And Phillip-7428,2020-06-29T01:00:00+10:00,-33.8725,151.213333,co,ppm,0.0
7428,28686,Cook And Phillip-7428,2020-06-29T02:00:00+10:00,-33.8725,151.213333,co,ppm,0.0
7428,28686,Cook And Phillip-7428,2020-06-29T03:00:00+10:00,-33.8725,151.213333,co,ppm,0.1
7428,28686,Cook And Phillip-7428,2020-06-29T04:00:00+10:00,-33.8725,151.213333,co,ppm,0.1
7428,28686,Cook And Phillip-7428,2020-06-29T05:00:00+10:00,-33.8725,151.213333,co,ppm,0.1
7428,28686,Cook And Phillip-7428,2020-06-29T06:00:00+10:00,-33.8725,151.213333,co,ppm,0.1
7428,28686,Cook And Phillip-7428,2020-06-29T07:00:00+10:00,-33.8725,151.213333,co,ppm,0.1
7428,28686,Cook And Phillip-7428,2020-06-29T09:00:00+10:00,-33.8725,151.213333,co,ppm,0.2
7428,28686,Cook And Phillip-7428,2020-06-29T10:00:00+10:00,-33.8725,151.213333,co,ppm,0.2
7428,28686,Cook And Phillip-7428,2020-06-29T11:00:00+10:00,-33.8725,151.213333,co,ppm,0.2
7428,28686,Cook And Phillip-7428,2020-06-29T12:00:00+10:00,-33.8725,151.213333,co,ppm,0.2
7428,28686,Cook And Phillip-7428,2020-06-29T13:00:00+10:00,-33.8725,151.213333,co,ppm,0.2
7428,28686,Cook And Phillip-7428,2020-06-29T14:00:00+10:00,-33.8725,151.213333,co,ppm,0.2
7428,28686,Cook And Phillip-7428,2020-06-29T16:00:00+10:00,-33.8725,151.213333,co,ppm,0.1
7428,28686,Cook And Phillip-7428,2020-06-29T17:00:00+10:00,-33.8725,151.213333,co,ppm,0.1
7428,28686,Cook And Phillip-7428,2020-06-29T18:00:00+10:00,-33.8725,151.213333,co,ppm,0.1
7428,28686,Cook And Phillip-7428,2020-06-29T19:00:00+10:00,-33.8725,151.213333,co,ppm,0.1
7428,28686,Cook And Phillip-7428,2020-06-29T20:00:00+10:00,-33.8725,151.213333,co,ppm,0.1
7428,28686,Cook And Phillip-7428,2020-06-29T22:00:00+10:00,-33.8725,151.213333,co,ppm,0.2
7428,28686,Cook And Phillip-7428,2020-06-29T23:00:00+10:00,-33.8725,151.213333,co,ppm,0.3
7428,25544,Cook And Phillip-7428,2020-06-29T01:00:00+10:00,-33.8725,151.213333,so2,ppm,0.0
7428,25544,Cook And Phillip-7428,2020-06-29T03:00:00+10:00,-33.8725,151.213333,so2,ppm,0.0
7428,25544,Cook And Phillip-7428,2020-06-29T04:00:00+10:00,-33.8725,151.213333,so2,ppm,0.0
7428,25544,Cook And Phillip-7428,2020-06-29T05:00:00+10:00,-33.8725,151.213333,so2,ppm,0.0
7428,25544,Cook And Phillip-7428,2020-06-29T06:00:00+10:00,-33.8725,151.213333,so2,ppm,0.0
7428,25544,Cook And Phillip-7428,2020-06-29T07:00:00+10:00,-33.8725,151.213333,so2,ppm,0.0
7428,25544,Cook And Phillip-7428,2020-06-29T09:00:00+10:00,-33.8725,151.213333,so2,ppm,0.001
7428,25544,Cook And Phillip-7428,2020-06-29T10:00:00+10:00,-33.8725,151.213333,so2,ppm,0.001
7428,25544,Cook And Phillip-7428,2020-06-29T11:00:00+10:00,-33.8725,151.213333,so2,ppm,0.001
7428,25544,Cook And Phillip-7428,2020-06-29T12:00:00+10:00,-33.8725,151.213333,so2,ppm,0.0
7428,25544,Cook And Phillip-7428,2020-06-29T13:00:00+10:00,-33.8725,151.213333,so2,ppm,0.0
7428,25544,Cook And Phillip-7428,2020-06-29T14:00:00+10:00,-33.8725,151.213333,so2,ppm,0.0
7428,25544,Cook And Phillip-7428,2020-06-29T16:00:00+10:00,-33.8725,151.213333,so2,ppm,0.0
7428,25544,Cook And Phillip-7428,2020-06-29T17:00:00+10:00,-33.8725,151.213333,so2,ppm,0.0
7428,25544,Cook And Phillip-7428,2020-06-29T18:00:00+10:00,-33.8725,151.213333,so2,ppm,0.001
7428,25544,Cook And Phillip-7428,2020-06-29T19:00:00+10:00,-33.8725,151.213333,so2,ppm,0.001
7428,25544,Cook And Phillip-7428,2020-06-29T20:00:00+10:00,-33.8725,151.213333,so2,ppm,0.001
7428,25544,Cook And Phillip-7428,2020-06-29T22:00:00+10:00,-33.8725,151.213333,so2,ppm,0.001
7428,25544,Cook And Phillip-7428,2020-06-29T23:00:00+10:00,-33.8725,151.213333,so2,ppm,0.001
7428,25545,Cook And Phillip-7428,2020-06-29T01:00:00+10:00,-33.8725,151.213333,o3,ppm,0.004
7428,25545,Cook And Phillip-7428,2020-06-29T02:00:00+10:00,-33.8725,151.213333,o3,ppm,0.006
7428,25545,Cook And Phillip-7428,2020-06-29T03:00:00+10:00,-33.8725,151.213333,o3,ppm,0.005
7428,25545,Cook And Phillip-7428,2020-06-29T04:00:00+10:00,-33.8725,151.213333,o3,ppm,0.003
7428,25545,Cook And Phillip-7428,2020-06-29T05:00:00+10:00,-33.8725,151.213333,o3,ppm,0.001
7428,25545,Cook And Phillip-7428,2020-06-29T06:00:00+10:00,-33.8725,151.213333,o3,ppm,0.0
7428,25545,Cook And Phillip-7428,2020-06-29T07:00:00+10:00,-33.8725,151.213333,o3,ppm,0.0
7428,25545,Cook And Phillip-7428,2020-06-29T09:00:00+10:00,-33.8725,151.213333,o3,ppm,0.0
7428,25545,Cook And Phillip-7428,2020-06-29T10:00:00+10:00,-33.8725,151.213333,o3,ppm,0.002
7428,25545,Cook And Phillip-7428,2020-06-29T11:00:00+10:00,-33.8725,151.213333,o3,ppm,0.008
7428,25545,Cook And Phillip-7428,2020-06-29T12:00:00+10:00,-33.8725,151.213333,o3,ppm,0.013
7428,25545,Cook And Phillip-7428,2020-06-29T13:00:00+10:00,-33.8725,151.213333,o3,ppm,0.015
7428,25545,Cook And Phillip-7428,2020-06-29T14:00:00+10:00,-33.8725,151.213333,o3,ppm,0.018
7428,25545,Cook And Phillip-7428,2020-06-29T16:00:00+10:00,-33.8725,151.213333,o3,ppm,0.012
7428,25545,Cook And Phillip-7428,2020-06-29T17:00:00+10:00,-33.8725,151.213333,o3,ppm,0.003
7428,25545,Cook And Phillip-7428,2020-06-29T18:00:00+10:00,-33.8725,151.213333,o3,ppm,0.0
7428,25545,Cook And Phillip-7428,2020-06-29T19:00:00+10:00,-33.8725,151.213333,o3,ppm,0.0
7428,25545,Cook And Phillip-7428,2020-06-29T20:00:00+10:00,-33.8725,151.213333,o3,ppm,0.0
7428,25545,Cook And Phillip-7428,2020-06-29T22:00:00+10:00,-33.8725,151.213333,o3,ppm,0.0
7428,25545,Cook And Phillip-7428,2020-06-29T23:00:00+10:00,-33.8725,151.213333,o3,ppm,0.0
7428,21615,Cook And Phillip-7428,2020-06-30T01:00:00+10:00,-33.8725,151.213333,pm10,µg/m³,25.6
7428,21615,Cook And Phillip-7428,2020-06-30T02:00:00+10:00,-33.8725,151.213333,pm10,µg/m³,22.0
7428,21615,Cook And Phillip-7428,2020-06-30T03:00:00+10:00,-33.8725,151.213333,pm10,µg/m³,13.6
7428,21615,Cook And Phillip-7428,2020-06-30T04:00:00+10:00,-33.8725,151.213333,pm10,µg/m³,8.0
7428,21615,Cook And Phillip-7428,2020-06-30T05:00:00+10:00,-33.8725,151.213333,pm10,µg/m³,13.0
7428,21615,Cook And Phillip-7428,2020-06-30T06:00:00+10:00,-33.8725,151.213333,pm10,µg/m³,17.1
7428,21615,Cook And Phillip-7428,2020-06-30T07:00:00+10:00,-33.8725,151.213333,pm10,µg/m³,15.6
7428,21615,Cook And Phillip-7428,2020-06-30T08:00:00+10:00,-33.8725,151.213333,pm10,µg/m³,18.8
7428,21615,Cook And Phillip-7428,2020-06-30T10:00:00+10:00,-33.8725,151.213333,pm10,µg/m³,25.1
7428,21615,Cook And Phillip-7428,2020-06-30T11:00:00+10:00,-33.8725,151.213333,pm10,µg/m³,30.0
7428,21615,Cook And Phillip-7428,2020-06-30T12:00:00+10:00,-33.8725,151.213333,pm10,µg/m³,25.0
7428,21615,Cook And Phillip-7428,2020-06-30T14:00:00+10:00,-33.8725,151.213333,pm10,µg/m³,24.1
7428,21615,Cook And Phillip-7428,2020-06-30T15:00:00+10:00,-33.8725,151.213333,pm10,µg/m³,22.2
7428,21615,Cook And Phillip-7428,2020-06-30T16:00:00+10:00,-33.8725,151.213333,pm10,µg/m³,11.9
7428,21615,Cook And Phillip-7428,2020-06-30T17:00:00+10:00,-33.8725,151.213333,pm10,µg/m³,12.6
7428,21615,Cook And Phillip-7428,2020-06-30T20:00:00+10:00,-33.8725,151.213333,pm10,µg/m³,10.5
7428,21615,Cook And Phillip-7428,2020-06-30T21:00:00+10:00,-33.8725,151.213333,pm10,µg/m³,17.7
7428,21615,Cook And Phillip-7428,2020-06-30T22:00:00+10:00,-33.8725,151.213333,pm10,µg/m³,16.7
7428,21615,Cook And Phillip-7428,2020-06-30T23:00:00+10:00,-33.8725,151.213333,pm10,µg/m³,14.1
7428,21614,Cook And Phillip-7428,2020-06-30T01:00:00+10:00,-33.8725,151.213333,pm25,µg/m³,19.3
7428,21614,Cook And Phillip-7428,2020-06-30T02:00:00+10:00,-33.8725,151.213333,pm25,µg/m³,14.8
7428,21614,Cook And Phillip-7428,2020-06-30T03:00:00+10:00,-33.8725,151.213333,pm25,µg/m³,9.0
7428,21614,Cook And Phillip-7428,2020-06-30T04:00:00+10:00,-33.8725,151.213333,pm25,µg/m³,3.4
7428,21614,Cook And Phillip-7428,2020-06-30T05:00:00+10:00,-33.8725,151.213333,pm25,µg/m³,9.2
7428,21614,Cook And Phillip-7428,2020-06-30T06:00:00+10:00,-33.8725,151.213333,pm25,µg/m³,13.3
7428,21614,Cook And Phillip-7428,2020-06-30T07:00:00+10:00,-33.8725,151.213333,pm25,µg/m³,11.3
7428,21614,Cook And Phillip-7428,2020-06-30T08:00:00+10:00,-33.8725,151.213333,pm25,µg/m³,13.4
7428,21614,Cook And Phillip-7428,2020-06-30T10:00:00+10:00,-33.8725,151.213333,pm25,µg/m³,18.0
7428,21614,Cook And Phillip-7428,2020-06-30T11:00:00+10:00,-33.8725,151.213333,pm25,µg/m³,22.0
7428,21614,Cook And Phillip-7428,2020-06-30T12:00:00+10:00,-33.8725,151.213333,pm25,µg/m³,17.3
7428,21614,Cook And Phillip-7428,2020-06-30T14:00:00+10:00,-33.8725,151.213333,pm25,µg/m³,15.3
7428,21614,Cook And Phillip-7428,2020-06-30T15:00:00+10:00,-33.8725,151.213333,pm25,µg/m³,16.1
7428,21614,Cook And Phillip-7428,2020-06-30T16:00:00+10:00,-33.8725,151.213333,pm25,µg/m³,4.5
7428,21614,Cook And Phillip-7428,2020-06-30T17:00:00+10:00,-33.8725,151.213333,pm25,µg/m³,3.5
7428,21614,Cook And Phillip-7428,2020-06-30T20:00:00+10:00,-33.8725,151.213333,pm25,µg/m³,1.6
7428,21614,Cook And Phillip-7428,2020-06-30T21:00:00+10:00,-33.8725,151.213333,pm25,µg/m³,10.1
7428,21614,Cook And Phillip-7428,2020-06-30T22:00:00+10:00,-33.8725,151.213333,pm25,µg/m³,10.1
7428,21614,Cook And Phillip-7428,2020-06-30T23:00:00+10:00,-33.8725,151.213333,pm25,µg/m³,8.5
7428,25546,Cook And Phillip-7428,2020-06-30T01:00:00+10:00,-33.8725,151.213333,no2,ppm,0.024
7428,25546,Cook And Phillip-7428,2020-06-30T03:00:00+10:00,-33.8725,151.213333,no2,ppm,0.021
7428,25546,Cook And Phillip-7428,2020-06-30T04:00:00+10:00,-33.8725,151.213333,no2,ppm,0.021
7428,25546,Cook And Phillip-7428,2020-06-30T05:00:00+10:00,-33.8725,151.213333,no2,ppm,0.021
7428,25546,Cook And Phillip-7428,2020-06-30T06:00:00+10:00,-33.8725,151.213333,no2,ppm,0.021
7428,25546,Cook And Phillip-7428,2020-06-30T07:00:00+10:00,-33.8725,151.213333,no2,ppm,0.023
7428,25546,Cook And Phillip-7428,2020-06-30T08:00:00+10:00,-33.8725,151.213333,no2,ppm,0.023
7428,25546,Cook And Phillip-7428,2020-06-30T10:00:00+10:00,-33.8725,151.213333,no2,ppm,0.026
7428,25546,Cook And Phillip-7428,2020-06-30T11:00:00+10:00,-33.8725,151.213333,no2,ppm,0.026
7428,25546,Cook And Phillip-7428,2020-06-30T12:00:00+10:00,-33.8725,151.213333,no2,ppm,0.024
7428,25546,Cook And Phillip-7428,2020-06-30T14:00:00+10:00,-33.8725,151.213333,no2,ppm,0.013
7428,25546,Cook And Phillip-7428,2020-06-30T15:00:00+10:00,-33.8725,151.213333,no2,ppm,0.013
7428,25546,Cook And Phillip-7428,2020-06-30T16:00:00+10:00,-33.8725,151.213333,no2,ppm,0.016
7428,25546,Cook And Phillip-7428,2020-06-30T17:00:00+10:00,-33.8725,151.213333,no2,ppm,0.024
7428,25546,Cook And Phillip-7428,2020-06-30T20:00:00+10:00,-33.8725,151.213333,no2,ppm,0.029
7428,25546,Cook And Phillip-7428,2020-06-30T21:00:00+10:00,-33.8725,151.213333,no2,ppm,0.026
7428,25546,Cook And Phillip-7428,2020-06-30T22:00:00+10:00,-33.8725,151.213333,no2,ppm,0.022
7428,25546,Cook And Phillip-7428,2020-06-30T23:00:00+10:00,-33.8725,151.213333,no2,ppm,0.023
7428,28686,Cook And Phillip-7428,2020-06-30T01:00:00+10:00,-33.8725,151.213333,co,ppm,0.4
7428,28686,Cook And Phillip-7428,2020-06-30T02:00:00+10:00,-33.8725,151.213333,co,ppm,0.4
7428,28686,Cook And Phillip-7428,2020-06-30T03:00:00+10:00,-33.8725,151.213333,co,ppm,0.5
7428,28686,Cook And Phillip-7428,2020-06-30T04:00:00+10:00,-33.8725,151.213333,co,ppm,0.5
7428,28686,Cook And Phillip-7428,2020-06-30T05:00:00+10:00,-33.8725,151.213333,co,ppm,0.4
7428,28686,Cook And Phillip-7428,2020-06-30T06:00:00+10:00,-33.8725,151.213333,co,ppm,0.4
7428,28686,Cook And Phillip-7428,2020-06-30T07:00:00+10:00,-33.8725,151.213333,co,ppm,0.4
7428,28686,Cook And Phillip-7428,2020-06-30T08:00:00+10:00,-33.8725,151.213333,co,ppm,0.4
7428,28686,Cook And Phillip-7428,2020-06-30T10:00:00+10:00,-33.8725,151.213333,co,ppm,0.3
7428,28686,Cook And Phillip-7428,2020-06-30T11:00:00+10:00,-33.8725,151.213333,co,ppm,0.3
7428,28686,Cook And Phillip-7428,2020-06-30T12:00:00+10:00,-33.8725,151.213333,co,ppm,0.3
7428,28686,Cook And Phillip-7428,2020-06-30T14:00:00+10:00,-33.8725,151.213333,co,ppm,0.3
7428,28686,Cook And Phillip-7428,2020-06-30T15:00:00+10:00,-33.8725,151.213333,co,ppm,0.3
7428,28686,Cook And Phillip-7428,2020-06-30T16:00:00+10:00,-33.8725,151.213333,co,ppm,0.2
7428,28686,Cook And Phillip-7428,2020-06-30T17:00:00+10:00,-33.8725,151.213333,co,ppm,0.2
7428,28686,Cook And Phillip-7428,2020-06-30T20:00:00+10:00,-33.8725,151.213333,co,ppm,0.2
7428,28686,Cook And Phillip-7428,2020-06-30T21:00:00+10:00,-33.8725,151.213333,co,ppm,0.2
7428,28686,Cook And Phillip-7428,2020-06-30T22:00:00+10:00,-33.8725,151.213333,co,ppm,0.2
7428,28686,Cook And Phillip-7428,2020-06-30T23:00:00+10:00,-33.8725,151.213333,co,ppm,0.2
7428,25544,Cook And Phillip-7428,2020-06-30T01:00:00+10:00,-33.8725,151.213333,so2,ppm,0.001
7428,25544,Cook And Phillip-7428,2020-06-30T03:00:00+10:00,-33.8725,151.213333,so2,ppm,0.001
7428,25544,Cook And Phillip-7428,2020-06-30T04:00:00+10:00,-33.8725,151.213333,so2,ppm,0.0
7428,25544,Cook And Phillip-7428,2020-06-30T05:00:00+10:00,-33.8725,151.213333,so2,ppm,0.001
7428,25544,Cook And Phillip-7428,2020-06-30T06:00:00+10:00,-33.8725,151.213333,so2,ppm,0.001
7428,25544,Cook And Phillip-7428,2020-06-30T07:00:00+10:00,-33.8725,151.213333,so2,ppm,0.001
7428,25544,Cook And Phillip-7428,2020-06-30T08:00:00+10:00,-33.8725,151.213333,so2,ppm,0.001
7428,25544,Cook And Phillip-7428,2020-06-30T10:00:00+10:00,-33.8725,151.213333,so2,ppm,0.001
7428,25544,Cook And Phillip-7428,2020-06-30T11:00:00+10:00,-33.8725,151.213333,so2,ppm,0.001
7428,25544,Cook And Phillip-7428,2020-06-30T12:00:00+10:00,-33.8725,151.213333,so2,ppm,0.001
7428,25544,Cook And Phillip-7428,2020-06-30T14:00:00+10:00,-33.8725,151.213333,so2,ppm,0.002
7428,25544,Cook And Phillip-7428,2020-06-30T15:00:00+10:00,-33.8725,151.213333,so2,ppm,0.004
7428,25544,Cook And Phillip-7428,2020-06-30T16:00:00+10:00,-33.8725,151.213333,so2,ppm,0.003
7428,25544,Cook And Phillip-7428,2020-06-30T17:00:00+10:00,-33.8725,151.213333,so2,ppm,0.002
7428,25544,Cook And Phillip-7428,2020-06-30T20:00:00+10:00,-33.8725,151.213333,so2,ppm,0.002
7428,25544,Cook And Phillip-7428,2020-06-30T21:00:00+10:00,-33.8725,151.213333,so2,ppm,0.002
7428,25544,Cook And Phillip-7428,2020-06-30T22:00:00+10:00,-33.8725,151.213333,so2,ppm,0.002
7428,25544,Cook And Phillip-7428,2020-06-30T23:00:00+10:00,-33.8725,151.213333,so2,ppm,0.002
7428,25545,Cook And Phillip-7428,2020-06-30T01:00:00+10:00,-33.8725,151.213333,o3,ppm,0.0
7428,25545,Cook And Phillip-7428,2020-06-30T02:00:00+10:00,-33.8725,151.213333,o3,ppm,0.0
7428,25545,Cook And Phillip-7428,2020-06-30T03:00:00+10:00,-33.8725,151.213333,o3,ppm,0.0
7428,25545,Cook And Phillip-7428,2020-06-30T04:00:00+10:00,-33.8725,151.213333,o3,ppm,0.0
7428,25545,Cook And Phillip-7428,2020-06-30T05:00:00+10:00,-33.8725,151.213333,o3,ppm,0.0
7428,25545,Cook And Phillip-7428,2020-06-30T06:00:00+10:00,-33.8725,151.213333,o3,ppm,0.0
7428,25545,Cook And Phillip-7428,2020-06-30T07:00:00+10:00,-33.8725,151.213333,o3,ppm,0.0
7428,25545,Cook And Phillip-7428,2020-06-30T08:00:00+10:00,-33.8725,151.213333,o3,ppm,0.0
7428,25545,Cook And Phillip-7428,2020-06-30T10:00:00+10:00,-33.8725,151.213333,o3,ppm,0.001
7428,25545,Cook And Phillip-7428,2020-06-30T11:00:00+10:00,-33.8725,151.213333,o3,ppm,0.003
7428,25545,Cook And Phillip-7428,2020-06-30T12:00:00+10:00,-33.8725,151.213333,o3,ppm,0.007
7428,25545,Cook And Phillip-7428,2020-06-30T14:00:00+10:00,-33.8725,151.213333,o3,ppm,0.016
7428,25545,Cook And Phillip-7428,2020-06-30T15:00:00+10:00,-33.8725,151.213333,o3,ppm,0.016
7428,25545,Cook And Phillip-7428,2020-06-30T16:00:00+10:00,-33.8725,151.213333,o3,ppm,0.012
7428,25545,Cook And Phillip-7428,2020-06-30T17:00:00+10:00,-33.8725,151.213333,o3,ppm,0.005
7428,25545,Cook And Phillip-7428,2020-06-30T20:00:00+10:00,-33.8725,151.213333,o3,ppm,0.0
7428,25545,Cook And Phillip-7428,2020-06-30T21:00:00+10:00,-33.8725,151.213333,o3,ppm,0.0
7428,25545,Cook And Phillip-7428,2020-06-30T22:00:00+10:00,-33.8725,151.213333,o3,ppm,0.001
7428,25545,Cook And Phillip-7428,2020-06-30T23:00:00+10:00,-33.8725,151.213333,o3,ppm,0.0
