location_id,sensors_id,location,datetime,lat,lon,parameter,units,value
7426,21608,Macquarie Park-7426,2020-01-01T01:00:00+11:00,-33.765278,151.117806,pm10,µg/m³,53.9
7426,21608,Macquarie Park-7426,2020-01-01T02:00:00+11:00,-33.765278,151.117806,pm10,µg/m³,54.3
7426,21608,Macquarie Park-7426,2020-01-01T03:00:00+11:00,-33.765278,151.117806,pm10,µg/m³,54.9
7426,21608,Macquarie Park-7426,2020-01-01T04:00:00+11:00,-33.765278,151.117806,pm10,µg/m³,55.5
7426,21608,Macquarie Park-7426,2020-01-01T05:00:00+11:00,-33.765278,151.117806,pm10,µg/m³,56.3
7426,21608,Macquarie Park-7426,2020-01-01T06:00:00+11:00,-33.765278,151.117806,pm10,µg/m³,57.2
7426,21608,Macquarie Park-7426,2020-01-01T07:00:00+11:00,-33.765278,151.117806,pm10,µg/m³,57.7
7426,21608,Macquarie Park-7426,2020-01-01T08:00:00+11:00,-33.765278,151.117806,pm10,µg/m³,57.9
7426,21608,Macquarie Park-7426,2020-01-01T09:00:00+11:00,-33.765278,151.117806,pm10,µg/m³,57.9
7426,21608,Macquarie Park-7426,2020-01-01T10:00:00+11:00,-33.765278,151.117806,pm10,µg/m³,56.9
7426,21608,Macquarie Park-7426,2020-01-01T11:00:00+11:00,-33.765278,151.117806,pm10,µg/m³,57.0
7426,21608,Macquarie Park-7426,2020-01-01T12:00:00+11:00,-33.765278,151.117806,pm10,µg/m³,58.1
7426,21608,Macquarie Park-7426,2020-01-01T13:00:00+11:00,-33.765278,151.117806,pm10,µg/m³,60.5
7426,21608,Macquarie Park-7426,2020-01-01T14:00:00+11:00,-33.765278,151.117806,pm10,µg/m³,62.3
7426,21608,Macquarie Park-7426,2020-01-01T15:00:00+11:00,-33.765278,151.117806,pm10,µg/m³,61.3
7426,21608,Macquarie Park-7426,2020-01-01T16:00:00+11:00,-33.765278,151.117806,pm10,µg/m³,58.4
7426,21608,Macquarie Park-7426,2020-01-01T17:00:00+11:00,-33.765278,151.117806,pm10,µg/m³,56.4
7426,21608,Macquarie Park-7426,2020-01-01T18:00:00+11:00,-33.765278,151.117806,pm10,µg/m³,52.4
7426,21608,Macquarie Park-7426,2020-01-01T19:00:00+11:00,-33.765278,151.117806,pm10,µg/m³,51.0
7426,21608,Macquarie Park-7426,2020-01-01T20:00:00+11:00,-33.765278,151.117806,pm10,µg/m³,50.4
7426,21608,Macquarie Park-7426,2020-01-01T21:00:00+11:00,-33.765278,151.117806,pm10,µg/m³,50.0
7426,21608,Macquarie Park-7426,2020-01-01T22:00:00+11:00,-33.765278,151.117806,pm10,µg/m³,49.5
7426,21608,Macquarie Park-7426,2020-01-01T23:00:00+11:00,-33.765278,151.117806,pm10,µg/m³,49.3
7426,21609,Macquarie Park-7426,2020-01-01T01:00:00+11:00,-33.765278,151.117806,pm25,µg/m³,24.6
7426,21609,Macquarie Park-7426,2020-01-01T02:00:00+11:00,-33.765278,151.117806,pm25,µg/m³,24.6
7426,21609,Macquarie Park-7426,2020-01-01T03:00:00+11:00,-33.765278,151.117806,pm25,µg/m³,24.3
7426,21609,Macquarie Park-7426,2020-01-01T04:00:00+11:00,-33.765278,151.117806,pm25,µg/m³,24.2
7426,21609,Macquarie Park-7426,2020-01-01T05:00:00+11:00,-33.765278,151.117806,pm25,µg/m³,24.2
7426,21609,Macquarie Park-7426,2020-01-01T06:00:00+11:00,-33.765278,151.117806,pm25,µg/m³,24.3
7426,21609,Macquarie Park-7426,2020-01-01T07:00:00+11:00,-33.765278,151.117806,pm25,µg/m³,24.5
7426,21609,Macquarie Park-7426,2020-01-01T08:00:00+11:00,-33.765278,151.117806,pm25,µg/m³,24.8
7426,21609,Macquarie Park-7426,2020-01-01T09:00:00+11:00,-33.765278,151.117806,pm25,µg/m³,24.5
7426,21609,Macquarie Park-7426,2020-01-01T10:00:00+11:00,-33.765278,151.117806,pm25,µg/m³,22.6
7426,21609,Macquarie Park-7426,2020-01-01T11:00:00+11:00,-33.765278,151.117806,pm25,µg/m³,20.8
7426,21609,Macquarie Park-7426,2020-01-01T12:00:00+11:00,-33.765278,151.117806,pm25,µg/m³,20.0
7426,21609,Macquarie Park-7426,2020-01-01T13:00:00+11:00,-33.765278,151.117806,pm25,µg/m³,20.5
7426,21609,Macquarie Park-7426,2020-01-01T14:00:00+11:00,-33.765278,151.117806,pm25,µg/m³,22.1
7426,21609,Macquarie Park-7426,2020-01-01T15:00:00+11:00,-33.765278,151.117806,pm25,µg/m³,22.9
7426,21609,Macquarie Park-7426,2020-01-01T16:00:00+11:00,-33.765278,151.117806,pm25,µg/m³,22.9
7426,21609,Macquarie Park-7426,2020-01-01T17:00:00+11:00,-33.765278,151.117806,pm25,µg/m³,21.5
7426,21609,Macquarie Park-7426,2020-01-01T18:00:00+11:00,-33.765278,151.117806,pm25,µg/m³,20.9
7426,21609,Macquarie Park-7426,2020-01-01T19:00:00+11:00,-33.765278,151.117806,pm25,µg/m³,19.6
7426,21609,Macquarie Park-7426,2020-01-01T20:00:00+11:00,-33.765278,151.117806,pm25,µg/m³,19.5
7426,21609,Macquarie Park-7426,2020-01-01T21:00:00+11:00,-33.765278,151.117806,pm25,µg/m³,19.3
7426,21609,Macquarie Park-7426,2020-01-01T22:00:00+11:00,-33.765278,151.117806,pm25,µg/m³,18.9
7426,21609,Macquarie Park-7426,2020-01-01T23:00:00+11:00,-33.765278,151.117806,pm25,µg/m³,18.9
7426,25234,Macquarie Park-7426,2020-01-01T01:00:00+11:00,-33.765278,151.117806,no2,ppm,0.001
7426,25234,Macquarie Park-7426,2020-01-01T03:00:00+11:00,-33.765278,151.117806,no2,ppm,0.001
7426,25234,Macquarie Park-7426,2020-01-01T04:00:00+11:00,-33.765278,151.117806,no2,ppm,0.001
7426,25234,Macquarie Park-7426,2020-01-01T05:00:00+11:00,-33.765278,151.117806,no2,ppm,0.001
7426,25234,Macquarie Park-7426,2020-01-01T06:00:00+11:00,-33.765278,151.117806,no2,ppm,0.001
7426,25234,Macquarie Park-7426,2020-01-01T07:00:00+11:00,-33.765278,151.117806,no2,ppm,0.001
7426,25234,Macquarie Park-7426,2020-01-01T08:00:00+11:00,-33.765278,151.117806,no2,ppm,0.001
7426,25234,Macquarie Park-7426,2020-01-01T09:00:00+11:00,-33.765278,151.117806,no2,ppm,0.001
7426,25234,Macquarie Park-7426,2020-01-01T10:00:00+11:00,-33.765278,151.117806,no2,ppm,0.001
7426,25234,Macquarie Park-7426,2020-01-01T11:00:00+11:00,-33.765278,151.117806,no2,ppm,0.002
7426,25234,Macquarie Park-7426,2020-01-01T12:00:00+11:00,-33.765278,151.117806,no2,ppm,0.003
7426,25234,Macquarie Park-7426,2020-01-01T13:00:00+11:00,-33.765278,151.117806,no2,ppm,0.002
7426,25234,Macquarie Park-7426,2020-01-01T14:00:00+11:00,-33.765278,151.117806,no2,ppm,0.001
7426,25234,Macquarie Park-7426,2020-01-01T15:00:00+11:00,-33.765278,151.117806,no2,ppm,0.0
7426,25234,Macquarie Park-7426,2020-01-01T16:00:00+11:00,-33.765278,151.117806,no2,ppm,0.0
7426,25234,Macquarie Park-7426,2020-01-01T17:00:00+11:00,-33.765278,151.117806,no2,ppm,0.0
7426,25234,Macquarie Park-7426,2020-01-01T18:00:00+11:00,-33.765278,151.117806,no2,ppm,0.001
7426,25234,Macquarie Park-7426,2020-01-01T19:00:00+11:00,-33.765278,151.117806,no2,ppm,0.002
7426,25234,Macquarie Park-7426,2020-01-01T20:00:00+11:00,-33.765278,151.117806,no2,ppm,0.001
7426,25234,Macquarie Park-7426,2020-01-01T21:00:00+11:00,-33.765278,151.117806,no2,ppm,0.003
7426,25234,Macquarie Park-7426,2020-01-01T22:00:00+11:00,-33.765278,151.117806,no2,ppm,0.0
7426,25234,Macquarie Park-7426,2020-01-01T23:00:00+11:00,-33.765278,151.117806,no2,ppm,0.0
7426,28467,Macquarie Park-7426,2020-01-01T01:00:00+11:00,-33.765278,151.117806,co,ppm,0.2
7426,28467,Macquarie Park-7426,2020-01-01T02:00:00+11:00,-33.765278,151.117806,co,ppm,0.2
7426,28467,Macquarie Park-7426,2020-01-01T03:00:00+11:00,-33.765278,151.117806,co,ppm,0.2
7426,28467,Macquarie Park-7426,2020-01-01T04:00:00+11:00,-33.765278,151.117806,co,ppm,0.2
7426,28467,Macquarie Park-7426,2020-01-01T05:00:00+11:00,-33.765278,151.117806,co,ppm,0.2
7426,28467,Macquarie Park-7426,2020-01-01T06:00:00+11:00,-33.765278,151.117806,co,ppm,0.2
7426,28467,Macquarie Park-7426,2020-01-01T07:00:00+11:00,-33.765278,151.117806,co,ppm,0.2
7426,28467,Macquarie Park-7426,2020-01-01T08:00:00+11:00,-33.765278,151.117806,co,ppm,0.2
7426,28467,Macquarie Park-7426,2020-01-01T09:00:00+11:00,-33.765278,151.117806,co,ppm,0.3
7426,28467,Macquarie Park-7426,2020-01-01T10:00:00+11:00,-33.765278,151.117806,co,ppm,0.3
7426,28467,Macquarie Park-7426,2020-01-01T11:00:00+11:00,-33.765278,151.117806,co,ppm,0.3
7426,28467,Macquarie Park-7426,2020-01-01T12:00:00+11:00,-33.765278,151.117806,co,ppm,0.4
7426,28467,Macquarie Park-7426,2020-01-01T13:00:00+11:00,-33.765278,151.117806,co,ppm,0.5
7426,28467,Macquarie Park-7426,2020-01-01T14:00:00+11:00,-33.765278,151.117806,co,ppm,0.5
7426,28467,Macquarie Park-7426,2020-01-01T15:00:00+11:00,-33.765278,151.117806,co,ppm,0.6
7426,28467,Macquarie Park-7426,2020-01-01T16:00:00+11:00,-33.765278,151.117806,co,ppm,0.5
7426,28467,Macquarie Park-7426,2020-01-01T17:00:00+11:00,-33.765278,151.117806,co,ppm,0.5
7426,28467,Macquarie Park-7426,2020-01-01T18:00:00+11:00,-33.765278,151.117806,co,ppm,0.5
7426,28467,Macquarie Park-7426,2020-01-01T19:00:00+11:00,-33.765278,151.117806,co,ppm,0.5
7426,28467,Macquarie Park-7426,2020-01-01T20:00:00+11:00,-33.765278,151.117806,co,ppm,0.4
7426,28467,Macquarie Park-7426,2020-01-01T21:00:00+11:00,-33.765278,151.117806,co,ppm,0.4
7426,28467,Macquarie Park-7426,2020-01-01T22:00:00+11:00,-33.765278,151.117806,co,ppm,0.3
7426,28467,Macquarie Park-7426,2020-01-01T23:00:00+11:00,-33.765278,151.117806,co,ppm,0.3
7426,25237,Macquarie Park-7426,2020-01-01T01:00:00+11:00,-33.765278,151.117806,so2,ppm,0.0
7426,25237,Macquarie Park-7426,2020-01-01T03:00:00+11:00,-33.765278,151.117806,so2,ppm,0.0
7426,25237,Macquarie Park-7426,2020-01-01T04:00:00+11:00,-33.765278,151.117806,so2,ppm,0.0
7426,25237,Macquarie Park-7426,2020-01-01T05:00:00+11:00,-33.765278,151.117806,so2,ppm,0.0
7426,25237,Macquarie Park-7426,2020-01-01T06:00:00+11:00,-33.765278,151.117806,so2,ppm,0.0
7426,25237,Macquarie Park-7426,2020-01-01T07:00:00+11:00,-33.765278,151.117806,so2,ppm,0.0
7426,25237,Macquarie Park-7426,2020-01-01T08:00:00+11:00,-33.765278,151.117806,so2,ppm,0.0
7426,25237,Macquarie Park-7426,2020-01-01T09:00:00+11:00,-33.765278,151.117806,so2,ppm,0.0
7426,25237,Macquarie Park-7426,2020-01-01T10:00:00+11:00,-33.765278,151.117806,so2,ppm,0.001
7426,25237,Macquarie Park-7426,2020-01-01T11:00:00+11:00,-33.765278,151.117806,so2,ppm,0.001
7426,25237,Macquarie Park-7426,2020-01-01T12:00:00+11:00,-33.765278,151.117806,so2,ppm,0.001
7426,25237,Macquarie Park-7426,2020-01-01T13:00:00+11:00,-33.765278,151.117806,so2,ppm,0.0
7426,25237,Macquarie Park-7426,2020-01-01T14:00:00+11:00,-33.765278,151.117806,so2,ppm,0.0
7426,25237,Macquarie Park-7426,2020-01-01T15:00:00+11:00,-33.765278,151.117806,so2,ppm,0.0
7426,25237,Macquarie Park-7426,2020-01-01T16:00:00+11:00,-33.765278,151.117806,so2,ppm,0.0
7426,25237,Macquarie Park-7426,2020-01-01T17:00:00+11:00,-33.765278,151.117806,so2,ppm,0.0
7426,25237,Macquarie Park-7426,2020-01-01T18:00:00+11:00,-33.765278,151.117806,so2,ppm,0.0
7426,25237,Macquarie Park-7426,2020-01-01T19:00:00+11:00,-33.765278,151.117806,so2,ppm,0.0
7426,25237,Macquarie Park-7426,2020-01-01T20:00:00+11:00,-33.765278,151.117806,so2,ppm,0.0
7426,25237,Macquarie Park-7426,2020-01-01T21:00:00+11:00,-33.765278,151.117806,so2,ppm,0.0
7426,25237,Macquarie Park-7426,2020-01-01T22:00:00+11:00,-33.765278,151.117806,so2,ppm,0.0
7426,25237,Macquarie Park-7426,2020-01-01T23:00:00+11:00,-33.765278,151.117806,so2,ppm,0.0
7426,25235,Macquarie Park-7426,2020-01-01T01:00:00+11:00,-33.765278,151.117806,o3,ppm,0.018
7426,25235,Macquarie Park-7426,2020-01-01T02:00:00+11:00,-33.765278,151.117806,o3,ppm,0.019
7426,25235,Macquarie Park-7426,2020-01-01T03:00:00+11:00,-33.765278,151.117806,o3,ppm,0.017
7426,25235,Macquarie Park-7426,2020-01-01T04:00:00+11:00,-33.765278,151.117806,o3,ppm,0.017
7426,25235,Macquarie Park-7426,2020-01-01T05:00:00+11:00,-33.765278,151.117806,o3,ppm,0.016
7426,25235,Macquarie Park-7426,2020-01-01T06:00:00+11:00,-33.765278,151.117806,o3,ppm,0.017
7426,25235,Macquarie Park-7426,2020-01-01T07:00:00+11:00,-33.765278,151.117806,o3,ppm,0.018
7426,25235,Macquarie Park-7426,2020-01-01T08:00:00+11:00,-33.765278,151.117806,o3,ppm,0.02
7426,25235,Macquarie Park-7426,2020-01-01T09:00:00+11:00,-33.765278,151.117806,o3,ppm,0.023
7426,25235,Macquarie Park-7426,2020-01-01T10:00:00+11:00,-33.765278,151.117806,o3,ppm,0.028
7426,25235,Macquarie Park-7426,2020-01-01T11:00:00+11:00,-33.765278,151.117806,o3,ppm,0.036
7426,25235,Macquarie Park-7426,2020-01-01T12:00:00+11:00,-33.765278,151.117806,o3,ppm,0.047
7426,25235,Macquarie Park-7426,2020-01-01T13:00:00+11:00,-33.765278,151.117806,o3,ppm,0.047
7426,25235,Macquarie Park-7426,2020-01-01T14:00:00+11:00,-33.765278,151.117806,o3,ppm,0.039
7426,25235,Macquarie Park-7426,2020-01-01T15:00:00+11:00,-33.765278,151.117806,o3,ppm,0.031
7426,25235,Macquarie Park-7426,2020-01-01T16:00:00+11:00,-33.765278,151.117806,o3,ppm,0.03
7426,25235,Macquarie Park-7426,2020-01-01T17:00:00+11:00,-33.765278,151.117806,o3,ppm,0.027
7426,25235,Macquarie Park-7426,2020-01-01T18:00:00+11:00,-33.765278,151.117806,o3,ppm,0.024
7426,25235,Macquarie Park-7426,2020-01-01T19:00:00+11:00,-33.765278,151.117806,o3,ppm,0.022
7426,25235,Macquarie Park-7426,2020-01-01T20:00:00+11:00,-33.765278,151.117806,o3,ppm,0.021
7426,25235,Macquarie Park-7426,2020-01-01T21:00:00+11:00,-33.765278,151.117806,o3,ppm,0.02
7426,25235,Macquarie Park-7426,2020-01-01T22:00:00+11:00,-33.765278,151.117806,o3,ppm,0.023
7426,25235,Macquarie Park-7426,2020-01-01T23:00:00+11:00,-33.765278,151.117806,o3,ppm,0.023
7426,21608,Macquarie Park-7426,2020-01-02T01:00:00+11:00,-33.765278,151.117806,pm10,µg/m³,49.0
7426,21608,Macquarie Park-7426,2020-01-02T02:00:00+11:00,-33.765278,151.117806,pm10,µg/m³,48.8
7426,21608,Macquarie Park-7426,2020-01-02T03:00:00+11:00,-33.765278,151.117806,pm10,µg/m³,48.7
7426,21608,Macquarie Park-7426,2020-01-02T04:00:00+11:00,-33.765278,151.117806,pm10,µg/m³,49.1
7426,21608,Macquarie Park-7426,2020-01-02T05:00:00+11:00,-33.765278,151.117806,pm10,µg/m³,50.5
7426,21608,Macquarie Park-7426,2020-01-02T06:00:00+11:00,-33.765278,151.117806,pm10,µg/m³,52.8
7426,21608,Macquarie Park-7426,2020-01-02T07:00:00+11:00,-33.765278,151.117806,pm10,µg/m³,53.9
7426,21608,Macquarie Park-7426,2020-01-02T08:00:00+11:00,-33.765278,151.117806,pm10,µg/m³,52.1
7426,21608,Macquarie Park-7426,2020-01-02T09:00:00+11:00,-33.765278,151.117806,pm10,µg/m³,50.3
7426,21608,Macquarie Park-7426,2020-01-02T10:00:00+11:00,-33.765278,151.117806,pm10,µg/m³,48.5
7426,21608,Macquarie Park-7426,2020-01-02T11:00:00+11:00,-33.765278,151.117806,pm10,µg/m³,47.0
7426,21608,Macquarie Park-7426,2020-01-02T12:00:00+11:00,-33.765278,151.117806,pm10,µg/m³,45.1
7426,21608,Macquarie Park-7426,2020-01-02T13:00:00+11:00,-33.765278,151.117806,pm10,µg/m³,41.7
7426,21608,Macquarie Park-7426,2020-01-02T14:00:00+11:00,-33.765278,151.117806,pm10,µg/m³,38.9
7426,21608,Macquarie Park-7426,2020-01-02T15:00:00+11:00,-33.765278,151.117806,pm10,µg/m³,38.3
7426,21608,Macquarie Park-7426,2020-01-02T16:00:00+11:00,-33.765278,151.117806,pm10,µg/m³,38.3
7426,21608,Macquarie Park-7426,2020-01-02T17:00:00+11:00,-33.765278,151.117806,pm10,µg/m³,38.4
7426,21608,Macquarie Park-7426,2020-01-02T18:00:00+11:00,-33.765278,151.117806,pm10,µg/m³,38.1
7426,21608,Macquarie Park-7426,2020-01-02T19:00:00+11:00,-33.765278,151.117806,pm10,µg/m³,37.4
7426,21608,Macquarie Park-7426,2020-01-02T20:00:00+11:00,-33.765278,151.117806,pm10,µg/m³,37.0
7426,21608,Macquarie Park-7426,2020-01-02T21:00:00+11:00,-33.765278,151.117806,pm10,µg/m³,37.0
7426,21608,Macquarie Park-7426,2020-01-02T22:00:00+11:00,-33.765278,151.117806,pm10,µg/m³,37.1
7426,21608,Macquarie Park-7426,2020-01-02T23:00:00+11:00,-33.765278,151.117806,pm10,µg/m³,36.9
7426,21609,Macquarie Park-7426,2020-01-02T01:00:00+11:00,-33.765278,151.117806,pm25,µg/m³,19.7
7426,21609,Macquarie Park-7426,2020-01-02T02:00:00+11:00,-33.765278,151.117806,pm25,µg/m³,20.2
7426,21609,Macquarie Park-7426,2020-01-02T03:00:00+11:00,-33.765278,151.117806,pm25,µg/m³,20.9
7426,21609,Macquarie Park-7426,2020-01-02T04:00:00+11:00,-33.765278,151.117806,pm25,µg/m³,21.7
7426,21609,Macquarie Park-7426,2020-01-02T05:00:00+11:00,-33.765278,151.117806,pm25,µg/m³,22.7
7426,21609,Macquarie Park-7426,2020-01-02T06:00:00+11:00,-33.765278,151.117806,pm25,µg/m³,24.5
7426,21609,Macquarie Park-7426,2020-01-02T07:00:00+11:00,-33.765278,151.117806,pm25,µg/m³,26.9
7426,21609,Macquarie Park-7426,2020-01-02T08:00:00+11:00,-33.765278,151.117806,pm25,µg/m³,27.8
7426,21609,Macquarie Park-7426,2020-01-02T09:00:00+11:00,-33.765278,151.117806,pm25,µg/m³,27.7
7426,21609,Macquarie Park-7426,2020-01-02T10:00:00+11:00,-33.765278,151.117806,pm25,µg/m³,27.3
7426,21609,Macquarie Park-7426,2020-01-02T11:00:00+11:00,-33.765278,151.117806,pm25,µg/m³,26.7
7426,21609,Macquarie Park-7426,2020-01-02T12:00:00+11:00,-33.765278,151.117806,pm25,µg/m³,26.0
7426,21609,Macquarie Park-7426,2020-01-02T13:00:00+11:00,-33.765278,151.117806,pm25,µg/m³,24.3
7426,21609,Macquarie Park-7426,2020-01-02T14:00:00+11:00,-33.765278,151.117806,pm25,µg/m³,22.1
7426,21609,Macquarie Park-7426,2020-01-02T15:00:00+11:00,-33.765278,151.117806,pm25,µg/m³,20.7
7426,21609,Macquarie Park-7426,2020-01-02T16:00:00+11:00,-33.765278,151.117806,pm25,µg/m³,20.2
7426,21609,Macquarie Park-7426,2020-01-02T17:00:00+11:00,-33.765278,151.117806,pm25,µg/m³,20.0
7426,21609,Macquarie Park-7426,2020-01-02T18:00:00+11:00,-33.765278,151.117806,pm25,µg/m³,20.4
7426,21609,Macquarie Park-7426,2020-01-02T19:00:00+11:00,-33.765278,151.117806,pm25,µg/m³,20.4
7426,21609,Macquarie Park-7426,2020-01-02T20:00:00+11:00,-33.765278,151.117806,pm25,µg/m³,20.0
7426,21609,Macquarie Park-7426,2020-01-02T21:00:00+11:00,-33.765278,151.117806,pm25,µg/m³,19.5
7426,21609,Macquarie Park-7426,2020-01-02T22:00:00+11:00,-33.765278,151.117806,pm25,µg/m³,19.2
7426,21609,Macquarie Park-7426,2020-01-02T23:00:00+11:00,-33.765278,151.117806,pm25,µg/m³,18.9
7426,25234,Macquarie Park-7426,2020-01-02T01:00:00+11:00,-33.765278,151.117806,no2,ppm,0.0
7426,25234,Macquarie Park-7426,2020-01-02T03:00:00+11:00,-33.765278,151.117806,no2,ppm,0.0
7426,25234,Macquarie Park-7426,2020-01-02T04:00:00+11:00,-33.765278,151.117806,no2,ppm,0.0
7426,25234,Macquarie Park-7426,2020-01-02T05:00:00+11:00,-33.765278,151.117806,no2,ppm,0.001
7426,25234,Macquarie Park-7426,2020-01-02T06:00:00+11:00,-33.765278,151.117806,no2,ppm,0.003
7426,25234,Macquarie Park-7426,2020-01-02T07:00:00+11:00,-33.765278,151.117806,no2,ppm,0.005
7426,25234,Macquarie Park-7426,2020-01-02T08:00:00+11:00,-33.765278,151.117806,no2,ppm,0.001
7426,25234,Macquarie Park-7426,2020-01-02T09:00:00+11:00,-33.765278,151.117806,no2,ppm,0.0
7426,25234,Macquarie Park-7426,2020-01-02T10:00:00+11:00,-33.765278,151.117806,no2,ppm,0.001
7426,25234,Macquarie Park-7426,2020-01-02T11:00:00+11:00,-33.765278,151.117806,no2,ppm,0.001
7426,25234,Macquarie Park-7426,2020-01-02T12:00:00+11:00,-33.765278,151.117806,no2,ppm,0.001
7426,25234,Macquarie Park-7426,2020-01-02T13:00:00+11:00,-33.765278,151.117806,no2,ppm,0.001
7426,25234,Macquarie Park-7426,2020-01-02T14:00:00+11:00,-33.765278,151.117806,no2,ppm,0.0
7426,25234,Macquarie Park-7426,2020-01-02T15:00:00+11:00,-33.765278,151.117806,no2,ppm,-0.001
7426,25234,Macquarie Park-7426,2020-01-02T16:00:00+11:00,-33.765278,151.117806,no2,ppm,-0.001
7426,25234,Macquarie Park-7426,2020-01-02T17:00:00+11:00,-33.765278,151.117806,no2,ppm,-0.001
7426,25234,Macquarie Park-7426,2020-01-02T18:00:00+11:00,-33.765278,151.117806,no2,ppm,-0.001
7426,25234,Macquarie Park-7426,2020-01-02T19:00:00+11:00,-33.765278,151.117806,no2,ppm,-0.001
7426,25234,Macquarie Park-7426,2020-01-02T20:00:00+11:00,-33.765278,151.117806,no2,ppm,-0.001
7426,25234,Macquarie Park-7426,2020-01-02T21:00:00+11:00,-33.765278,151.117806,no2,ppm,-0.001
7426,25234,Macquarie Park-7426,2020-01-02T22:00:00+11:00,-33.765278,151.117806,no2,ppm,-0.001
7426,25234,Macquarie Park-7426,2020-01-02T23:00:00+11:00,-33.765278,151.117806,no2,ppm,-0.001
7426,28467,Macquarie Park-7426,2020-01-02T01:00:00+11:00,-33.765278,151.117806,co,ppm,0.3
7426,28467,Macquarie Park-7426,2020-01-02T02:00:00+11:00,-33.765278,151.117806,co,ppm,0.3
7426,28467,Macquarie Park-7426,2020-01-02T03:00:00+11:00,-33.765278,151.117806,co,ppm,0.3
7426,28467,Macquarie Park-7426,2020-01-02T04:00:00+11:00,-33.765278,151.117806,co,ppm,0.3
7426,28467,Macquarie Park-7426,2020-01-02T05:00:00+11:00,-33.765278,151.117806,co,ppm,0.4
7426,28467,Macquarie Park-7426,2020-01-02T06:00:00+11:00,-33.765278,151.117806,co,ppm,0.5
7426,28467,Macquarie Park-7426,2020-01-02T07:00:00+11:00,-33.765278,151.117806,co,ppm,0.6
7426,28467,Macquarie Park-7426,2020-01-02T08:00:00+11:00,-33.765278,151.117806,co,ppm,0.6
7426,28467,Macquarie Park-7426,2020-01-02T09:00:00+11:00,-33.765278,151.117806,co,ppm,0.6
7426,28467,Macquarie Park-7426,2020-01-02T10:00:00+11:00,-33.765278,151.117806,co,ppm,0.5
7426,28467,Macquarie Park-7426,2020-01-02T11:00:00+11:00,-33.765278,151.117806,co,ppm,0.5
7426,28467,Macquarie Park-7426,2020-01-02T12:00:00+11:00,-33.765278,151.117806,co,ppm,0.5
7426,28467,Macquarie Park-7426,2020-01-02T13:00:00+11:00,-33.765278,151.117806,co,ppm,0.4
7426,28467,Macquarie Park-7426,2020-01-02T14:00:00+11:00,-33.765278,151.117806,co,ppm,0.3
7426,28467,Macquarie Park-7426,2020-01-02T15:00:00+11:00,-33.765278,151.117806,co,ppm,0.2
7426,28467,Macquarie Park-7426,2020-01-02T16:00:00+11:00,-33.765278,151.117806,co,ppm,0.2
7426,28467,Macquarie Park-7426,2020-01-02T17:00:00+11:00,-33.765278,151.117806,co,ppm,0.2
7426,28467,Macquarie Park-7426,2020-01-02T18:00:00+11:00,-33.765278,151.117806,co,ppm,0.2
7426,28467,Macquarie Park-7426,2020-01-02T19:00:00+11:00,-33.765278,151.117806,co,ppm,0.3
7426,28467,Macquarie Park-7426,2020-01-02T20:00:00+11:00,-33.765278,151.117806,co,ppm,0.3
7426,28467,Macquarie Park-7426,2020-01-02T21:00:00+11:00,-33.765278,151.117806,co,ppm,0.3
7426,28467,Macquarie Park-7426,2020-01-02T22:00:00+11:00,-33.765278,151.117806,co,ppm,0.3
7426,28467,Macquarie Park-7426,2020-01-02T23:00:00+11:00,-33.765278,151.117806,co,ppm,0.3
7426,25237,Macquarie Park-7426,2020-01-02T01:00:00+11:00,-33.765278,151.117806,so2,ppm,0.0
7426,25237,Macquarie Park-7426,2020-01-02T03:00:00+11:00,-33.765278,151.117806,so2,ppm,0.0
7426,25237,Macquarie Park-7426,2020-01-02T04:00:00+11:00,-33.765278,151.117806,so2,ppm,0.0
7426,25237,Macquarie Park-7426,2020-01-02T05:00:00+11:00,-33.765278,151.117806,so2,ppm,0.0
7426,25237,Macquarie Park-7426,2020-01-02T06:00:00+11:00,-33.765278,151.117806,so2,ppm,0.0
7426,25237,Macquarie Park-7426,2020-01-02T07:00:00+11:00,-33.765278,151.117806,so2,ppm,0.0
7426,25237,Macquarie Park-7426,2020-01-02T08:00:00+11:00,-33.765278,151.117806,so2,ppm,0.0
7426,25237,Macquarie Park-7426,2020-01-02T09:00:00+11:00,-33.765278,151.117806,so2,ppm,0.0
7426,25237,Macquarie Park-7426,2020-01-02T10:00:00+11:00,-33.765278,151.117806,so2,ppm,0.0
7426,25237,Macquarie Park-7426,2020-01-02T11:00:00+11:00,-33.765278,151.117806,so2,ppm,0.0
7426,25237,Macquarie Park-7426,2020-01-02T12:00:00+11:00,-33.765278,151.117806,so2,ppm,0.0
7426,25237,Macquarie Park-7426,2020-01-02T13:00:00+11:00,-33.765278,151.117806,so2,ppm,0.0
7426,25237,Macquarie Park-7426,2020-01-02T14:00:00+11:00,-33.765278,151.117806,so2,ppm,0.0
7426,25237,Macquarie Park-7426,2020-01-02T15:00:00+11:00,-33.765278,151.117806,so2,ppm,0.0
7426,25237,Macquarie Park-7426,2020-01-02T16:00:00+11:00,-33.765278,151.117806,so2,ppm,0.0
7426,25237,Macquarie Park-7426,2020-01-02T17:00:00+11:00,-33.765278,151.117806,so2,ppm,0.0
7426,25237,Macquarie Park-7426,2020-01-02T18:00:00+11:00,-33.765278,151.117806,so2,ppm,0.0
7426,25237,Macquarie Park-7426,2020-01-02T19:00:00+11:00,-33.765278,151.117806,so2,ppm,0.0
7426,25237,Macquarie Park-7426,2020-01-02T20:00:00+11:00,-33.765278,151.117806,so2,ppm,0.0
7426,25237,Macquarie Park-7426,2020-01-02T21:00:00+11:00,-33.765278,151.117806,so2,ppm,0.0
7426,25237,Macquarie Park-7426,2020-01-02T22:00:00+11:00,-33.765278,151.117806,so2,ppm,0.0
7426,25237,Macquarie Park-7426,2020-01-02T23:00:00+11:00,-33.765278,151.117806,so2,ppm,0.0
7426,25235,Macquarie Park-7426,2020-01-02T01:00:00+11:00,-33.765278,151.117806,o3,ppm,0.021
7426,25235,Macquarie Park-7426,2020-01-02T02:00:00+11:00,-33.765278,151.117806,o3,ppm,0.023
7426,25235,Macquarie Park-7426,2020-01-02T03:00:00+11:00,-33.765278,151.117806,o3,ppm,0.018
7426,25235,Macquarie Park-7426,2020-01-02T04:00:00+11:00,-33.765278,151.117806,o3,ppm,0.019
7426,25235,Macquarie Park-7426,2020-01-02T05:00:00+11:00,-33.765278,151.117806,o3,ppm,0.018
7426,25235,Macquarie Park-7426,2020-01-02T06:00:00+11:00,-33.765278,151.117806,o3,ppm,0.015
7426,25235,Macquarie Park-7426,2020-01-02T07:00:00+11:00,-33.765278,151.117806,o3,ppm,0.013
7426,25235,Macquarie Park-7426,2020-01-02T08:00:00+11:00,-33.765278,151.117806,o3,ppm,0.019
7426,25235,Macquarie Park-7426,2020-01-02T09:00:00+11:00,-33.765278,151.117806,o3,ppm,0.019
7426,25235,Macquarie Park-7426,2020-01-02T10:00:00+11:00,-33.765278,151.117806,o3,ppm,0.022
7426,25235,Macquarie Park-7426,2020-01-02T11:00:00+11:00,-33.765278,151.117806,o3,ppm,0.026
7426,25235,Macquarie Park-7426,2020-01-02T12:00:00+11:00,-33.765278,151.117806,o3,ppm,0.029
7426,25235,Macquarie Park-7426,2020-01-02T13:00:00+11:00,-33.765278,151.117806,o3,ppm,0.031
7426,25235,Macquarie Park-7426,2020-01-02T14:00:00+11:00,-33.765278,151.117806,o3,ppm,0.029
7426,25235,Macquarie Park-7426,2020-01-02T15:00:00+11:00,-33.765278,151.117806,o3,ppm,0.026
7426,25235,Macquarie Park-7426,2020-01-02T16:00:00+11:00,-33.765278,151.117806,o3,ppm,0.025
7426,25235,Macquarie Park-7426,2020-01-02T17:00:00+11:00,-33.765278,151.117806,o3,ppm,0.024
7426,25235,Macquarie Park-7426,2020-01-02T18:00:00+11:00,-33.765278,151.117806,o3,ppm,0.022
7426,25235,Macquarie Park-7426,2020-01-02T19:00:00+11:00,-33.765278,151.117806,o3,ppm,0.021
7426,25235,Macquarie Park-7426,2020-01-02T20:00:00+11:00,-33.765278,151.117806,o3,ppm,0.021
7426,25235,Macquarie Park-7426,2020-01-02T21:00:00+11:00,-33.765278,151.117806,o3,ppm,0.021
7426,25235,Macquarie Park-7426,2020-01-02T22:00:00+11:00,-33.765278,151.117806,o3,ppm,0.021
7426,25235,Macquarie Park-7426,2020-01-02T23:00:00+11:00,-33.765278,151.117806,o3,ppm,0.021
7426,21608,Macquarie Park-7426,2020-01-03T01:00:00+11:00,-33.765278,151.117806,pm10,µg/m³,36.9
7426,21608,Macquarie Park-7426,2020-01-03T02:00:00+11:00,-33.765278,151.117806,pm10,µg/m³,37.3
7426,21608,Macquarie Park-7426,2020-01-03T03:00:00+11:00,-33.765278,151.117806,pm10,µg/m³,37.8
7426,21608,Macquarie Park-7426,2020-01-03T04:00:00+11:00,-33.765278,151.117806,pm10,µg/m³,37.4
7426,21608,Macquarie Park-7426,2020-01-03T05:00:00+11:00,-33.765278,151.117806,pm10,µg/m³,35.6
7426,21608,Macquarie Park-7426,2020-01-03T06:00:00+11:00,-33.765278,151.117806,pm10,µg/m³,33.2
7426,21608,Macquarie Park-7426,2020-01-03T07:00:00+11:00,-33.765278,151.117806,pm10,µg/m³,32.3
7426,21608,Macquarie Park-7426,2020-01-03T08:00:00+11:00,-33.765278,151.117806,pm10,µg/m³,34.2
7426,21608,Macquarie Park-7426,2020-01-03T09:00:00+11:00,-33.765278,151.117806,pm10,µg/m³,35.7
7426,21608,Macquarie Park-7426,2020-01-03T10:00:00+11:00,-33.765278,151.117806,pm10,µg/m³,36.7
7426,21608,Macquarie Park-7426,2020-01-03T11:00:00+11:00,-33.765278,151.117806,pm10,µg/m³,37.3
7426,21608,Macquarie Park-7426,2020-01-03T12:00:00+11:00,-33.765278,151.117806,pm10,µg/m³,37.9
7426,21608,Macquarie Park-7426,2020-01-03T13:00:00+11:00,-33.765278,151.117806,pm10,µg/m³,39.1
7426,21608,Macquarie Park-7426,2020-01-03T14:00:00+11:00,-33.765278,151.117806,pm10,µg/m³,40.4
7426,21608,Macquarie Park-7426,2020-01-03T15:00:00+11:00,-33.765278,151.117806,pm10,µg/m³,40.5
7426,21608,Macquarie Park-7426,2020-01-03T16:00:00+11:00,-33.765278,151.117806,pm10,µg/m³,40.4
7426,21608,Macquarie Park-7426,2020-01-03T17:00:00+11:00,-33.765278,151.117806,pm10,µg/m³,38.6
7426,21608,Macquarie Park-7426,2020-01-03T18:00:00+11:00,-33.765278,151.117806,pm10,µg/m³,38.4
7426,21608,Macquarie Park-7426,2020-01-03T19:00:00+11:00,-33.765278,151.117806,pm10,µg/m³,38.0
7426,21608,Macquarie Park-7426,2020-01-03T20:00:00+11:00,-33.765278,151.117806,pm10,µg/m³,37.4
7426,21608,Macquarie Park-7426,2020-01-03T21:00:00+11:00,-33.765278,151.117806,pm10,µg/m³,37.0
7426,21608,Macquarie Park-7426,2020-01-03T22:00:00+11:00,-33.765278,151.117806,pm10,µg/m³,36.6
7426,21608,Macquarie Park-7426,2020-01-03T23:00:00+11:00,-33.765278,151.117806,pm10,µg/m³,36.1
7426,21609,Macquarie Park-7426,2020-01-03T01:00:00+11:00,-33.765278,151.117806,pm25,µg/m³,18.2
7426,21609,Macquarie Park-7426,2020-01-03T02:00:00+11:00,-33.765278,151.117806,pm25,µg/m³,18.1
7426,21609,Macquarie Park-7426,2020-01-03T03:00:00+11:00,-33.765278,151.117806,pm25,µg/m³,18.0
7426,21609,Macquarie Park-7426,2020-01-03T04:00:00+11:00,-33.765278,151.117806,pm25,µg/m³,17.8
7426,21609,Macquarie Park-7426,2020-01-03T05:00:00+11:00,-33.765278,151.117806,pm25,µg/m³,17.1
7426,21609,Macquarie Park-7426,2020-01-03T06:00:00+11:00,-33.765278,151.117806,pm25,µg/m³,15.8
7426,21609,Macquarie Park-7426,2020-01-03T07:00:00+11:00,-33.765278,151.117806,pm25,µg/m³,14.3
7426,21609,Macquarie Park-7426,2020-01-03T08:00:00+11:00,-33.765278,151.117806,pm25,µg/m³,13.7
7426,21609,Macquarie Park-7426,2020-01-03T09:00:00+11:00,-33.765278,151.117806,pm25,µg/m³,14.1
7426,21609,Macquarie Park-7426,2020-01-03T10:00:00+11:00,-33.765278,151.117806,pm25,µg/m³,14.8
7426,21609,Macquarie Park-7426,2020-01-03T11:00:00+11:00,-33.765278,151.117806,pm25,µg/m³,15.6
7426,21609,Macquarie Park-7426,2020-01-03T12:00:00+11:00,-33.765278,151.117806,pm25,µg/m³,16.0
7426,21609,Macquarie Park-7426,2020-01-03T13:00:00+11:00,-33.765278,151.117806,pm25,µg/m³,16.9
7426,21609,Macquarie Park-7426,2020-01-03T14:00:00+11:00,-33.765278,151.117806,pm25,µg/m³,17.8
7426,21609,Macquarie Park-7426,2020-01-03T15:00:00+11:00,-33.765278,151.117806,pm25,µg/m³,18.4
7426,21609,Macquarie Park-7426,2020-01-03T16:00:00+11:00,-33.765278,151.117806,pm25,µg/m³,18.7
7426,21609,Macquarie Park-7426,2020-01-03T17:00:00+11:00,-33.765278,151.117806,pm25,µg/m³,19.1
7426,21609,Macquarie Park-7426,2020-01-03T18:00:00+11:00,-33.765278,151.117806,pm25,µg/m³,19.2
7426,21609,Macquarie Park-7426,2020-01-03T19:00:00+11:00,-33.765278,151.117806,pm25,µg/m³,19.1
7426,21609,Macquarie Park-7426,2020-01-03T20:00:00+11:00,-33.765278,151.117806,pm25,µg/m³,19.3
7426,21609,Macquarie Park-7426,2020-01-03T21:00:00+11:00,-33.765278,151.117806,pm25,µg/m³,19.1
7426,21609,Macquarie Park-7426,2020-01-03T22:00:00+11:00,-33.765278,151.117806,pm25,µg/m³,18.7
7426,21609,Macquarie Park-7426,2020-01-03T23:00:00+11:00,-33.765278,151.117806,pm25,µg/m³,18.5
7426,25234,Macquarie Park-7426,2020-01-03T01:00:00+11:00,-33.765278,151.117806,no2,ppm,0.0
7426,25234,Macquarie Park-7426,2020-01-03T03:00:00+11:00,-33.765278,151.117806,no2,ppm,0.001
7426,25234,Macquarie Park-7426,2020-01-03T04:00:00+11:00,-33.765278,151.117806,no2,ppm,0.001
7426,25234,Macquarie Park-7426,2020-01-03T05:00:00+11:00,-33.765278,151.117806,no2,ppm,0.003
7426,25234,Macquarie Park-7426,2020-01-03T06:00:00+11:00,-33.765278,151.117806,no2,ppm,0.004
7426,25234,Macquarie Park-7426,2020-01-03T07:00:00+11:00,-33.765278,151.117806,no2,ppm,0.007
7426,25234,Macquarie Park-7426,2020-01-03T08:00:00+11:00,-33.765278,151.117806,no2,ppm,0.005
7426,25234,Macquarie Park-7426,2020-01-03T09:00:00+11:00,-33.765278,151.117806,no2,ppm,0.005
7426,25234,Macquarie Park-7426,2020-01-03T10:00:00+11:00,-33.765278,151.117806,no2,ppm,0.002
7426,25234,Macquarie Park-7426,2020-01-03T11:00:00+11:00,-33.765278,151.117806,no2,ppm,0.002
7426,25234,Macquarie Park-7426,2020-01-03T12:00:00+11:00,-33.765278,151.117806,no2,ppm,0.001
7426,25234,Macquarie Park-7426,2020-01-03T13:00:00+11:00,-33.765278,151.117806,no2,ppm,0.001
7426,25234,Macquarie Park-7426,2020-01-03T14:00:00+11:00,-33.765278,151.117806,no2,ppm,0.001
7426,25234,Macquarie Park-7426,2020-01-03T15:00:00+11:00,-33.765278,151.117806,no2,ppm,0.0
7426,25234,Macquarie Park-7426,2020-01-03T16:00:00+11:00,-33.765278,151.117806,no2,ppm,0.0
7426,25234,Macquarie Park-7426,2020-01-03T17:00:00+11:00,-33.765278,151.117806,no2,ppm,-0.001
7426,25234,Macquarie Park-7426,2020-01-03T18:00:00+11:00,-33.765278,151.117806,no2,ppm,-0.001
7426,25234,Macquarie Park-7426,2020-01-03T19:00:00+11:00,-33.765278,151.117806,no2,ppm,-0.001
7426,25234,Macquarie Park-7426,2020-01-03T20:00:00+11:00,-33.765278,151.117806,no2,ppm,-0.001
7426,25234,Macquarie Park-7426,2020-01-03T21:00:00+11:00,-33.765278,151.117806,no2,ppm,0.0
7426,25234,Macquarie Park-7426,2020-01-03T22:00:00+11:00,-33.765278,151.117806,no2,ppm,0.0
7426,25234,Macquarie Park-7426,2020-01-03T23:00:00+11:00,-33.765278,151.117806,no2,ppm,0.001
7426,28467,Macquarie Park-7426,2020-01-03T01:00:00+11:00,-33.765278,151.117806,co,ppm,0.3
7426,28467,Macquarie Park-7426,2020-01-03T02:00:00+11:00,-33.765278,151.117806,co,ppm,0.3
7426,28467,Macquarie Park-7426,2020-01-03T03:00:00+11:00,-33.765278,151.117806,co,ppm,0.3
7426,28467,Macquarie Park-7426,2020-01-03T04:00:00+11:00,-33.765278,151.117806,co,ppm,0.3
7426,28467,Macquarie Park-7426,2020-01-03T05:00:00+11:00,-33.765278,151.117806,co,ppm,0.3
7426,28467,Macquarie Park-7426,2020-01-03T06:00:00+11:00,-33.765278,151.117806,co,ppm,0.4
7426,28467,Macquarie Park-7426,2020-01-03T07:00:00+11:00,-33.765278,151.117806,co,ppm,0.4
7426,28467,Macquarie Park-7426,2020-01-03T08:00:00+11:00,-33.765278,151.117806,co,ppm,0.4
7426,28467,Macquarie Park-7426,2020-01-03T09:00:00+11:00,-33.765278,151.117806,co,ppm,0.5
7426,28467,Macquarie Park-7426,2020-01-03T10:00:00+11:00,-33.765278,151.117806,co,ppm,0.4
7426,28467,Macquarie Park-7426,2020-01-03T11:00:00+11:00,-33.765278,151.117806,co,ppm,0.5
7426,28467,Macquarie Park-7426,2020-01-03T12:00:00+11:00,-33.765278,151.117806,co,ppm,0.5
7426,28467,Macquarie Park-7426,2020-01-03T13:00:00+11:00,-33.765278,151.117806,co,ppm,0.5
7426,28467,Macquarie Park-7426,2020-01-03T14:00:00+11:00,-33.765278,151.117806,co,ppm,0.4
7426,28467,Macquarie Park-7426,2020-01-03T15:00:00+11:00,-33.765278,151.117806,co,ppm,0.4
7426,28467,Macquarie Park-7426,2020-01-03T16:00:00+11:00,-33.765278,151.117806,co,ppm,0.4
7426,28467,Macquarie Park-7426,2020-01-03T17:00:00+11:00,-33.765278,151.117806,co,ppm,0.4
7426,28467,Macquarie Park-7426,2020-01-03T18:00:00+11:00,-33.765278,151.117806,co,ppm,0.4
7426,28467,Macquarie Park-7426,2020-01-03T19:00:00+11:00,-33.765278,151.117806,co,ppm,0.3
7426,28467,Macquarie Park-7426,2020-01-03T20:00:00+11:00,-33.765278,151.117806,co,ppm,0.3
7426,28467,Macquarie Park-7426,2020-01-03T21:00:00+11:00,-33.765278,151.117806,co,ppm,0.3
7426,28467,Macquarie Park-7426,2020-01-03T22:00:00+11:00,-33.765278,151.117806,co,ppm,0.3
7426,28467,Macquarie Park-7426,2020-01-03T23:00:00+11:00,-33.765278,151.117806,co,ppm,0.3
7426,25237,Macquarie Park-7426,2020-01-03T01:00:00+11:00,-33.765278,151.117806,so2,ppm,0.0
7426,25237,Macquarie Park-7426,2020-01-03T03:00:00+11:00,-33.765278,151.117806,so2,ppm,0.0
7426,25237,Macquarie Park-7426,2020-01-03T04:00:00+11:00,-33.765278,151.117806,so2,ppm,0.0
7426,25237,Macquarie Park-7426,2020-01-03T05:00:00+11:00,-33.765278,151.117806,so2,ppm,0.0
7426,25237,Macquarie Park-7426,2020-01-03T06:00:00+11:00,-33.765278,151.117806,so2,ppm,0.0
7426,25237,Macquarie Park-7426,2020-01-03T07:00:00+11:00,-33.765278,151.117806,so2,ppm,0.0
7426,25237,Macquarie Park-7426,2020-01-03T08:00:00+11:00,-33.765278,151.117806,so2,ppm,0.0
7426,25237,Macquarie Park-7426,2020-01-03T09:00:00+11:00,-33.765278,151.117806,so2,ppm,0.0
7426,25237,Macquarie Park-7426,2020-01-03T10:00:00+11:00,-33.765278,151.117806,so2,ppm,0.0
7426,25237,Macquarie Park-7426,2020-01-03T11:00:00+11:00,-33.765278,151.117806,so2,ppm,0.003
7426,25237,Macquarie Park-7426,2020-01-03T12:00:00+11:00,-33.765278,151.117806,so2,ppm,0.003
7426,25237,Macquarie Park-7426,2020-01-03T13:00:00+11:00,-33.765278,151.117806,so2,ppm,0.003
7426,25237,Macquarie Park-7426,2020-01-03T14:00:00+11:00,-33.765278,151.117806,so2,ppm,0.002
7426,25237,Macquarie Park-7426,2020-01-03T15:00:00+11:00,-33.765278,151.117806,so2,ppm,0.001
7426,25237,Macquarie Park-7426,2020-01-03T16:00:00+11:00,-33.765278,151.117806,so2,ppm,0.002
7426,25237,Macquarie Park-7426,2020-01-03T17:00:00+11:00,-33.765278,151.117806,so2,ppm,0.001
7426,25237,Macquarie Park-7426,2020-01-03T18:00:00+11:00,-33.765278,151.117806,so2,ppm,0.0
7426,25237,Macquarie Park-7426,2020-01-03T19:00:00+11:00,-33.765278,151.117806,so2,ppm,0.0
7426,25237,Macquarie Park-7426,2020-01-03T20:00:00+11:00,-33.765278,151.117806,so2,ppm,0.0
7426,25237,Macquarie Park-7426,2020-01-03T21:00:00+11:00,-33.765278,151.117806,so2,ppm,0.0
7426,25237,Macquarie Park-7426,2020-01-03T22:00:00+11:00,-33.765278,151.117806,so2,ppm,0.0
7426,25237,Macquarie Park-7426,2020-01-03T23:00:00+11:00,-33.765278,151.117806,so2,ppm,0.0
7426,25235,Macquarie Park-7426,2020-01-03T01:00:00+11:00,-33.765278,151.117806,o3,ppm,0.018
7426,25235,Macquarie Park-7426,2020-01-03T02:00:00+11:00,-33.765278,151.117806,o3,ppm,0.02
7426,25235,Macquarie Park-7426,2020-01-03T03:00:00+11:00,-33.765278,151.117806,o3,ppm,0.019
7426,25235,Macquarie Park-7426,2020-01-03T04:00:00+11:00,-33.765278,151.117806,o3,ppm,0.019
7426,25235,Macquarie Park-7426,2020-01-03T05:00:00+11:00,-33.765278,151.117806,o3,ppm,0.018
7426,25235,Macquarie Park-7426,2020-01-03T06:00:00+11:00,-33.765278,151.117806,o3,ppm,0.017
7426,25235,Macquarie Park-7426,2020-01-03T07:00:00+11:00,-33.765278,151.117806,o3,ppm,0.016
7426,25235,Macquarie Park-7426,2020-01-03T08:00:00+11:00,-33.765278,151.117806,o3,ppm,0.02
7426,25235,Macquarie Park-7426,2020-01-03T09:00:00+11:00,-33.765278,151.117806,o3,ppm,0.024
7426,25235,Macquarie Park-7426,2020-01-03T10:00:00+11:00,-33.765278,151.117806,o3,ppm,0.034
7426,25235,Macquarie Park-7426,2020-01-03T11:00:00+11:00,-33.765278,151.117806,o3,ppm,0.041
7426,25235,Macquarie Park-7426,2020-01-03T12:00:00+11:00,-33.765278,151.117806,o3,ppm,0.048
7426,25235,Macquarie Park-7426,2020-01-03T13:00:00+11:00,-33.765278,151.117806,o3,ppm,0.055
7426,25235,Macquarie Park-7426,2020-01-03T14:00:00+11:00,-33.765278,151.117806,o3,ppm,0.051
7426,25235,Macquarie Park-7426,2020-01-03T15:00:00+11:00,-33.765278,151.117806,o3,ppm,0.039
7426,25235,Macquarie Park-7426,2020-01-03T16:00:00+11:00,-33.765278,151.117806,o3,ppm,0.038
7426,25235,Macquarie Park-7426,2020-01-03T17:00:00+11:00,-33.765278,151.117806,o3,ppm,0.028
7426,25235,Macquarie Park-7426,2020-01-03T18:00:00+11:00,-33.765278,151.117806,o3,ppm,0.024
7426,25235,Macquarie Park-7426,2020-01-03T19:00:00+11:00,-33.765278,151.117806,o3,ppm,0.025
7426,25235,Macquarie Park-7426,2020-01-03T20:00:00+11:00,-33.765278,151.117806,o3,ppm,0.025
7426,25235,Macquarie Park-7426,2020-01-03T21:00:00+11:00,-33.765278,151.117806,o3,ppm,0.021
7426,25235,Macquarie Park-7426,2020-01-03T22:00:00+11:00,-33.765278,151.117806,o3,ppm,0.019
7426,25235,Macquarie Park-7426,2020-01-03T23:00:00+11:00,-33.765278,151.117806,o3,ppm,0.014
7426,21608,Macquarie Park-7426,2020-01-04T01:00:00+11:00,-33.765278,151.117806,pm10,µg/m³,34.7
7426,21608,Macquarie Park-7426,2020-01-04T02:00:00+11:00,-33.765278,151.117806,pm10,µg/m³,33.4
7426,21608,Macquarie Park-7426,2020-01-04T03:00:00+11:00,-33.765278,151.117806,pm10,µg/m³,32.0
7426,21608,Macquarie Park-7426,2020-01-04T04:00:00+11:00,-33.765278,151.117806,pm10,µg/m³,30.9
7426,21608,Macquarie Park-7426,2020-01-04T05:00:00+11:00,-33.765278,151.117806,pm10,µg/m³,29.9
7426,21608,Macquarie Park-7426,2020-01-04T06:00:00+11:00,-33.765278,151.117806,pm10,µg/m³,29.2
7426,21608,Macquarie Park-7426,2020-01-04T07:00:00+11:00,-33.765278,151.117806,pm10,µg/m³,28.0
7426,21608,Macquarie Park-7426,2020-01-04T08:00:00+11:00,-33.765278,151.117806,pm10,µg/m³,26.6
7426,21608,Macquarie Park-7426,2020-01-04T09:00:00+11:00,-33.765278,151.117806,pm10,µg/m³,26.6
7426,21608,Macquarie Park-7426,2020-01-04T10:00:00+11:00,-33.765278,151.117806,pm10,µg/m³,27.5
7426,21608,Macquarie Park-7426,2020-01-04T11:00:00+11:00,-33.765278,151.117806,pm10,µg/m³,28.3
7426,21608,Macquarie Park-7426,2020-01-04T12:00:00+11:00,-33.765278,151.117806,pm10,µg/m³,28.2
7426,21608,Macquarie Park-7426,2020-01-04T13:00:00+11:00,-33.765278,151.117806,pm10,µg/m³,28.0
7426,21608,Macquarie Park-7426,2020-01-04T14:00:00+11:00,-33.765278,151.117806,pm10,µg/m³,27.2
7426,21608,Macquarie Park-7426,2020-01-04T15:00:00+11:00,-33.765278,151.117806,pm10,µg/m³,27.7
7426,21608,Macquarie Park-7426,2020-01-04T16:00:00+11:00,-33.765278,151.117806,pm10,µg/m³,29.9
7426,21608,Macquarie Park-7426,2020-01-04T17:00:00+11:00,-33.765278,151.117806,pm10,µg/m³,33.9
7426,21608,Macquarie Park-7426,2020-01-04T18:00:00+11:00,-33.765278,151.117806,pm10,µg/m³,36.5
7426,21608,Macquarie Park-7426,2020-01-04T19:00:00+11:00,-33.765278,151.117806,pm10,µg/m³,38.7
7426,21608,Macquarie Park-7426,2020-01-04T20:00:00+11:00,-33.765278,151.117806,pm10,µg/m³,41.1
7426,21608,Macquarie Park-7426,2020-01-04T21:00:00+11:00,-33.765278,151.117806,pm10,µg/m³,43.1
7426,21608,Macquarie Park-7426,2020-01-04T22:00:00+11:00,-33.765278,151.117806,pm10,µg/m³,49.3
7426,21608,Macquarie Park-7426,2020-01-04T23:00:00+11:00,-33.765278,151.117806,pm10,µg/m³,54.8
7426,21609,Macquarie Park-7426,2020-01-04T01:00:00+11:00,-33.765278,151.117806,pm25,µg/m³,17.8
7426,21609,Macquarie Park-7426,2020-01-04T02:00:00+11:00,-33.765278,151.117806,pm25,µg/m³,17.4
7426,21609,Macquarie Park-7426,2020-01-04T03:00:00+11:00,-33.765278,151.117806,pm25,µg/m³,17.0
7426,21609,Macquarie Park-7426,2020-01-04T04:00:00+11:00,-33.765278,151.117806,pm25,µg/m³,16.4
7426,21609,Macquarie Park-7426,2020-01-04T05:00:00+11:00,-33.765278,151.117806,pm25,µg/m³,15.9
7426,21609,Macquarie Park-7426,2020-01-04T06:00:00+11:00,-33.765278,151.117806,pm25,µg/m³,15.1
7426,21609,Macquarie Park-7426,2020-01-04T07:00:00+11:00,-33.765278,151.117806,pm25,µg/m³,14.0
7426,21609,Macquarie Park-7426,2020-01-04T08:00:00+11:00,-33.765278,151.117806,pm25,µg/m³,13.3
7426,21609,Macquarie Park-7426,2020-01-04T09:00:00+11:00,-33.765278,151.117806,pm25,µg/m³,13.1
7426,21609,Macquarie Park-7426,2020-01-04T10:00:00+11:00,-33.765278,151.117806,pm25,µg/m³,13.6
7426,21609,Macquarie Park-7426,2020-01-04T11:00:00+11:00,-33.765278,151.117806,pm25,µg/m³,14.5
7426,21609,Macquarie Park-7426,2020-01-04T12:00:00+11:00,-33.765278,151.117806,pm25,µg/m³,15.4
7426,21609,Macquarie Park-7426,2020-01-04T13:00:00+11:00,-33.765278,151.117806,pm25,µg/m³,15.6
7426,21609,Macquarie Park-7426,2020-01-04T14:00:00+11:00,-33.765278,151.117806,pm25,µg/m³,15.5
7426,21609,Macquarie Park-7426,2020-01-04T15:00:00+11:00,-33.765278,151.117806,pm25,µg/m³,15.3
7426,21609,Macquarie Park-7426,2020-01-04T16:00:00+11:00,-33.765278,151.117806,pm25,µg/m³,15.0
7426,21609,Macquarie Park-7426,2020-01-04T17:00:00+11:00,-33.765278,151.117806,pm25,µg/m³,15.3
7426,21609,Macquarie Park-7426,2020-01-04T18:00:00+11:00,-33.765278,151.117806,pm25,µg/m³,16.3
7426,21609,Macquarie Park-7426,2020-01-04T19:00:00+11:00,-33.765278,151.117806,pm25,µg/m³,17.7
7426,21609,Macquarie Park-7426,2020-01-04T20:00:00+11:00,-33.765278,151.117806,pm25,µg/m³,18.8
7426,21609,Macquarie Park-7426,2020-01-04T21:00:00+11:00,-33.765278,151.117806,pm25,µg/m³,20.3
7426,21609,Macquarie Park-7426,2020-01-04T22:00:00+11:00,-33.765278,151.117806,pm25,µg/m³,22.5
7426,21609,Macquarie Park-7426,2020-01-04T23:00:00+11:00,-33.765278,151.117806,pm25,µg/m³,25.9
7426,25234,Macquarie Park-7426,2020-01-04T01:00:00+11:00,-33.765278,151.117806,no2,ppm,0.002
7426,25234,Macquarie Park-7426,2020-01-04T03:00:00+11:00,-33.765278,151.117806,no2,ppm,0.001
7426,25234,Macquarie Park-7426,2020-01-04T04:00:00+11:00,-33.765278,151.117806,no2,ppm,0.0
7426,25234,Macquarie Park-7426,2020-01-04T05:00:00+11:00,-33.765278,151.117806,no2,ppm,0.0
7426,25234,Macquarie Park-7426,2020-01-04T06:00:00+11:00,-33.765278,151.117806,no2,ppm,0.0
7426,25234,Macquarie Park-7426,2020-01-04T07:00:00+11:00,-33.765278,151.117806,no2,ppm,0.001
7426,25234,Macquarie Park-7426,2020-01-04T08:00:00+11:00,-33.765278,151.117806,no2,ppm,0.003
7426,25234,Macquarie Park-7426,2020-01-04T09:00:00+11:00,-33.765278,151.117806,no2,ppm,0.003
7426,25234,Macquarie Park-7426,2020-01-04T10:00:00+11:00,-33.765278,151.117806,no2,ppm,0.002
7426,25234,Macquarie Park-7426,2020-01-04T11:00:00+11:00,-33.765278,151.117806,no2,ppm,0.001
7426,25234,Macquarie Park-7426,2020-01-04T12:00:00+11:00,-33.765278,151.117806,no2,ppm,0.0
7426,25234,Macquarie Park-7426,2020-01-04T13:00:00+11:00,-33.765278,151.117806,no2,ppm,-0.001
7426,25234,Macquarie Park-7426,2020-01-04T14:00:00+11:00,-33.765278,151.117806,no2,ppm,-0.001
7426,25234,Macquarie Park-7426,2020-01-04T15:00:00+11:00,-33.765278,151.117806,no2,ppm,-0.001
7426,25234,Macquarie Park-7426,2020-01-04T16:00:00+11:00,-33.765278,151.117806,no2,ppm,0.001
7426,25234,Macquarie Park-7426,2020-01-04T17:00:00+11:00,-33.765278,151.117806,no2,ppm,0.003
7426,25234,Macquarie Park-7426,2020-01-04T18:00:00+11:00,-33.765278,151.117806,no2,ppm,0.003
7426,25234,Macquarie Park-7426,2020-01-04T19:00:00+11:00,-33.765278,151.117806,no2,ppm,0.004
7426,25234,Macquarie Park-7426,2020-01-04T20:00:00+11:00,-33.765278,151.117806,no2,ppm,0.012
7426,25234,Macquarie Park-7426,2020-01-04T21:00:00+11:00,-33.765278,151.117806,no2,ppm,0.009
7426,25234,Macquarie Park-7426,2020-01-04T22:00:00+11:00,-33.765278,151.117806,no2,ppm,0.004
7426,25234,Macquarie Park-7426,2020-01-04T23:00:00+11:00,-33.765278,151.117806,no2,ppm,0.0
7426,28467,Macquarie Park-7426,2020-01-04T01:00:00+11:00,-33.765278,151.117806,co,ppm,0.3
7426,28467,Macquarie Park-7426,2020-01-04T02:00:00+11:00,-33.765278,151.117806,co,ppm,0.3
7426,28467,Macquarie Park-7426,2020-01-04T03:00:00+11:00,-33.765278,151.117806,co,ppm,0.3
7426,28467,Macquarie Park-7426,2020-01-04T04:00:00+11:00,-33.765278,151.117806,co,ppm,0.3
7426,28467,Macquarie Park-7426,2020-01-04T05:00:00+11:00,-33.765278,151.117806,co,ppm,0.3
7426,28467,Macquarie Park-7426,2020-01-04T06:00:00+11:00,-33.765278,151.117806,co,ppm,0.3
7426,28467,Macquarie Park-7426,2020-01-04T07:00:00+11:00,-33.765278,151.117806,co,ppm,0.3
7426,28467,Macquarie Park-7426,2020-01-04T08:00:00+11:00,-33.765278,151.117806,co,ppm,0.3
7426,28467,Macquarie Park-7426,2020-01-04T09:00:00+11:00,-33.765278,151.117806,co,ppm,0.3
7426,28467,Macquarie Park-7426,2020-01-04T10:00:00+11:00,-33.765278,151.117806,co,ppm,0.4
7426,28467,Macquarie Park-7426,2020-01-04T11:00:00+11:00,-33.765278,151.117806,co,ppm,0.5
7426,28467,Macquarie Park-7426,2020-01-04T12:00:00+11:00,-33.765278,151.117806,co,ppm,0.5
7426,28467,Macquarie Park-7426,2020-01-04T13:00:00+11:00,-33.765278,151.117806,co,ppm,0.5
7426,28467,Macquarie Park-7426,2020-01-04T14:00:00+11:00,-33.765278,151.117806,co,ppm,0.5
7426,28467,Macquarie Park-7426,2020-01-04T15:00:00+11:00,-33.765278,151.117806,co,ppm,0.5
7426,28467,Macquarie Park-7426,2020-01-04T16:00:00+11:00,-33.765278,151.117806,co,ppm,0.5
7426,28467,Macquarie Park-7426,2020-01-04T17:00:00+11:00,-33.765278,151.117806,co,ppm,0.5
7426,28467,Macquarie Park-7426,2020-01-04T18:00:00+11:00,-33.765278,151.117806,co,ppm,0.5
7426,28467,Macquarie Park-7426,2020-01-04T19:00:00+11:00,-33.765278,151.117806,co,ppm,0.5
7426,28467,Macquarie Park-7426,2020-01-04T20:00:00+11:00,-33.765278,151.117806,co,ppm,0.5
7426,28467,Macquarie Park-7426,2020-01-04T21:00:00+11:00,-33.765278,151.117806,co,ppm,0.5
7426,28467,Macquarie Park-7426,2020-01-04T22:00:00+11:00,-33.765278,151.117806,co,ppm,0.6
7426,28467,Macquarie Park-7426,2020-01-04T23:00:00+11:00,-33.765278,151.117806,co,ppm,0.7
7426,25237,Macquarie Park-7426,2020-01-04T01:00:00+11:00,-33.765278,151.117806,so2,ppm,0.0
7426,25237,Macquarie Park-7426,2020-01-04T03:00:00+11:00,-33.765278,151.117806,so2,ppm,0.0
7426,25237,Macquarie Park-7426,2020-01-04T04:00:00+11:00,-33.765278,151.117806,so2,ppm,0.0
7426,25237,Macquarie Park-7426,2020-01-04T05:00:00+11:00,-33.765278,151.117806,so2,ppm,0.0
7426,25237,Macquarie Park-7426,2020-01-04T06:00:00+11:00,-33.765278,151.117806,so2,ppm,0.0
7426,25237,Macquarie Park-7426,2020-01-04T07:00:00+11:00,-33.765278,151.117806,so2,ppm,0.0
7426,25237,Macquarie Park-7426,2020-01-04T08:00:00+11:00,-33.765278,151.117806,so2,ppm,0.001
7426,25237,Macquarie Park-7426,2020-01-04T09:00:00+11:00,-33.765278,151.117806,so2,ppm,0.002
7426,25237,Macquarie Park-7426,2020-01-04T10:00:00+11:00,-33.765278,151.117806,so2,ppm,0.002
7426,25237,Macquarie Park-7426,2020-01-04T11:00:00+11:00,-33.765278,151.117806,so2,ppm,0.002
7426,25237,Macquarie Park-7426,2020-01-04T12:00:00+11:00,-33.765278,151.117806,so2,ppm,0.001
7426,25237,Macquarie Park-7426,2020-01-04T13:00:00+11:00,-33.765278,151.117806,so2,ppm,0.001
7426,25237,Macquarie Park-7426,2020-01-04T14:00:00+11:00,-33.765278,151.117806,so2,ppm,0.001
7426,25237,Macquarie Park-7426,2020-01-04T15:00:00+11:00,-33.765278,151.117806,so2,ppm,0.0
7426,25237,Macquarie Park-7426,2020-01-04T16:00:00+11:00,-33.765278,151.117806,so2,ppm,0.001
7426,25237,Macquarie Park-7426,2020-01-04T17:00:00+11:00,-33.765278,151.117806,so2,ppm,0.003
7426,25237,Macquarie Park-7426,2020-01-04T18:00:00+11:00,-33.765278,151.117806,so2,ppm,0.003
7426,25237,Macquarie Park-7426,2020-01-04T19:00:00+11:00,-33.765278,151.117806,so2,ppm,0.004
7426,25237,Macquarie Park-7426,2020-01-04T20:00:00+11:00,-33.765278,151.117806,so2,ppm,0.011
7426,25237,Macquarie Park-7426,2020-01-04T21:00:00+11:00,-33.765278,151.117806,so2,ppm,0.008
7426,25237,Macquarie Park-7426,2020-01-04T22:00:00+11:00,-33.765278,151.117806,so2,ppm,0.001
7426,25237,Macquarie Park-7426,2020-01-04T23:00:00+11:00,-33.765278,151.117806,so2,ppm,0.0
7426,25235,Macquarie Park-7426,2020-01-04T01:00:00+11:00,-33.765278,151.117806,o3,ppm,0.008
7426,25235,Macquarie Park-7426,2020-01-04T02:00:00+11:00,-33.765278,151.117806,o3,ppm,0.011
7426,25235,Macquarie Park-7426,2020-01-04T03:00:00+11:00,-33.765278,151.117806,o3,ppm,0.003
7426,25235,Macquarie Park-7426,2020-01-04T04:00:00+11:00,-33.765278,151.117806,o3,ppm,0.002
7426,25235,Macquarie Park-7426,2020-01-04T05:00:00+11:00,-33.765278,151.117806,o3,ppm,0.001
7426,25235,Macquarie Park-7426,2020-01-04T06:00:00+11:00,-33.765278,151.117806,o3,ppm,0.002
7426,25235,Macquarie Park-7426,2020-01-04T07:00:00+11:00,-33.765278,151.117806,o3,ppm,0.006
7426,25235,Macquarie Park-7426,2020-01-04T08:00:00+11:00,-33.765278,151.117806,o3,ppm,0.02
7426,25235,Macquarie Park-7426,2020-01-04T09:00:00+11:00,-33.765278,151.117806,o3,ppm,0.04
7426,25235,Macquarie Park-7426,2020-01-04T10:00:00+11:00,-33.765278,151.117806,o3,ppm,0.065
7426,25235,Macquarie Park-7426,2020-01-04T11:00:00+11:00,-33.765278,151.117806,o3,ppm,0.073
7426,25235,Macquarie Park-7426,2020-01-04T12:00:00+11:00,-33.765278,151.117806,o3,ppm,0.069
7426,25235,Macquarie Park-7426,2020-01-04T13:00:00+11:00,-33.765278,151.117806,o3,ppm,0.066
7426,25235,Macquarie Park-7426,2020-01-04T14:00:00+11:00,-33.765278,151.117806,o3,ppm,0.062
7426,25235,Macquarie Park-7426,2020-01-04T15:00:00+11:00,-33.765278,151.117806,o3,ppm,0.059
7426,25235,Macquarie Park-7426,2020-01-04T16:00:00+11:00,-33.765278,151.117806,o3,ppm,0.085
7426,25235,Macquarie Park-7426,2020-01-04T17:00:00+11:00,-33.765278,151.117806,o3,ppm,0.102
7426,25235,Macquarie Park-7426,2020-01-04T18:00:00+11:00,-33.765278,151.117806,o3,ppm,0.084
7426,25235,Macquarie Park-7426,2020-01-04T19:00:00+11:00,-33.765278,151.117806,o3,ppm,0.075
7426,25235,Macquarie Park-7426,2020-01-04T20:00:00+11:00,-33.765278,151.117806,o3,ppm,0.061
7426,25235,Macquarie Park-7426,2020-01-04T21:00:00+11:00,-33.765278,151.117806,o3,ppm,0.057
7426,25235,Macquarie Park-7426,2020-01-04T22:00:00+11:00,-33.765278,151.117806,o3,ppm,0.056
7426,25235,Macquarie Park-7426,2020-01-04T23:00:00+11:00,-33.765278,151.117806,o3,ppm,0.05
7426,21608,Macquarie Park-7426,2020-01-05T01:00:00+11:00,-33.765278,151.117806,pm10,µg/m³,64.2
7426,21608,Macquarie Park-7426,2020-01-05T02:00:00+11:00,-33.765278,151.117806,pm10,µg/m³,65.8
7426,21608,Macquarie Park-7426,2020-01-05T03:00:00+11:00,-33.765278,151.117806,pm10,µg/m³,66.3
7426,21608,Macquarie Park-7426,2020-01-05T04:00:00+11:00,-33.765278,151.117806,pm10,µg/m³,66.8
7426,21608,Macquarie Park-7426,2020-01-05T05:00:00+11:00,-33.765278,151.117806,pm10,µg/m³,68.3
7426,21608,Macquarie Park-7426,2020-01-05T06:00:00+11:00,-33.765278,151.117806,pm10,µg/m³,69.9
7426,21608,Macquarie Park-7426,2020-01-05T07:00:00+11:00,-33.765278,151.117806,pm10,µg/m³,72.1
7426,21608,Macquarie Park-7426,2020-01-05T08:00:00+11:00,-33.765278,151.117806,pm10,µg/m³,73.4
7426,21608,Macquarie Park-7426,2020-01-05T09:00:00+11:00,-33.765278,151.117806,pm10,µg/m³,73.4
7426,21608,Macquarie Park-7426,2020-01-05T10:00:00+11:00,-33.765278,151.117806,pm10,µg/m³,73.5
7426,21608,Macquarie Park-7426,2020-01-05T11:00:00+11:00,-33.765278,151.117806,pm10,µg/m³,74.0
7426,21608,Macquarie Park-7426,2020-01-05T12:00:00+11:00,-33.765278,151.117806,pm10,µg/m³,75.9
7426,21608,Macquarie Park-7426,2020-01-05T13:00:00+11:00,-33.765278,151.117806,pm10,µg/m³,79.3
7426,21608,Macquarie Park-7426,2020-01-05T14:00:00+11:00,-33.765278,151.117806,pm10,µg/m³,82.4
7426,21608,Macquarie Park-7426,2020-01-05T15:00:00+11:00,-33.765278,151.117806,pm10,µg/m³,84.7
7426,21608,Macquarie Park-7426,2020-01-05T16:00:00+11:00,-33.765278,151.117806,pm10,µg/m³,83.7
7426,21608,Macquarie Park-7426,2020-01-05T17:00:00+11:00,-33.765278,151.117806,pm10,µg/m³,81.3
7426,21608,Macquarie Park-7426,2020-01-05T18:00:00+11:00,-33.765278,151.117806,pm10,µg/m³,79.6
7426,21608,Macquarie Park-7426,2020-01-05T19:00:00+11:00,-33.765278,151.117806,pm10,µg/m³,78.4
7426,21608,Macquarie Park-7426,2020-01-05T20:00:00+11:00,-33.765278,151.117806,pm10,µg/m³,76.8
7426,21608,Macquarie Park-7426,2020-01-05T21:00:00+11:00,-33.765278,151.117806,pm10,µg/m³,75.5
7426,21608,Macquarie Park-7426,2020-01-05T22:00:00+11:00,-33.765278,151.117806,pm10,µg/m³,70.0
7426,21608,Macquarie Park-7426,2020-01-05T23:00:00+11:00,-33.765278,151.117806,pm10,µg/m³,65.6
7426,21609,Macquarie Park-7426,2020-01-05T01:00:00+11:00,-33.765278,151.117806,pm25,µg/m³,34.3
7426,21609,Macquarie Park-7426,2020-01-05T02:00:00+11:00,-33.765278,151.117806,pm25,µg/m³,37.1
7426,21609,Macquarie Park-7426,2020-01-05T03:00:00+11:00,-33.765278,151.117806,pm25,µg/m³,38.4
7426,21609,Macquarie Park-7426,2020-01-05T04:00:00+11:00,-33.765278,151.117806,pm25,µg/m³,39.1
7426,21609,Macquarie Park-7426,2020-01-05T05:00:00+11:00,-33.765278,151.117806,pm25,µg/m³,39.4
7426,21609,Macquarie Park-7426,2020-01-05T06:00:00+11:00,-33.765278,151.117806,pm25,µg/m³,39.5
7426,21609,Macquarie Park-7426,2020-01-05T07:00:00+11:00,-33.765278,151.117806,pm25,µg/m³,39.6
7426,21609,Macquarie Park-7426,2020-01-05T08:00:00+11:00,-33.765278,151.117806,pm25,µg/m³,39.8
7426,21609,Macquarie Park-7426,2020-01-05T09:00:00+11:00,-33.765278,151.117806,pm25,µg/m³,39.8
7426,21609,Macquarie Park-7426,2020-01-05T10:00:00+11:00,-33.765278,151.117806,pm25,µg/m³,39.1
7426,21609,Macquarie Park-7426,2020-01-05T11:00:00+11:00,-33.765278,151.117806,pm25,µg/m³,38.5
7426,21609,Macquarie Park-7426,2020-01-05T12:00:00+11:00,-33.765278,151.117806,pm25,µg/m³,38.1
7426,21609,Macquarie Park-7426,2020-01-05T13:00:00+11:00,-33.765278,151.117806,pm25,µg/m³,38.9
7426,21609,Macquarie Park-7426,2020-01-05T14:00:00+11:00,-33.765278,151.117806,pm25,µg/m³,40.2
7426,21609,Macquarie Park-7426,2020-01-05T15:00:00+11:00,-33.765278,151.117806,pm25,µg/m³,41.8
7426,21609,Macquarie Park-7426,2020-01-05T16:00:00+11:00,-33.765278,151.117806,pm25,µg/m³,43.2
7426,21609,Macquarie Park-7426,2020-01-05T17:00:00+11:00,-33.765278,151.117806,pm25,µg/m³,43.4
7426,21609,Macquarie Park-7426,2020-01-05T18:00:00+11:00,-33.765278,151.117806,pm25,µg/m³,42.5
7426,21609,Macquarie Park-7426,2020-01-05T19:00:00+11:00,-33.765278,151.117806,pm25,µg/m³,41.4
7426,21609,Macquarie Park-7426,2020-01-05T20:00:00+11:00,-33.765278,151.117806,pm25,µg/m³,40.4
7426,21609,Macquarie Park-7426,2020-01-05T21:00:00+11:00,-33.765278,151.117806,pm25,µg/m³,39.5
7426,21609,Macquarie Park-7426,2020-01-05T22:00:00+11:00,-33.765278,151.117806,pm25,µg/m³,38.0
7426,21609,Macquarie Park-7426,2020-01-05T23:00:00+11:00,-33.765278,151.117806,pm25,µg/m³,35.2
7426,25234,Macquarie Park-7426,2020-01-05T01:00:00+11:00,-33.765278,151.117806,no2,ppm,-0.001
7426,25234,Macquarie Park-7426,2020-01-05T03:00:00+11:00,-33.765278,151.117806,no2,ppm,-0.001
7426,25234,Macquarie Park-7426,2020-01-05T04:00:00+11:00,-33.765278,151.117806,no2,ppm,0.0
7426,25234,Macquarie Park-7426,2020-01-05T05:00:00+11:00,-33.765278,151.117806,no2,ppm,0.0
7426,25234,Macquarie Park-7426,2020-01-05T06:00:00+11:00,-33.765278,151.117806,no2,ppm,0.0
7426,25234,Macquarie Park-7426,2020-01-05T07:00:00+11:00,-33.765278,151.117806,no2,ppm,-0.001
7426,25234,Macquarie Park-7426,2020-01-05T08:00:00+11:00,-33.765278,151.117806,no2,ppm,-0.001
7426,25234,Macquarie Park-7426,2020-01-05T09:00:00+11:00,-33.765278,151.117806,no2,ppm,0.0
7426,25234,Macquarie Park-7426,2020-01-05T10:00:00+11:00,-33.765278,151.117806,no2,ppm,0.0
7426,25234,Macquarie Park-7426,2020-01-05T11:00:00+11:00,-33.765278,151.117806,no2,ppm,0.0
7426,25234,Macquarie Park-7426,2020-01-05T12:00:00+11:00,-33.765278,151.117806,no2,ppm,0.0
7426,25234,Macquarie Park-7426,2020-01-05T13:00:00+11:00,-33.765278,151.117806,no2,ppm,0.002
7426,25234,Macquarie Park-7426,2020-01-05T14:00:00+11:00,-33.765278,151.117806,no2,ppm,0.001
7426,25234,Macquarie Park-7426,2020-01-05T15:00:00+11:00,-33.765278,151.117806,no2,ppm,0.001
7426,25234,Macquarie Park-7426,2020-01-05T16:00:00+11:00,-33.765278,151.117806,no2,ppm,0.001
7426,25234,Macquarie Park-7426,2020-01-05T17:00:00+11:00,-33.765278,151.117806,no2,ppm,0.0
7426,25234,Macquarie Park-7426,2020-01-05T18:00:00+11:00,-33.765278,151.117806,no2,ppm,0.0
7426,25234,Macquarie Park-7426,2020-01-05T19:00:00+11:00,-33.765278,151.117806,no2,ppm,0.0
7426,25234,Macquarie Park-7426,2020-01-05T20:00:00+11:00,-33.765278,151.117806,no2,ppm,-0.001
7426,25234,Macquarie Park-7426,2020-01-05T21:00:00+11:00,-33.765278,151.117806,no2,ppm,-0.001
7426,25234,Macquarie Park-7426,2020-01-05T22:00:00+11:00,-33.765278,151.117806,no2,ppm,-0.001
7426,25234,Macquarie Park-7426,2020-01-05T23:00:00+11:00,-33.765278,151.117806,no2,ppm,-0.001
7426,28467,Macquarie Park-7426,2020-01-05T01:00:00+11:00,-33.765278,151.117806,co,ppm,0.8
7426,28467,Macquarie Park-7426,2020-01-05T02:00:00+11:00,-33.765278,151.117806,co,ppm,0.9
7426,28467,Macquarie Park-7426,2020-01-05T03:00:00+11:00,-33.765278,151.117806,co,ppm,0.8
7426,28467,Macquarie Park-7426,2020-01-05T04:00:00+11:00,-33.765278,151.117806,co,ppm,0.8
7426,28467,Macquarie Park-7426,2020-01-05T05:00:00+11:00,-33.765278,151.117806,co,ppm,0.7
7426,28467,Macquarie Park-7426,2020-01-05T06:00:00+11:00,-33.765278,151.117806,co,ppm,0.6
7426,28467,Macquarie Park-7426,2020-01-05T07:00:00+11:00,-33.765278,151.117806,co,ppm,0.4
7426,28467,Macquarie Park-7426,2020-01-05T08:00:00+11:00,-33.765278,151.117806,co,ppm,0.3
7426,28467,Macquarie Park-7426,2020-01-05T09:00:00+11:00,-33.765278,151.117806,co,ppm,0.2
7426,28467,Macquarie Park-7426,2020-01-05T10:00:00+11:00,-33.765278,151.117806,co,ppm,0.2
7426,28467,Macquarie Park-7426,2020-01-05T11:00:00+11:00,-33.765278,151.117806,co,ppm,0.2
7426,28467,Macquarie Park-7426,2020-01-05T12:00:00+11:00,-33.765278,151.117806,co,ppm,0.2
7426,28467,Macquarie Park-7426,2020-01-05T13:00:00+11:00,-33.765278,151.117806,co,ppm,0.3
7426,28467,Macquarie Park-7426,2020-01-05T14:00:00+11:00,-33.765278,151.117806,co,ppm,0.4
7426,28467,Macquarie Park-7426,2020-01-05T15:00:00+11:00,-33.765278,151.117806,co,ppm,0.4
7426,28467,Macquarie Park-7426,2020-01-05T16:00:00+11:00,-33.765278,151.117806,co,ppm,0.4
7426,28467,Macquarie Park-7426,2020-01-05T17:00:00+11:00,-33.765278,151.117806,co,ppm,0.4
7426,28467,Macquarie Park-7426,2020-01-05T18:00:00+11:00,-33.765278,151.117806,co,ppm,0.4
7426,28467,Macquarie Park-7426,2020-01-05T19:00:00+11:00,-33.765278,151.117806,co,ppm,0.4
7426,28467,Macquarie Park-7426,2020-01-05T20:00:00+11:00,-33.765278,151.117806,co,ppm,0.3
7426,28467,Macquarie Park-7426,2020-01-05T21:00:00+11:00,-33.765278,151.117806,co,ppm,0.3
7426,28467,Macquarie Park-7426,2020-01-05T22:00:00+11:00,-33.765278,151.117806,co,ppm,0.2
7426,28467,Macquarie Park-7426,2020-01-05T23:00:00+11:00,-33.765278,151.117806,co,ppm,0.2
7426,25237,Macquarie Park-7426,2020-01-05T01:00:00+11:00,-33.765278,151.117806,so2,ppm,0.0
7426,25237,Macquarie Park-7426,2020-01-05T03:00:00+11:00,-33.765278,151.117806,so2,ppm,0.0
7426,25237,Macquarie Park-7426,2020-01-05T04:00:00+11:00,-33.765278,151.117806,so2,ppm,0.0
7426,25237,Macquarie Park-7426,2020-01-05T05:00:00+11:00,-33.765278,151.117806,so2,ppm,0.0
7426,25237,Macquarie Park-7426,2020-01-05T06:00:00+11:00,-33.765278,151.117806,so2,ppm,0.0
7426,25237,Macquarie Park-7426,2020-01-05T07:00:00+11:00,-33.765278,151.117806,so2,ppm,0.0
7426,25237,Macquarie Park-7426,2020-01-05T08:00:00+11:00,-33.765278,151.117806,so2,ppm,0.0
7426,25237,Macquarie Park-7426,2020-01-05T09:00:00+11:00,-33.765278,151.117806,so2,ppm,0.0
7426,25237,Macquarie Park-7426,2020-01-05T10:00:00+11:00,-33.765278,151.117806,so2,ppm,0.0
7426,25237,Macquarie Park-7426,2020-01-05T11:00:00+11:00,-33.765278,151.117806,so2,ppm,0.0
7426,25237,Macquarie Park-7426,2020-01-05T12:00:00+11:00,-33.765278,151.117806,so2,ppm,0.0
7426,25237,Macquarie Park-7426,2020-01-05T13:00:00+11:00,-33.765278,151.117806,so2,ppm,0.0
7426,25237,Macquarie Park-7426,2020-01-05T14:00:00+11:00,-33.765278,151.117806,so2,ppm,0.0
7426,25237,Macquarie Park-7426,2020-01-05T15:00:00+11:00,-33.765278,151.117806,so2,ppm,0.0
7426,25237,Macquarie Park-7426,2020-01-05T16:00:00+11:00,-33.765278,151.117806,so2,ppm,0.0
7426,25237,Macquarie Park-7426,2020-01-05T17:00:00+11:00,-33.765278,151.117806,so2,ppm,0.0
7426,25237,Macquarie Park-7426,2020-01-05T18:00:00+11:00,-33.765278,151.117806,so2,ppm,0.0
7426,25237,Macquarie Park-7426,2020-01-05T19:00:00+11:00,-33.765278,151.117806,so2,ppm,0.0
7426,25237,Macquarie Park-7426,2020-01-05T20:00:00+11:00,-33.765278,151.117806,so2,ppm,0.0
7426,25237,Macquarie Park-7426,2020-01-05T21:00:00+11:00,-33.765278,151.117806,so2,ppm,0.0
7426,25237,Macquarie Park-7426,2020-01-05T22:00:00+11:00,-33.765278,151.117806,so2,ppm,0.0
7426,25237,Macquarie Park-7426,2020-01-05T23:00:00+11:00,-33.765278,151.117806,so2,ppm,0.0
7426,25235,Macquarie Park-7426,2020-01-05T01:00:00+11:00,-33.765278,151.117806,o3,ppm,0.037
7426,25235,Macquarie Park-7426,2020-01-05T02:00:00+11:00,-33.765278,151.117806,o3,ppm,0.044
7426,25235,Macquarie Park-7426,2020-01-05T03:00:00+11:00,-33.765278,151.117806,o3,ppm,0.022
7426,25235,Macquarie Park-7426,2020-01-05T04:00:00+11:00,-33.765278,151.117806,o3,ppm,0.021
7426,25235,Macquarie Park-7426,2020-01-05T05:00:00+11:00,-33.765278,151.117806,o3,ppm,0.021
7426,25235,Macquarie Park-7426,2020-01-05T06:00:00+11:00,-33.765278,151.117806,o3,ppm,0.021
7426,25235,Macquarie Park-7426,2020-01-05T07:00:00+11:00,-33.765278,151.117806,o3,ppm,0.02
7426,25235,Macquarie Park-7426,2020-01-05T08:00:00+11:00,-33.765278,151.117806,o3,ppm,0.02
7426,25235,Macquarie Park-7426,2020-01-05T09:00:00+11:00,-33.765278,151.117806,o3,ppm,0.022
7426,25235,Macquarie Park-7426,2020-01-05T10:00:00+11:00,-33.765278,151.117806,o3,ppm,0.026
7426,25235,Macquarie Park-7426,2020-01-05T11:00:00+11:00,-33.765278,151.117806,o3,ppm,0.028
7426,25235,Macquarie Park-7426,2020-01-05T12:00:00+11:00,-33.765278,151.117806,o3,ppm,0.032
7426,25235,Macquarie Park-7426,2020-01-05T13:00:00+11:00,-33.765278,151.117806,o3,ppm,0.04
7426,25235,Macquarie Park-7426,2020-01-05T14:00:00+11:00,-33.765278,151.117806,o3,ppm,0.034
7426,25235,Macquarie Park-7426,2020-01-05T15:00:00+11:00,-33.765278,151.117806,o3,ppm,0.027
7426,25235,Macquarie Park-7426,2020-01-05T16:00:00+11:00,-33.765278,151.117806,o3,ppm,0.023
7426,25235,Macquarie Park-7426,2020-01-05T17:00:00+11:00,-33.765278,151.117806,o3,ppm,0.022
7426,25235,Macquarie Park-7426,2020-01-05T18:00:00+11:00,-33.765278,151.117806,o3,ppm,0.022
7426,25235,Macquarie Park-7426,2020-01-05T19:00:00+11:00,-33.765278,151.117806,o3,ppm,0.021
7426,25235,Macquarie Park-7426,2020-01-05T20:00:00+11:00,-33.765278,151.117806,o3,ppm,0.02
7426,25235,Macquarie Park-7426,2020-01-05T21:00:00+11:00,-33.765278,151.117806,o3,ppm,0.02
7426,25235,Macquarie Park-7426,2020-01-05T22:00:00+11:00,-33.765278,151.117806,o3,ppm,0.021
7426,25235,Macquarie Park-7426,2020-01-05T23:00:00+11:00,-33.765278,151.117806,o3,ppm,0.02
7426,21608,Macquarie Park-7426,2020-01-06T01:00:00+11:00,-33.765278,151.117806,pm10,µg/m³,57.9
7426,21608,Macquarie Park-7426,2020-01-06T02:00:00+11:00,-33.765278,151.117806,pm10,µg/m³,57.2
7426,21608,Macquarie Park-7426,2020-01-06T03:00:00+11:00,-33.765278,151.117806,pm10,µg/m³,57.2
7426,21608,Macquarie Park-7426,2020-01-06T04:00:00+11:00,-33.765278,151.117806,pm10,µg/m³,57.4
7426,21608,Macquarie Park-7426,2020-01-06T05:00:00+11:00,-33.765278,151.117806,pm10,µg/m³,56.9
7426,21608,Macquarie Park-7426,2020-01-06T06:00:00+11:00,-33.765278,151.117806,pm10,µg/m³,55.6
7426,21608,Macquarie Park-7426,2020-01-06T07:00:00+11:00,-33.765278,151.117806,pm10,µg/m³,54.0
7426,21608,Macquarie Park-7426,2020-01-06T08:00:00+11:00,-33.765278,151.117806,pm10,µg/m³,53.6
7426,21608,Macquarie Park-7426,2020-01-06T09:00:00+11:00,-33.765278,151.117806,pm10,µg/m³,53.3
7426,21608,Macquarie Park-7426,2020-01-06T10:00:00+11:00,-33.765278,151.117806,pm10,µg/m³,52.0
7426,21608,Macquarie Park-7426,2020-01-06T11:00:00+11:00,-33.765278,151.117806,pm10,µg/m³,50.3
7426,21608,Macquarie Park-7426,2020-01-06T12:00:00+11:00,-33.765278,151.117806,pm10,µg/m³,48.6
7426,21608,Macquarie Park-7426,2020-01-06T13:00:00+11:00,-33.765278,151.117806,pm10,µg/m³,44.9
7426,21608,Macquarie Park-7426,2020-01-06T14:00:00+11:00,-33.765278,151.117806,pm10,µg/m³,41.6
7426,21608,Macquarie Park-7426,2020-01-06T15:00:00+11:00,-33.765278,151.117806,pm10,µg/m³,40.0
7426,21608,Macquarie Park-7426,2020-01-06T16:00:00+11:00,-33.765278,151.117806,pm10,µg/m³,40.2
7426,21608,Macquarie Park-7426,2020-01-06T17:00:00+11:00,-33.765278,151.117806,pm10,µg/m³,39.6
7426,21608,Macquarie Park-7426,2020-01-06T18:00:00+11:00,-33.765278,151.117806,pm10,µg/m³,38.5
7426,21608,Macquarie Park-7426,2020-01-06T19:00:00+11:00,-33.765278,151.117806,pm10,µg/m³,37.9
7426,21608,Macquarie Park-7426,2020-01-06T20:00:00+11:00,-33.765278,151.117806,pm10,µg/m³,37.2
7426,21608,Macquarie Park-7426,2020-01-06T21:00:00+11:00,-33.765278,151.117806,pm10,µg/m³,36.1
7426,21608,Macquarie Park-7426,2020-01-06T22:00:00+11:00,-33.765278,151.117806,pm10,µg/m³,35.1
7426,21608,Macquarie Park-7426,2020-01-06T23:00:00+11:00,-33.765278,151.117806,pm10,µg/m³,33.5
7426,21609,Macquarie Park-7426,2020-01-06T01:00:00+11:00,-33.765278,151.117806,pm25,µg/m³,27.5
7426,21609,Macquarie Park-7426,2020-01-06T02:00:00+11:00,-33.765278,151.117806,pm25,µg/m³,25.1
7426,21609,Macquarie Park-7426,2020-01-06T03:00:00+11:00,-33.765278,151.117806,pm25,µg/m³,23.9
7426,21609,Macquarie Park-7426,2020-01-06T04:00:00+11:00,-33.765278,151.117806,pm25,µg/m³,23.5
7426,21609,Macquarie Park-7426,2020-01-06T05:00:00+11:00,-33.765278,151.117806,pm25,µg/m³,23.4
7426,21609,Macquarie Park-7426,2020-01-06T06:00:00+11:00,-33.765278,151.117806,pm25,µg/m³,23.4
7426,21609,Macquarie Park-7426,2020-01-06T07:00:00+11:00,-33.765278,151.117806,pm25,µg/m³,23.5
7426,21609,Macquarie Park-7426,2020-01-06T08:00:00+11:00,-33.765278,151.117806,pm25,µg/m³,23.6
7426,21609,Macquarie Park-7426,2020-01-06T09:00:00+11:00,-33.765278,151.117806,pm25,µg/m³,23.6
7426,21609,Macquarie Park-7426,2020-01-06T10:00:00+11:00,-33.765278,151.117806,pm25,µg/m³,23.4
7426,21609,Macquarie Park-7426,2020-01-06T11:00:00+11:00,-33.765278,151.117806,pm25,µg/m³,22.8
7426,21609,Macquarie Park-7426,2020-01-06T12:00:00+11:00,-33.765278,151.117806,pm25,µg/m³,21.9
7426,21609,Macquarie Park-7426,2020-01-06T13:00:00+11:00,-33.765278,151.117806,pm25,µg/m³,20.4
7426,21609,Macquarie Park-7426,2020-01-06T14:00:00+11:00,-33.765278,151.117806,pm25,µg/m³,18.6
7426,21609,Macquarie Park-7426,2020-01-06T15:00:00+11:00,-33.765278,151.117806,pm25,µg/m³,16.8
7426,21609,Macquarie Park-7426,2020-01-06T16:00:00+11:00,-33.765278,151.117806,pm25,µg/m³,15.6
7426,21609,Macquarie Park-7426,2020-01-06T17:00:00+11:00,-33.765278,151.117806,pm25,µg/m³,14.9
7426,21609,Macquarie Park-7426,2020-01-06T18:00:00+11:00,-33.765278,151.117806,pm25,µg/m³,14.4
7426,21609,Macquarie Park-7426,2020-01-06T19:00:00+11:00,-33.765278,151.117806,pm25,µg/m³,14.1
7426,21609,Macquarie Park-7426,2020-01-06T20:00:00+11:00,-33.765278,151.117806,pm25,µg/m³,13.7
7426,21609,Macquarie Park-7426,2020-01-06T21:00:00+11:00,-33.765278,151.117806,pm25,µg/m³,13.5
7426,21609,Macquarie Park-7426,2020-01-06T22:00:00+11:00,-33.765278,151.117806,pm25,µg/m³,13.3
7426,21609,Macquarie Park-7426,2020-01-06T23:00:00+11:00,-33.765278,151.117806,pm25,µg/m³,12.8
7426,25234,Macquarie Park-7426,2020-01-06T01:00:00+11:00,-33.765278,151.117806,no2,ppm,-0.001
7426,25234,Macquarie Park-7426,2020-01-06T03:00:00+11:00,-33.765278,151.117806,no2,ppm,0.001
7426,25234,Macquarie Park-7426,2020-01-06T04:00:00+11:00,-33.765278,151.117806,no2,ppm,0.002
7426,25234,Macquarie Park-7426,2020-01-06T05:00:00+11:00,-33.765278,151.117806,no2,ppm,0.003
7426,25234,Macquarie Park-7426,2020-01-06T06:00:00+11:00,-33.765278,151.117806,no2,ppm,0.006
7426,25234,Macquarie Park-7426,2020-01-06T07:00:00+11:00,-33.765278,151.117806,no2,ppm,0.008
7426,25234,Macquarie Park-7426,2020-01-06T08:00:00+11:00,-33.765278,151.117806,no2,ppm,0.014
7426,25234,Macquarie Park-7426,2020-01-06T09:00:00+11:00,-33.765278,151.117806,no2,ppm,0.011
7426,25234,Macquarie Park-7426,2020-01-06T10:00:00+11:00,-33.765278,151.117806,no2,ppm,0.001
7426,25234,Macquarie Park-7426,2020-01-06T11:00:00+11:00,-33.765278,151.117806,no2,ppm,0.0
7426,25234,Macquarie Park-7426,2020-01-06T12:00:00+11:00,-33.765278,151.117806,no2,ppm,0.001
7426,25234,Macquarie Park-7426,2020-01-06T13:00:00+11:00,-33.765278,151.117806,no2,ppm,0.001
7426,25234,Macquarie Park-7426,2020-01-06T14:00:00+11:00,-33.765278,151.117806,no2,ppm,0.0
7426,25234,Macquarie Park-7426,2020-01-06T15:00:00+11:00,-33.765278,151.117806,no2,ppm,0.0
7426,25234,Macquarie Park-7426,2020-01-06T16:00:00+11:00,-33.765278,151.117806,no2,ppm,0.001
7426,25234,Macquarie Park-7426,2020-01-06T17:00:00+11:00,-33.765278,151.117806,no2,ppm,0.001
7426,25234,Macquarie Park-7426,2020-01-06T18:00:00+11:00,-33.765278,151.117806,no2,ppm,0.001
7426,25234,Macquarie Park-7426,2020-01-06T19:00:00+11:00,-33.765278,151.117806,no2,ppm,0.002
7426,25234,Macquarie Park-7426,2020-01-06T20:00:00+11:00,-33.765278,151.117806,no2,ppm,0.002
7426,25234,Macquarie Park-7426,2020-01-06T21:00:00+11:00,-33.765278,151.117806,no2,ppm,0.003
7426,25234,Macquarie Park-7426,2020-01-06T22:00:00+11:00,-33.765278,151.117806,no2,ppm,0.004
7426,25234,Macquarie Park-7426,2020-01-06T23:00:00+11:00,-33.765278,151.117806,no2,ppm,0.002
7426,28467,Macquarie Park-7426,2020-01-06T01:00:00+11:00,-33.765278,151.117806,co,ppm,0.2
7426,28467,Macquarie Park-7426,2020-01-06T02:00:00+11:00,-33.765278,151.117806,co,ppm,0.2
7426,28467,Macquarie Park-7426,2020-01-06T03:00:00+11:00,-33.765278,151.117806,co,ppm,0.2
7426,28467,Macquarie Park-7426,2020-01-06T04:00:00+11:00,-33.765278,151.117806,co,ppm,0.2
7426,28467,Macquarie Park-7426,2020-01-06T05:00:00+11:00,-33.765278,151.117806,co,ppm,0.2
7426,28467,Macquarie Park-7426,2020-01-06T06:00:00+11:00,-33.765278,151.117806,co,ppm,0.2
7426,28467,Macquarie Park-7426,2020-01-06T07:00:00+11:00,-33.765278,151.117806,co,ppm,0.2
7426,28467,Macquarie Park-7426,2020-01-06T08:00:00+11:00,-33.765278,151.117806,co,ppm,0.3
7426,28467,Macquarie Park-7426,2020-01-06T09:00:00+11:00,-33.765278,151.117806,co,ppm,0.3
7426,28467,Macquarie Park-7426,2020-01-06T10:00:00+11:00,-33.765278,151.117806,co,ppm,0.3
7426,28467,Macquarie Park-7426,2020-01-06T11:00:00+11:00,-33.765278,151.117806,co,ppm,0.3
7426,28467,Macquarie Park-7426,2020-01-06T12:00:00+11:00,-33.765278,151.117806,co,ppm,0.3
7426,28467,Macquarie Park-7426,2020-01-06T13:00:00+11:00,-33.765278,151.117806,co,ppm,0.3
7426,28467,Macquarie Park-7426,2020-01-06T14:00:00+11:00,-33.765278,151.117806,co,ppm,0.3
7426,28467,Macquarie Park-7426,2020-01-06T15:00:00+11:00,-33.765278,151.117806,co,ppm,0.3
7426,28467,Macquarie Park-7426,2020-01-06T16:00:00+11:00,-33.765278,151.117806,co,ppm,0.3
7426,28467,Macquarie Park-7426,2020-01-06T17:00:00+11:00,-33.765278,151.117806,co,ppm,0.3
7426,28467,Macquarie Park-7426,2020-01-06T18:00:00+11:00,-33.765278,151.117806,co,ppm,0.3
7426,28467,Macquarie Park-7426,2020-01-06T19:00:00+11:00,-33.765278,151.117806,co,ppm,0.3
7426,28467,Macquarie Park-7426,2020-01-06T20:00:00+11:00,-33.765278,151.117806,co,ppm,0.3
7426,28467,Macquarie Park-7426,2020-01-06T21:00:00+11:00,-33.765278,151.117806,co,ppm,0.3
7426,28467,Macquarie Park-7426,2020-01-06T22:00:00+11:00,-33.765278,151.117806,co,ppm,0.3
7426,28467,Macquarie Park-7426,2020-01-06T23:00:00+11:00,-33.765278,151.117806,co,ppm,0.3
7426,25237,Macquarie Park-7426,2020-01-06T01:00:00+11:00,-33.765278,151.117806,so2,ppm,0.0
7426,25237,Macquarie Park-7426,2020-01-06T03:00:00+11:00,-33.765278,151.117806,so2,ppm,0.0
7426,25237,Macquarie Park-7426,2020-01-06T04:00:00+11:00,-33.765278,151.117806,so2,ppm,0.0
7426,25237,Macquarie Park-7426,2020-01-06T05:00:00+11:00,-33.765278,151.117806,so2,ppm,0.0
7426,25237,Macquarie Park-7426,2020-01-06T06:00:00+11:00,-33.765278,151.117806,so2,ppm,0.0
7426,25237,Macquarie Park-7426,2020-01-06T07:00:00+11:00,-33.765278,151.117806,so2,ppm,0.0
7426,25237,Macquarie Park-7426,2020-01-06T08:00:00+11:00,-33.765278,151.117806,so2,ppm,0.0
7426,25237,Macquarie Park-7426,2020-01-06T09:00:00+11:00,-33.765278,151.117806,so2,ppm,0.0
7426,25237,Macquarie Park-7426,2020-01-06T10:00:00+11:00,-33.765278,151.117806,so2,ppm,0.0
7426,25237,Macquarie Park-7426,2020-01-06T11:00:00+11:00,-33.765278,151.117806,so2,ppm,0.0
7426,25237,Macquarie Park-7426,2020-01-06T12:00:00+11:00,-33.765278,151.117806,so2,ppm,0.0
7426,25237,Macquarie Park-7426,2020-01-06T13:00:00+11:00,-33.765278,151.117806,so2,ppm,0.0
7426,25237,Macquarie Park-7426,2020-01-06T14:00:00+11:00,-33.765278,151.117806,so2,ppm,0.0
7426,25237,Macquarie Park-7426,2020-01-06T15:00:00+11:00,-33.765278,151.117806,so2,ppm,0.0
7426,25237,Macquarie Park-7426,2020-01-06T16:00:00+11:00,-33.765278,151.117806,so2,ppm,0.0
7426,25237,Macquarie Park-7426,2020-01-06T17:00:00+11:00,-33.765278,151.117806,so2,ppm,0.0
7426,25237,Macquarie Park-7426,2020-01-06T18:00:00+11:00,-33.765278,151.117806,so2,ppm,0.0
7426,25237,Macquarie Park-7426,2020-01-06T19:00:00+11:00,-33.765278,151.117806,so2,ppm,0.0
7426,25237,Macquarie Park-7426,2020-01-06T20:00:00+11:00,-33.765278,151.117806,so2,ppm,0.0
7426,25237,Macquarie Park-7426,2020-01-06T21:00:00+11:00,-33.765278,151.117806,so2,ppm,0.0
7426,25237,Macquarie Park-7426,2020-01-06T22:00:00+11:00,-33.765278,151.117806,so2,ppm,0.0
7426,25237,Macquarie Park-7426,2020-01-06T23:00:00+11:00,-33.765278,151.117806,so2,ppm,0.0
7426,25235,Macquarie Park-7426,2020-01-06T01:00:00+11:00,-33.765278,151.117806,o3,ppm,0.017
7426,25235,Macquarie Park-7426,2020-01-06T02:00:00+11:00,-33.765278,151.117806,o3,ppm,0.019
7426,25235,Macquarie Park-7426,2020-01-06T03:00:00+11:00,-33.765278,151.117806,o3,ppm,0.01
7426,25235,Macquarie Park-7426,2020-01-06T04:00:00+11:00,-33.765278,151.117806,o3,ppm,0.009
7426,25235,Macquarie Park-7426,2020-01-06T05:00:00+11:00,-33.765278,151.117806,o3,ppm,0.006
7426,25235,Macquarie Park-7426,2020-01-06T06:00:00+11:00,-33.765278,151.117806,o3,ppm,0.005
7426,25235,Macquarie Park-7426,2020-01-06T07:00:00+11:00,-33.765278,151.117806,o3,ppm,0.003
7426,25235,Macquarie Park-7426,2020-01-06T08:00:00+11:00,-33.765278,151.117806,o3,ppm,0.003
7426,25235,Macquarie Park-7426,2020-01-06T09:00:00+11:00,-33.765278,151.117806,o3,ppm,0.008
7426,25235,Macquarie Park-7426,2020-01-06T10:00:00+11:00,-33.765278,151.117806,o3,ppm,0.021
7426,25235,Macquarie Park-7426,2020-01-06T11:00:00+11:00,-33.765278,151.117806,o3,ppm,0.021
7426,25235,Macquarie Park-7426,2020-01-06T12:00:00+11:00,-33.765278,151.117806,o3,ppm,0.021
7426,25235,Macquarie Park-7426,2020-01-06T13:00:00+11:00,-33.765278,151.117806,o3,ppm,0.022
7426,25235,Macquarie Park-7426,2020-01-06T14:00:00+11:00,-33.765278,151.117806,o3,ppm,0.024
7426,25235,Macquarie Park-7426,2020-01-06T15:00:00+11:00,-33.765278,151.117806,o3,ppm,0.024
7426,25235,Macquarie Park-7426,2020-01-06T16:00:00+11:00,-33.765278,151.117806,o3,ppm,0.016
7426,25235,Macquarie Park-7426,2020-01-06T17:00:00+11:00,-33.765278,151.117806,o3,ppm,0.019
7426,25235,Macquarie Park-7426,2020-01-06T18:00:00+11:00,-33.765278,151.117806,o3,ppm,0.018
7426,25235,Macquarie Park-7426,2020-01-06T19:00:00+11:00,-33.765278,151.117806,o3,ppm,0.011
7426,25235,Macquarie Park-7426,2020-01-06T20:00:00+11:00,-33.765278,151.117806,o3,ppm,0.012
7426,25235,Macquarie Park-7426,2020-01-06T21:00:00+11:00,-33.765278,151.117806,o3,ppm,0.01
7426,25235,Macquarie Park-7426,2020-01-06T22:00:00+11:00,-33.765278,151.117806,o3,ppm,0.008
7426,25235,Macquarie Park-7426,2020-01-06T23:00:00+11:00,-33.765278,151.117806,o3,ppm,0.01
7426,21608,Macquarie Park-7426,2020-01-07T01:00:00+11:00,-33.765278,151.117806,pm10,µg/m³,30.8
7426,21608,Macquarie Park-7426,2020-01-07T02:00:00+11:00,-33.765278,151.117806,pm10,µg/m³,29.6
7426,21608,Macquarie Park-7426,2020-01-07T03:00:00+11:00,-33.765278,151.117806,pm10,µg/m³,28.6
7426,21608,Macquarie Park-7426,2020-01-07T04:00:00+11:00,-33.765278,151.117806,pm10,µg/m³,27.6
7426,21608,Macquarie Park-7426,2020-01-07T05:00:00+11:00,-33.765278,151.117806,pm10,µg/m³,26.6
7426,21608,Macquarie Park-7426,2020-01-07T06:00:00+11:00,-33.765278,151.117806,pm10,µg/m³,25.9
7426,21608,Macquarie Park-7426,2020-01-07T07:00:00+11:00,-33.765278,151.117806,pm10,µg/m³,24.9
7426,21608,Macquarie Park-7426,2020-01-07T08:00:00+11:00,-33.765278,151.117806,pm10,µg/m³,23.8
7426,21608,Macquarie Park-7426,2020-01-07T09:00:00+11:00,-33.765278,151.117806,pm10,µg/m³,22.4
7426,21608,Macquarie Park-7426,2020-01-07T10:00:00+11:00,-33.765278,151.117806,pm10,µg/m³,21.6
7426,21608,Macquarie Park-7426,2020-01-07T11:00:00+11:00,-33.765278,151.117806,pm10,µg/m³,20.9
7426,21608,Macquarie Park-7426,2020-01-07T12:00:00+11:00,-33.765278,151.117806,pm10,µg/m³,19.8
7426,21608,Macquarie Park-7426,2020-01-07T13:00:00+11:00,-33.765278,151.117806,pm10,µg/m³,19.0
7426,21608,Macquarie Park-7426,2020-01-07T14:00:00+11:00,-33.765278,151.117806,pm10,µg/m³,18.5
7426,21608,Macquarie Park-7426,2020-01-07T15:00:00+11:00,-33.765278,151.117806,pm10,µg/m³,17.8
7426,21608,Macquarie Park-7426,2020-01-07T16:00:00+11:00,-33.765278,151.117806,pm10,µg/m³,17.2
7426,21608,Macquarie Park-7426,2020-01-07T17:00:00+11:00,-33.765278,151.117806,pm10,µg/m³,17.6
7426,21608,Macquarie Park-7426,2020-01-07T18:00:00+11:00,-33.765278,151.117806,pm10,µg/m³,18.1
7426,21608,Macquarie Park-7426,2020-01-07T19:00:00+11:00,-33.765278,151.117806,pm10,µg/m³,18.7
7426,21608,Macquarie Park-7426,2020-01-07T20:00:00+11:00,-33.765278,151.117806,pm10,µg/m³,19.8
7426,21608,Macquarie Park-7426,2020-01-07T21:00:00+11:00,-33.765278,151.117806,pm10,µg/m³,21.1
7426,21608,Macquarie Park-7426,2020-01-07T22:00:00+11:00,-33.765278,151.117806,pm10,µg/m³,22.2
7426,21608,Macquarie Park-7426,2020-01-07T23:00:00+11:00,-33.765278,151.117806,pm10,µg/m³,23.7
7426,21609,Macquarie Park-7426,2020-01-07T01:00:00+11:00,-33.765278,151.117806,pm25,µg/m³,11.6
7426,21609,Macquarie Park-7426,2020-01-07T02:00:00+11:00,-33.765278,151.117806,pm25,µg/m³,11.1
7426,21609,Macquarie Park-7426,2020-01-07T03:00:00+11:00,-33.765278,151.117806,pm25,µg/m³,10.6
7426,21609,Macquarie Park-7426,2020-01-07T04:00:00+11:00,-33.765278,151.117806,pm25,µg/m³,10.2
7426,21609,Macquarie Park-7426,2020-01-07T05:00:00+11:00,-33.765278,151.117806,pm25,µg/m³,9.7
7426,21609,Macquarie Park-7426,2020-01-07T06:00:00+11:00,-33.765278,151.117806,pm25,µg/m³,9.4
7426,21609,Macquarie Park-7426,2020-01-07T07:00:00+11:00,-33.765278,151.117806,pm25,µg/m³,9.2
7426,21609,Macquarie Park-7426,2020-01-07T08:00:00+11:00,-33.765278,151.117806,pm25,µg/m³,8.9
7426,21609,Macquarie Park-7426,2020-01-07T09:00:00+11:00,-33.765278,151.117806,pm25,µg/m³,8.5
7426,21609,Macquarie Park-7426,2020-01-07T10:00:00+11:00,-33.765278,151.117806,pm25,µg/m³,8.1
7426,21609,Macquarie Park-7426,2020-01-07T11:00:00+11:00,-33.765278,151.117806,pm25,µg/m³,7.9
7426,21609,Macquarie Park-7426,2020-01-07T12:00:00+11:00,-33.765278,151.117806,pm25,µg/m³,7.9
7426,21609,Macquarie Park-7426,2020-01-07T13:00:00+11:00,-33.765278,151.117806,pm25,µg/m³,8.1
7426,21609,Macquarie Park-7426,2020-01-07T14:00:00+11:00,-33.765278,151.117806,pm25,µg/m³,8.1
7426,21609,Macquarie Park-7426,2020-01-07T15:00:00+11:00,-33.765278,151.117806,pm25,µg/m³,8.1
7426,21609,Macquarie Park-7426,2020-01-07T16:00:00+11:00,-33.765278,151.117806,pm25,µg/m³,8.1
7426,21609,Macquarie Park-7426,2020-01-07T17:00:00+11:00,-33.765278,151.117806,pm25,µg/m³,8.3
7426,21609,Macquarie Park-7426,2020-01-07T18:00:00+11:00,-33.765278,151.117806,pm25,µg/m³,9.0
7426,21609,Macquarie Park-7426,2020-01-07T19:00:00+11:00,-33.765278,151.117806,pm25,µg/m³,9.8
7426,21609,Macquarie Park-7426,2020-01-07T20:00:00+11:00,-33.765278,151.117806,pm25,µg/m³,10.8
7426,21609,Macquarie Park-7426,2020-01-07T21:00:00+11:00,-33.765278,151.117806,pm25,µg/m³,11.4
7426,21609,Macquarie Park-7426,2020-01-07T22:00:00+11:00,-33.765278,151.117806,pm25,µg/m³,11.8
7426,21609,Macquarie Park-7426,2020-01-07T23:00:00+11:00,-33.765278,151.117806,pm25,µg/m³,12.4
7426,25234,Macquarie Park-7426,2020-01-07T01:00:00+11:00,-33.765278,151.117806,no2,ppm,0.002
7426,25234,Macquarie Park-7426,2020-01-07T03:00:00+11:00,-33.765278,151.117806,no2,ppm,0.004
7426,25234,Macquarie Park-7426,2020-01-07T04:00:00+11:00,-33.765278,151.117806,no2,ppm,0.006
7426,25234,Macquarie Park-7426,2020-01-07T05:00:00+11:00,-33.765278,151.117806,no2,ppm,0.006
7426,25234,Macquarie Park-7426,2020-01-07T06:00:00+11:00,-33.765278,151.117806,no2,ppm,0.006
7426,25234,Macquarie Park-7426,2020-01-07T07:00:00+11:00,-33.765278,151.117806,no2,ppm,0.007
7426,25234,Macquarie Park-7426,2020-01-07T08:00:00+11:00,-33.765278,151.117806,no2,ppm,0.006
7426,25234,Macquarie Park-7426,2020-01-07T09:00:00+11:00,-33.765278,151.117806,no2,ppm,0.002
7426,25234,Macquarie Park-7426,2020-01-07T10:00:00+11:00,-33.765278,151.117806,no2,ppm,0.001
7426,25234,Macquarie Park-7426,2020-01-07T11:00:00+11:00,-33.765278,151.117806,no2,ppm,0.001
7426,25234,Macquarie Park-7426,2020-01-07T12:00:00+11:00,-33.765278,151.117806,no2,ppm,0.0
7426,25234,Macquarie Park-7426,2020-01-07T13:00:00+11:00,-33.765278,151.117806,no2,ppm,0.0
7426,25234,Macquarie Park-7426,2020-01-07T14:00:00+11:00,-33.765278,151.117806,no2,ppm,0.001
7426,25234,Macquarie Park-7426,2020-01-07T15:00:00+11:00,-33.765278,151.117806,no2,ppm,0.001
7426,25234,Macquarie Park-7426,2020-01-07T16:00:00+11:00,-33.765278,151.117806,no2,ppm,0.002
7426,25234,Macquarie Park-7426,2020-01-07T17:00:00+11:00,-33.765278,151.117806,no2,ppm,0.005
7426,25234,Macquarie Park-7426,2020-01-07T18:00:00+11:00,-33.765278,151.117806,no2,ppm,0.005
7426,25234,Macquarie Park-7426,2020-01-07T19:00:00+11:00,-33.765278,151.117806,no2,ppm,0.001
7426,25234,Macquarie Park-7426,2020-01-07T20:00:00+11:00,-33.765278,151.117806,no2,ppm,0.001
7426,25234,Macquarie Park-7426,2020-01-07T21:00:00+11:00,-33.765278,151.117806,no2,ppm,0.003
7426,25234,Macquarie Park-7426,2020-01-07T22:00:00+11:00,-33.765278,151.117806,no2,ppm,0.005
7426,25234,Macquarie Park-7426,2020-01-07T23:00:00+11:00,-33.765278,151.117806,no2,ppm,0.004
7426,28467,Macquarie Park-7426,2020-01-07T01:00:00+11:00,-33.765278,151.117806,co,ppm,0.3
7426,28467,Macquarie Park-7426,2020-01-07T02:00:00+11:00,-33.765278,151.117806,co,ppm,0.3
7426,28467,Macquarie Park-7426,2020-01-07T03:00:00+11:00,-33.765278,151.117806,co,ppm,0.3
7426,28467,Macquarie Park-7426,2020-01-07T04:00:00+11:00,-33.765278,151.117806,co,ppm,0.3
7426,28467,Macquarie Park-7426,2020-01-07T05:00:00+11:00,-33.765278,151.117806,co,ppm,0.3
7426,28467,Macquarie Park-7426,2020-01-07T06:00:00+11:00,-33.765278,151.117806,co,ppm,0.3
7426,28467,Macquarie Park-7426,2020-01-07T07:00:00+11:00,-33.765278,151.117806,co,ppm,0.3
7426,28467,Macquarie Park-7426,2020-01-07T08:00:00+11:00,-33.765278,151.117806,co,ppm,0.3
7426,28467,Macquarie Park-7426,2020-01-07T09:00:00+11:00,-33.765278,151.117806,co,ppm,0.3
7426,28467,Macquarie Park-7426,2020-01-07T10:00:00+11:00,-33.765278,151.117806,co,ppm,0.3
7426,28467,Macquarie Park-7426,2020-01-07T11:00:00+11:00,-33.765278,151.117806,co,ppm,0.4
7426,28467,Macquarie Park-7426,2020-01-07T12:00:00+11:00,-33.765278,151.117806,co,ppm,0.4
7426,28467,Macquarie Park-7426,2020-01-07T13:00:00+11:00,-33.765278,151.117806,co,ppm,0.4
7426,28467,Macquarie Park-7426,2020-01-07T14:00:00+11:00,-33.765278,151.117806,co,ppm,0.4
7426,28467,Macquarie Park-7426,2020-01-07T15:00:00+11:00,-33.765278,151.117806,co,ppm,0.4
7426,28467,Macquarie Park-7426,2020-01-07T16:00:00+11:00,-33.765278,151.117806,co,ppm,0.4
7426,28467,Macquarie Park-7426,2020-01-07T17:00:00+11:00,-33.765278,151.117806,co,ppm,0.4
7426,28467,Macquarie Park-7426,2020-01-07T18:00:00+11:00,-33.765278,151.117806,co,ppm,0.5
7426,28467,Macquarie Park-7426,2020-01-07T19:00:00+11:00,-33.765278,151.117806,co,ppm,0.5
7426,28467,Macquarie Park-7426,2020-01-07T20:00:00+11:00,-33.765278,151.117806,co,ppm,0.5
7426,28467,Macquarie Park-7426,2020-01-07T21:00:00+11:00,-33.765278,151.117806,co,ppm,0.5
7426,28467,Macquarie Park-7426,2020-01-07T22:00:00+11:00,-33.765278,151.117806,co,ppm,0.5
7426,28467,Macquarie Park-7426,2020-01-07T23:00:00+11:00,-33.765278,151.117806,co,ppm,0.5
7426,25237,Macquarie Park-7426,2020-01-07T01:00:00+11:00,-33.765278,151.117806,so2,ppm,0.0
7426,25237,Macquarie Park-7426,2020-01-07T03:00:00+11:00,-33.765278,151.117806,so2,ppm,0.0
7426,25237,Macquarie Park-7426,2020-01-07T04:00:00+11:00,-33.765278,151.117806,so2,ppm,0.0
7426,25237,Macquarie Park-7426,2020-01-07T05:00:00+11:00,-33.765278,151.117806,so2,ppm,0.0
7426,25237,Macquarie Park-7426,2020-01-07T06:00:00+11:00,-33.765278,151.117806,so2,ppm,0.0
7426,25237,Macquarie Park-7426,2020-01-07T07:00:00+11:00,-33.765278,151.117806,so2,ppm,0.0
7426,25237,Macquarie Park-7426,2020-01-07T08:00:00+11:00,-33.765278,151.117806,so2,ppm,0.0
7426,25237,Macquarie Park-7426,2020-01-07T09:00:00+11:00,-33.765278,151.117806,so2,ppm,0.0
7426,25237,Macquarie Park-7426,2020-01-07T10:00:00+11:00,-33.765278,151.117806,so2,ppm,0.0
7426,25237,Macquarie Park-7426,2020-01-07T11:00:00+11:00,-33.765278,151.117806,so2,ppm,0.0
7426,25237,Macquarie Park-7426,2020-01-07T12:00:00+11:00,-33.765278,151.117806,so2,ppm,0.0
7426,25237,Macquarie Park-7426,2020-01-07T13:00:00+11:00,-33.765278,151.117806,so2,ppm,0.0
7426,25237,Macquarie Park-7426,2020-01-07T14:00:00+11:00,-33.765278,151.117806,so2,ppm,0.0
7426,25237,Macquarie Park-7426,2020-01-07T15:00:00+11:00,-33.765278,151.117806,so2,ppm,0.0
7426,25237,Macquarie Park-7426,2020-01-07T16:00:00+11:00,-33.765278,151.117806,so2,ppm,0.0
7426,25237,Macquarie Park-7426,2020-01-07T17:00:00+11:00,-33.765278,151.117806,so2,ppm,0.003
7426,25237,Macquarie Park-7426,2020-01-07T18:00:00+11:00,-33.765278,151.117806,so2,ppm,0.003
7426,25237,Macquarie Park-7426,2020-01-07T19:00:00+11:00,-33.765278,151.117806,so2,ppm,0.001
7426,25237,Macquarie Park-7426,2020-01-07T20:00:00+11:00,-33.765278,151.117806,so2,ppm,0.0
7426,25237,Macquarie Park-7426,2020-01-07T21:00:00+11:00,-33.765278,151.117806,so2,ppm,0.0
7426,25237,Macquarie Park-7426,2020-01-07T22:00:00+11:00,-33.765278,151.117806,so2,ppm,0.0
7426,25237,Macquarie Park-7426,2020-01-07T23:00:00+11:00,-33.765278,151.117806,so2,ppm,0.0
7426,25235,Macquarie Park-7426,2020-01-07T01:00:00+11:00,-33.765278,151.117806,o3,ppm,0.01
7426,25235,Macquarie Park-7426,2020-01-07T02:00:00+11:00,-33.765278,151.117806,o3,ppm,0.011
7426,25235,Macquarie Park-7426,2020-01-07T03:00:00+11:00,-33.765278,151.117806,o3,ppm,0.007
7426,25235,Macquarie Park-7426,2020-01-07T04:00:00+11:00,-33.765278,151.117806,o3,ppm,0.005
7426,25235,Macquarie Park-7426,2020-01-07T05:00:00+11:00,-33.765278,151.117806,o3,ppm,0.006
7426,25235,Macquarie Park-7426,2020-01-07T06:00:00+11:00,-33.765278,151.117806,o3,ppm,0.006
7426,25235,Macquarie Park-7426,2020-01-07T07:00:00+11:00,-33.765278,151.117806,o3,ppm,0.007
7426,25235,Macquarie Park-7426,2020-01-07T08:00:00+11:00,-33.765278,151.117806,o3,ppm,0.01
7426,25235,Macquarie Park-7426,2020-01-07T09:00:00+11:00,-33.765278,151.117806,o3,ppm,0.013
7426,25235,Macquarie Park-7426,2020-01-07T10:00:00+11:00,-33.765278,151.117806,o3,ppm,0.017
7426,25235,Macquarie Park-7426,2020-01-07T11:00:00+11:00,-33.765278,151.117806,o3,ppm,0.02
7426,25235,Macquarie Park-7426,2020-01-07T12:00:00+11:00,-33.765278,151.117806,o3,ppm,0.028
7426,25235,Macquarie Park-7426,2020-01-07T13:00:00+11:00,-33.765278,151.117806,o3,ppm,0.032
7426,25235,Macquarie Park-7426,2020-01-07T14:00:00+11:00,-33.765278,151.117806,o3,ppm,0.038
7426,25235,Macquarie Park-7426,2020-01-07T15:00:00+11:00,-33.765278,151.117806,o3,ppm,0.038
7426,25235,Macquarie Park-7426,2020-01-07T16:00:00+11:00,-33.765278,151.117806,o3,ppm,0.04
7426,25235,Macquarie Park-7426,2020-01-07T17:00:00+11:00,-33.765278,151.117806,o3,ppm,0.043
7426,25235,Macquarie Park-7426,2020-01-07T18:00:00+11:00,-33.765278,151.117806,o3,ppm,0.04
7426,25235,Macquarie Park-7426,2020-01-07T19:00:00+11:00,-33.765278,151.117806,o3,ppm,0.033
7426,25235,Macquarie Park-7426,2020-01-07T20:00:00+11:00,-33.765278,151.117806,o3,ppm,0.03
7426,25235,Macquarie Park-7426,2020-01-07T21:00:00+11:00,-33.765278,151.117806,o3,ppm,0.026
7426,25235,Macquarie Park-7426,2020-01-07T22:00:00+11:00,-33.765278,151.117806,o3,ppm,0.017
7426,25235,Macquarie Park-7426,2020-01-07T23:00:00+11:00,-33.765278,151.117806,o3,ppm,0.02
7426,21608,Macquarie Park-7426,2020-01-09T01:00:00+11:00,-33.765278,151.117806,pm10,µg/m³,100.5
7426,21608,Macquarie Park-7426,2020-01-09T02:00:00+11:00,-33.765278,151.117806,pm10,µg/m³,101.8
7426,21608,Macquarie Park-7426,2020-01-09T03:00:00+11:00,-33.765278,151.117806,pm10,µg/m³,101.6
7426,21608,Macquarie Park-7426,2020-01-09T04:00:00+11:00,-33.765278,151.117806,pm10,µg/m³,100.5
7426,21608,Macquarie Park-7426,2020-01-09T05:00:00+11:00,-33.765278,151.117806,pm10,µg/m³,98.2
7426,21608,Macquarie Park-7426,2020-01-09T06:00:00+11:00,-33.765278,151.117806,pm10,µg/m³,95.0
7426,21608,Macquarie Park-7426,2020-01-09T07:00:00+11:00,-33.765278,151.117806,pm10,µg/m³,91.2
7426,21608,Macquarie Park-7426,2020-01-09T08:00:00+11:00,-33.765278,151.117806,pm10,µg/m³,85.3
7426,21608,Macquarie Park-7426,2020-01-09T09:00:00+11:00,-33.765278,151.117806,pm10,µg/m³,78.3
7426,21608,Macquarie Park-7426,2020-01-09T10:00:00+11:00,-33.765278,151.117806,pm10,µg/m³,71.6
7426,21608,Macquarie Park-7426,2020-01-09T11:00:00+11:00,-33.765278,151.117806,pm10,µg/m³,65.0
7426,21608,Macquarie Park-7426,2020-01-09T12:00:00+11:00,-33.765278,151.117806,pm10,µg/m³,59.7
7426,21608,Macquarie Park-7426,2020-01-09T13:00:00+11:00,-33.765278,151.117806,pm10,µg/m³,55.7
7426,21608,Macquarie Park-7426,2020-01-09T14:00:00+11:00,-33.765278,151.117806,pm10,µg/m³,52.0
7426,21608,Macquarie Park-7426,2020-01-09T15:00:00+11:00,-33.765278,151.117806,pm10,µg/m³,48.5
7426,21608,Macquarie Park-7426,2020-01-09T16:00:00+11:00,-33.765278,151.117806,pm10,µg/m³,43.2
7426,21608,Macquarie Park-7426,2020-01-09T17:00:00+11:00,-33.765278,151.117806,pm10,µg/m³,38.3
7426,21608,Macquarie Park-7426,2020-01-09T18:00:00+11:00,-33.765278,151.117806,pm10,µg/m³,34.4
7426,21608,Macquarie Park-7426,2020-01-09T19:00:00+11:00,-33.765278,151.117806,pm10,µg/m³,30.9
7426,21608,Macquarie Park-7426,2020-01-09T20:00:00+11:00,-33.765278,151.117806,pm10,µg/m³,28.2
7426,21608,Macquarie Park-7426,2020-01-09T21:00:00+11:00,-33.765278,151.117806,pm10,µg/m³,25.3
7426,21608,Macquarie Park-7426,2020-01-09T22:00:00+11:00,-33.765278,151.117806,pm10,µg/m³,22.3
7426,21608,Macquarie Park-7426,2020-01-09T23:00:00+11:00,-33.765278,151.117806,pm10,µg/m³,19.4
7426,21609,Macquarie Park-7426,2020-01-09T01:00:00+11:00,-33.765278,151.117806,pm25,µg/m³,79.6
7426,21609,Macquarie Park-7426,2020-01-09T02:00:00+11:00,-33.765278,151.117806,pm25,µg/m³,81.2
7426,21609,Macquarie Park-7426,2020-01-09T03:00:00+11:00,-33.765278,151.117806,pm25,µg/m³,82.3
7426,21609,Macquarie Park-7426,2020-01-09T04:00:00+11:00,-33.765278,151.117806,pm25,µg/m³,82.4
7426,21609,Macquarie Park-7426,2020-01-09T05:00:00+11:00,-33.765278,151.117806,pm25,µg/m³,81.6
7426,21609,Macquarie Park-7426,2020-01-09T06:00:00+11:00,-33.765278,151.117806,pm25,µg/m³,79.6
7426,21609,Macquarie Park-7426,2020-01-09T07:00:00+11:00,-33.765278,151.117806,pm25,µg/m³,76.9
7426,21609,Macquarie Park-7426,2020-01-09T08:00:00+11:00,-33.765278,151.117806,pm25,µg/m³,73.2
7426,21609,Macquarie Park-7426,2020-01-09T09:00:00+11:00,-33.765278,151.117806,pm25,µg/m³,68.3
7426,21609,Macquarie Park-7426,2020-01-09T10:00:00+11:00,-33.765278,151.117806,pm25,µg/m³,63.4
7426,21609,Macquarie Park-7426,2020-01-09T11:00:00+11:00,-33.765278,151.117806,pm25,µg/m³,58.8
7426,21609,Macquarie Park-7426,2020-01-09T12:00:00+11:00,-33.765278,151.117806,pm25,µg/m³,54.4
7426,21609,Macquarie Park-7426,2020-01-09T13:00:00+11:00,-33.765278,151.117806,pm25,µg/m³,50.5
7426,21609,Macquarie Park-7426,2020-01-09T14:00:00+11:00,-33.765278,151.117806,pm25,µg/m³,47.1
7426,21609,Macquarie Park-7426,2020-01-09T15:00:00+11:00,-33.765278,151.117806,pm25,µg/m³,44.0
7426,21609,Macquarie Park-7426,2020-01-09T16:00:00+11:00,-33.765278,151.117806,pm25,µg/m³,40.1
7426,21609,Macquarie Park-7426,2020-01-09T17:00:00+11:00,-33.765278,151.117806,pm25,µg/m³,36.0
7426,21609,Macquarie Park-7426,2020-01-09T18:00:00+11:00,-33.765278,151.117806,pm25,µg/m³,32.1
7426,21609,Macquarie Park-7426,2020-01-09T19:00:00+11:00,-33.765278,151.117806,pm25,µg/m³,28.6
7426,21609,Macquarie Park-7426,2020-01-09T20:00:00+11:00,-33.765278,151.117806,pm25,µg/m³,25.7
7426,21609,Macquarie Park-7426,2020-01-09T21:00:00+11:00,-33.765278,151.117806,pm25,µg/m³,23.3
7426,21609,Macquarie Park-7426,2020-01-09T22:00:00+11:00,-33.765278,151.117806,pm25,µg/m³,20.7
7426,21609,Macquarie Park-7426,2020-01-09T23:00:00+11:00,-33.765278,151.117806,pm25,µg/m³,17.8
7426,25234,Macquarie Park-7426,2020-01-09T01:00:00+11:00,-33.765278,151.117806,no2,ppm,0.003
7426,25234,Macquarie Park-7426,2020-01-09T03:00:00+11:00,-33.765278,151.117806,no2,ppm,0.003
7426,25234,Macquarie Park-7426,2020-01-09T04:00:00+11:00,-33.765278,151.117806,no2,ppm,0.001
7426,25234,Macquarie Park-7426,2020-01-09T05:00:00+11:00,-33.765278,151.117806,no2,ppm,0.001
7426,25234,Macquarie Park-7426,2020-01-09T06:00:00+11:00,-33.765278,151.117806,no2,ppm,0.003
7426,25234,Macquarie Park-7426,2020-01-09T07:00:00+11:00,-33.765278,151.117806,no2,ppm,0.006
7426,25234,Macquarie Park-7426,2020-01-09T08:00:00+11:00,-33.765278,151.117806,no2,ppm,0.008
7426,25234,Macquarie Park-7426,2020-01-09T09:00:00+11:00,-33.765278,151.117806,no2,ppm,0.006
7426,25234,Macquarie Park-7426,2020-01-09T10:00:00+11:00,-33.765278,151.117806,no2,ppm,0.003
7426,25234,Macquarie Park-7426,2020-01-09T11:00:00+11:00,-33.765278,151.117806,no2,ppm,0.002
7426,25234,Macquarie Park-7426,2020-01-09T12:00:00+11:00,-33.765278,151.117806,no2,ppm,0.002
7426,25234,Macquarie Park-7426,2020-01-09T13:00:00+11:00,-33.765278,151.117806,no2,ppm,0.003
7426,25234,Macquarie Park-7426,2020-01-09T14:00:00+11:00,-33.765278,151.117806,no2,ppm,0.002
7426,25234,Macquarie Park-7426,2020-01-09T15:00:00+11:00,-33.765278,151.117806,no2,ppm,0.002
7426,25234,Macquarie Park-7426,2020-01-09T16:00:00+11:00,-33.765278,151.117806,no2,ppm,0.003
7426,25234,Macquarie Park-7426,2020-01-09T17:00:00+11:00,-33.765278,151.117806,no2,ppm,0.004
7426,25234,Macquarie Park-7426,2020-01-09T18:00:00+11:00,-33.765278,151.117806,no2,ppm,0.006
7426,25234,Macquarie Park-7426,2020-01-09T19:00:00+11:00,-33.765278,151.117806,no2,ppm,0.008
7426,25234,Macquarie Park-7426,2020-01-09T20:00:00+11:00,-33.765278,151.117806,no2,ppm,0.007
7426,25234,Macquarie Park-7426,2020-01-09T21:00:00+11:00,-33.765278,151.117806,no2,ppm,0.008
7426,25234,Macquarie Park-7426,2020-01-09T22:00:00+11:00,-33.765278,151.117806,no2,ppm,0.009
7426,25234,Macquarie Park-7426,2020-01-09T23:00:00+11:00,-33.765278,151.117806,no2,ppm,0.008
7426,28467,Macquarie Park-7426,2020-01-09T01:00:00+11:00,-33.765278,151.117806,co,ppm,1.6
7426,28467,Macquarie Park-7426,2020-01-09T02:00:00+11:00,-33.765278,151.117806,co,ppm,1.5
7426,28467,Macquarie Park-7426,2020-01-09T03:00:00+11:00,-33.765278,151.117806,co,ppm,1.5
7426,28467,Macquarie Park-7426,2020-01-09T04:00:00+11:00,-33.765278,151.117806,co,ppm,1.4
7426,28467,Macquarie Park-7426,2020-01-09T05:00:00+11:00,-33.765278,151.117806,co,ppm,1.3
7426,28467,Macquarie Park-7426,2020-01-09T06:00:00+11:00,-33.765278,151.117806,co,ppm,1.1
7426,28467,Macquarie Park-7426,2020-01-09T07:00:00+11:00,-33.765278,151.117806,co,ppm,0.9
7426,28467,Macquarie Park-7426,2020-01-09T08:00:00+11:00,-33.765278,151.117806,co,ppm,0.7
7426,28467,Macquarie Park-7426,2020-01-09T09:00:00+11:00,-33.765278,151.117806,co,ppm,0.5
7426,28467,Macquarie Park-7426,2020-01-09T10:00:00+11:00,-33.765278,151.117806,co,ppm,0.5
7426,28467,Macquarie Park-7426,2020-01-09T11:00:00+11:00,-33.765278,151.117806,co,ppm,0.4
7426,28467,Macquarie Park-7426,2020-01-09T12:00:00+11:00,-33.765278,151.117806,co,ppm,0.3
7426,28467,Macquarie Park-7426,2020-01-09T13:00:00+11:00,-33.765278,151.117806,co,ppm,0.3
7426,28467,Macquarie Park-7426,2020-01-09T14:00:00+11:00,-33.765278,151.117806,co,ppm,0.3
7426,28467,Macquarie Park-7426,2020-01-09T15:00:00+11:00,-33.765278,151.117806,co,ppm,0.3
7426,28467,Macquarie Park-7426,2020-01-09T16:00:00+11:00,-33.765278,151.117806,co,ppm,0.3
7426,28467,Macquarie Park-7426,2020-01-09T17:00:00+11:00,-33.765278,151.117806,co,ppm,0.3
7426,28467,Macquarie Park-7426,2020-01-09T18:00:00+11:00,-33.765278,151.117806,co,ppm,0.3
7426,28467,Macquarie Park-7426,2020-01-09T19:00:00+11:00,-33.765278,151.117806,co,ppm,0.3
7426,28467,Macquarie Park-7426,2020-01-09T20:00:00+11:00,-33.765278,151.117806,co,ppm,0.4
7426,28467,Macquarie Park-7426,2020-01-09T21:00:00+11:00,-33.765278,151.117806,co,ppm,0.4
7426,28467,Macquarie Park-7426,2020-01-09T22:00:00+11:00,-33.765278,151.117806,co,ppm,0.4
7426,28467,Macquarie Park-7426,2020-01-09T23:00:00+11:00,-33.765278,151.117806,co,ppm,0.4
7426,25237,Macquarie Park-7426,2020-01-09T01:00:00+11:00,-33.765278,151.117806,so2,ppm,0.0
7426,25237,Macquarie Park-7426,2020-01-09T03:00:00+11:00,-33.765278,151.117806,so2,ppm,0.001
7426,25237,Macquarie Park-7426,2020-01-09T04:00:00+11:00,-33.765278,151.117806,so2,ppm,0.0
7426,25237,Macquarie Park-7426,2020-01-09T05:00:00+11:00,-33.765278,151.117806,so2,ppm,0.0
7426,25237,Macquarie Park-7426,2020-01-09T06:00:00+11:00,-33.765278,151.117806,so2,ppm,0.0
7426,25237,Macquarie Park-7426,2020-01-09T07:00:00+11:00,-33.765278,151.117806,so2,ppm,0.0
7426,25237,Macquarie Park-7426,2020-01-09T08:00:00+11:00,-33.765278,151.117806,so2,ppm,0.0
7426,25237,Macquarie Park-7426,2020-01-09T09:00:00+11:00,-33.765278,151.117806,so2,ppm,0.0
7426,25237,Macquarie Park-7426,2020-01-09T10:00:00+11:00,-33.765278,151.117806,so2,ppm,0.0
7426,25237,Macquarie Park-7426,2020-01-09T11:00:00+11:00,-33.765278,151.117806,so2,ppm,0.0
7426,25237,Macquarie Park-7426,2020-01-09T12:00:00+11:00,-33.765278,151.117806,so2,ppm,0.0
7426,25237,Macquarie Park-7426,2020-01-09T13:00:00+11:00,-33.765278,151.117806,so2,ppm,0.0
7426,25237,Macquarie Park-7426,2020-01-09T14:00:00+11:00,-33.765278,151.117806,so2,ppm,0.0
7426,25237,Macquarie Park-7426,2020-01-09T15:00:00+11:00,-33.765278,151.117806,so2,ppm,0.0
7426,25237,Macquarie Park-7426,2020-01-09T16:00:00+11:00,-33.765278,151.117806,so2,ppm,0.0
7426,25237,Macquarie Park-7426,2020-01-09T17:00:00+11:00,-33.765278,151.117806,so2,ppm,0.0
7426,25237,Macquarie Park-7426,2020-01-09T18:00:00+11:00,-33.765278,151.117806,so2,ppm,0.0
7426,25237,Macquarie Park-7426,2020-01-09T19:00:00+11:00,-33.765278,151.117806,so2,ppm,0.0
7426,25237,Macquarie Park-7426,2020-01-09T20:00:00+11:00,-33.765278,151.117806,so2,ppm,0.0
7426,25237,Macquarie Park-7426,2020-01-09T21:00:00+11:00,-33.765278,151.117806,so2,ppm,0.0
7426,25237,Macquarie Park-7426,2020-01-09T22:00:00+11:00,-33.765278,151.117806,so2,ppm,0.0
7426,25237,Macquarie Park-7426,2020-01-09T23:00:00+11:00,-33.765278,151.117806,so2,ppm,0.0
7426,25235,Macquarie Park-7426,2020-01-09T01:00:00+11:00,-33.765278,151.117806,o3,ppm,0.038
7426,25235,Macquarie Park-7426,2020-01-09T02:00:00+11:00,-33.765278,151.117806,o3,ppm,0.042
7426,25235,Macquarie Park-7426,2020-01-09T03:00:00+11:00,-33.765278,151.117806,o3,ppm,0.032
7426,25235,Macquarie Park-7426,2020-01-09T04:00:00+11:00,-33.765278,151.117806,o3,ppm,0.028
7426,25235,Macquarie Park-7426,2020-01-09T05:00:00+11:00,-33.765278,151.117806,o3,ppm,0.021
7426,25235,Macquarie Park-7426,2020-01-09T06:00:00+11:00,-33.765278,151.117806,o3,ppm,0.015
7426,25235,Macquarie Park-7426,2020-01-09T07:00:00+11:00,-33.765278,151.117806,o3,ppm,0.011
7426,25235,Macquarie Park-7426,2020-01-09T08:00:00+11:00,-33.765278,151.117806,o3,ppm,0.01
7426,25235,Macquarie Park-7426,2020-01-09T09:00:00+11:00,-33.765278,151.117806,o3,ppm,0.012
7426,25235,Macquarie Park-7426,2020-01-09T10:00:00+11:00,-33.765278,151.117806,o3,ppm,0.016
7426,25235,Macquarie Park-7426,2020-01-09T11:00:00+11:00,-33.765278,151.117806,o3,ppm,0.02
7426,25235,Macquarie Park-7426,2020-01-09T12:00:00+11:00,-33.765278,151.117806,o3,ppm,0.023
7426,25235,Macquarie Park-7426,2020-01-09T13:00:00+11:00,-33.765278,151.117806,o3,ppm,0.024
7426,25235,Macquarie Park-7426,2020-01-09T14:00:00+11:00,-33.765278,151.117806,o3,ppm,0.024
7426,25235,Macquarie Park-7426,2020-01-09T15:00:00+11:00,-33.765278,151.117806,o3,ppm,0.026
7426,25235,Macquarie Park-7426,2020-01-09T16:00:00+11:00,-33.765278,151.117806,o3,ppm,0.023
7426,25235,Macquarie Park-7426,2020-01-09T17:00:00+11:00,-33.765278,151.117806,o3,ppm,0.021
7426,25235,Macquarie Park-7426,2020-01-09T18:00:00+11:00,-33.765278,151.117806,o3,ppm,0.018
7426,25235,Macquarie Park-7426,2020-01-09T19:00:00+11:00,-33.765278,151.117806,o3,ppm,0.016
7426,25235,Macquarie Park-7426,2020-01-09T20:00:00+11:00,-33.765278,151.117806,o3,ppm,0.016
7426,25235,Macquarie Park-7426,2020-01-09T21:00:00+11:00,-33.765278,151.117806,o3,ppm,0.013
7426,25235,Macquarie Park-7426,2020-01-09T22:00:00+11:00,-33.765278,151.117806,o3,ppm,0.012
7426,25235,Macquarie Park-7426,2020-01-09T23:00:00+11:00,-33.765278,151.117806,o3,ppm,0.009
7426,21608,Macquarie Park-7426,2020-01-10T01:00:00+11:00,-33.765278,151.117806,pm10,µg/m³,14.4
7426,25234,Macquarie Park-7426,2020-01-10T01:00:00+11:00,-33.765278,151.117806,no2,ppm,0.007
7426,25234,Macquarie Park-7426,2020-01-10T03:00:00+11:00,-33.765278,151.117806,no2,ppm,0.005
7426,25234,Macquarie Park-7426,2020-01-10T04:00:00+11:00,-33.765278,151.117806,no2,ppm,0.004
7426,25234,Macquarie Park-7426,2020-01-10T05:00:00+11:00,-33.765278,151.117806,no2,ppm,0.005
7426,25234,Macquarie Park-7426,2020-01-10T06:00:00+11:00,-33.765278,151.117806,no2,ppm,0.006
7426,25234,Macquarie Park-7426,2020-01-10T07:00:00+11:00,-33.765278,151.117806,no2,ppm,0.008
7426,25234,Macquarie Park-7426,2020-01-10T08:00:00+11:00,-33.765278,151.117806,no2,ppm,0.007
7426,25234,Macquarie Park-7426,2020-01-10T09:00:00+11:00,-33.765278,151.117806,no2,ppm,0.003
7426,25234,Macquarie Park-7426,2020-01-10T10:00:00+11:00,-33.765278,151.117806,no2,ppm,0.003
7426,25234,Macquarie Park-7426,2020-01-10T11:00:00+11:00,-33.765278,151.117806,no2,ppm,0.004
7426,25234,Macquarie Park-7426,2020-01-10T12:00:00+11:00,-33.765278,151.117806,no2,ppm,0.004
7426,25234,Macquarie Park-7426,2020-01-10T13:00:00+11:00,-33.765278,151.117806,no2,ppm,0.003
7426,25234,Macquarie Park-7426,2020-01-10T14:00:00+11:00,-33.765278,151.117806,no2,ppm,0.002
7426,25234,Macquarie Park-7426,2020-01-10T15:00:00+11:00,-33.765278,151.117806,no2,ppm,0.002
7426,25234,Macquarie Park-7426,2020-01-10T16:00:00+11:00,-33.765278,151.117806,no2,ppm,0.002
7426,25234,Macquarie Park-7426,2020-01-10T17:00:00+11:00,-33.765278,151.117806,no2,ppm,0.003
7426,25234,Macquarie Park-7426,2020-01-10T18:00:00+11:00,-33.765278,151.117806,no2,ppm,0.001
7426,25234,Macquarie Park-7426,2020-01-10T19:00:00+11:00,-33.765278,151.117806,no2,ppm,0.0
7426,25234,Macquarie Park-7426,2020-01-10T20:00:00+11:00,-33.765278,151.117806,no2,ppm,0.002
7426,25234,Macquarie Park-7426,2020-01-10T21:00:00+11:00,-33.765278,151.117806,no2,ppm,0.012
7426,25234,Macquarie Park-7426,2020-01-10T22:00:00+11:00,-33.765278,151.117806,no2,ppm,0.01
7426,25234,Macquarie Park-7426,2020-01-10T23:00:00+11:00,-33.765278,151.117806,no2,ppm,0.007
7426,21608,Macquarie Park-7426,2020-01-10T02:00:00+11:00,-33.765278,151.117806,pm10,µg/m³,11.9
7426,21608,Macquarie Park-7426,2020-01-10T03:00:00+11:00,-33.765278,151.117806,pm10,µg/m³,9.8
7426,21608,Macquarie Park-7426,2020-01-10T04:00:00+11:00,-33.765278,151.117806,pm10,µg/m³,8.4
7426,21608,Macquarie Park-7426,2020-01-10T05:00:00+11:00,-33.765278,151.117806,pm10,µg/m³,7.6
7426,21608,Macquarie Park-7426,2020-01-10T06:00:00+11:00,-33.765278,151.117806,pm10,µg/m³,7.4
7426,21608,Macquarie Park-7426,2020-01-10T07:00:00+11:00,-33.765278,151.117806,pm10,µg/m³,7.3
7426,21608,Macquarie Park-7426,2020-01-10T08:00:00+11:00,-33.765278,151.117806,pm10,µg/m³,7.4
7426,21608,Macquarie Park-7426,2020-01-10T09:00:00+11:00,-33.765278,151.117806,pm10,µg/m³,7.8
7426,21608,Macquarie Park-7426,2020-01-10T10:00:00+11:00,-33.765278,151.117806,pm10,µg/m³,8.8
7426,21608,Macquarie Park-7426,2020-01-10T11:00:00+11:00,-33.765278,151.117806,pm10,µg/m³,10.1
7426,21608,Macquarie Park-7426,2020-01-10T12:00:00+11:00,-33.765278,151.117806,pm10,µg/m³,11.4
7426,21608,Macquarie Park-7426,2020-01-10T13:00:00+11:00,-33.765278,151.117806,pm10,µg/m³,12.4
7426,21608,Macquarie Park-7426,2020-01-10T14:00:00+11:00,-33.765278,151.117806,pm10,µg/m³,13.6
7426,21608,Macquarie Park-7426,2020-01-10T15:00:00+11:00,-33.765278,151.117806,pm10,µg/m³,14.7
7426,21608,Macquarie Park-7426,2020-01-10T16:00:00+11:00,-33.765278,151.117806,pm10,µg/m³,15.6
7426,21608,Macquarie Park-7426,2020-01-10T17:00:00+11:00,-33.765278,151.117806,pm10,µg/m³,16.3
7426,21608,Macquarie Park-7426,2020-01-10T18:00:00+11:00,-33.765278,151.117806,pm10,µg/m³,16.7
7426,21608,Macquarie Park-7426,2020-01-10T19:00:00+11:00,-33.765278,151.117806,pm10,µg/m³,17.3
7426,21608,Macquarie Park-7426,2020-01-10T20:00:00+11:00,-33.765278,151.117806,pm10,µg/m³,18.2
7426,21608,Macquarie Park-7426,2020-01-10T21:00:00+11:00,-33.765278,151.117806,pm10,µg/m³,19.2
7426,21608,Macquarie Park-7426,2020-01-10T22:00:00+11:00,-33.765278,151.117806,pm10,µg/m³,20.2
7426,21608,Macquarie Park-7426,2020-01-10T23:00:00+11:00,-33.765278,151.117806,pm10,µg/m³,21.3
7426,21609,Macquarie Park-7426,2020-01-10T01:00:00+11:00,-33.765278,151.117806,pm25,µg/m³,12.4
7426,21609,Macquarie Park-7426,2020-01-10T02:00:00+11:00,-33.765278,151.117806,pm25,µg/m³,10.2
7426,21609,Macquarie Park-7426,2020-01-10T03:00:00+11:00,-33.765278,151.117806,pm25,µg/m³,8.3
7426,21609,Macquarie Park-7426,2020-01-10T04:00:00+11:00,-33.765278,151.117806,pm25,µg/m³,6.5
7426,21609,Macquarie Park-7426,2020-01-10T05:00:00+11:00,-33.765278,151.117806,pm25,µg/m³,5.3
7426,21609,Macquarie Park-7426,2020-01-10T06:00:00+11:00,-33.765278,151.117806,pm25,µg/m³,4.8
7426,21609,Macquarie Park-7426,2020-01-10T07:00:00+11:00,-33.765278,151.117806,pm25,µg/m³,4.7
7426,21609,Macquarie Park-7426,2020-01-10T08:00:00+11:00,-33.765278,151.117806,pm25,µg/m³,4.6
7426,21609,Macquarie Park-7426,2020-01-10T09:00:00+11:00,-33.765278,151.117806,pm25,µg/m³,4.6
7426,21609,Macquarie Park-7426,2020-01-10T10:00:00+11:00,-33.765278,151.117806,pm25,µg/m³,4.8
7426,21609,Macquarie Park-7426,2020-01-10T11:00:00+11:00,-33.765278,151.117806,pm25,µg/m³,5.2
7426,21609,Macquarie Park-7426,2020-01-10T12:00:00+11:00,-33.765278,151.117806,pm25,µg/m³,5.9
7426,21609,Macquarie Park-7426,2020-01-10T13:00:00+11:00,-33.765278,151.117806,pm25,µg/m³,6.3
7426,21609,Macquarie Park-7426,2020-01-10T14:00:00+11:00,-33.765278,151.117806,pm25,µg/m³,6.5
7426,21609,Macquarie Park-7426,2020-01-10T15:00:00+11:00,-33.765278,151.117806,pm25,µg/m³,6.7
7426,21609,Macquarie Park-7426,2020-01-10T16:00:00+11:00,-33.765278,151.117806,pm25,µg/m³,7.3
7426,21609,Macquarie Park-7426,2020-01-10T17:00:00+11:00,-33.765278,151.117806,pm25,µg/m³,8.0
7426,21609,Macquarie Park-7426,2020-01-10T18:00:00+11:00,-33.765278,151.117806,pm25,µg/m³,8.7
7426,21609,Macquarie Park-7426,2020-01-10T19:00:00+11:00,-33.765278,151.117806,pm25,µg/m³,9.2
7426,21609,Macquarie Park-7426,2020-01-10T20:00:00+11:00,-33.765278,151.117806,pm25,µg/m³,9.7
7426,21609,Macquarie Park-7426,2020-01-10T21:00:00+11:00,-33.765278,151.117806,pm25,µg/m³,9.8
7426,21609,Macquarie Park-7426,2020-01-10T22:00:00+11:00,-33.765278,151.117806,pm25,µg/m³,9.7
7426,21609,Macquarie Park-7426,2020-01-10T23:00:00+11:00,-33.765278,151.117806,pm25,µg/m³,10.1
7426,28467,Macquarie Park-7426,2020-01-10T01:00:00+11:00,-33.765278,151.117806,co,ppm,0.4
7426,25237,Macquarie Park-7426,2020-01-10T01:00:00+11:00,-33.765278,151.117806,so2,ppm,0.0
7426,25237,Macquarie Park-7426,2020-01-10T03:00:00+11:00,-33.765278,151.117806,so2,ppm,0.0
7426,25237,Macquarie Park-7426,2020-01-10T04:00:00+11:00,-33.765278,151.117806,so2,ppm,0.0
7426,25237,Macquarie Park-7426,2020-01-10T05:00:00+11:00,-33.765278,151.117806,so2,ppm,0.0
7426,25237,Macquarie Park-7426,2020-01-10T06:00:00+11:00,-33.765278,151.117806,so2,ppm,0.0
7426,25237,Macquarie Park-7426,2020-01-10T07:00:00+11:00,-33.765278,151.117806,so2,ppm,0.0
7426,25237,Macquarie Park-7426,2020-01-10T08:00:00+11:00,-33.765278,151.117806,so2,ppm,0.0
7426,25237,Macquarie Park-7426,2020-01-10T09:00:00+11:00,-33.765278,151.117806,so2,ppm,0.001
7426,25237,Macquarie Park-7426,2020-01-10T10:00:00+11:00,-33.765278,151.117806,so2,ppm,0.002
7426,25237,Macquarie Park-7426,2020-01-10T11:00:00+11:00,-33.765278,151.117806,so2,ppm,0.004
7426,25237,Macquarie Park-7426,2020-01-10T12:00:00+11:00,-33.765278,151.117806,so2,ppm,0.003
7426,25237,Macquarie Park-7426,2020-01-10T13:00:00+11:00,-33.765278,151.117806,so2,ppm,0.002
7426,25237,Macquarie Park-7426,2020-01-10T14:00:00+11:00,-33.765278,151.117806,so2,ppm,0.003
7426,28467,Macquarie Park-7426,2020-01-10T02:00:00+11:00,-33.765278,151.117806,co,ppm,0.4
7426,28467,Macquarie Park-7426,2020-01-10T03:00:00+11:00,-33.765278,151.117806,co,ppm,0.4
7426,28467,Macquarie Park-7426,2020-01-10T04:00:00+11:00,-33.765278,151.117806,co,ppm,0.4
7426,28467,Macquarie Park-7426,2020-01-10T05:00:00+11:00,-33.765278,151.117806,co,ppm,0.4
7426,28467,Macquarie Park-7426,2020-01-10T06:00:00+11:00,-33.765278,151.117806,co,ppm,0.4
7426,28467,Macquarie Park-7426,2020-01-10T07:00:00+11:00,-33.765278,151.117806,co,ppm,0.4
7426,28467,Macquarie Park-7426,2020-01-10T08:00:00+11:00,-33.765278,151.117806,co,ppm,0.4
7426,28467,Macquarie Park-7426,2020-01-10T09:00:00+11:00,-33.765278,151.117806,co,ppm,0.4
7426,28467,Macquarie Park-7426,2020-01-10T10:00:00+11:00,-33.765278,151.117806,co,ppm,0.4
7426,28467,Macquarie Park-7426,2020-01-10T11:00:00+11:00,-33.765278,151.117806,co,ppm,0.4
7426,28467,Macquarie Park-7426,2020-01-10T12:00:00+11:00,-33.765278,151.117806,co,ppm,0.4
7426,28467,Macquarie Park-7426,2020-01-10T13:00:00+11:00,-33.765278,151.117806,co,ppm,0.4
7426,28467,Macquarie Park-7426,2020-01-10T14:00:00+11:00,-33.765278,151.117806,co,ppm,0.4
7426,28467,Macquarie Park-7426,2020-01-10T15:00:00+11:00,-33.765278,151.117806,co,ppm,0.4
7426,28467,Macquarie Park-7426,2020-01-10T16:00:00+11:00,-33.765278,151.117806,co,ppm,0.5
7426,28467,Macquarie Park-7426,2020-01-10T17:00:00+11:00,-33.765278,151.117806,co,ppm,0.5
7426,28467,Macquarie Park-7426,2020-01-10T18:00:00+11:00,-33.765278,151.117806,co,ppm,0.5
7426,28467,Macquarie Park-7426,2020-01-10T19:00:00+11:00,-33.765278,151.117806,co,ppm,0.5
7426,28467,Macquarie Park-7426,2020-01-10T20:00:00+11:00,-33.765278,151.117806,co,ppm,0.5
7426,28467,Macquarie Park-7426,2020-01-10T21:00:00+11:00,-33.765278,151.117806,co,ppm,0.5
7426,28467,Macquarie Park-7426,2020-01-10T22:00:00+11:00,-33.765278,151.117806,co,ppm,0.5
7426,28467,Macquarie Park-7426,2020-01-10T23:00:00+11:00,-33.765278,151.117806,co,ppm,0.5
7426,25237,Macquarie Park-7426,2020-01-10T15:00:00+11:00,-33.765278,151.117806,so2,ppm,0.002
7426,25237,Macquarie Park-7426,2020-01-10T16:00:00+11:00,-33.765278,151.117806,so2,ppm,0.001
7426,25237,Macquarie Park-7426,2020-01-10T17:00:00+11:00,-33.765278,151.117806,so2,ppm,0.003
7426,25237,Macquarie Park-7426,2020-01-10T18:00:00+11:00,-33.765278,151.117806,so2,ppm,0.001
7426,25237,Macquarie Park-7426,2020-01-10T19:00:00+11:00,-33.765278,151.117806,so2,ppm,0.0
7426,25237,Macquarie Park-7426,2020-01-10T20:00:00+11:00,-33.765278,151.117806,so2,ppm,0.001
7426,25237,Macquarie Park-7426,2020-01-10T21:00:00+11:00,-33.765278,151.117806,so2,ppm,0.009
7426,25237,Macquarie Park-7426,2020-01-10T22:00:00+11:00,-33.765278,151.117806,so2,ppm,0.01
7426,25237,Macquarie Park-7426,2020-01-10T23:00:00+11:00,-33.765278,151.117806,so2,ppm,0.005
7426,25235,Macquarie Park-7426,2020-01-10T01:00:00+11:00,-33.765278,151.117806,o3,ppm,0.003
7426,25235,Macquarie Park-7426,2020-01-10T02:00:00+11:00,-33.765278,151.117806,o3,ppm,0.006
7426,25235,Macquarie Park-7426,2020-01-10T03:00:00+11:00,-33.765278,151.117806,o3,ppm,0.001
7426,25235,Macquarie Park-7426,2020-01-10T04:00:00+11:00,-33.765278,151.117806,o3,ppm,0.0
7426,25235,Macquarie Park-7426,2020-01-10T05:00:00+11:00,-33.765278,151.117806,o3,ppm,0.0
7426,25235,Macquarie Park-7426,2020-01-10T06:00:00+11:00,-33.765278,151.117806,o3,ppm,0.001
7426,25235,Macquarie Park-7426,2020-01-10T07:00:00+11:00,-33.765278,151.117806,o3,ppm,0.003
7426,25235,Macquarie Park-7426,2020-01-10T08:00:00+11:00,-33.765278,151.117806,o3,ppm,0.011
7426,25235,Macquarie Park-7426,2020-01-10T09:00:00+11:00,-33.765278,151.117806,o3,ppm,0.021
7426,25235,Macquarie Park-7426,2020-01-10T10:00:00+11:00,-33.765278,151.117806,o3,ppm,0.03
7426,25235,Macquarie Park-7426,2020-01-10T11:00:00+11:00,-33.765278,151.117806,o3,ppm,0.034
7426,25235,Macquarie Park-7426,2020-01-10T12:00:00+11:00,-33.765278,151.117806,o3,ppm,0.046
7426,25235,Macquarie Park-7426,2020-01-10T13:00:00+11:00,-33.765278,151.117806,o3,ppm,0.052
7426,25235,Macquarie Park-7426,2020-01-10T14:00:00+11:00,-33.765278,151.117806,o3,ppm,0.055
7426,25235,Macquarie Park-7426,2020-01-10T15:00:00+11:00,-33.765278,151.117806,o3,ppm,0.051
7426,25235,Macquarie Park-7426,2020-01-10T16:00:00+11:00,-33.765278,151.117806,o3,ppm,0.046
7426,25235,Macquarie Park-7426,2020-01-10T17:00:00+11:00,-33.765278,151.117806,o3,ppm,0.048
7426,25235,Macquarie Park-7426,2020-01-10T18:00:00+11:00,-33.765278,151.117806,o3,ppm,0.046
7426,25235,Macquarie Park-7426,2020-01-10T19:00:00+11:00,-33.765278,151.117806,o3,ppm,0.049
7426,25235,Macquarie Park-7426,2020-01-10T20:00:00+11:00,-33.765278,151.117806,o3,ppm,0.047
7426,25235,Macquarie Park-7426,2020-01-10T21:00:00+11:00,-33.765278,151.117806,o3,ppm,0.035
7426,25235,Macquarie Park-7426,2020-01-10T22:00:00+11:00,-33.765278,151.117806,o3,ppm,0.034
7426,25235,Macquarie Park-7426,2020-01-10T23:00:00+11:00,-33.765278,151.117806,o3,ppm,0.034
7426,21608,Macquarie Park-7426,2020-01-11T01:00:00+11:00,-33.765278,151.117806,pm10,µg/m³,24.4
7426,21608,Macquarie Park-7426,2020-01-11T02:00:00+11:00,-33.765278,151.117806,pm10,µg/m³,26.2
7426,21608,Macquarie Park-7426,2020-01-11T03:00:00+11:00,-33.765278,151.117806,pm10,µg/m³,28.2
7426,21608,Macquarie Park-7426,2020-01-11T04:00:00+11:00,-33.765278,151.117806,pm10,µg/m³,33.2
7426,21608,Macquarie Park-7426,2020-01-11T05:00:00+11:00,-33.765278,151.117806,pm10,µg/m³,35.8
7426,21608,Macquarie Park-7426,2020-01-11T06:00:00+11:00,-33.765278,151.117806,pm10,µg/m³,37.1
7426,21608,Macquarie Park-7426,2020-01-11T07:00:00+11:00,-33.765278,151.117806,pm10,µg/m³,37.8
7426,21608,Macquarie Park-7426,2020-01-11T08:00:00+11:00,-33.765278,151.117806,pm10,µg/m³,38.1
7426,21608,Macquarie Park-7426,2020-01-11T09:00:00+11:00,-33.765278,151.117806,pm10,µg/m³,38.6
7426,21608,Macquarie Park-7426,2020-01-11T10:00:00+11:00,-33.765278,151.117806,pm10,µg/m³,39.5
7426,21608,Macquarie Park-7426,2020-01-11T11:00:00+11:00,-33.765278,151.117806,pm10,µg/m³,39.2
7426,21608,Macquarie Park-7426,2020-01-11T12:00:00+11:00,-33.765278,151.117806,pm10,µg/m³,38.8
7426,21608,Macquarie Park-7426,2020-01-11T13:00:00+11:00,-33.765278,151.117806,pm10,µg/m³,38.2
7426,21608,Macquarie Park-7426,2020-01-11T14:00:00+11:00,-33.765278,151.117806,pm10,µg/m³,39.2
7426,21608,Macquarie Park-7426,2020-01-11T15:00:00+11:00,-33.765278,151.117806,pm10,µg/m³,40.0
7426,21608,Macquarie Park-7426,2020-01-11T16:00:00+11:00,-33.765278,151.117806,pm10,µg/m³,40.6
7426,21608,Macquarie Park-7426,2020-01-11T17:00:00+11:00,-33.765278,151.117806,pm10,µg/m³,41.5
7426,21608,Macquarie Park-7426,2020-01-11T18:00:00+11:00,-33.765278,151.117806,pm10,µg/m³,42.7
7426,21608,Macquarie Park-7426,2020-01-11T19:00:00+11:00,-33.765278,151.117806,pm10,µg/m³,43.8
7426,21608,Macquarie Park-7426,2020-01-11T20:00:00+11:00,-33.765278,151.117806,pm10,µg/m³,44.6
7426,21608,Macquarie Park-7426,2020-01-11T21:00:00+11:00,-33.765278,151.117806,pm10,µg/m³,44.8
7426,21608,Macquarie Park-7426,2020-01-11T22:00:00+11:00,-33.765278,151.117806,pm10,µg/m³,44.7
7426,21608,Macquarie Park-7426,2020-01-11T23:00:00+11:00,-33.765278,151.117806,pm10,µg/m³,44.5
7426,21609,Macquarie Park-7426,2020-01-11T01:00:00+11:00,-33.765278,151.117806,pm25,µg/m³,11.4
7426,21609,Macquarie Park-7426,2020-01-11T02:00:00+11:00,-33.765278,151.117806,pm25,µg/m³,12.6
7426,21609,Macquarie Park-7426,2020-01-11T03:00:00+11:00,-33.765278,151.117806,pm25,µg/m³,13.7
7426,21609,Macquarie Park-7426,2020-01-11T04:00:00+11:00,-33.765278,151.117806,pm25,µg/m³,15.9
7426,21609,Macquarie Park-7426,2020-01-11T05:00:00+11:00,-33.765278,151.117806,pm25,µg/m³,18.6
7426,21609,Macquarie Park-7426,2020-01-11T06:00:00+11:00,-33.765278,151.117806,pm25,µg/m³,20.6
7426,21609,Macquarie Park-7426,2020-01-11T07:00:00+11:00,-33.765278,151.117806,pm25,µg/m³,21.8
7426,21609,Macquarie Park-7426,2020-01-11T08:00:00+11:00,-33.765278,151.117806,pm25,µg/m³,22.5
7426,21609,Macquarie Park-7426,2020-01-11T09:00:00+11:00,-33.765278,151.117806,pm25,µg/m³,23.2
7426,21609,Macquarie Park-7426,2020-01-11T10:00:00+11:00,-33.765278,151.117806,pm25,µg/m³,23.9
7426,21609,Macquarie Park-7426,2020-01-11T11:00:00+11:00,-33.765278,151.117806,pm25,µg/m³,24.5
7426,21609,Macquarie Park-7426,2020-01-11T12:00:00+11:00,-33.765278,151.117806,pm25,µg/m³,24.5
7426,21609,Macquarie Park-7426,2020-01-11T13:00:00+11:00,-33.765278,151.117806,pm25,µg/m³,24.4
7426,21609,Macquarie Park-7426,2020-01-11T14:00:00+11:00,-33.765278,151.117806,pm25,µg/m³,24.7
7426,21609,Macquarie Park-7426,2020-01-11T15:00:00+11:00,-33.765278,151.117806,pm25,µg/m³,25.5
7426,21609,Macquarie Park-7426,2020-01-11T16:00:00+11:00,-33.765278,151.117806,pm25,µg/m³,26.0
7426,21609,Macquarie Park-7426,2020-01-11T17:00:00+11:00,-33.765278,151.117806,pm25,µg/m³,26.4
7426,21609,Macquarie Park-7426,2020-01-11T18:00:00+11:00,-33.765278,151.117806,pm25,µg/m³,26.8
7426,21609,Macquarie Park-7426,2020-01-11T19:00:00+11:00,-33.765278,151.117806,pm25,µg/m³,27.5
7426,21609,Macquarie Park-7426,2020-01-11T20:00:00+11:00,-33.765278,151.117806,pm25,µg/m³,27.8
7426,21609,Macquarie Park-7426,2020-01-11T21:00:00+11:00,-33.765278,151.117806,pm25,µg/m³,28.6
7426,21609,Macquarie Park-7426,2020-01-11T22:00:00+11:00,-33.765278,151.117806,pm25,µg/m³,29.2
7426,21609,Macquarie Park-7426,2020-01-11T23:00:00+11:00,-33.765278,151.117806,pm25,µg/m³,29.2
7426,25234,Macquarie Park-7426,2020-01-11T01:00:00+11:00,-33.765278,151.117806,no2,ppm,0.021
7426,25234,Macquarie Park-7426,2020-01-11T03:00:00+11:00,-33.765278,151.117806,no2,ppm,0.0
7426,25234,Macquarie Park-7426,2020-01-11T04:00:00+11:00,-33.765278,151.117806,no2,ppm,0.001
7426,25234,Macquarie Park-7426,2020-01-11T05:00:00+11:00,-33.765278,151.117806,no2,ppm,0.0
7426,25234,Macquarie Park-7426,2020-01-11T06:00:00+11:00,-33.765278,151.117806,no2,ppm,0.0
7426,25234,Macquarie Park-7426,2020-01-11T07:00:00+11:00,-33.765278,151.117806,no2,ppm,0.001
7426,25234,Macquarie Park-7426,2020-01-11T08:00:00+11:00,-33.765278,151.117806,no2,ppm,0.002
7426,25234,Macquarie Park-7426,2020-01-11T09:00:00+11:00,-33.765278,151.117806,no2,ppm,0.002
7426,25234,Macquarie Park-7426,2020-01-11T10:00:00+11:00,-33.765278,151.117806,no2,ppm,0.002
7426,25234,Macquarie Park-7426,2020-01-11T11:00:00+11:00,-33.765278,151.117806,no2,ppm,0.001
7426,25234,Macquarie Park-7426,2020-01-11T12:00:00+11:00,-33.765278,151.117806,no2,ppm,0.001
7426,25234,Macquarie Park-7426,2020-01-11T13:00:00+11:00,-33.765278,151.117806,no2,ppm,0.001
7426,25234,Macquarie Park-7426,2020-01-11T14:00:00+11:00,-33.765278,151.117806,no2,ppm,0.001
7426,25234,Macquarie Park-7426,2020-01-11T15:00:00+11:00,-33.765278,151.117806,no2,ppm,0.001
7426,25234,Macquarie Park-7426,2020-01-11T16:00:00+11:00,-33.765278,151.117806,no2,ppm,0.002
7426,25234,Macquarie Park-7426,2020-01-11T17:00:00+11:00,-33.765278,151.117806,no2,ppm,0.002
7426,25234,Macquarie Park-7426,2020-01-11T18:00:00+11:00,-33.765278,151.117806,no2,ppm,0.002
7426,25234,Macquarie Park-7426,2020-01-11T19:00:00+11:00,-33.765278,151.117806,no2,ppm,0.003
7426,25234,Macquarie Park-7426,2020-01-11T20:00:00+11:00,-33.765278,151.117806,no2,ppm,0.002
7426,25234,Macquarie Park-7426,2020-01-11T21:00:00+11:00,-33.765278,151.117806,no2,ppm,0.001
7426,25234,Macquarie Park-7426,2020-01-11T22:00:00+11:00,-33.765278,151.117806,no2,ppm,0.0
7426,25234,Macquarie Park-7426,2020-01-11T23:00:00+11:00,-33.765278,151.117806,no2,ppm,0.0
7426,28467,Macquarie Park-7426,2020-01-11T01:00:00+11:00,-33.765278,151.117806,co,ppm,0.5
7426,28467,Macquarie Park-7426,2020-01-11T02:00:00+11:00,-33.765278,151.117806,co,ppm,0.5
7426,28467,Macquarie Park-7426,2020-01-11T03:00:00+11:00,-33.765278,151.117806,co,ppm,0.5
7426,28467,Macquarie Park-7426,2020-01-11T04:00:00+11:00,-33.765278,151.117806,co,ppm,0.6
7426,28467,Macquarie Park-7426,2020-01-11T05:00:00+11:00,-33.765278,151.117806,co,ppm,0.6
7426,28467,Macquarie Park-7426,2020-01-11T06:00:00+11:00,-33.765278,151.117806,co,ppm,0.6
7426,28467,Macquarie Park-7426,2020-01-11T07:00:00+11:00,-33.765278,151.117806,co,ppm,0.5
7426,28467,Macquarie Park-7426,2020-01-11T08:00:00+11:00,-33.765278,151.117806,co,ppm,0.5
7426,28467,Macquarie Park-7426,2020-01-11T09:00:00+11:00,-33.765278,151.117806,co,ppm,0.5
7426,28467,Macquarie Park-7426,2020-01-11T10:00:00+11:00,-33.765278,151.117806,co,ppm,0.5
7426,28467,Macquarie Park-7426,2020-01-11T11:00:00+11:00,-33.765278,151.117806,co,ppm,0.5
7426,28467,Macquarie Park-7426,2020-01-11T12:00:00+11:00,-33.765278,151.117806,co,ppm,0.4
7426,28467,Macquarie Park-7426,2020-01-11T13:00:00+11:00,-33.765278,151.117806,co,ppm,0.4
7426,28467,Macquarie Park-7426,2020-01-11T14:00:00+11:00,-33.765278,151.117806,co,ppm,0.4
7426,28467,Macquarie Park-7426,2020-01-11T15:00:00+11:00,-33.765278,151.117806,co,ppm,0.4
7426,28467,Macquarie Park-7426,2020-01-11T16:00:00+11:00,-33.765278,151.117806,co,ppm,0.4
7426,28467,Macquarie Park-7426,2020-01-11T17:00:00+11:00,-33.765278,151.117806,co,ppm,0.4
7426,28467,Macquarie Park-7426,2020-01-11T18:00:00+11:00,-33.765278,151.117806,co,ppm,0.4
7426,28467,Macquarie Park-7426,2020-01-11T19:00:00+11:00,-33.765278,151.117806,co,ppm,0.5
7426,28467,Macquarie Park-7426,2020-01-11T20:00:00+11:00,-33.765278,151.117806,co,ppm,0.5
7426,28467,Macquarie Park-7426,2020-01-11T21:00:00+11:00,-33.765278,151.117806,co,ppm,0.5
7426,28467,Macquarie Park-7426,2020-01-11T22:00:00+11:00,-33.765278,151.117806,co,ppm,0.5
7426,28467,Macquarie Park-7426,2020-01-11T23:00:00+11:00,-33.765278,151.117806,co,ppm,0.4
7426,25237,Macquarie Park-7426,2020-01-11T01:00:00+11:00,-33.765278,151.117806,so2,ppm,0.003
7426,25237,Macquarie Park-7426,2020-01-11T03:00:00+11:00,-33.765278,151.117806,so2,ppm,0.0
7426,25237,Macquarie Park-7426,2020-01-11T04:00:00+11:00,-33.765278,151.117806,so2,ppm,0.0
7426,25237,Macquarie Park-7426,2020-01-11T05:00:00+11:00,-33.765278,151.117806,so2,ppm,0.0
7426,25237,Macquarie Park-7426,2020-01-11T06:00:00+11:00,-33.765278,151.117806,so2,ppm,0.0
7426,25237,Macquarie Park-7426,2020-01-11T07:00:00+11:00,-33.765278,151.117806,so2,ppm,0.0
7426,25237,Macquarie Park-7426,2020-01-11T08:00:00+11:00,-33.765278,151.117806,so2,ppm,0.0
7426,25237,Macquarie Park-7426,2020-01-11T09:00:00+11:00,-33.765278,151.117806,so2,ppm,0.0
7426,25237,Macquarie Park-7426,2020-01-11T10:00:00+11:00,-33.765278,151.117806,so2,ppm,0.0
7426,25237,Macquarie Park-7426,2020-01-11T11:00:00+11:00,-33.765278,151.117806,so2,ppm,0.0
7426,25237,Macquarie Park-7426,2020-01-11T12:00:00+11:00,-33.765278,151.117806,so2,ppm,0.0
7426,25237,Macquarie Park-7426,2020-01-11T13:00:00+11:00,-33.765278,151.117806,so2,ppm,0.0
7426,25237,Macquarie Park-7426,2020-01-11T14:00:00+11:00,-33.765278,151.117806,so2,ppm,0.0
7426,25237,Macquarie Park-7426,2020-01-11T15:00:00+11:00,-33.765278,151.117806,so2,ppm,0.0
7426,25237,Macquarie Park-7426,2020-01-11T16:00:00+11:00,-33.765278,151.117806,so2,ppm,0.0
7426,25237,Macquarie Park-7426,2020-01-11T17:00:00+11:00,-33.765278,151.117806,so2,ppm,0.0
7426,25237,Macquarie Park-7426,2020-01-11T18:00:00+11:00,-33.765278,151.117806,so2,ppm,0.0
7426,25237,Macquarie Park-7426,2020-01-11T19:00:00+11:00,-33.765278,151.117806,so2,ppm,0.0
7426,25237,Macquarie Park-7426,2020-01-11T20:00:00+11:00,-33.765278,151.117806,so2,ppm,0.0
7426,25237,Macquarie Park-7426,2020-01-11T21:00:00+11:00,-33.765278,151.117806,so2,ppm,0.0
7426,25237,Macquarie Park-7426,2020-01-11T22:00:00+11:00,-33.765278,151.117806,so2,ppm,0.0
7426,25237,Macquarie Park-7426,2020-01-11T23:00:00+11:00,-33.765278,151.117806,so2,ppm,0.0
7426,25235,Macquarie Park-7426,2020-01-11T01:00:00+11:00,-33.765278,151.117806,o3,ppm,0.01
7426,25235,Macquarie Park-7426,2020-01-11T02:00:00+11:00,-33.765278,151.117806,o3,ppm,0.02
7426,25235,Macquarie Park-7426,2020-01-11T03:00:00+11:00,-33.765278,151.117806,o3,ppm,0.029
7426,25235,Macquarie Park-7426,2020-01-11T04:00:00+11:00,-33.765278,151.117806,o3,ppm,0.023
7426,25235,Macquarie Park-7426,2020-01-11T05:00:00+11:00,-33.765278,151.117806,o3,ppm,0.023
7426,25235,Macquarie Park-7426,2020-01-11T06:00:00+11:00,-33.765278,151.117806,o3,ppm,0.021
7426,25235,Macquarie Park-7426,2020-01-11T07:00:00+11:00,-33.765278,151.117806,o3,ppm,0.017
7426,25235,Macquarie Park-7426,2020-01-11T08:00:00+11:00,-33.765278,151.117806,o3,ppm,0.015
7426,25235,Macquarie Park-7426,2020-01-11T09:00:00+11:00,-33.765278,151.117806,o3,ppm,0.014
7426,25235,Macquarie Park-7426,2020-01-11T10:00:00+11:00,-33.765278,151.117806,o3,ppm,0.015
7426,25235,Macquarie Park-7426,2020-01-11T11:00:00+11:00,-33.765278,151.117806,o3,ppm,0.015
7426,25235,Macquarie Park-7426,2020-01-11T12:00:00+11:00,-33.765278,151.117806,o3,ppm,0.016
7426,25235,Macquarie Park-7426,2020-01-11T13:00:00+11:00,-33.765278,151.117806,o3,ppm,0.018
7426,25235,Macquarie Park-7426,2020-01-11T14:00:00+11:00,-33.765278,151.117806,o3,ppm,0.024
7426,25235,Macquarie Park-7426,2020-01-11T15:00:00+11:00,-33.765278,151.117806,o3,ppm,0.025
7426,25235,Macquarie Park-7426,2020-01-11T16:00:00+11:00,-33.765278,151.117806,o3,ppm,0.027
7426,25235,Macquarie Park-7426,2020-01-11T17:00:00+11:00,-33.765278,151.117806,o3,ppm,0.027
7426,25235,Macquarie Park-7426,2020-01-11T18:00:00+11:00,-33.765278,151.117806,o3,ppm,0.024
7426,25235,Macquarie Park-7426,2020-01-11T19:00:00+11:00,-33.765278,151.117806,o3,ppm,0.024
7426,25235,Macquarie Park-7426,2020-01-11T20:00:00+11:00,-33.765278,151.117806,o3,ppm,0.023
7426,25235,Macquarie Park-7426,2020-01-11T21:00:00+11:00,-33.765278,151.117806,o3,ppm,0.023
7426,25235,Macquarie Park-7426,2020-01-11T22:00:00+11:00,-33.765278,151.117806,o3,ppm,0.022
7426,25235,Macquarie Park-7426,2020-01-11T23:00:00+11:00,-33.765278,151.117806,o3,ppm,0.022
7426,21608,Macquarie Park-7426,2020-01-12T01:00:00+11:00,-33.765278,151.117806,pm10,µg/m³,43.5
7426,21608,Macquarie Park-7426,2020-01-12T02:00:00+11:00,-33.765278,151.117806,pm10,µg/m³,43.1
7426,21608,Macquarie Park-7426,2020-01-12T03:00:00+11:00,-33.765278,151.117806,pm10,µg/m³,44.2
7426,21608,Macquarie Park-7426,2020-01-12T04:00:00+11:00,-33.765278,151.117806,pm10,µg/m³,41.4
7426,21608,Macquarie Park-7426,2020-01-12T05:00:00+11:00,-33.765278,151.117806,pm10,µg/m³,41.1
7426,21608,Macquarie Park-7426,2020-01-12T06:00:00+11:00,-33.765278,151.117806,pm10,µg/m³,40.9
7426,21608,Macquarie Park-7426,2020-01-12T07:00:00+11:00,-33.765278,151.117806,pm10,µg/m³,41.2
7426,21608,Macquarie Park-7426,2020-01-12T08:00:00+11:00,-33.765278,151.117806,pm10,µg/m³,42.0
7426,21608,Macquarie Park-7426,2020-01-12T09:00:00+11:00,-33.765278,151.117806,pm10,µg/m³,44.0
7426,21608,Macquarie Park-7426,2020-01-12T10:00:00+11:00,-33.765278,151.117806,pm10,µg/m³,46.7
7426,21608,Macquarie Park-7426,2020-01-12T11:00:00+11:00,-33.765278,151.117806,pm10,µg/m³,50.9
7426,21608,Macquarie Park-7426,2020-01-12T12:00:00+11:00,-33.765278,151.117806,pm10,µg/m³,55.5
7426,21608,Macquarie Park-7426,2020-01-12T13:00:00+11:00,-33.765278,151.117806,pm10,µg/m³,59.1
7426,21608,Macquarie Park-7426,2020-01-12T14:00:00+11:00,-33.765278,151.117806,pm10,µg/m³,60.2
7426,21608,Macquarie Park-7426,2020-01-12T15:00:00+11:00,-33.765278,151.117806,pm10,µg/m³,60.2
7426,21608,Macquarie Park-7426,2020-01-12T16:00:00+11:00,-33.765278,151.117806,pm10,µg/m³,61.3
7426,21608,Macquarie Park-7426,2020-01-12T17:00:00+11:00,-33.765278,151.117806,pm10,µg/m³,60.7
7426,21608,Macquarie Park-7426,2020-01-12T18:00:00+11:00,-33.765278,151.117806,pm10,µg/m³,59.1
7426,21608,Macquarie Park-7426,2020-01-12T19:00:00+11:00,-33.765278,151.117806,pm10,µg/m³,57.5
7426,21608,Macquarie Park-7426,2020-01-12T20:00:00+11:00,-33.765278,151.117806,pm10,µg/m³,56.2
7426,21608,Macquarie Park-7426,2020-01-12T21:00:00+11:00,-33.765278,151.117806,pm10,µg/m³,55.6
7426,21608,Macquarie Park-7426,2020-01-12T22:00:00+11:00,-33.765278,151.117806,pm10,µg/m³,55.0
7426,21608,Macquarie Park-7426,2020-01-12T23:00:00+11:00,-33.765278,151.117806,pm10,µg/m³,54.4
7426,21609,Macquarie Park-7426,2020-01-12T01:00:00+11:00,-33.765278,151.117806,pm25,µg/m³,29.3
7426,21609,Macquarie Park-7426,2020-01-12T02:00:00+11:00,-33.765278,151.117806,pm25,µg/m³,28.6
7426,21609,Macquarie Park-7426,2020-01-12T03:00:00+11:00,-33.765278,151.117806,pm25,µg/m³,28.8
7426,21609,Macquarie Park-7426,2020-01-12T04:00:00+11:00,-33.765278,151.117806,pm25,µg/m³,28.4
7426,21609,Macquarie Park-7426,2020-01-12T05:00:00+11:00,-33.765278,151.117806,pm25,µg/m³,27.3
7426,21609,Macquarie Park-7426,2020-01-12T06:00:00+11:00,-33.765278,151.117806,pm25,µg/m³,26.6
7426,21609,Macquarie Park-7426,2020-01-12T07:00:00+11:00,-33.765278,151.117806,pm25,µg/m³,26.1
7426,21609,Macquarie Park-7426,2020-01-12T08:00:00+11:00,-33.765278,151.117806,pm25,µg/m³,25.9
7426,21609,Macquarie Park-7426,2020-01-12T09:00:00+11:00,-33.765278,151.117806,pm25,µg/m³,26.4
7426,21609,Macquarie Park-7426,2020-01-12T10:00:00+11:00,-33.765278,151.117806,pm25,µg/m³,27.6
7426,21609,Macquarie Park-7426,2020-01-12T11:00:00+11:00,-33.765278,151.117806,pm25,µg/m³,29.5
7426,21609,Macquarie Park-7426,2020-01-12T12:00:00+11:00,-33.765278,151.117806,pm25,µg/m³,32.5
7426,21609,Macquarie Park-7426,2020-01-12T13:00:00+11:00,-33.765278,151.117806,pm25,µg/m³,35.8
7426,21609,Macquarie Park-7426,2020-01-12T14:00:00+11:00,-33.765278,151.117806,pm25,µg/m³,38.7
7426,21609,Macquarie Park-7426,2020-01-12T15:00:00+11:00,-33.765278,151.117806,pm25,µg/m³,40.2
7426,21609,Macquarie Park-7426,2020-01-12T16:00:00+11:00,-33.765278,151.117806,pm25,µg/m³,41.4
7426,21609,Macquarie Park-7426,2020-01-12T17:00:00+11:00,-33.765278,151.117806,pm25,µg/m³,42.0
7426,21609,Macquarie Park-7426,2020-01-12T18:00:00+11:00,-33.765278,151.117806,pm25,µg/m³,41.7
7426,21609,Macquarie Park-7426,2020-01-12T19:00:00+11:00,-33.765278,151.117806,pm25,µg/m³,41.1
7426,21609,Macquarie Park-7426,2020-01-12T20:00:00+11:00,-33.765278,151.117806,pm25,µg/m³,40.6
7426,21609,Macquarie Park-7426,2020-01-12T21:00:00+11:00,-33.765278,151.117806,pm25,µg/m³,40.3
7426,21609,Macquarie Park-7426,2020-01-12T22:00:00+11:00,-33.765278,151.117806,pm25,µg/m³,40.3
7426,21609,Macquarie Park-7426,2020-01-12T23:00:00+11:00,-33.765278,151.117806,pm25,µg/m³,40.2
7426,25234,Macquarie Park-7426,2020-01-12T01:00:00+11:00,-33.765278,151.117806,no2,ppm,-0.001
7426,25234,Macquarie Park-7426,2020-01-12T03:00:00+11:00,-33.765278,151.117806,no2,ppm,0.001
7426,25234,Macquarie Park-7426,2020-01-12T04:00:00+11:00,-33.765278,151.117806,no2,ppm,0.0
7426,25234,Macquarie Park-7426,2020-01-12T05:00:00+11:00,-33.765278,151.117806,no2,ppm,0.0
7426,25234,Macquarie Park-7426,2020-01-12T06:00:00+11:00,-33.765278,151.117806,no2,ppm,0.0
7426,25234,Macquarie Park-7426,2020-01-12T07:00:00+11:00,-33.765278,151.117806,no2,ppm,0.0
7426,25234,Macquarie Park-7426,2020-01-12T08:00:00+11:00,-33.765278,151.117806,no2,ppm,0.0
7426,25234,Macquarie Park-7426,2020-01-12T09:00:00+11:00,-33.765278,151.117806,no2,ppm,0.001
7426,25234,Macquarie Park-7426,2020-01-12T10:00:00+11:00,-33.765278,151.117806,no2,ppm,0.001
7426,25234,Macquarie Park-7426,2020-01-12T11:00:00+11:00,-33.765278,151.117806,no2,ppm,0.003
7426,25234,Macquarie Park-7426,2020-01-12T12:00:00+11:00,-33.765278,151.117806,no2,ppm,0.006
7426,25234,Macquarie Park-7426,2020-01-12T13:00:00+11:00,-33.765278,151.117806,no2,ppm,0.005
7426,25234,Macquarie Park-7426,2020-01-12T14:00:00+11:00,-33.765278,151.117806,no2,ppm,0.004
7426,25234,Macquarie Park-7426,2020-01-12T15:00:00+11:00,-33.765278,151.117806,no2,ppm,0.004
7426,25234,Macquarie Park-7426,2020-01-12T16:00:00+11:00,-33.765278,151.117806,no2,ppm,0.004
7426,25234,Macquarie Park-7426,2020-01-12T17:00:00+11:00,-33.765278,151.117806,no2,ppm,0.005
7426,25234,Macquarie Park-7426,2020-01-12T18:00:00+11:00,-33.765278,151.117806,no2,ppm,0.005
7426,25234,Macquarie Park-7426,2020-01-12T19:00:00+11:00,-33.765278,151.117806,no2,ppm,0.002
7426,25234,Macquarie Park-7426,2020-01-12T20:00:00+11:00,-33.765278,151.117806,no2,ppm,0.003
7426,25234,Macquarie Park-7426,2020-01-12T21:00:00+11:00,-33.765278,151.117806,no2,ppm,0.005
7426,25234,Macquarie Park-7426,2020-01-12T22:00:00+11:00,-33.765278,151.117806,no2,ppm,0.006
7426,25234,Macquarie Park-7426,2020-01-12T23:00:00+11:00,-33.765278,151.117806,no2,ppm,0.004
7426,28467,Macquarie Park-7426,2020-01-12T01:00:00+11:00,-33.765278,151.117806,co,ppm,0.4
7426,28467,Macquarie Park-7426,2020-01-12T02:00:00+11:00,-33.765278,151.117806,co,ppm,0.3
7426,28467,Macquarie Park-7426,2020-01-12T03:00:00+11:00,-33.765278,151.117806,co,ppm,0.3
7426,28467,Macquarie Park-7426,2020-01-12T04:00:00+11:00,-33.765278,151.117806,co,ppm,0.3
7426,28467,Macquarie Park-7426,2020-01-12T05:00:00+11:00,-33.765278,151.117806,co,ppm,0.3
7426,28467,Macquarie Park-7426,2020-01-12T06:00:00+11:00,-33.765278,151.117806,co,ppm,0.3
7426,28467,Macquarie Park-7426,2020-01-12T07:00:00+11:00,-33.765278,151.117806,co,ppm,0.3
7426,28467,Macquarie Park-7426,2020-01-12T08:00:00+11:00,-33.765278,151.117806,co,ppm,0.3
7426,28467,Macquarie Park-7426,2020-01-12T09:00:00+11:00,-33.765278,151.117806,co,ppm,0.3
7426,28467,Macquarie Park-7426,2020-01-12T10:00:00+11:00,-33.765278,151.117806,co,ppm,0.4
7426,28467,Macquarie Park-7426,2020-01-12T11:00:00+11:00,-33.765278,151.117806,co,ppm,0.4
7426,28467,Macquarie Park-7426,2020-01-12T12:00:00+11:00,-33.765278,151.117806,co,ppm,0.5
7426,28467,Macquarie Park-7426,2020-01-12T13:00:00+11:00,-33.765278,151.117806,co,ppm,0.5
7426,28467,Macquarie Park-7426,2020-01-12T14:00:00+11:00,-33.765278,151.117806,co,ppm,0.6
7426,28467,Macquarie Park-7426,2020-01-12T15:00:00+11:00,-33.765278,151.117806,co,ppm,0.7
7426,28467,Macquarie Park-7426,2020-01-12T16:00:00+11:00,-33.765278,151.117806,co,ppm,0.7
7426,28467,Macquarie Park-7426,2020-01-12T17:00:00+11:00,-33.765278,151.117806,co,ppm,0.7
7426,28467,Macquarie Park-7426,2020-01-12T18:00:00+11:00,-33.765278,151.117806,co,ppm,0.7
7426,28467,Macquarie Park-7426,2020-01-12T19:00:00+11:00,-33.765278,151.117806,co,ppm,0.6
7426,28467,Macquarie Park-7426,2020-01-12T20:00:00+11:00,-33.765278,151.117806,co,ppm,0.6
7426,28467,Macquarie Park-7426,2020-01-12T21:00:00+11:00,-33.765278,151.117806,co,ppm,0.5
7426,28467,Macquarie Park-7426,2020-01-12T22:00:00+11:00,-33.765278,151.117806,co,ppm,0.4
7426,28467,Macquarie Park-7426,2020-01-12T23:00:00+11:00,-33.765278,151.117806,co,ppm,0.4
7426,25237,Macquarie Park-7426,2020-01-12T01:00:00+11:00,-33.765278,151.117806,so2,ppm,0.0
7426,25237,Macquarie Park-7426,2020-01-12T03:00:00+11:00,-33.765278,151.117806,so2,ppm,0.0
7426,25237,Macquarie Park-7426,2020-01-12T04:00:00+11:00,-33.765278,151.117806,so2,ppm,0.0
7426,25237,Macquarie Park-7426,2020-01-12T05:00:00+11:00,-33.765278,151.117806,so2,ppm,0.0
7426,25237,Macquarie Park-7426,2020-01-12T06:00:00+11:00,-33.765278,151.117806,so2,ppm,0.0
7426,25237,Macquarie Park-7426,2020-01-12T07:00:00+11:00,-33.765278,151.117806,so2,ppm,0.0
7426,25237,Macquarie Park-7426,2020-01-12T08:00:00+11:00,-33.765278,151.117806,so2,ppm,0.0
7426,25237,Macquarie Park-7426,2020-01-12T09:00:00+11:00,-33.765278,151.117806,so2,ppm,0.0
7426,25237,Macquarie Park-7426,2020-01-12T10:00:00+11:00,-33.765278,151.117806,so2,ppm,0.0
7426,25237,Macquarie Park-7426,2020-01-12T11:00:00+11:00,-33.765278,151.117806,so2,ppm,0.0
7426,25237,Macquarie Park-7426,2020-01-12T12:00:00+11:00,-33.765278,151.117806,so2,ppm,0.0
7426,25237,Macquarie Park-7426,2020-01-12T13:00:00+11:00,-33.765278,151.117806,so2,ppm,0.0
7426,25237,Macquarie Park-7426,2020-01-12T14:00:00+11:00,-33.765278,151.117806,so2,ppm,0.0
7426,25237,Macquarie Park-7426,2020-01-12T15:00:00+11:00,-33.765278,151.117806,so2,ppm,0.0
7426,25237,Macquarie Park-7426,2020-01-12T16:00:00+11:00,-33.765278,151.117806,so2,ppm,0.0
7426,25237,Macquarie Park-7426,2020-01-12T17:00:00+11:00,-33.765278,151.117806,so2,ppm,0.0
7426,25237,Macquarie Park-7426,2020-01-12T18:00:00+11:00,-33.765278,151.117806,so2,ppm,0.0
7426,25237,Macquarie Park-7426,2020-01-12T19:00:00+11:00,-33.765278,151.117806,so2,ppm,0.0
7426,25237,Macquarie Park-7426,2020-01-12T20:00:00+11:00,-33.765278,151.117806,so2,ppm,0.0
7426,25237,Macquarie Park-7426,2020-01-12T21:00:00+11:00,-33.765278,151.117806,so2,ppm,0.0
7426,25237,Macquarie Park-7426,2020-01-12T22:00:00+11:00,-33.765278,151.117806,so2,ppm,0.0
7426,25237,Macquarie Park-7426,2020-01-12T23:00:00+11:00,-33.765278,151.117806,so2,ppm,0.0
7426,25235,Macquarie Park-7426,2020-01-12T01:00:00+11:00,-33.765278,151.117806,o3,ppm,0.024
7426,25235,Macquarie Park-7426,2020-01-12T02:00:00+11:00,-33.765278,151.117806,o3,ppm,0.023
7426,25235,Macquarie Park-7426,2020-01-12T03:00:00+11:00,-33.765278,151.117806,o3,ppm,0.022
7426,25235,Macquarie Park-7426,2020-01-12T04:00:00+11:00,-33.765278,151.117806,o3,ppm,0.021
7426,25235,Macquarie Park-7426,2020-01-12T05:00:00+11:00,-33.765278,151.117806,o3,ppm,0.02
7426,25235,Macquarie Park-7426,2020-01-12T06:00:00+11:00,-33.765278,151.117806,o3,ppm,0.019
7426,25235,Macquarie Park-7426,2020-01-12T07:00:00+11:00,-33.765278,151.117806,o3,ppm,0.017
7426,25235,Macquarie Park-7426,2020-01-12T08:00:00+11:00,-33.765278,151.117806,o3,ppm,0.018
7426,25235,Macquarie Park-7426,2020-01-12T09:00:00+11:00,-33.765278,151.117806,o3,ppm,0.018
7426,25235,Macquarie Park-7426,2020-01-12T10:00:00+11:00,-33.765278,151.117806,o3,ppm,0.019
7426,25235,Macquarie Park-7426,2020-01-12T11:00:00+11:00,-33.765278,151.117806,o3,ppm,0.018
7426,25235,Macquarie Park-7426,2020-01-12T12:00:00+11:00,-33.765278,151.117806,o3,ppm,0.009
7426,25235,Macquarie Park-7426,2020-01-12T13:00:00+11:00,-33.765278,151.117806,o3,ppm,0.011
7426,25235,Macquarie Park-7426,2020-01-12T14:00:00+11:00,-33.765278,151.117806,o3,ppm,0.01
7426,25235,Macquarie Park-7426,2020-01-12T15:00:00+11:00,-33.765278,151.117806,o3,ppm,0.012
7426,25235,Macquarie Park-7426,2020-01-12T16:00:00+11:00,-33.765278,151.117806,o3,ppm,0.013
7426,25235,Macquarie Park-7426,2020-01-12T17:00:00+11:00,-33.765278,151.117806,o3,ppm,0.015
7426,25235,Macquarie Park-7426,2020-01-12T18:00:00+11:00,-33.765278,151.117806,o3,ppm,0.014
7426,25235,Macquarie Park-7426,2020-01-12T19:00:00+11:00,-33.765278,151.117806,o3,ppm,0.016
7426,25235,Macquarie Park-7426,2020-01-12T20:00:00+11:00,-33.765278,151.117806,o3,ppm,0.015
7426,25235,Macquarie Park-7426,2020-01-12T21:00:00+11:00,-33.765278,151.117806,o3,ppm,0.008
7426,25235,Macquarie Park-7426,2020-01-12T22:00:00+11:00,-33.765278,151.117806,o3,ppm,0.003
7426,25235,Macquarie Park-7426,2020-01-12T23:00:00+11:00,-33.765278,151.117806,o3,ppm,0.002
7426,21608,Macquarie Park-7426,2020-01-13T01:00:00+11:00,-33.765278,151.117806,pm10,µg/m³,52.9
7426,21608,Macquarie Park-7426,2020-01-13T02:00:00+11:00,-33.765278,151.117806,pm10,µg/m³,51.9
7426,21608,Macquarie Park-7426,2020-01-13T03:00:00+11:00,-33.765278,151.117806,pm10,µg/m³,49.4
7426,21608,Macquarie Park-7426,2020-01-13T04:00:00+11:00,-33.765278,151.117806,pm10,µg/m³,48.5
7426,21608,Macquarie Park-7426,2020-01-13T05:00:00+11:00,-33.765278,151.117806,pm10,µg/m³,47.4
7426,21608,Macquarie Park-7426,2020-01-13T06:00:00+11:00,-33.765278,151.117806,pm10,µg/m³,47.5
7426,21608,Macquarie Park-7426,2020-01-13T07:00:00+11:00,-33.765278,151.117806,pm10,µg/m³,48.1
7426,21608,Macquarie Park-7426,2020-01-13T08:00:00+11:00,-33.765278,151.117806,pm10,µg/m³,48.6
7426,21608,Macquarie Park-7426,2020-01-13T09:00:00+11:00,-33.765278,151.117806,pm10,µg/m³,47.2
7426,21608,Macquarie Park-7426,2020-01-13T10:00:00+11:00,-33.765278,151.117806,pm10,µg/m³,42.8
7426,21608,Macquarie Park-7426,2020-01-13T11:00:00+11:00,-33.765278,151.117806,pm10,µg/m³,38.5
7426,21608,Macquarie Park-7426,2020-01-13T12:00:00+11:00,-33.765278,151.117806,pm10,µg/m³,33.7
7426,21608,Macquarie Park-7426,2020-01-13T13:00:00+11:00,-33.765278,151.117806,pm10,µg/m³,29.5
7426,21608,Macquarie Park-7426,2020-01-13T14:00:00+11:00,-33.765278,151.117806,pm10,µg/m³,26.3
7426,21608,Macquarie Park-7426,2020-01-13T15:00:00+11:00,-33.765278,151.117806,pm10,µg/m³,24.6
7426,21608,Macquarie Park-7426,2020-01-13T16:00:00+11:00,-33.765278,151.117806,pm10,µg/m³,21.9
7426,21608,Macquarie Park-7426,2020-01-13T17:00:00+11:00,-33.765278,151.117806,pm10,µg/m³,21.7
7426,21608,Macquarie Park-7426,2020-01-13T18:00:00+11:00,-33.765278,151.117806,pm10,µg/m³,22.6
7426,21608,Macquarie Park-7426,2020-01-13T19:00:00+11:00,-33.765278,151.117806,pm10,µg/m³,22.6
7426,21608,Macquarie Park-7426,2020-01-13T20:00:00+11:00,-33.765278,151.117806,pm10,µg/m³,22.5
7426,21608,Macquarie Park-7426,2020-01-13T21:00:00+11:00,-33.765278,151.117806,pm10,µg/m³,22.2
7426,21608,Macquarie Park-7426,2020-01-13T22:00:00+11:00,-33.765278,151.117806,pm10,µg/m³,21.9
7426,21608,Macquarie Park-7426,2020-01-13T23:00:00+11:00,-33.765278,151.117806,pm10,µg/m³,21.3
7426,21609,Macquarie Park-7426,2020-01-13T01:00:00+11:00,-33.765278,151.117806,pm25,µg/m³,39.7
7426,21609,Macquarie Park-7426,2020-01-13T02:00:00+11:00,-33.765278,151.117806,pm25,µg/m³,39.8
7426,21609,Macquarie Park-7426,2020-01-13T03:00:00+11:00,-33.765278,151.117806,pm25,µg/m³,38.9
7426,21609,Macquarie Park-7426,2020-01-13T04:00:00+11:00,-33.765278,151.117806,pm25,µg/m³,37.9
7426,21609,Macquarie Park-7426,2020-01-13T05:00:00+11:00,-33.765278,151.117806,pm25,µg/m³,36.8
7426,21609,Macquarie Park-7426,2020-01-13T06:00:00+11:00,-33.765278,151.117806,pm25,µg/m³,36.3
7426,21609,Macquarie Park-7426,2020-01-13T07:00:00+11:00,-33.765278,151.117806,pm25,µg/m³,36.6
7426,21609,Macquarie Park-7426,2020-01-13T08:00:00+11:00,-33.765278,151.117806,pm25,µg/m³,37.0
7426,21609,Macquarie Park-7426,2020-01-13T09:00:00+11:00,-33.765278,151.117806,pm25,µg/m³,37.0
7426,21609,Macquarie Park-7426,2020-01-13T10:00:00+11:00,-33.765278,151.117806,pm25,µg/m³,35.9
7426,21609,Macquarie Park-7426,2020-01-13T11:00:00+11:00,-33.765278,151.117806,pm25,µg/m³,33.7
7426,21609,Macquarie Park-7426,2020-01-13T12:00:00+11:00,-33.765278,151.117806,pm25,µg/m³,30.3
7426,21609,Macquarie Park-7426,2020-01-13T13:00:00+11:00,-33.765278,151.117806,pm25,µg/m³,26.6
7426,21609,Macquarie Park-7426,2020-01-13T14:00:00+11:00,-33.765278,151.117806,pm25,µg/m³,22.9
7426,21609,Macquarie Park-7426,2020-01-13T15:00:00+11:00,-33.765278,151.117806,pm25,µg/m³,20.3
7426,21609,Macquarie Park-7426,2020-01-13T16:00:00+11:00,-33.765278,151.117806,pm25,µg/m³,18.3
7426,21609,Macquarie Park-7426,2020-01-13T17:00:00+11:00,-33.765278,151.117806,pm25,µg/m³,16.6
7426,21609,Macquarie Park-7426,2020-01-13T18:00:00+11:00,-33.765278,151.117806,pm25,µg/m³,15.8
7426,21609,Macquarie Park-7426,2020-01-13T19:00:00+11:00,-33.765278,151.117806,pm25,µg/m³,15.4
7426,21609,Macquarie Park-7426,2020-01-13T20:00:00+11:00,-33.765278,151.117806,pm25,µg/m³,15.0
7426,21609,Macquarie Park-7426,2020-01-13T21:00:00+11:00,-33.765278,151.117806,pm25,µg/m³,14.5
7426,21609,Macquarie Park-7426,2020-01-13T22:00:00+11:00,-33.765278,151.117806,pm25,µg/m³,13.9
7426,21609,Macquarie Park-7426,2020-01-13T23:00:00+11:00,-33.765278,151.117806,pm25,µg/m³,13.5
7426,28467,Macquarie Park-7426,2020-01-13T01:00:00+11:00,-33.765278,151.117806,co,ppm,0.3
7426,25234,Macquarie Park-7426,2020-01-13T01:00:00+11:00,-33.765278,151.117806,no2,ppm,0.005
7426,25234,Macquarie Park-7426,2020-01-13T03:00:00+11:00,-33.765278,151.117806,no2,ppm,0.004
7426,25234,Macquarie Park-7426,2020-01-13T04:00:00+11:00,-33.765278,151.117806,no2,ppm,0.006
7426,25234,Macquarie Park-7426,2020-01-13T05:00:00+11:00,-33.765278,151.117806,no2,ppm,0.007
7426,25234,Macquarie Park-7426,2020-01-13T06:00:00+11:00,-33.765278,151.117806,no2,ppm,0.006
7426,25234,Macquarie Park-7426,2020-01-13T07:00:00+11:00,-33.765278,151.117806,no2,ppm,0.008
7426,25234,Macquarie Park-7426,2020-01-13T08:00:00+11:00,-33.765278,151.117806,no2,ppm,0.014
7426,25234,Macquarie Park-7426,2020-01-13T09:00:00+11:00,-33.765278,151.117806,no2,ppm,0.013
7426,25234,Macquarie Park-7426,2020-01-13T10:00:00+11:00,-33.765278,151.117806,no2,ppm,0.004
7426,25234,Macquarie Park-7426,2020-01-13T11:00:00+11:00,-33.765278,151.117806,no2,ppm,0.0
7426,25234,Macquarie Park-7426,2020-01-13T12:00:00+11:00,-33.765278,151.117806,no2,ppm,0.0
7426,25234,Macquarie Park-7426,2020-01-13T13:00:00+11:00,-33.765278,151.117806,no2,ppm,0.0
7426,25234,Macquarie Park-7426,2020-01-13T14:00:00+11:00,-33.765278,151.117806,no2,ppm,0.0
7426,25234,Macquarie Park-7426,2020-01-13T15:00:00+11:00,-33.765278,151.117806,no2,ppm,0.0
7426,25234,Macquarie Park-7426,2020-01-13T16:00:00+11:00,-33.765278,151.117806,no2,ppm,0.0
7426,25234,Macquarie Park-7426,2020-01-13T17:00:00+11:00,-33.765278,151.117806,no2,ppm,0.0
7426,25234,Macquarie Park-7426,2020-01-13T18:00:00+11:00,-33.765278,151.117806,no2,ppm,0.0
7426,25234,Macquarie Park-7426,2020-01-13T19:00:00+11:00,-33.765278,151.117806,no2,ppm,-0.001
7426,25234,Macquarie Park-7426,2020-01-13T20:00:00+11:00,-33.765278,151.117806,no2,ppm,0.0
7426,25234,Macquarie Park-7426,2020-01-13T21:00:00+11:00,-33.765278,151.117806,no2,ppm,0.0
7426,25234,Macquarie Park-7426,2020-01-13T22:00:00+11:00,-33.765278,151.117806,no2,ppm,0.0
7426,25234,Macquarie Park-7426,2020-01-13T23:00:00+11:00,-33.765278,151.117806,no2,ppm,0.002
7426,28467,Macquarie Park-7426,2020-01-13T02:00:00+11:00,-33.765278,151.117806,co,ppm,0.3
7426,28467,Macquarie Park-7426,2020-01-13T03:00:00+11:00,-33.765278,151.117806,co,ppm,0.4
7426,28467,Macquarie Park-7426,2020-01-13T04:00:00+11:00,-33.765278,151.117806,co,ppm,0.4
7426,28467,Macquarie Park-7426,2020-01-13T05:00:00+11:00,-33.765278,151.117806,co,ppm,0.4
7426,28467,Macquarie Park-7426,2020-01-13T06:00:00+11:00,-33.765278,151.117806,co,ppm,0.4
7426,28467,Macquarie Park-7426,2020-01-13T07:00:00+11:00,-33.765278,151.117806,co,ppm,0.4
7426,28467,Macquarie Park-7426,2020-01-13T08:00:00+11:00,-33.765278,151.117806,co,ppm,0.5
7426,28467,Macquarie Park-7426,2020-01-13T09:00:00+11:00,-33.765278,151.117806,co,ppm,0.5
7426,28467,Macquarie Park-7426,2020-01-13T10:00:00+11:00,-33.765278,151.117806,co,ppm,0.5
7426,28467,Macquarie Park-7426,2020-01-13T11:00:00+11:00,-33.765278,151.117806,co,ppm,0.5
7426,28467,Macquarie Park-7426,2020-01-13T12:00:00+11:00,-33.765278,151.117806,co,ppm,0.4
7426,28467,Macquarie Park-7426,2020-01-13T13:00:00+11:00,-33.765278,151.117806,co,ppm,0.4
7426,28467,Macquarie Park-7426,2020-01-13T14:00:00+11:00,-33.765278,151.117806,co,ppm,0.4
7426,28467,Macquarie Park-7426,2020-01-13T15:00:00+11:00,-33.765278,151.117806,co,ppm,0.3
7426,28467,Macquarie Park-7426,2020-01-13T16:00:00+11:00,-33.765278,151.117806,co,ppm,0.3
7426,28467,Macquarie Park-7426,2020-01-13T17:00:00+11:00,-33.765278,151.117806,co,ppm,0.2
7426,28467,Macquarie Park-7426,2020-01-13T18:00:00+11:00,-33.765278,151.117806,co,ppm,0.2
7426,28467,Macquarie Park-7426,2020-01-13T19:00:00+11:00,-33.765278,151.117806,co,ppm,0.2
7426,28467,Macquarie Park-7426,2020-01-13T20:00:00+11:00,-33.765278,151.117806,co,ppm,0.2
7426,28467,Macquarie Park-7426,2020-01-13T21:00:00+11:00,-33.765278,151.117806,co,ppm,0.2
7426,28467,Macquarie Park-7426,2020-01-13T22:00:00+11:00,-33.765278,151.117806,co,ppm,0.2
7426,28467,Macquarie Park-7426,2020-01-13T23:00:00+11:00,-33.765278,151.117806,co,ppm,0.2
7426,25237,Macquarie Park-7426,2020-01-13T01:00:00+11:00,-33.765278,151.117806,so2,ppm,0.0
7426,25237,Macquarie Park-7426,2020-01-13T03:00:00+11:00,-33.765278,151.117806,so2,ppm,0.0
7426,25237,Macquarie Park-7426,2020-01-13T04:00:00+11:00,-33.765278,151.117806,so2,ppm,0.0
7426,25237,Macquarie Park-7426,2020-01-13T05:00:00+11:00,-33.765278,151.117806,so2,ppm,0.0
7426,25237,Macquarie Park-7426,2020-01-13T06:00:00+11:00,-33.765278,151.117806,so2,ppm,0.0
7426,25237,Macquarie Park-7426,2020-01-13T07:00:00+11:00,-33.765278,151.117806,so2,ppm,0.0
7426,25237,Macquarie Park-7426,2020-01-13T08:00:00+11:00,-33.765278,151.117806,so2,ppm,0.0
7426,25237,Macquarie Park-7426,2020-01-13T09:00:00+11:00,-33.765278,151.117806,so2,ppm,0.0
7426,25237,Macquarie Park-7426,2020-01-13T10:00:00+11:00,-33.765278,151.117806,so2,ppm,0.0
7426,25237,Macquarie Park-7426,2020-01-13T11:00:00+11:00,-33.765278,151.117806,so2,ppm,0.0
7426,25237,Macquarie Park-7426,2020-01-13T12:00:00+11:00,-33.765278,151.117806,so2,ppm,0.0
7426,25237,Macquarie Park-7426,2020-01-13T13:00:00+11:00,-33.765278,151.117806,so2,ppm,0.0
7426,25237,Macquarie Park-7426,2020-01-13T14:00:00+11:00,-33.765278,151.117806,so2,ppm,0.0
7426,25237,Macquarie Park-7426,2020-01-13T15:00:00+11:00,-33.765278,151.117806,so2,ppm,0.0
7426,25237,Macquarie Park-7426,2020-01-13T16:00:00+11:00,-33.765278,151.117806,so2,ppm,0.0
7426,25237,Macquarie Park-7426,2020-01-13T17:00:00+11:00,-33.765278,151.117806,so2,ppm,0.0
7426,25237,Macquarie Park-7426,2020-01-13T18:00:00+11:00,-33.765278,151.117806,so2,ppm,0.0
7426,25237,Macquarie Park-7426,2020-01-13T19:00:00+11:00,-33.765278,151.117806,so2,ppm,0.0
7426,25237,Macquarie Park-7426,2020-01-13T20:00:00+11:00,-33.765278,151.117806,so2,ppm,0.0
7426,25237,Macquarie Park-7426,2020-01-13T21:00:00+11:00,-33.765278,151.117806,so2,ppm,0.0
7426,25237,Macquarie Park-7426,2020-01-13T22:00:00+11:00,-33.765278,151.117806,so2,ppm,0.0
7426,25237,Macquarie Park-7426,2020-01-13T23:00:00+11:00,-33.765278,151.117806,so2,ppm,0.0
7426,25235,Macquarie Park-7426,2020-01-13T01:00:00+11:00,-33.765278,151.117806,o3,ppm,0.002
7426,25235,Macquarie Park-7426,2020-01-13T02:00:00+11:00,-33.765278,151.117806,o3,ppm,0.002
7426,25235,Macquarie Park-7426,2020-01-13T03:00:00+11:00,-33.765278,151.117806,o3,ppm,0.0
7426,25235,Macquarie Park-7426,2020-01-13T04:00:00+11:00,-33.765278,151.117806,o3,ppm,0.002
7426,25235,Macquarie Park-7426,2020-01-13T05:00:00+11:00,-33.765278,151.117806,o3,ppm,0.002
7426,25235,Macquarie Park-7426,2020-01-13T06:00:00+11:00,-33.765278,151.117806,o3,ppm,0.002
7426,25235,Macquarie Park-7426,2020-01-13T07:00:00+11:00,-33.765278,151.117806,o3,ppm,0.002
7426,25235,Macquarie Park-7426,2020-01-13T08:00:00+11:00,-33.765278,151.117806,o3,ppm,0.004
7426,25235,Macquarie Park-7426,2020-01-13T09:00:00+11:00,-33.765278,151.117806,o3,ppm,0.011
7426,25235,Macquarie Park-7426,2020-01-13T10:00:00+11:00,-33.765278,151.117806,o3,ppm,0.019
7426,25235,Macquarie Park-7426,2020-01-13T11:00:00+11:00,-33.765278,151.117806,o3,ppm,0.022
7426,25235,Macquarie Park-7426,2020-01-13T12:00:00+11:00,-33.765278,151.117806,o3,ppm,0.022
7426,25235,Macquarie Park-7426,2020-01-13T13:00:00+11:00,-33.765278,151.117806,o3,ppm,0.021
7426,25235,Macquarie Park-7426,2020-01-13T14:00:00+11:00,-33.765278,151.117806,o3,ppm,0.022
7426,25235,Macquarie Park-7426,2020-01-13T15:00:00+11:00,-33.765278,151.117806,o3,ppm,0.022
7426,25235,Macquarie Park-7426,2020-01-13T16:00:00+11:00,-33.765278,151.117806,o3,ppm,0.022
7426,25235,Macquarie Park-7426,2020-01-13T17:00:00+11:00,-33.765278,151.117806,o3,ppm,0.02
7426,25235,Macquarie Park-7426,2020-01-13T18:00:00+11:00,-33.765278,151.117806,o3,ppm,0.018
7426,25235,Macquarie Park-7426,2020-01-13T19:00:00+11:00,-33.765278,151.117806,o3,ppm,0.016
7426,25235,Macquarie Park-7426,2020-01-13T20:00:00+11:00,-33.765278,151.117806,o3,ppm,0.016
7426,25235,Macquarie Park-7426,2020-01-13T21:00:00+11:00,-33.765278,151.117806,o3,ppm,0.015
7426,25235,Macquarie Park-7426,2020-01-13T22:00:00+11:00,-33.765278,151.117806,o3,ppm,0.013
7426,25235,Macquarie Park-7426,2020-01-13T23:00:00+11:00,-33.765278,151.117806,o3,ppm,0.004
7426,21608,Macquarie Park-7426,2020-01-14T01:00:00+11:00,-33.765278,151.117806,pm10,µg/m³,20.6
7426,21608,Macquarie Park-7426,2020-01-14T02:00:00+11:00,-33.765278,151.117806,pm10,µg/m³,20.3
7426,21608,Macquarie Park-7426,2020-01-14T03:00:00+11:00,-33.765278,151.117806,pm10,µg/m³,19.6
7426,21608,Macquarie Park-7426,2020-01-14T04:00:00+11:00,-33.765278,151.117806,pm10,µg/m³,18.3
7426,21608,Macquarie Park-7426,2020-01-14T05:00:00+11:00,-33.765278,151.117806,pm10,µg/m³,16.8
7426,21608,Macquarie Park-7426,2020-01-14T06:00:00+11:00,-33.765278,151.117806,pm10,µg/m³,15.9
7426,21608,Macquarie Park-7426,2020-01-14T07:00:00+11:00,-33.765278,151.117806,pm10,µg/m³,15.4
7426,21608,Macquarie Park-7426,2020-01-14T08:00:00+11:00,-33.765278,151.117806,pm10,µg/m³,14.6
7426,21608,Macquarie Park-7426,2020-01-14T09:00:00+11:00,-33.765278,151.117806,pm10,µg/m³,14.1
7426,21608,Macquarie Park-7426,2020-01-14T10:00:00+11:00,-33.765278,151.117806,pm10,µg/m³,15.4
7426,21608,Macquarie Park-7426,2020-01-14T11:00:00+11:00,-33.765278,151.117806,pm10,µg/m³,15.6
7426,21608,Macquarie Park-7426,2020-01-14T12:00:00+11:00,-33.765278,151.117806,pm10,µg/m³,15.5
7426,21608,Macquarie Park-7426,2020-01-14T13:00:00+11:00,-33.765278,151.117806,pm10,µg/m³,15.8
7426,21608,Macquarie Park-7426,2020-01-14T14:00:00+11:00,-33.765278,151.117806,pm10,µg/m³,15.8
7426,21608,Macquarie Park-7426,2020-01-14T15:00:00+11:00,-33.765278,151.117806,pm10,µg/m³,16.0
7426,21608,Macquarie Park-7426,2020-01-14T16:00:00+11:00,-33.765278,151.117806,pm10,µg/m³,16.7
7426,21608,Macquarie Park-7426,2020-01-14T17:00:00+11:00,-33.765278,151.117806,pm10,µg/m³,15.9
7426,21608,Macquarie Park-7426,2020-01-14T18:00:00+11:00,-33.765278,151.117806,pm10,µg/m³,15.0
7426,21608,Macquarie Park-7426,2020-01-14T19:00:00+11:00,-33.765278,151.117806,pm10,µg/m³,14.8
7426,21608,Macquarie Park-7426,2020-01-14T20:00:00+11:00,-33.765278,151.117806,pm10,µg/m³,14.4
7426,21608,Macquarie Park-7426,2020-01-14T21:00:00+11:00,-33.765278,151.117806,pm10,µg/m³,14.0
7426,21608,Macquarie Park-7426,2020-01-14T22:00:00+11:00,-33.765278,151.117806,pm10,µg/m³,13.7
7426,21608,Macquarie Park-7426,2020-01-14T23:00:00+11:00,-33.765278,151.117806,pm10,µg/m³,13.5
7426,21609,Macquarie Park-7426,2020-01-14T01:00:00+11:00,-33.765278,151.117806,pm25,µg/m³,12.5
7426,21609,Macquarie Park-7426,2020-01-14T02:00:00+11:00,-33.765278,151.117806,pm25,µg/m³,12.0
7426,21609,Macquarie Park-7426,2020-01-14T03:00:00+11:00,-33.765278,151.117806,pm25,µg/m³,11.4
7426,21609,Macquarie Park-7426,2020-01-14T04:00:00+11:00,-33.765278,151.117806,pm25,µg/m³,10.6
7426,21609,Macquarie Park-7426,2020-01-14T05:00:00+11:00,-33.765278,151.117806,pm25,µg/m³,10.2
7426,21609,Macquarie Park-7426,2020-01-14T06:00:00+11:00,-33.765278,151.117806,pm25,µg/m³,9.7
7426,21609,Macquarie Park-7426,2020-01-14T07:00:00+11:00,-33.765278,151.117806,pm25,µg/m³,8.9
7426,21609,Macquarie Park-7426,2020-01-14T08:00:00+11:00,-33.765278,151.117806,pm25,µg/m³,8.2
7426,21609,Macquarie Park-7426,2020-01-14T09:00:00+11:00,-33.765278,151.117806,pm25,µg/m³,7.3
7426,21609,Macquarie Park-7426,2020-01-14T10:00:00+11:00,-33.765278,151.117806,pm25,µg/m³,6.3
7426,21609,Macquarie Park-7426,2020-01-14T11:00:00+11:00,-33.765278,151.117806,pm25,µg/m³,6.0
7426,21609,Macquarie Park-7426,2020-01-14T12:00:00+11:00,-33.765278,151.117806,pm25,µg/m³,6.2
7426,21609,Macquarie Park-7426,2020-01-14T13:00:00+11:00,-33.765278,151.117806,pm25,µg/m³,6.3
7426,21609,Macquarie Park-7426,2020-01-14T14:00:00+11:00,-33.765278,151.117806,pm25,µg/m³,6.5
7426,21609,Macquarie Park-7426,2020-01-14T15:00:00+11:00,-33.765278,151.117806,pm25,µg/m³,6.5
7426,21609,Macquarie Park-7426,2020-01-14T16:00:00+11:00,-33.765278,151.117806,pm25,µg/m³,6.4
7426,21609,Macquarie Park-7426,2020-01-14T17:00:00+11:00,-33.765278,151.117806,pm25,µg/m³,6.5
7426,21609,Macquarie Park-7426,2020-01-14T18:00:00+11:00,-33.765278,151.117806,pm25,µg/m³,6.4
7426,21609,Macquarie Park-7426,2020-01-14T19:00:00+11:00,-33.765278,151.117806,pm25,µg/m³,6.1
7426,21609,Macquarie Park-7426,2020-01-14T20:00:00+11:00,-33.765278,151.117806,pm25,µg/m³,6.0
7426,21609,Macquarie Park-7426,2020-01-14T21:00:00+11:00,-33.765278,151.117806,pm25,µg/m³,5.8
7426,21609,Macquarie Park-7426,2020-01-14T22:00:00+11:00,-33.765278,151.117806,pm25,µg/m³,5.5
7426,21609,Macquarie Park-7426,2020-01-14T23:00:00+11:00,-33.765278,151.117806,pm25,µg/m³,5.4
7426,25234,Macquarie Park-7426,2020-01-14T01:00:00+11:00,-33.765278,151.117806,no2,ppm,0.001
7426,25234,Macquarie Park-7426,2020-01-14T03:00:00+11:00,-33.765278,151.117806,no2,ppm,0.001
7426,25234,Macquarie Park-7426,2020-01-14T04:00:00+11:00,-33.765278,151.117806,no2,ppm,0.001
7426,25234,Macquarie Park-7426,2020-01-14T05:00:00+11:00,-33.765278,151.117806,no2,ppm,0.002
7426,25234,Macquarie Park-7426,2020-01-14T06:00:00+11:00,-33.765278,151.117806,no2,ppm,0.002
7426,25234,Macquarie Park-7426,2020-01-14T07:00:00+11:00,-33.765278,151.117806,no2,ppm,0.005
7426,25234,Macquarie Park-7426,2020-01-14T08:00:00+11:00,-33.765278,151.117806,no2,ppm,0.01
7426,25234,Macquarie Park-7426,2020-01-14T09:00:00+11:00,-33.765278,151.117806,no2,ppm,0.005
7426,25234,Macquarie Park-7426,2020-01-14T10:00:00+11:00,-33.765278,151.117806,no2,ppm,0.004
7426,25234,Macquarie Park-7426,2020-01-14T11:00:00+11:00,-33.765278,151.117806,no2,ppm,0.002
7426,25234,Macquarie Park-7426,2020-01-14T12:00:00+11:00,-33.765278,151.117806,no2,ppm,0.0
7426,25234,Macquarie Park-7426,2020-01-14T13:00:00+11:00,-33.765278,151.117806,no2,ppm,0.0
7426,25234,Macquarie Park-7426,2020-01-14T14:00:00+11:00,-33.765278,151.117806,no2,ppm,0.0
7426,25234,Macquarie Park-7426,2020-01-14T15:00:00+11:00,-33.765278,151.117806,no2,ppm,0.0
7426,25234,Macquarie Park-7426,2020-01-14T16:00:00+11:00,-33.765278,151.117806,no2,ppm,0.0
7426,25234,Macquarie Park-7426,2020-01-14T17:00:00+11:00,-33.765278,151.117806,no2,ppm,0.0
7426,25234,Macquarie Park-7426,2020-01-14T18:00:00+11:00,-33.765278,151.117806,no2,ppm,0.0
7426,25234,Macquarie Park-7426,2020-01-14T19:00:00+11:00,-33.765278,151.117806,no2,ppm,-0.001
7426,25234,Macquarie Park-7426,2020-01-14T20:00:00+11:00,-33.765278,151.117806,no2,ppm,0.001
7426,25234,Macquarie Park-7426,2020-01-14T21:00:00+11:00,-33.765278,151.117806,no2,ppm,0.001
7426,25234,Macquarie Park-7426,2020-01-14T22:00:00+11:00,-33.765278,151.117806,no2,ppm,0.003
7426,25234,Macquarie Park-7426,2020-01-14T23:00:00+11:00,-33.765278,151.117806,no2,ppm,0.003
7426,28467,Macquarie Park-7426,2020-01-14T01:00:00+11:00,-33.765278,151.117806,co,ppm,0.2
7426,28467,Macquarie Park-7426,2020-01-14T02:00:00+11:00,-33.765278,151.117806,co,ppm,0.2
7426,28467,Macquarie Park-7426,2020-01-14T03:00:00+11:00,-33.765278,151.117806,co,ppm,0.2
7426,28467,Macquarie Park-7426,2020-01-14T04:00:00+11:00,-33.765278,151.117806,co,ppm,0.2
7426,28467,Macquarie Park-7426,2020-01-14T05:00:00+11:00,-33.765278,151.117806,co,ppm,0.2
7426,28467,Macquarie Park-7426,2020-01-14T06:00:00+11:00,-33.765278,151.117806,co,ppm,0.2
7426,28467,Macquarie Park-7426,2020-01-14T07:00:00+11:00,-33.765278,151.117806,co,ppm,0.2
7426,28467,Macquarie Park-7426,2020-01-14T08:00:00+11:00,-33.765278,151.117806,co,ppm,0.2
7426,28467,Macquarie Park-7426,2020-01-14T09:00:00+11:00,-33.765278,151.117806,co,ppm,0.2
7426,28467,Macquarie Park-7426,2020-01-14T10:00:00+11:00,-33.765278,151.117806,co,ppm,0.2
7426,28467,Macquarie Park-7426,2020-01-14T11:00:00+11:00,-33.765278,151.117806,co,ppm,0.2
7426,28467,Macquarie Park-7426,2020-01-14T12:00:00+11:00,-33.765278,151.117806,co,ppm,0.3
7426,28467,Macquarie Park-7426,2020-01-14T13:00:00+11:00,-33.765278,151.117806,co,ppm,0.3
7426,28467,Macquarie Park-7426,2020-01-14T14:00:00+11:00,-33.765278,151.117806,co,ppm,0.3
7426,28467,Macquarie Park-7426,2020-01-14T15:00:00+11:00,-33.765278,151.117806,co,ppm,0.3
7426,28467,Macquarie Park-7426,2020-01-14T16:00:00+11:00,-33.765278,151.117806,co,ppm,0.2
7426,28467,Macquarie Park-7426,2020-01-14T17:00:00+11:00,-33.765278,151.117806,co,ppm,0.2
7426,28467,Macquarie Park-7426,2020-01-14T18:00:00+11:00,-33.765278,151.117806,co,ppm,0.2
7426,28467,Macquarie Park-7426,2020-01-14T19:00:00+11:00,-33.765278,151.117806,co,ppm,0.2
7426,28467,Macquarie Park-7426,2020-01-14T20:00:00+11:00,-33.765278,151.117806,co,ppm,0.2
7426,28467,Macquarie Park-7426,2020-01-14T21:00:00+11:00,-33.765278,151.117806,co,ppm,0.2
7426,28467,Macquarie Park-7426,2020-01-14T22:00:00+11:00,-33.765278,151.117806,co,ppm,0.2
7426,28467,Macquarie Park-7426,2020-01-14T23:00:00+11:00,-33.765278,151.117806,co,ppm,0.2
7426,25237,Macquarie Park-7426,2020-01-14T01:00:00+11:00,-33.765278,151.117806,so2,ppm,0.0
7426,25237,Macquarie Park-7426,2020-01-14T03:00:00+11:00,-33.765278,151.117806,so2,ppm,0.0
7426,25237,Macquarie Park-7426,2020-01-14T04:00:00+11:00,-33.765278,151.117806,so2,ppm,0.0
7426,25237,Macquarie Park-7426,2020-01-14T05:00:00+11:00,-33.765278,151.117806,so2,ppm,0.0
7426,25237,Macquarie Park-7426,2020-01-14T06:00:00+11:00,-33.765278,151.117806,so2,ppm,0.0
7426,25237,Macquarie Park-7426,2020-01-14T07:00:00+11:00,-33.765278,151.117806,so2,ppm,0.0
7426,25237,Macquarie Park-7426,2020-01-14T08:00:00+11:00,-33.765278,151.117806,so2,ppm,0.0
7426,25237,Macquarie Park-7426,2020-01-14T09:00:00+11:00,-33.765278,151.117806,so2,ppm,0.0
7426,25237,Macquarie Park-7426,2020-01-14T10:00:00+11:00,-33.765278,151.117806,so2,ppm,0.0
7426,25237,Macquarie Park-7426,2020-01-14T11:00:00+11:00,-33.765278,151.117806,so2,ppm,0.0
7426,25237,Macquarie Park-7426,2020-01-14T12:00:00+11:00,-33.765278,151.117806,so2,ppm,0.0
7426,25237,Macquarie Park-7426,2020-01-14T13:00:00+11:00,-33.765278,151.117806,so2,ppm,0.0
7426,25237,Macquarie Park-7426,2020-01-14T14:00:00+11:00,-33.765278,151.117806,so2,ppm,0.0
7426,25237,Macquarie Park-7426,2020-01-14T15:00:00+11:00,-33.765278,151.117806,so2,ppm,0.0
7426,25237,Macquarie Park-7426,2020-01-14T16:00:00+11:00,-33.765278,151.117806,so2,ppm,0.0
7426,25237,Macquarie Park-7426,2020-01-14T17:00:00+11:00,-33.765278,151.117806,so2,ppm,0.0
7426,25237,Macquarie Park-7426,2020-01-14T18:00:00+11:00,-33.765278,151.117806,so2,ppm,0.0
7426,25237,Macquarie Park-7426,2020-01-14T19:00:00+11:00,-33.765278,151.117806,so2,ppm,0.0
7426,25237,Macquarie Park-7426,2020-01-14T20:00:00+11:00,-33.765278,151.117806,so2,ppm,0.0
7426,25237,Macquarie Park-7426,2020-01-14T21:00:00+11:00,-33.765278,151.117806,so2,ppm,0.0
7426,25237,Macquarie Park-7426,2020-01-14T22:00:00+11:00,-33.765278,151.117806,so2,ppm,0.0
7426,25237,Macquarie Park-7426,2020-01-14T23:00:00+11:00,-33.765278,151.117806,so2,ppm,0.0
7426,25235,Macquarie Park-7426,2020-01-14T01:00:00+11:00,-33.765278,151.117806,o3,ppm,0.002
7426,25235,Macquarie Park-7426,2020-01-14T02:00:00+11:00,-33.765278,151.117806,o3,ppm,0.003
7426,25235,Macquarie Park-7426,2020-01-14T03:00:00+11:00,-33.765278,151.117806,o3,ppm,0.001
7426,25235,Macquarie Park-7426,2020-01-14T04:00:00+11:00,-33.765278,151.117806,o3,ppm,0.0
7426,25235,Macquarie Park-7426,2020-01-14T05:00:00+11:00,-33.765278,151.117806,o3,ppm,0.001
7426,25235,Macquarie Park-7426,2020-01-14T06:00:00+11:00,-33.765278,151.117806,o3,ppm,0.001
7426,25235,Macquarie Park-7426,2020-01-14T07:00:00+11:00,-33.765278,151.117806,o3,ppm,0.001
7426,25235,Macquarie Park-7426,2020-01-14T08:00:00+11:00,-33.765278,151.117806,o3,ppm,0.006
7426,25235,Macquarie Park-7426,2020-01-14T09:00:00+11:00,-33.765278,151.117806,o3,ppm,0.014
7426,25235,Macquarie Park-7426,2020-01-14T10:00:00+11:00,-33.765278,151.117806,o3,ppm,0.018
7426,25235,Macquarie Park-7426,2020-01-14T11:00:00+11:00,-33.765278,151.117806,o3,ppm,0.023
7426,25235,Macquarie Park-7426,2020-01-14T12:00:00+11:00,-33.765278,151.117806,o3,ppm,0.027
7426,25235,Macquarie Park-7426,2020-01-14T13:00:00+11:00,-33.765278,151.117806,o3,ppm,0.028
7426,25235,Macquarie Park-7426,2020-01-14T14:00:00+11:00,-33.765278,151.117806,o3,ppm,0.025
7426,25235,Macquarie Park-7426,2020-01-14T15:00:00+11:00,-33.765278,151.117806,o3,ppm,0.024
7426,25235,Macquarie Park-7426,2020-01-14T16:00:00+11:00,-33.765278,151.117806,o3,ppm,0.021
7426,25235,Macquarie Park-7426,2020-01-14T17:00:00+11:00,-33.765278,151.117806,o3,ppm,0.023
7426,25235,Macquarie Park-7426,2020-01-14T18:00:00+11:00,-33.765278,151.117806,o3,ppm,0.019
7426,25235,Macquarie Park-7426,2020-01-14T19:00:00+11:00,-33.765278,151.117806,o3,ppm,0.015
7426,25235,Macquarie Park-7426,2020-01-14T20:00:00+11:00,-33.765278,151.117806,o3,ppm,0.014
7426,25235,Macquarie Park-7426,2020-01-14T21:00:00+11:00,-33.765278,151.117806,o3,ppm,0.011
7426,25235,Macquarie Park-7426,2020-01-14T22:00:00+11:00,-33.765278,151.117806,o3,ppm,0.006
7426,25235,Macquarie Park-7426,2020-01-14T23:00:00+11:00,-33.765278,151.117806,o3,ppm,0.002
7426,21608,Macquarie Park-7426,2020-01-15T01:00:00+11:00,-33.765278,151.117806,pm10,µg/m³,12.8
7426,21608,Macquarie Park-7426,2020-01-15T02:00:00+11:00,-33.765278,151.117806,pm10,µg/m³,12.8
7426,21608,Macquarie Park-7426,2020-01-15T03:00:00+11:00,-33.765278,151.117806,pm10,µg/m³,12.6
7426,21608,Macquarie Park-7426,2020-01-15T04:00:00+11:00,-33.765278,151.117806,pm10,µg/m³,12.5
7426,21608,Macquarie Park-7426,2020-01-15T05:00:00+11:00,-33.765278,151.117806,pm10,µg/m³,12.5
7426,21608,Macquarie Park-7426,2020-01-15T06:00:00+11:00,-33.765278,151.117806,pm10,µg/m³,12.2
7426,21608,Macquarie Park-7426,2020-01-15T07:00:00+11:00,-33.765278,151.117806,pm10,µg/m³,13.3
7426,21608,Macquarie Park-7426,2020-01-15T08:00:00+11:00,-33.765278,151.117806,pm10,µg/m³,12.1
7426,21608,Macquarie Park-7426,2020-01-15T09:00:00+11:00,-33.765278,151.117806,pm10,µg/m³,10.8
7426,21608,Macquarie Park-7426,2020-01-15T10:00:00+11:00,-33.765278,151.117806,pm10,µg/m³,9.8
7426,21608,Macquarie Park-7426,2020-01-15T11:00:00+11:00,-33.765278,151.117806,pm10,µg/m³,9.4
7426,21608,Macquarie Park-7426,2020-01-15T12:00:00+11:00,-33.765278,151.117806,pm10,µg/m³,9.7
7426,21608,Macquarie Park-7426,2020-01-15T13:00:00+11:00,-33.765278,151.117806,pm10,µg/m³,10.2
7426,21608,Macquarie Park-7426,2020-01-15T14:00:00+11:00,-33.765278,151.117806,pm10,µg/m³,10.5
7426,21608,Macquarie Park-7426,2020-01-15T15:00:00+11:00,-33.765278,151.117806,pm10,µg/m³,10.5
7426,21608,Macquarie Park-7426,2020-01-15T16:00:00+11:00,-33.765278,151.117806,pm10,µg/m³,10.7
7426,21608,Macquarie Park-7426,2020-01-15T17:00:00+11:00,-33.765278,151.117806,pm10,µg/m³,11.4
7426,21608,Macquarie Park-7426,2020-01-15T18:00:00+11:00,-33.765278,151.117806,pm10,µg/m³,12.2
7426,21608,Macquarie Park-7426,2020-01-15T19:00:00+11:00,-33.765278,151.117806,pm10,µg/m³,12.8
7426,21608,Macquarie Park-7426,2020-01-15T20:00:00+11:00,-33.765278,151.117806,pm10,µg/m³,13.2
7426,21608,Macquarie Park-7426,2020-01-15T21:00:00+11:00,-33.765278,151.117806,pm10,µg/m³,13.5
7426,21608,Macquarie Park-7426,2020-01-15T22:00:00+11:00,-33.765278,151.117806,pm10,µg/m³,13.9
7426,21608,Macquarie Park-7426,2020-01-15T23:00:00+11:00,-33.765278,151.117806,pm10,µg/m³,14.1
7426,21609,Macquarie Park-7426,2020-01-15T01:00:00+11:00,-33.765278,151.117806,pm25,µg/m³,5.4
7426,21609,Macquarie Park-7426,2020-01-15T02:00:00+11:00,-33.765278,151.117806,pm25,µg/m³,5.3
7426,21609,Macquarie Park-7426,2020-01-15T03:00:00+11:00,-33.765278,151.117806,pm25,µg/m³,5.2
7426,21609,Macquarie Park-7426,2020-01-15T04:00:00+11:00,-33.765278,151.117806,pm25,µg/m³,5.3
7426,21609,Macquarie Park-7426,2020-01-15T05:00:00+11:00,-33.765278,151.117806,pm25,µg/m³,5.6
7426,21609,Macquarie Park-7426,2020-01-15T06:00:00+11:00,-33.765278,151.117806,pm25,µg/m³,5.7
7426,21609,Macquarie Park-7426,2020-01-15T07:00:00+11:00,-33.765278,151.117806,pm25,µg/m³,5.6
7426,21609,Macquarie Park-7426,2020-01-15T08:00:00+11:00,-33.765278,151.117806,pm25,µg/m³,5.6
7426,21609,Macquarie Park-7426,2020-01-15T09:00:00+11:00,-33.765278,151.117806,pm25,µg/m³,5.6
7426,21609,Macquarie Park-7426,2020-01-15T10:00:00+11:00,-33.765278,151.117806,pm25,µg/m³,5.7
7426,21609,Macquarie Park-7426,2020-01-15T11:00:00+11:00,-33.765278,151.117806,pm25,µg/m³,5.4
7426,21609,Macquarie Park-7426,2020-01-15T12:00:00+11:00,-33.765278,151.117806,pm25,µg/m³,5.4
7426,21609,Macquarie Park-7426,2020-01-15T13:00:00+11:00,-33.765278,151.117806,pm25,µg/m³,5.5
7426,21609,Macquarie Park-7426,2020-01-15T14:00:00+11:00,-33.765278,151.117806,pm25,µg/m³,5.7
7426,21609,Macquarie Park-7426,2020-01-15T15:00:00+11:00,-33.765278,151.117806,pm25,µg/m³,5.8
7426,21609,Macquarie Park-7426,2020-01-15T16:00:00+11:00,-33.765278,151.117806,pm25,µg/m³,5.9
7426,21609,Macquarie Park-7426,2020-01-15T17:00:00+11:00,-33.765278,151.117806,pm25,µg/m³,5.7
7426,21609,Macquarie Park-7426,2020-01-15T18:00:00+11:00,-33.765278,151.117806,pm25,µg/m³,5.8
7426,21609,Macquarie Park-7426,2020-01-15T19:00:00+11:00,-33.765278,151.117806,pm25,µg/m³,6.1
7426,21609,Macquarie Park-7426,2020-01-15T20:00:00+11:00,-33.765278,151.117806,pm25,µg/m³,6.2
7426,21609,Macquarie Park-7426,2020-01-15T21:00:00+11:00,-33.765278,151.117806,pm25,µg/m³,6.2
7426,21609,Macquarie Park-7426,2020-01-15T22:00:00+11:00,-33.765278,151.117806,pm25,µg/m³,6.0
7426,21609,Macquarie Park-7426,2020-01-15T23:00:00+11:00,-33.765278,151.117806,pm25,µg/m³,6.1
7426,25234,Macquarie Park-7426,2020-01-15T01:00:00+11:00,-33.765278,151.117806,no2,ppm,0.001
7426,25234,Macquarie Park-7426,2020-01-15T03:00:00+11:00,-33.765278,151.117806,no2,ppm,0.001
7426,25234,Macquarie Park-7426,2020-01-15T04:00:00+11:00,-33.765278,151.117806,no2,ppm,0.001
7426,25234,Macquarie Park-7426,2020-01-15T05:00:00+11:00,-33.765278,151.117806,no2,ppm,0.001
7426,25234,Macquarie Park-7426,2020-01-15T06:00:00+11:00,-33.765278,151.117806,no2,ppm,0.001
7426,25234,Macquarie Park-7426,2020-01-15T07:00:00+11:00,-33.765278,151.117806,no2,ppm,0.004
7426,25234,Macquarie Park-7426,2020-01-15T08:00:00+11:00,-33.765278,151.117806,no2,ppm,0.008
7426,25234,Macquarie Park-7426,2020-01-15T09:00:00+11:00,-33.765278,151.117806,no2,ppm,0.002
7426,25234,Macquarie Park-7426,2020-01-15T10:00:00+11:00,-33.765278,151.117806,no2,ppm,0.004
7426,25234,Macquarie Park-7426,2020-01-15T11:00:00+11:00,-33.765278,151.117806,no2,ppm,0.003
7426,25234,Macquarie Park-7426,2020-01-15T12:00:00+11:00,-33.765278,151.117806,no2,ppm,0.002
7426,25234,Macquarie Park-7426,2020-01-15T13:00:00+11:00,-33.765278,151.117806,no2,ppm,0.003
7426,25234,Macquarie Park-7426,2020-01-15T14:00:00+11:00,-33.765278,151.117806,no2,ppm,0.002
7426,25234,Macquarie Park-7426,2020-01-15T15:00:00+11:00,-33.765278,151.117806,no2,ppm,0.001
7426,25234,Macquarie Park-7426,2020-01-15T16:00:00+11:00,-33.765278,151.117806,no2,ppm,0.0
7426,25234,Macquarie Park-7426,2020-01-15T17:00:00+11:00,-33.765278,151.117806,no2,ppm,0.0
7426,25234,Macquarie Park-7426,2020-01-15T18:00:00+11:00,-33.765278,151.117806,no2,ppm,0.0
7426,25234,Macquarie Park-7426,2020-01-15T19:00:00+11:00,-33.765278,151.117806,no2,ppm,-0.001
7426,25234,Macquarie Park-7426,2020-01-15T20:00:00+11:00,-33.765278,151.117806,no2,ppm,-0.001
7426,25234,Macquarie Park-7426,2020-01-15T21:00:00+11:00,-33.765278,151.117806,no2,ppm,0.0
7426,25234,Macquarie Park-7426,2020-01-15T22:00:00+11:00,-33.765278,151.117806,no2,ppm,0.0
7426,25234,Macquarie Park-7426,2020-01-15T23:00:00+11:00,-33.765278,151.117806,no2,ppm,0.001
7426,28467,Macquarie Park-7426,2020-01-15T01:00:00+11:00,-33.765278,151.117806,co,ppm,0.2
7426,28467,Macquarie Park-7426,2020-01-15T02:00:00+11:00,-33.765278,151.117806,co,ppm,0.2
7426,28467,Macquarie Park-7426,2020-01-15T03:00:00+11:00,-33.765278,151.117806,co,ppm,0.2
7426,28467,Macquarie Park-7426,2020-01-15T04:00:00+11:00,-33.765278,151.117806,co,ppm,0.2
7426,28467,Macquarie Park-7426,2020-01-15T05:00:00+11:00,-33.765278,151.117806,co,ppm,0.2
7426,28467,Macquarie Park-7426,2020-01-15T06:00:00+11:00,-33.765278,151.117806,co,ppm,0.2
7426,28467,Macquarie Park-7426,2020-01-15T07:00:00+11:00,-33.765278,151.117806,co,ppm,0.2
7426,28467,Macquarie Park-7426,2020-01-15T08:00:00+11:00,-33.765278,151.117806,co,ppm,0.3
7426,28467,Macquarie Park-7426,2020-01-15T09:00:00+11:00,-33.765278,151.117806,co,ppm,0.3
7426,28467,Macquarie Park-7426,2020-01-15T10:00:00+11:00,-33.765278,151.117806,co,ppm,0.3
7426,28467,Macquarie Park-7426,2020-01-15T11:00:00+11:00,-33.765278,151.117806,co,ppm,0.3
7426,28467,Macquarie Park-7426,2020-01-15T12:00:00+11:00,-33.765278,151.117806,co,ppm,0.3
7426,28467,Macquarie Park-7426,2020-01-15T13:00:00+11:00,-33.765278,151.117806,co,ppm,0.3
7426,28467,Macquarie Park-7426,2020-01-15T14:00:00+11:00,-33.765278,151.117806,co,ppm,0.3
7426,28467,Macquarie Park-7426,2020-01-15T15:00:00+11:00,-33.765278,151.117806,co,ppm,0.3
7426,28467,Macquarie Park-7426,2020-01-15T16:00:00+11:00,-33.765278,151.117806,co,ppm,0.3
7426,28467,Macquarie Park-7426,2020-01-15T17:00:00+11:00,-33.765278,151.117806,co,ppm,0.3
7426,28467,Macquarie Park-7426,2020-01-15T18:00:00+11:00,-33.765278,151.117806,co,ppm,0.3
7426,28467,Macquarie Park-7426,2020-01-15T19:00:00+11:00,-33.765278,151.117806,co,ppm,0.3
7426,28467,Macquarie Park-7426,2020-01-15T20:00:00+11:00,-33.765278,151.117806,co,ppm,0.3
7426,28467,Macquarie Park-7426,2020-01-15T21:00:00+11:00,-33.765278,151.117806,co,ppm,0.3
7426,28467,Macquarie Park-7426,2020-01-15T22:00:00+11:00,-33.765278,151.117806,co,ppm,0.3
7426,28467,Macquarie Park-7426,2020-01-15T23:00:00+11:00,-33.765278,151.117806,co,ppm,0.3
7426,25237,Macquarie Park-7426,2020-01-15T01:00:00+11:00,-33.765278,151.117806,so2,ppm,0.0
7426,25237,Macquarie Park-7426,2020-01-15T03:00:00+11:00,-33.765278,151.117806,so2,ppm,0.0
7426,25237,Macquarie Park-7426,2020-01-15T04:00:00+11:00,-33.765278,151.117806,so2,ppm,0.0
7426,25237,Macquarie Park-7426,2020-01-15T05:00:00+11:00,-33.765278,151.117806,so2,ppm,0.0
7426,25237,Macquarie Park-7426,2020-01-15T06:00:00+11:00,-33.765278,151.117806,so2,ppm,0.0
7426,25237,Macquarie Park-7426,2020-01-15T07:00:00+11:00,-33.765278,151.117806,so2,ppm,0.0
7426,25237,Macquarie Park-7426,2020-01-15T08:00:00+11:00,-33.765278,151.117806,so2,ppm,0.0
7426,25237,Macquarie Park-7426,2020-01-15T09:00:00+11:00,-33.765278,151.117806,so2,ppm,0.0
7426,25237,Macquarie Park-7426,2020-01-15T10:00:00+11:00,-33.765278,151.117806,so2,ppm,0.0
7426,25237,Macquarie Park-7426,2020-01-15T11:00:00+11:00,-33.765278,151.117806,so2,ppm,0.001
7426,25237,Macquarie Park-7426,2020-01-15T12:00:00+11:00,-33.765278,151.117806,so2,ppm,0.001
7426,25237,Macquarie Park-7426,2020-01-15T13:00:00+11:00,-33.765278,151.117806,so2,ppm,0.002
7426,25237,Macquarie Park-7426,2020-01-15T14:00:00+11:00,-33.765278,151.117806,so2,ppm,0.002
7426,25237,Macquarie Park-7426,2020-01-15T15:00:00+11:00,-33.765278,151.117806,so2,ppm,0.001
7426,25237,Macquarie Park-7426,2020-01-15T16:00:00+11:00,-33.765278,151.117806,so2,ppm,0.001
7426,25237,Macquarie Park-7426,2020-01-15T17:00:00+11:00,-33.765278,151.117806,so2,ppm,0.0
7426,25237,Macquarie Park-7426,2020-01-15T18:00:00+11:00,-33.765278,151.117806,so2,ppm,0.0
7426,25237,Macquarie Park-7426,2020-01-15T19:00:00+11:00,-33.765278,151.117806,so2,ppm,0.0
7426,25237,Macquarie Park-7426,2020-01-15T20:00:00+11:00,-33.765278,151.117806,so2,ppm,0.0
7426,25237,Macquarie Park-7426,2020-01-15T21:00:00+11:00,-33.765278,151.117806,so2,ppm,0.0
7426,25237,Macquarie Park-7426,2020-01-15T22:00:00+11:00,-33.765278,151.117806,so2,ppm,0.0
7426,25237,Macquarie Park-7426,2020-01-15T23:00:00+11:00,-33.765278,151.117806,so2,ppm,0.0
7426,25235,Macquarie Park-7426,2020-01-15T01:00:00+11:00,-33.765278,151.117806,o3,ppm,0.001
7426,25235,Macquarie Park-7426,2020-01-15T02:00:00+11:00,-33.765278,151.117806,o3,ppm,0.002
7426,25235,Macquarie Park-7426,2020-01-15T03:00:00+11:00,-33.765278,151.117806,o3,ppm,0.001
7426,25235,Macquarie Park-7426,2020-01-15T04:00:00+11:00,-33.765278,151.117806,o3,ppm,0.0
7426,25235,Macquarie Park-7426,2020-01-15T05:00:00+11:00,-33.765278,151.117806,o3,ppm,0.001
7426,25235,Macquarie Park-7426,2020-01-15T06:00:00+11:00,-33.765278,151.117806,o3,ppm,0.001
7426,25235,Macquarie Park-7426,2020-01-15T07:00:00+11:00,-33.765278,151.117806,o3,ppm,0.001
7426,25235,Macquarie Park-7426,2020-01-15T08:00:00+11:00,-33.765278,151.117806,o3,ppm,0.007
7426,25235,Macquarie Park-7426,2020-01-15T09:00:00+11:00,-33.765278,151.117806,o3,ppm,0.017
7426,25235,Macquarie Park-7426,2020-01-15T10:00:00+11:00,-33.765278,151.117806,o3,ppm,0.019
7426,25235,Macquarie Park-7426,2020-01-15T11:00:00+11:00,-33.765278,151.117806,o3,ppm,0.023
7426,25235,Macquarie Park-7426,2020-01-15T12:00:00+11:00,-33.765278,151.117806,o3,ppm,0.027
7426,25235,Macquarie Park-7426,2020-01-15T13:00:00+11:00,-33.765278,151.117806,o3,ppm,0.027
7426,25235,Macquarie Park-7426,2020-01-15T14:00:00+11:00,-33.765278,151.117806,o3,ppm,0.027
7426,25235,Macquarie Park-7426,2020-01-15T15:00:00+11:00,-33.765278,151.117806,o3,ppm,0.027
7426,25235,Macquarie Park-7426,2020-01-15T16:00:00+11:00,-33.765278,151.117806,o3,ppm,0.025
7426,25235,Macquarie Park-7426,2020-01-15T17:00:00+11:00,-33.765278,151.117806,o3,ppm,0.024
7426,25235,Macquarie Park-7426,2020-01-15T18:00:00+11:00,-33.765278,151.117806,o3,ppm,0.024
7426,25235,Macquarie Park-7426,2020-01-15T19:00:00+11:00,-33.765278,151.117806,o3,ppm,0.023
7426,25235,Macquarie Park-7426,2020-01-15T20:00:00+11:00,-33.765278,151.117806,o3,ppm,0.019
7426,25235,Macquarie Park-7426,2020-01-15T21:00:00+11:00,-33.765278,151.117806,o3,ppm,0.015
7426,25235,Macquarie Park-7426,2020-01-15T22:00:00+11:00,-33.765278,151.117806,o3,ppm,0.012
7426,25235,Macquarie Park-7426,2020-01-15T23:00:00+11:00,-33.765278,151.117806,o3,ppm,0.007
7426,21608,Macquarie Park-7426,2020-01-16T01:00:00+11:00,-33.765278,151.117806,pm10,µg/m³,14.2
7426,21608,Macquarie Park-7426,2020-01-16T02:00:00+11:00,-33.765278,151.117806,pm10,µg/m³,14.2
7426,21608,Macquarie Park-7426,2020-01-16T03:00:00+11:00,-33.765278,151.117806,pm10,µg/m³,14.6
7426,21608,Macquarie Park-7426,2020-01-16T04:00:00+11:00,-33.765278,151.117806,pm10,µg/m³,14.9
7426,21608,Macquarie Park-7426,2020-01-16T05:00:00+11:00,-33.765278,151.117806,pm10,µg/m³,15.5
7426,21608,Macquarie Park-7426,2020-01-16T06:00:00+11:00,-33.765278,151.117806,pm10,µg/m³,16.7
7426,21608,Macquarie Park-7426,2020-01-16T07:00:00+11:00,-33.765278,151.117806,pm10,µg/m³,14.5
7426,21608,Macquarie Park-7426,2020-01-16T08:00:00+11:00,-33.765278,151.117806,pm10,µg/m³,15.3
7426,21608,Macquarie Park-7426,2020-01-16T09:00:00+11:00,-33.765278,151.117806,pm10,µg/m³,16.3
7426,25234,Macquarie Park-7426,2020-01-16T01:00:00+11:00,-33.765278,151.117806,no2,ppm,0.001
7426,25234,Macquarie Park-7426,2020-01-16T03:00:00+11:00,-33.765278,151.117806,no2,ppm,0.001
7426,25234,Macquarie Park-7426,2020-01-16T04:00:00+11:00,-33.765278,151.117806,no2,ppm,0.001
7426,25234,Macquarie Park-7426,2020-01-16T05:00:00+11:00,-33.765278,151.117806,no2,ppm,0.001
7426,21608,Macquarie Park-7426,2020-01-16T10:00:00+11:00,-33.765278,151.117806,pm10,µg/m³,16.9
7426,25234,Macquarie Park-7426,2020-01-16T06:00:00+11:00,-33.765278,151.117806,no2,ppm,0.006
7426,25234,Macquarie Park-7426,2020-01-16T07:00:00+11:00,-33.765278,151.117806,no2,ppm,0.013
7426,21608,Macquarie Park-7426,2020-01-16T11:00:00+11:00,-33.765278,151.117806,pm10,µg/m³,17.6
7426,25234,Macquarie Park-7426,2020-01-16T08:00:00+11:00,-33.765278,151.117806,no2,ppm,0.013
7426,25234,Macquarie Park-7426,2020-01-16T09:00:00+11:00,-33.765278,151.117806,no2,ppm,0.013
7426,21608,Macquarie Park-7426,2020-01-16T12:00:00+11:00,-33.765278,151.117806,pm10,µg/m³,18.0
7426,25234,Macquarie Park-7426,2020-01-16T10:00:00+11:00,-33.765278,151.117806,no2,ppm,0.01
7426,21608,Macquarie Park-7426,2020-01-16T13:00:00+11:00,-33.765278,151.117806,pm10,µg/m³,18.6
7426,25234,Macquarie Park-7426,2020-01-16T11:00:00+11:00,-33.765278,151.117806,no2,ppm,0.007
7426,25234,Macquarie Park-7426,2020-01-16T12:00:00+11:00,-33.765278,151.117806,no2,ppm,0.005
7426,21608,Macquarie Park-7426,2020-01-16T14:00:00+11:00,-33.765278,151.117806,pm10,µg/m³,19.5
7426,25234,Macquarie Park-7426,2020-01-16T13:00:00+11:00,-33.765278,151.117806,no2,ppm,0.004
7426,25234,Macquarie Park-7426,2020-01-16T14:00:00+11:00,-33.765278,151.117806,no2,ppm,0.004
7426,21608,Macquarie Park-7426,2020-01-16T15:00:00+11:00,-33.765278,151.117806,pm10,µg/m³,19.3
7426,25234,Macquarie Park-7426,2020-01-16T15:00:00+11:00,-33.765278,151.117806,no2,ppm,0.002
7426,25234,Macquarie Park-7426,2020-01-16T16:00:00+11:00,-33.765278,151.117806,no2,ppm,0.001
7426,21608,Macquarie Park-7426,2020-01-16T16:00:00+11:00,-33.765278,151.117806,pm10,µg/m³,19.6
7426,25234,Macquarie Park-7426,2020-01-16T17:00:00+11:00,-33.765278,151.117806,no2,ppm,0.001
7426,25234,Macquarie Park-7426,2020-01-16T18:00:00+11:00,-33.765278,151.117806,no2,ppm,0.005
7426,21608,Macquarie Park-7426,2020-01-16T17:00:00+11:00,-33.765278,151.117806,pm10,µg/m³,19.7
7426,25234,Macquarie Park-7426,2020-01-16T19:00:00+11:00,-33.765278,151.117806,no2,ppm,0.005
7426,25234,Macquarie Park-7426,2020-01-16T20:00:00+11:00,-33.765278,151.117806,no2,ppm,0.006
7426,21608,Macquarie Park-7426,2020-01-16T18:00:00+11:00,-33.765278,151.117806,pm10,µg/m³,19.9
7426,25234,Macquarie Park-7426,2020-01-16T21:00:00+11:00,-33.765278,151.117806,no2,ppm,0.009
7426,25234,Macquarie Park-7426,2020-01-16T22:00:00+11:00,-33.765278,151.117806,no2,ppm,0.009
7426,21608,Macquarie Park-7426,2020-01-16T19:00:00+11:00,-33.765278,151.117806,pm10,µg/m³,19.4
7426,25234,Macquarie Park-7426,2020-01-16T23:00:00+11:00,-33.765278,151.117806,no2,ppm,0.008
7426,21608,Macquarie Park-7426,2020-01-16T20:00:00+11:00,-33.765278,151.117806,pm10,µg/m³,20.1
7426,21608,Macquarie Park-7426,2020-01-16T21:00:00+11:00,-33.765278,151.117806,pm10,µg/m³,20.4
7426,21608,Macquarie Park-7426,2020-01-16T22:00:00+11:00,-33.765278,151.117806,pm10,µg/m³,20.6
7426,21608,Macquarie Park-7426,2020-01-16T23:00:00+11:00,-33.765278,151.117806,pm10,µg/m³,21.2
7426,21609,Macquarie Park-7426,2020-01-16T01:00:00+11:00,-33.765278,151.117806,pm25,µg/m³,6.1
7426,21609,Macquarie Park-7426,2020-01-16T02:00:00+11:00,-33.765278,151.117806,pm25,µg/m³,6.2
7426,21609,Macquarie Park-7426,2020-01-16T03:00:00+11:00,-33.765278,151.117806,pm25,µg/m³,6.3
7426,21609,Macquarie Park-7426,2020-01-16T04:00:00+11:00,-33.765278,151.117806,pm25,µg/m³,6.1
7426,21609,Macquarie Park-7426,2020-01-16T05:00:00+11:00,-33.765278,151.117806,pm25,µg/m³,5.7
7426,21609,Macquarie Park-7426,2020-01-16T06:00:00+11:00,-33.765278,151.117806,pm25,µg/m³,5.1
7426,21609,Macquarie Park-7426,2020-01-16T07:00:00+11:00,-33.765278,151.117806,pm25,µg/m³,5.2
7426,21609,Macquarie Park-7426,2020-01-16T08:00:00+11:00,-33.765278,151.117806,pm25,µg/m³,5.3
7426,21609,Macquarie Park-7426,2020-01-16T09:00:00+11:00,-33.765278,151.117806,pm25,µg/m³,5.6
7426,21609,Macquarie Park-7426,2020-01-16T10:00:00+11:00,-33.765278,151.117806,pm25,µg/m³,6.0
7426,21609,Macquarie Park-7426,2020-01-16T11:00:00+11:00,-33.765278,151.117806,pm25,µg/m³,6.8
7426,21609,Macquarie Park-7426,2020-01-16T12:00:00+11:00,-33.765278,151.117806,pm25,µg/m³,7.5
7426,21609,Macquarie Park-7426,2020-01-16T13:00:00+11:00,-33.765278,151.117806,pm25,µg/m³,8.1
7426,21609,Macquarie Park-7426,2020-01-16T14:00:00+11:00,-33.765278,151.117806,pm25,µg/m³,8.7
7426,21609,Macquarie Park-7426,2020-01-16T15:00:00+11:00,-33.765278,151.117806,pm25,µg/m³,9.4
7426,21609,Macquarie Park-7426,2020-01-16T16:00:00+11:00,-33.765278,151.117806,pm25,µg/m³,9.9
7426,21609,Macquarie Park-7426,2020-01-16T17:00:00+11:00,-33.765278,151.117806,pm25,µg/m³,10.4
7426,21609,Macquarie Park-7426,2020-01-16T18:00:00+11:00,-33.765278,151.117806,pm25,µg/m³,10.9
7426,21609,Macquarie Park-7426,2020-01-16T19:00:00+11:00,-33.765278,151.117806,pm25,µg/m³,11.7
7426,21609,Macquarie Park-7426,2020-01-16T20:00:00+11:00,-33.765278,151.117806,pm25,µg/m³,12.3
7426,21609,Macquarie Park-7426,2020-01-16T21:00:00+11:00,-33.765278,151.117806,pm25,µg/m³,12.7
7426,21609,Macquarie Park-7426,2020-01-16T22:00:00+11:00,-33.765278,151.117806,pm25,µg/m³,13.4
7426,21609,Macquarie Park-7426,2020-01-16T23:00:00+11:00,-33.765278,151.117806,pm25,µg/m³,14.0
7426,28467,Macquarie Park-7426,2020-01-16T01:00:00+11:00,-33.765278,151.117806,co,ppm,0.3
7426,25237,Macquarie Park-7426,2020-01-16T01:00:00+11:00,-33.765278,151.117806,so2,ppm,0.0
7426,25237,Macquarie Park-7426,2020-01-16T03:00:00+11:00,-33.765278,151.117806,so2,ppm,0.0
7426,25237,Macquarie Park-7426,2020-01-16T04:00:00+11:00,-33.765278,151.117806,so2,ppm,0.0
7426,25237,Macquarie Park-7426,2020-01-16T05:00:00+11:00,-33.765278,151.117806,so2,ppm,0.0
7426,25237,Macquarie Park-7426,2020-01-16T06:00:00+11:00,-33.765278,151.117806,so2,ppm,0.0
7426,25237,Macquarie Park-7426,2020-01-16T07:00:00+11:00,-33.765278,151.117806,so2,ppm,0.0
7426,25237,Macquarie Park-7426,2020-01-16T08:00:00+11:00,-33.765278,151.117806,so2,ppm,0.0
7426,25237,Macquarie Park-7426,2020-01-16T09:00:00+11:00,-33.765278,151.117806,so2,ppm,0.0
7426,25237,Macquarie Park-7426,2020-01-16T10:00:00+11:00,-33.765278,151.117806,so2,ppm,0.0
7426,25237,Macquarie Park-7426,2020-01-16T11:00:00+11:00,-33.765278,151.117806,so2,ppm,0.0
7426,25237,Macquarie Park-7426,2020-01-16T12:00:00+11:00,-33.765278,151.117806,so2,ppm,0.0
7426,25237,Macquarie Park-7426,2020-01-16T13:00:00+11:00,-33.765278,151.117806,so2,ppm,0.0
7426,25237,Macquarie Park-7426,2020-01-16T14:00:00+11:00,-33.765278,151.117806,so2,ppm,0.0
7426,25237,Macquarie Park-7426,2020-01-16T15:00:00+11:00,-33.765278,151.117806,so2,ppm,0.0
7426,25237,Macquarie Park-7426,2020-01-16T16:00:00+11:00,-33.765278,151.117806,so2,ppm,0.0
7426,25237,Macquarie Park-7426,2020-01-16T17:00:00+11:00,-33.765278,151.117806,so2,ppm,0.001
7426,25237,Macquarie Park-7426,2020-01-16T18:00:00+11:00,-33.765278,151.117806,so2,ppm,0.001
7426,25237,Macquarie Park-7426,2020-01-16T19:00:00+11:00,-33.765278,151.117806,so2,ppm,0.0
7426,25237,Macquarie Park-7426,2020-01-16T20:00:00+11:00,-33.765278,151.117806,so2,ppm,0.0
7426,25237,Macquarie Park-7426,2020-01-16T21:00:00+11:00,-33.765278,151.117806,so2,ppm,0.0
7426,25237,Macquarie Park-7426,2020-01-16T22:00:00+11:00,-33.765278,151.117806,so2,ppm,0.0
7426,25237,Macquarie Park-7426,2020-01-16T23:00:00+11:00,-33.765278,151.117806,so2,ppm,0.0
7426,25235,Macquarie Park-7426,2020-01-16T01:00:00+11:00,-33.765278,151.117806,o3,ppm,0.001
7426,25235,Macquarie Park-7426,2020-01-16T02:00:00+11:00,-33.765278,151.117806,o3,ppm,0.003
7426,25235,Macquarie Park-7426,2020-01-16T03:00:00+11:00,-33.765278,151.117806,o3,ppm,0.001
7426,25235,Macquarie Park-7426,2020-01-16T04:00:00+11:00,-33.765278,151.117806,o3,ppm,0.0
7426,25235,Macquarie Park-7426,2020-01-16T05:00:00+11:00,-33.765278,151.117806,o3,ppm,0.0
7426,25235,Macquarie Park-7426,2020-01-16T06:00:00+11:00,-33.765278,151.117806,o3,ppm,0.0
7426,25235,Macquarie Park-7426,2020-01-16T07:00:00+11:00,-33.765278,151.117806,o3,ppm,0.008
7426,25235,Macquarie Park-7426,2020-01-16T08:00:00+11:00,-33.765278,151.117806,o3,ppm,0.016
7426,25235,Macquarie Park-7426,2020-01-16T09:00:00+11:00,-33.765278,151.117806,o3,ppm,0.023
7426,25235,Macquarie Park-7426,2020-01-16T10:00:00+11:00,-33.765278,151.117806,o3,ppm,0.027
7426,25235,Macquarie Park-7426,2020-01-16T11:00:00+11:00,-33.765278,151.117806,o3,ppm,0.033
7426,25235,Macquarie Park-7426,2020-01-16T12:00:00+11:00,-33.765278,151.117806,o3,ppm,0.031
7426,25235,Macquarie Park-7426,2020-01-16T13:00:00+11:00,-33.765278,151.117806,o3,ppm,0.034
7426,25235,Macquarie Park-7426,2020-01-16T14:00:00+11:00,-33.765278,151.117806,o3,ppm,0.036
7426,25235,Macquarie Park-7426,2020-01-16T15:00:00+11:00,-33.765278,151.117806,o3,ppm,0.041
7426,25235,Macquarie Park-7426,2020-01-16T16:00:00+11:00,-33.765278,151.117806,o3,ppm,0.045
7426,25235,Macquarie Park-7426,2020-01-16T17:00:00+11:00,-33.765278,151.117806,o3,ppm,0.046
7426,25235,Macquarie Park-7426,2020-01-16T18:00:00+11:00,-33.765278,151.117806,o3,ppm,0.048
7426,25235,Macquarie Park-7426,2020-01-16T19:00:00+11:00,-33.765278,151.117806,o3,ppm,0.045
7426,25235,Macquarie Park-7426,2020-01-16T20:00:00+11:00,-33.765278,151.117806,o3,ppm,0.031
7426,25235,Macquarie Park-7426,2020-01-16T21:00:00+11:00,-33.765278,151.117806,o3,ppm,0.025
7426,25235,Macquarie Park-7426,2020-01-16T22:00:00+11:00,-33.765278,151.117806,o3,ppm,0.022
7426,25235,Macquarie Park-7426,2020-01-16T23:00:00+11:00,-33.765278,151.117806,o3,ppm,0.021
7426,28467,Macquarie Park-7426,2020-01-16T02:00:00+11:00,-33.765278,151.117806,co,ppm,0.3
7426,28467,Macquarie Park-7426,2020-01-16T03:00:00+11:00,-33.765278,151.117806,co,ppm,0.3
7426,28467,Macquarie Park-7426,2020-01-16T04:00:00+11:00,-33.765278,151.117806,co,ppm,0.3
7426,28467,Macquarie Park-7426,2020-01-16T05:00:00+11:00,-33.765278,151.117806,co,ppm,0.3
7426,28467,Macquarie Park-7426,2020-01-16T06:00:00+11:00,-33.765278,151.117806,co,ppm,0.3
7426,28467,Macquarie Park-7426,2020-01-16T07:00:00+11:00,-33.765278,151.117806,co,ppm,0.3
7426,28467,Macquarie Park-7426,2020-01-16T08:00:00+11:00,-33.765278,151.117806,co,ppm,0.4
7426,28467,Macquarie Park-7426,2020-01-16T09:00:00+11:00,-33.765278,151.117806,co,ppm,0.4
7426,28467,Macquarie Park-7426,2020-01-16T10:00:00+11:00,-33.765278,151.117806,co,ppm,0.4
7426,28467,Macquarie Park-7426,2020-01-16T11:00:00+11:00,-33.765278,151.117806,co,ppm,0.5
7426,28467,Macquarie Park-7426,2020-01-16T12:00:00+11:00,-33.765278,151.117806,co,ppm,0.5
7426,28467,Macquarie Park-7426,2020-01-16T13:00:00+11:00,-33.765278,151.117806,co,ppm,0.5
7426,28467,Macquarie Park-7426,2020-01-16T14:00:00+11:00,-33.765278,151.117806,co,ppm,0.5
7426,28467,Macquarie Park-7426,2020-01-16T15:00:00+11:00,-33.765278,151.117806,co,ppm,0.5
7426,28467,Macquarie Park-7426,2020-01-16T16:00:00+11:00,-33.765278,151.117806,co,ppm,0.5
7426,28467,Macquarie Park-7426,2020-01-16T17:00:00+11:00,-33.765278,151.117806,co,ppm,0.5
7426,28467,Macquarie Park-7426,2020-01-16T18:00:00+11:00,-33.765278,151.117806,co,ppm,0.5
7426,28467,Macquarie Park-7426,2020-01-16T19:00:00+11:00,-33.765278,151.117806,co,ppm,0.5
7426,28467,Macquarie Park-7426,2020-01-16T20:00:00+11:00,-33.765278,151.117806,co,ppm,0.5
7426,28467,Macquarie Park-7426,2020-01-16T21:00:00+11:00,-33.765278,151.117806,co,ppm,0.5
7426,28467,Macquarie Park-7426,2020-01-16T22:00:00+11:00,-33.765278,151.117806,co,ppm,0.5
7426,28467,Macquarie Park-7426,2020-01-16T23:00:00+11:00,-33.765278,151.117806,co,ppm,0.5
7426,21608,Macquarie Park-7426,2020-01-17T01:00:00+11:00,-33.765278,151.117806,pm10,µg/m³,23.5
7426,21608,Macquarie Park-7426,2020-01-17T02:00:00+11:00,-33.765278,151.117806,pm10,µg/m³,26.3
7426,21608,Macquarie Park-7426,2020-01-17T03:00:00+11:00,-33.765278,151.117806,pm10,µg/m³,28.1
7426,21608,Macquarie Park-7426,2020-01-17T04:00:00+11:00,-33.765278,151.117806,pm10,µg/m³,29.6
7426,21608,Macquarie Park-7426,2020-01-17T05:00:00+11:00,-33.765278,151.117806,pm10,µg/m³,29.9
7426,21608,Macquarie Park-7426,2020-01-17T06:00:00+11:00,-33.765278,151.117806,pm10,µg/m³,29.4
7426,21608,Macquarie Park-7426,2020-01-17T07:00:00+11:00,-33.765278,151.117806,pm10,µg/m³,29.1
7426,21608,Macquarie Park-7426,2020-01-17T08:00:00+11:00,-33.765278,151.117806,pm10,µg/m³,28.0
7426,21608,Macquarie Park-7426,2020-01-17T09:00:00+11:00,-33.765278,151.117806,pm10,µg/m³,27.4
7426,21608,Macquarie Park-7426,2020-01-17T10:00:00+11:00,-33.765278,151.117806,pm10,µg/m³,27.2
7426,21608,Macquarie Park-7426,2020-01-17T11:00:00+11:00,-33.765278,151.117806,pm10,µg/m³,28.4
7426,21608,Macquarie Park-7426,2020-01-17T12:00:00+11:00,-33.765278,151.117806,pm10,µg/m³,31.1
7426,21608,Macquarie Park-7426,2020-01-17T13:00:00+11:00,-33.765278,151.117806,pm10,µg/m³,32.9
7426,21608,Macquarie Park-7426,2020-01-17T14:00:00+11:00,-33.765278,151.117806,pm10,µg/m³,34.7
7426,21608,Macquarie Park-7426,2020-01-17T15:00:00+11:00,-33.765278,151.117806,pm10,µg/m³,37.3
7426,21608,Macquarie Park-7426,2020-01-17T16:00:00+11:00,-33.765278,151.117806,pm10,µg/m³,38.7
7426,21608,Macquarie Park-7426,2020-01-17T17:00:00+11:00,-33.765278,151.117806,pm10,µg/m³,39.5
7426,21608,Macquarie Park-7426,2020-01-17T18:00:00+11:00,-33.765278,151.117806,pm10,µg/m³,39.7
7426,21608,Macquarie Park-7426,2020-01-17T21:00:00+11:00,-33.765278,151.117806,pm10,µg/m³,40.5
7426,21608,Macquarie Park-7426,2020-01-17T22:00:00+11:00,-33.765278,151.117806,pm10,µg/m³,40.6
7426,21608,Macquarie Park-7426,2020-01-17T23:00:00+11:00,-33.765278,151.117806,pm10,µg/m³,40.9
7426,21609,Macquarie Park-7426,2020-01-17T01:00:00+11:00,-33.765278,151.117806,pm25,µg/m³,15.3
7426,21609,Macquarie Park-7426,2020-01-17T02:00:00+11:00,-33.765278,151.117806,pm25,µg/m³,16.2
7426,21609,Macquarie Park-7426,2020-01-17T03:00:00+11:00,-33.765278,151.117806,pm25,µg/m³,17.7
7426,21609,Macquarie Park-7426,2020-01-17T04:00:00+11:00,-33.765278,151.117806,pm25,µg/m³,19.0
7426,21609,Macquarie Park-7426,2020-01-17T05:00:00+11:00,-33.765278,151.117806,pm25,µg/m³,20.2
7426,21609,Macquarie Park-7426,2020-01-17T06:00:00+11:00,-33.765278,151.117806,pm25,µg/m³,21.4
7426,21609,Macquarie Park-7426,2020-01-17T07:00:00+11:00,-33.765278,151.117806,pm25,µg/m³,22.0
7426,21609,Macquarie Park-7426,2020-01-17T08:00:00+11:00,-33.765278,151.117806,pm25,µg/m³,21.8
7426,21609,Macquarie Park-7426,2020-01-17T09:00:00+11:00,-33.765278,151.117806,pm25,µg/m³,21.2
7426,21609,Macquarie Park-7426,2020-01-17T10:00:00+11:00,-33.765278,151.117806,pm25,µg/m³,20.6
7426,21609,Macquarie Park-7426,2020-01-17T11:00:00+11:00,-33.765278,151.117806,pm25,µg/m³,20.5
7426,21609,Macquarie Park-7426,2020-01-17T12:00:00+11:00,-33.765278,151.117806,pm25,µg/m³,21.9
7426,21609,Macquarie Park-7426,2020-01-17T13:00:00+11:00,-33.765278,151.117806,pm25,µg/m³,24.3
7426,21609,Macquarie Park-7426,2020-01-17T14:00:00+11:00,-33.765278,151.117806,pm25,µg/m³,26.3
7426,21609,Macquarie Park-7426,2020-01-17T15:00:00+11:00,-33.765278,151.117806,pm25,µg/m³,28.2
7426,21609,Macquarie Park-7426,2020-01-17T16:00:00+11:00,-33.765278,151.117806,pm25,µg/m³,30.0
7426,21609,Macquarie Park-7426,2020-01-17T17:00:00+11:00,-33.765278,151.117806,pm25,µg/m³,31.0
7426,21609,Macquarie Park-7426,2020-01-17T18:00:00+11:00,-33.765278,151.117806,pm25,µg/m³,31.9
7426,21609,Macquarie Park-7426,2020-01-17T21:00:00+11:00,-33.765278,151.117806,pm25,µg/m³,33.1
7426,21609,Macquarie Park-7426,2020-01-17T22:00:00+11:00,-33.765278,151.117806,pm25,µg/m³,33.5
7426,21609,Macquarie Park-7426,2020-01-17T23:00:00+11:00,-33.765278,151.117806,pm25,µg/m³,33.4
7426,25234,Macquarie Park-7426,2020-01-17T01:00:00+11:00,-33.765278,151.117806,no2,ppm,0.006
7426,25234,Macquarie Park-7426,2020-01-17T03:00:00+11:00,-33.765278,151.117806,no2,ppm,0.0
7426,25234,Macquarie Park-7426,2020-01-17T04:00:00+11:00,-33.765278,151.117806,no2,ppm,-0.001
7426,25234,Macquarie Park-7426,2020-01-17T05:00:00+11:00,-33.765278,151.117806,no2,ppm,0.0
7426,25234,Macquarie Park-7426,2020-01-17T06:00:00+11:00,-33.765278,151.117806,no2,ppm,0.004
7426,25234,Macquarie Park-7426,2020-01-17T07:00:00+11:00,-33.765278,151.117806,no2,ppm,0.006
7426,25234,Macquarie Park-7426,2020-01-17T08:00:00+11:00,-33.765278,151.117806,no2,ppm,0.006
7426,25234,Macquarie Park-7426,2020-01-17T09:00:00+11:00,-33.765278,151.117806,no2,ppm,0.01
7426,25234,Macquarie Park-7426,2020-01-17T10:00:00+11:00,-33.765278,151.117806,no2,ppm,0.011
7426,25234,Macquarie Park-7426,2020-01-17T11:00:00+11:00,-33.765278,151.117806,no2,ppm,0.009
7426,25234,Macquarie Park-7426,2020-01-17T12:00:00+11:00,-33.765278,151.117806,no2,ppm,0.008
7426,25234,Macquarie Park-7426,2020-01-17T13:00:00+11:00,-33.765278,151.117806,no2,ppm,0.006
7426,25234,Macquarie Park-7426,2020-01-17T14:00:00+11:00,-33.765278,151.117806,no2,ppm,0.007
7426,25234,Macquarie Park-7426,2020-01-17T15:00:00+11:00,-33.765278,151.117806,no2,ppm,0.007
7426,25234,Macquarie Park-7426,2020-01-17T16:00:00+11:00,-33.765278,151.117806,no2,ppm,0.005
7426,25234,Macquarie Park-7426,2020-01-17T17:00:00+11:00,-33.765278,151.117806,no2,ppm,0.004
7426,25234,Macquarie Park-7426,2020-01-17T18:00:00+11:00,-33.765278,151.117806,no2,ppm,0.003
7426,25234,Macquarie Park-7426,2020-01-17T21:00:00+11:00,-33.765278,151.117806,no2,ppm,0.004
7426,25234,Macquarie Park-7426,2020-01-17T22:00:00+11:00,-33.765278,151.117806,no2,ppm,0.004
7426,25234,Macquarie Park-7426,2020-01-17T23:00:00+11:00,-33.765278,151.117806,no2,ppm,0.002
7426,28467,Macquarie Park-7426,2020-01-17T01:00:00+11:00,-33.765278,151.117806,co,ppm,0.5
7426,28467,Macquarie Park-7426,2020-01-17T02:00:00+11:00,-33.765278,151.117806,co,ppm,0.5
7426,28467,Macquarie Park-7426,2020-01-17T03:00:00+11:00,-33.765278,151.117806,co,ppm,0.5
7426,28467,Macquarie Park-7426,2020-01-17T04:00:00+11:00,-33.765278,151.117806,co,ppm,0.5
7426,28467,Macquarie Park-7426,2020-01-17T05:00:00+11:00,-33.765278,151.117806,co,ppm,0.5
7426,28467,Macquarie Park-7426,2020-01-17T06:00:00+11:00,-33.765278,151.117806,co,ppm,0.5
7426,28467,Macquarie Park-7426,2020-01-17T07:00:00+11:00,-33.765278,151.117806,co,ppm,0.5
7426,28467,Macquarie Park-7426,2020-01-17T08:00:00+11:00,-33.765278,151.117806,co,ppm,0.5
7426,28467,Macquarie Park-7426,2020-01-17T09:00:00+11:00,-33.765278,151.117806,co,ppm,0.5
7426,28467,Macquarie Park-7426,2020-01-17T10:00:00+11:00,-33.765278,151.117806,co,ppm,0.5
7426,28467,Macquarie Park-7426,2020-01-17T11:00:00+11:00,-33.765278,151.117806,co,ppm,0.6
7426,28467,Macquarie Park-7426,2020-01-17T12:00:00+11:00,-33.765278,151.117806,co,ppm,0.7
7426,28467,Macquarie Park-7426,2020-01-17T13:00:00+11:00,-33.765278,151.117806,co,ppm,0.7
7426,28467,Macquarie Park-7426,2020-01-17T14:00:00+11:00,-33.765278,151.117806,co,ppm,0.8
7426,28467,Macquarie Park-7426,2020-01-17T15:00:00+11:00,-33.765278,151.117806,co,ppm,0.9
7426,28467,Macquarie Park-7426,2020-01-17T16:00:00+11:00,-33.765278,151.117806,co,ppm,1.0
7426,28467,Macquarie Park-7426,2020-01-17T17:00:00+11:00,-33.765278,151.117806,co,ppm,1.0
7426,28467,Macquarie Park-7426,2020-01-17T18:00:00+11:00,-33.765278,151.117806,co,ppm,1.0
7426,28467,Macquarie Park-7426,2020-01-17T21:00:00+11:00,-33.765278,151.117806,co,ppm,0.8
7426,28467,Macquarie Park-7426,2020-01-17T22:00:00+11:00,-33.765278,151.117806,co,ppm,0.8
7426,28467,Macquarie Park-7426,2020-01-17T23:00:00+11:00,-33.765278,151.117806,co,ppm,0.7
7426,25237,Macquarie Park-7426,2020-01-17T01:00:00+11:00,-33.765278,151.117806,so2,ppm,0.0
7426,25237,Macquarie Park-7426,2020-01-17T03:00:00+11:00,-33.765278,151.117806,so2,ppm,0.0
7426,25237,Macquarie Park-7426,2020-01-17T04:00:00+11:00,-33.765278,151.117806,so2,ppm,0.0
7426,25237,Macquarie Park-7426,2020-01-17T05:00:00+11:00,-33.765278,151.117806,so2,ppm,0.0
7426,25237,Macquarie Park-7426,2020-01-17T06:00:00+11:00,-33.765278,151.117806,so2,ppm,0.0
7426,25237,Macquarie Park-7426,2020-01-17T07:00:00+11:00,-33.765278,151.117806,so2,ppm,0.0
7426,25237,Macquarie Park-7426,2020-01-17T08:00:00+11:00,-33.765278,151.117806,so2,ppm,0.0
7426,25237,Macquarie Park-7426,2020-01-17T09:00:00+11:00,-33.765278,151.117806,so2,ppm,0.0
7426,25237,Macquarie Park-7426,2020-01-17T10:00:00+11:00,-33.765278,151.117806,so2,ppm,0.0
7426,25237,Macquarie Park-7426,2020-01-17T11:00:00+11:00,-33.765278,151.117806,so2,ppm,0.0
7426,25237,Macquarie Park-7426,2020-01-17T12:00:00+11:00,-33.765278,151.117806,so2,ppm,0.0
7426,25237,Macquarie Park-7426,2020-01-17T13:00:00+11:00,-33.765278,151.117806,so2,ppm,0.0
7426,25237,Macquarie Park-7426,2020-01-17T14:00:00+11:00,-33.765278,151.117806,so2,ppm,0.0
7426,25237,Macquarie Park-7426,2020-01-17T15:00:00+11:00,-33.765278,151.117806,so2,ppm,0.0
7426,25237,Macquarie Park-7426,2020-01-17T16:00:00+11:00,-33.765278,151.117806,so2,ppm,0.0
7426,25237,Macquarie Park-7426,2020-01-17T17:00:00+11:00,-33.765278,151.117806,so2,ppm,0.0
7426,25237,Macquarie Park-7426,2020-01-17T18:00:00+11:00,-33.765278,151.117806,so2,ppm,0.0
7426,25237,Macquarie Park-7426,2020-01-17T21:00:00+11:00,-33.765278,151.117806,so2,ppm,0.0
7426,25237,Macquarie Park-7426,2020-01-17T22:00:00+11:00,-33.765278,151.117806,so2,ppm,0.0
7426,25237,Macquarie Park-7426,2020-01-17T23:00:00+11:00,-33.765278,151.117806,so2,ppm,0.0
7426,25235,Macquarie Park-7426,2020-01-17T01:00:00+11:00,-33.765278,151.117806,o3,ppm,0.018
7426,25235,Macquarie Park-7426,2020-01-17T02:00:00+11:00,-33.765278,151.117806,o3,ppm,0.02
7426,25235,Macquarie Park-7426,2020-01-17T03:00:00+11:00,-33.765278,151.117806,o3,ppm,0.04
7426,25235,Macquarie Park-7426,2020-01-17T04:00:00+11:00,-33.765278,151.117806,o3,ppm,0.038
7426,25235,Macquarie Park-7426,2020-01-17T05:00:00+11:00,-33.765278,151.117806,o3,ppm,0.032
7426,25235,Macquarie Park-7426,2020-01-17T06:00:00+11:00,-33.765278,151.117806,o3,ppm,0.026
7426,25235,Macquarie Park-7426,2020-01-17T07:00:00+11:00,-33.765278,151.117806,o3,ppm,0.02
7426,25235,Macquarie Park-7426,2020-01-17T08:00:00+11:00,-33.765278,151.117806,o3,ppm,0.017
7426,25235,Macquarie Park-7426,2020-01-17T09:00:00+11:00,-33.765278,151.117806,o3,ppm,0.014
7426,25235,Macquarie Park-7426,2020-01-17T10:00:00+11:00,-33.765278,151.117806,o3,ppm,0.013
7426,25235,Macquarie Park-7426,2020-01-17T11:00:00+11:00,-33.765278,151.117806,o3,ppm,0.013
7426,25235,Macquarie Park-7426,2020-01-17T12:00:00+11:00,-33.765278,151.117806,o3,ppm,0.016
7426,25235,Macquarie Park-7426,2020-01-17T13:00:00+11:00,-33.765278,151.117806,o3,ppm,0.02
7426,25235,Macquarie Park-7426,2020-01-17T14:00:00+11:00,-33.765278,151.117806,o3,ppm,0.021
7426,25235,Macquarie Park-7426,2020-01-17T15:00:00+11:00,-33.765278,151.117806,o3,ppm,0.021
7426,25235,Macquarie Park-7426,2020-01-17T16:00:00+11:00,-33.765278,151.117806,o3,ppm,0.027
7426,25235,Macquarie Park-7426,2020-01-17T17:00:00+11:00,-33.765278,151.117806,o3,ppm,0.023
7426,25235,Macquarie Park-7426,2020-01-17T18:00:00+11:00,-33.765278,151.117806,o3,ppm,0.025
7426,25235,Macquarie Park-7426,2020-01-17T21:00:00+11:00,-33.765278,151.117806,o3,ppm,0.016
7426,25235,Macquarie Park-7426,2020-01-17T22:00:00+11:00,-33.765278,151.117806,o3,ppm,0.017
7426,25235,Macquarie Park-7426,2020-01-17T23:00:00+11:00,-33.765278,151.117806,o3,ppm,0.019
7426,21608,Macquarie Park-7426,2020-01-18T01:00:00+11:00,-33.765278,151.117806,pm10,µg/m³,40.7
7426,21608,Macquarie Park-7426,2020-01-18T02:00:00+11:00,-33.765278,151.117806,pm10,µg/m³,39.2
7426,21608,Macquarie Park-7426,2020-01-18T03:00:00+11:00,-33.765278,151.117806,pm10,µg/m³,38.7
7426,21608,Macquarie Park-7426,2020-01-18T04:00:00+11:00,-33.765278,151.117806,pm10,µg/m³,37.9
7426,21608,Macquarie Park-7426,2020-01-18T05:00:00+11:00,-33.765278,151.117806,pm10,µg/m³,37.8
7426,21608,Macquarie Park-7426,2020-01-18T06:00:00+11:00,-33.765278,151.117806,pm10,µg/m³,37.9
7426,21608,Macquarie Park-7426,2020-01-18T07:00:00+11:00,-33.765278,151.117806,pm10,µg/m³,39.1
7426,21608,Macquarie Park-7426,2020-01-18T08:00:00+11:00,-33.765278,151.117806,pm10,µg/m³,40.0
7426,21608,Macquarie Park-7426,2020-01-18T09:00:00+11:00,-33.765278,151.117806,pm10,µg/m³,40.3
7426,21608,Macquarie Park-7426,2020-01-18T10:00:00+11:00,-33.765278,151.117806,pm10,µg/m³,40.4
7426,21608,Macquarie Park-7426,2020-01-18T11:00:00+11:00,-33.765278,151.117806,pm10,µg/m³,39.0
7426,21608,Macquarie Park-7426,2020-01-18T12:00:00+11:00,-33.765278,151.117806,pm10,µg/m³,35.9
7426,21608,Macquarie Park-7426,2020-01-18T13:00:00+11:00,-33.765278,151.117806,pm10,µg/m³,33.7
7426,21608,Macquarie Park-7426,2020-01-18T14:00:00+11:00,-33.765278,151.117806,pm10,µg/m³,31.4
7426,21608,Macquarie Park-7426,2020-01-18T15:00:00+11:00,-33.765278,151.117806,pm10,µg/m³,28.7
7426,21608,Macquarie Park-7426,2020-01-18T16:00:00+11:00,-33.765278,151.117806,pm10,µg/m³,26.7
7426,21608,Macquarie Park-7426,2020-01-18T17:00:00+11:00,-33.765278,151.117806,pm10,µg/m³,25.2
7426,21608,Macquarie Park-7426,2020-01-18T18:00:00+11:00,-33.765278,151.117806,pm10,µg/m³,24.7
7426,21608,Macquarie Park-7426,2020-01-18T19:00:00+11:00,-33.765278,151.117806,pm10,µg/m³,23.7
7426,21608,Macquarie Park-7426,2020-01-18T20:00:00+11:00,-33.765278,151.117806,pm10,µg/m³,23.6
7426,21608,Macquarie Park-7426,2020-01-18T21:00:00+11:00,-33.765278,151.117806,pm10,µg/m³,23.8
7426,21608,Macquarie Park-7426,2020-01-18T22:00:00+11:00,-33.765278,151.117806,pm10,µg/m³,23.7
7426,21608,Macquarie Park-7426,2020-01-18T23:00:00+11:00,-33.765278,151.117806,pm10,µg/m³,23.2
7426,21609,Macquarie Park-7426,2020-01-18T01:00:00+11:00,-33.765278,151.117806,pm25,µg/m³,33.1
7426,21609,Macquarie Park-7426,2020-01-18T02:00:00+11:00,-33.765278,151.117806,pm25,µg/m³,32.9
7426,21609,Macquarie Park-7426,2020-01-18T03:00:00+11:00,-33.765278,151.117806,pm25,µg/m³,32.2
7426,21609,Macquarie Park-7426,2020-01-18T04:00:00+11:00,-33.765278,151.117806,pm25,µg/m³,31.4
7426,21609,Macquarie Park-7426,2020-01-18T05:00:00+11:00,-33.765278,151.117806,pm25,µg/m³,30.9
7426,21609,Macquarie Park-7426,2020-01-18T06:00:00+11:00,-33.765278,151.117806,pm25,µg/m³,30.5
7426,21609,Macquarie Park-7426,2020-01-18T07:00:00+11:00,-33.765278,151.117806,pm25,µg/m³,30.4
7426,21609,Macquarie Park-7426,2020-01-18T08:00:00+11:00,-33.765278,151.117806,pm25,µg/m³,30.7
7426,21609,Macquarie Park-7426,2020-01-18T09:00:00+11:00,-33.765278,151.117806,pm25,µg/m³,31.2
7426,21609,Macquarie Park-7426,2020-01-18T10:00:00+11:00,-33.765278,151.117806,pm25,µg/m³,31.4
7426,21609,Macquarie Park-7426,2020-01-18T11:00:00+11:00,-33.765278,151.117806,pm25,µg/m³,31.2
7426,21609,Macquarie Park-7426,2020-01-18T12:00:00+11:00,-33.765278,151.117806,pm25,µg/m³,29.2
7426,21609,Macquarie Park-7426,2020-01-18T13:00:00+11:00,-33.765278,151.117806,pm25,µg/m³,26.5
7426,21609,Macquarie Park-7426,2020-01-18T14:00:00+11:00,-33.765278,151.117806,pm25,µg/m³,23.9
7426,21609,Macquarie Park-7426,2020-01-18T15:00:00+11:00,-33.765278,151.117806,pm25,µg/m³,21.7
7426,21609,Macquarie Park-7426,2020-01-18T16:00:00+11:00,-33.765278,151.117806,pm25,µg/m³,19.9
7426,21609,Macquarie Park-7426,2020-01-18T17:00:00+11:00,-33.765278,151.117806,pm25,µg/m³,18.7
7426,21609,Macquarie Park-7426,2020-01-18T18:00:00+11:00,-33.765278,151.117806,pm25,µg/m³,17.5
7426,21609,Macquarie Park-7426,2020-01-18T19:00:00+11:00,-33.765278,151.117806,pm25,µg/m³,16.5
7426,21609,Macquarie Park-7426,2020-01-18T20:00:00+11:00,-33.765278,151.117806,pm25,µg/m³,16.0
7426,21609,Macquarie Park-7426,2020-01-18T21:00:00+11:00,-33.765278,151.117806,pm25,µg/m³,15.3
7426,21609,Macquarie Park-7426,2020-01-18T22:00:00+11:00,-33.765278,151.117806,pm25,µg/m³,14.6
7426,21609,Macquarie Park-7426,2020-01-18T23:00:00+11:00,-33.765278,151.117806,pm25,µg/m³,14.5
7426,28467,Macquarie Park-7426,2020-01-18T01:00:00+11:00,-33.765278,151.117806,co,ppm,0.7
7426,25234,Macquarie Park-7426,2020-01-18T01:00:00+11:00,-33.765278,151.117806,no2,ppm,0.006
7426,25234,Macquarie Park-7426,2020-01-18T03:00:00+11:00,-33.765278,151.117806,no2,ppm,0.003
7426,25234,Macquarie Park-7426,2020-01-18T04:00:00+11:00,-33.765278,151.117806,no2,ppm,0.0
7426,25234,Macquarie Park-7426,2020-01-18T05:00:00+11:00,-33.765278,151.117806,no2,ppm,0.0
7426,25234,Macquarie Park-7426,2020-01-18T06:00:00+11:00,-33.765278,151.117806,no2,ppm,0.002
7426,25234,Macquarie Park-7426,2020-01-18T07:00:00+11:00,-33.765278,151.117806,no2,ppm,0.002
7426,25234,Macquarie Park-7426,2020-01-18T08:00:00+11:00,-33.765278,151.117806,no2,ppm,0.003
7426,25234,Macquarie Park-7426,2020-01-18T09:00:00+11:00,-33.765278,151.117806,no2,ppm,0.002
7426,25234,Macquarie Park-7426,2020-01-18T10:00:00+11:00,-33.765278,151.117806,no2,ppm,0.003
7426,25234,Macquarie Park-7426,2020-01-18T11:00:00+11:00,-33.765278,151.117806,no2,ppm,0.004
7426,25234,Macquarie Park-7426,2020-01-18T12:00:00+11:00,-33.765278,151.117806,no2,ppm,0.005
7426,25234,Macquarie Park-7426,2020-01-18T13:00:00+11:00,-33.765278,151.117806,no2,ppm,0.004
7426,25234,Macquarie Park-7426,2020-01-18T14:00:00+11:00,-33.765278,151.117806,no2,ppm,0.004
7426,25234,Macquarie Park-7426,2020-01-18T15:00:00+11:00,-33.765278,151.117806,no2,ppm,0.002
7426,25234,Macquarie Park-7426,2020-01-18T16:00:00+11:00,-33.765278,151.117806,no2,ppm,0.002
7426,25234,Macquarie Park-7426,2020-01-18T17:00:00+11:00,-33.765278,151.117806,no2,ppm,0.002
7426,25234,Macquarie Park-7426,2020-01-18T18:00:00+11:00,-33.765278,151.117806,no2,ppm,0.004
7426,25234,Macquarie Park-7426,2020-01-18T19:00:00+11:00,-33.765278,151.117806,no2,ppm,0.005
7426,25234,Macquarie Park-7426,2020-01-18T20:00:00+11:00,-33.765278,151.117806,no2,ppm,0.004
7426,25234,Macquarie Park-7426,2020-01-18T21:00:00+11:00,-33.765278,151.117806,no2,ppm,0.004
7426,25234,Macquarie Park-7426,2020-01-18T22:00:00+11:00,-33.765278,151.117806,no2,ppm,0.004
7426,28467,Macquarie Park-7426,2020-01-18T02:00:00+11:00,-33.765278,151.117806,co,ppm,0.7
7426,25234,Macquarie Park-7426,2020-01-18T23:00:00+11:00,-33.765278,151.117806,no2,ppm,0.005
7426,28467,Macquarie Park-7426,2020-01-18T03:00:00+11:00,-33.765278,151.117806,co,ppm,0.6
7426,28467,Macquarie Park-7426,2020-01-18T04:00:00+11:00,-33.765278,151.117806,co,ppm,0.6
7426,28467,Macquarie Park-7426,2020-01-18T05:00:00+11:00,-33.765278,151.117806,co,ppm,0.6
7426,28467,Macquarie Park-7426,2020-01-18T06:00:00+11:00,-33.765278,151.117806,co,ppm,0.5
7426,28467,Macquarie Park-7426,2020-01-18T07:00:00+11:00,-33.765278,151.117806,co,ppm,0.5
7426,28467,Macquarie Park-7426,2020-01-18T08:00:00+11:00,-33.765278,151.117806,co,ppm,0.5
7426,28467,Macquarie Park-7426,2020-01-18T09:00:00+11:00,-33.765278,151.117806,co,ppm,0.4
7426,28467,Macquarie Park-7426,2020-01-18T10:00:00+11:00,-33.765278,151.117806,co,ppm,0.4
7426,28467,Macquarie Park-7426,2020-01-18T11:00:00+11:00,-33.765278,151.117806,co,ppm,0.4
7426,28467,Macquarie Park-7426,2020-01-18T12:00:00+11:00,-33.765278,151.117806,co,ppm,0.4
7426,28467,Macquarie Park-7426,2020-01-18T13:00:00+11:00,-33.765278,151.117806,co,ppm,0.5
7426,28467,Macquarie Park-7426,2020-01-18T14:00:00+11:00,-33.765278,151.117806,co,ppm,0.5
7426,28467,Macquarie Park-7426,2020-01-18T15:00:00+11:00,-33.765278,151.117806,co,ppm,0.5
7426,28467,Macquarie Park-7426,2020-01-18T16:00:00+11:00,-33.765278,151.117806,co,ppm,0.5
7426,28467,Macquarie Park-7426,2020-01-18T17:00:00+11:00,-33.765278,151.117806,co,ppm,0.5
7426,28467,Macquarie Park-7426,2020-01-18T18:00:00+11:00,-33.765278,151.117806,co,ppm,0.5
7426,28467,Macquarie Park-7426,2020-01-18T19:00:00+11:00,-33.765278,151.117806,co,ppm,0.5
7426,28467,Macquarie Park-7426,2020-01-18T20:00:00+11:00,-33.765278,151.117806,co,ppm,0.5
7426,28467,Macquarie Park-7426,2020-01-18T21:00:00+11:00,-33.765278,151.117806,co,ppm,0.5
7426,28467,Macquarie Park-7426,2020-01-18T22:00:00+11:00,-33.765278,151.117806,co,ppm,0.4
7426,28467,Macquarie Park-7426,2020-01-18T23:00:00+11:00,-33.765278,151.117806,co,ppm,0.4
7426,25237,Macquarie Park-7426,2020-01-18T01:00:00+11:00,-33.765278,151.117806,so2,ppm,0.0
7426,25237,Macquarie Park-7426,2020-01-18T03:00:00+11:00,-33.765278,151.117806,so2,ppm,0.0
7426,25237,Macquarie Park-7426,2020-01-18T04:00:00+11:00,-33.765278,151.117806,so2,ppm,0.0
7426,25237,Macquarie Park-7426,2020-01-18T05:00:00+11:00,-33.765278,151.117806,so2,ppm,0.0
7426,25237,Macquarie Park-7426,2020-01-18T06:00:00+11:00,-33.765278,151.117806,so2,ppm,0.0
7426,25237,Macquarie Park-7426,2020-01-18T07:00:00+11:00,-33.765278,151.117806,so2,ppm,0.0
7426,25237,Macquarie Park-7426,2020-01-18T08:00:00+11:00,-33.765278,151.117806,so2,ppm,0.0
7426,25237,Macquarie Park-7426,2020-01-18T09:00:00+11:00,-33.765278,151.117806,so2,ppm,0.0
7426,25237,Macquarie Park-7426,2020-01-18T10:00:00+11:00,-33.765278,151.117806,so2,ppm,0.0
7426,25237,Macquarie Park-7426,2020-01-18T11:00:00+11:00,-33.765278,151.117806,so2,ppm,0.0
7426,25237,Macquarie Park-7426,2020-01-18T12:00:00+11:00,-33.765278,151.117806,so2,ppm,0.0
7426,25237,Macquarie Park-7426,2020-01-18T13:00:00+11:00,-33.765278,151.117806,so2,ppm,0.0
7426,25237,Macquarie Park-7426,2020-01-18T14:00:00+11:00,-33.765278,151.117806,so2,ppm,0.0
7426,25237,Macquarie Park-7426,2020-01-18T15:00:00+11:00,-33.765278,151.117806,so2,ppm,0.0
7426,25237,Macquarie Park-7426,2020-01-18T16:00:00+11:00,-33.765278,151.117806,so2,ppm,0.0
7426,25237,Macquarie Park-7426,2020-01-18T17:00:00+11:00,-33.765278,151.117806,so2,ppm,0.0
7426,25237,Macquarie Park-7426,2020-01-18T18:00:00+11:00,-33.765278,151.117806,so2,ppm,0.0
7426,25237,Macquarie Park-7426,2020-01-18T19:00:00+11:00,-33.765278,151.117806,so2,ppm,0.0
7426,25237,Macquarie Park-7426,2020-01-18T20:00:00+11:00,-33.765278,151.117806,so2,ppm,0.0
7426,25237,Macquarie Park-7426,2020-01-18T21:00:00+11:00,-33.765278,151.117806,so2,ppm,0.0
7426,25237,Macquarie Park-7426,2020-01-18T22:00:00+11:00,-33.765278,151.117806,so2,ppm,0.0
7426,25237,Macquarie Park-7426,2020-01-18T23:00:00+11:00,-33.765278,151.117806,so2,ppm,0.0
7426,25235,Macquarie Park-7426,2020-01-18T01:00:00+11:00,-33.765278,151.117806,o3,ppm,0.01
7426,25235,Macquarie Park-7426,2020-01-18T02:00:00+11:00,-33.765278,151.117806,o3,ppm,0.015
7426,25235,Macquarie Park-7426,2020-01-18T03:00:00+11:00,-33.765278,151.117806,o3,ppm,0.015
7426,25235,Macquarie Park-7426,2020-01-18T04:00:00+11:00,-33.765278,151.117806,o3,ppm,0.026
7426,25235,Macquarie Park-7426,2020-01-18T05:00:00+11:00,-33.765278,151.117806,o3,ppm,0.026
7426,25235,Macquarie Park-7426,2020-01-18T06:00:00+11:00,-33.765278,151.117806,o3,ppm,0.025
7426,25235,Macquarie Park-7426,2020-01-18T07:00:00+11:00,-33.765278,151.117806,o3,ppm,0.025
7426,25235,Macquarie Park-7426,2020-01-18T08:00:00+11:00,-33.765278,151.117806,o3,ppm,0.025
7426,25235,Macquarie Park-7426,2020-01-18T09:00:00+11:00,-33.765278,151.117806,o3,ppm,0.025
7426,25235,Macquarie Park-7426,2020-01-18T10:00:00+11:00,-33.765278,151.117806,o3,ppm,0.025
7426,25235,Macquarie Park-7426,2020-01-18T11:00:00+11:00,-33.765278,151.117806,o3,ppm,0.024
7426,25235,Macquarie Park-7426,2020-01-18T12:00:00+11:00,-33.765278,151.117806,o3,ppm,0.025
7426,25235,Macquarie Park-7426,2020-01-18T13:00:00+11:00,-33.765278,151.117806,o3,ppm,0.029
7426,25235,Macquarie Park-7426,2020-01-18T14:00:00+11:00,-33.765278,151.117806,o3,ppm,0.032
7426,25235,Macquarie Park-7426,2020-01-18T15:00:00+11:00,-33.765278,151.117806,o3,ppm,0.034
7426,25235,Macquarie Park-7426,2020-01-18T16:00:00+11:00,-33.765278,151.117806,o3,ppm,0.031
7426,25235,Macquarie Park-7426,2020-01-18T17:00:00+11:00,-33.765278,151.117806,o3,ppm,0.028
7426,25235,Macquarie Park-7426,2020-01-18T18:00:00+11:00,-33.765278,151.117806,o3,ppm,0.023
7426,25235,Macquarie Park-7426,2020-01-18T19:00:00+11:00,-33.765278,151.117806,o3,ppm,0.02
7426,25235,Macquarie Park-7426,2020-01-18T20:00:00+11:00,-33.765278,151.117806,o3,ppm,0.016
7426,25235,Macquarie Park-7426,2020-01-18T21:00:00+11:00,-33.765278,151.117806,o3,ppm,0.006
7426,25235,Macquarie Park-7426,2020-01-18T22:00:00+11:00,-33.765278,151.117806,o3,ppm,0.004
7426,25235,Macquarie Park-7426,2020-01-18T23:00:00+11:00,-33.765278,151.117806,o3,ppm,0.004
7426,21608,Macquarie Park-7426,2020-01-19T01:00:00+11:00,-33.765278,151.117806,pm10,µg/m³,22.3
7426,21608,Macquarie Park-7426,2020-01-19T02:00:00+11:00,-33.765278,151.117806,pm10,µg/m³,21.6
7426,21608,Macquarie Park-7426,2020-01-19T03:00:00+11:00,-33.765278,151.117806,pm10,µg/m³,20.6
7426,21608,Macquarie Park-7426,2020-01-19T04:00:00+11:00,-33.765278,151.117806,pm10,µg/m³,20.1
7426,21608,Macquarie Park-7426,2020-01-19T06:00:00+11:00,-33.765278,151.117806,pm10,µg/m³,19.3
7426,21608,Macquarie Park-7426,2020-01-19T07:00:00+11:00,-33.765278,151.117806,pm10,µg/m³,19.4
7426,21608,Macquarie Park-7426,2020-01-19T08:00:00+11:00,-33.765278,151.117806,pm10,µg/m³,18.6
7426,21608,Macquarie Park-7426,2020-01-19T09:00:00+11:00,-33.765278,151.117806,pm10,µg/m³,18.6
7426,21608,Macquarie Park-7426,2020-01-19T10:00:00+11:00,-33.765278,151.117806,pm10,µg/m³,18.7
7426,21608,Macquarie Park-7426,2020-01-19T11:00:00+11:00,-33.765278,151.117806,pm10,µg/m³,18.5
7426,21608,Macquarie Park-7426,2020-01-19T12:00:00+11:00,-33.765278,151.117806,pm10,µg/m³,18.2
7426,21608,Macquarie Park-7426,2020-01-19T13:00:00+11:00,-33.765278,151.117806,pm10,µg/m³,17.5
7426,21608,Macquarie Park-7426,2020-01-19T14:00:00+11:00,-33.765278,151.117806,pm10,µg/m³,16.8
7426,21608,Macquarie Park-7426,2020-01-19T15:00:00+11:00,-33.765278,151.117806,pm10,µg/m³,16.7
7426,21608,Macquarie Park-7426,2020-01-19T16:00:00+11:00,-33.765278,151.117806,pm10,µg/m³,16.6
7426,21608,Macquarie Park-7426,2020-01-19T17:00:00+11:00,-33.765278,151.117806,pm10,µg/m³,16.5
7426,21608,Macquarie Park-7426,2020-01-19T18:00:00+11:00,-33.765278,151.117806,pm10,µg/m³,16.5
7426,21608,Macquarie Park-7426,2020-01-19T19:00:00+11:00,-33.765278,151.117806,pm10,µg/m³,16.4
7426,21608,Macquarie Park-7426,2020-01-19T20:00:00+11:00,-33.765278,151.117806,pm10,µg/m³,15.5
7426,21608,Macquarie Park-7426,2020-01-19T21:00:00+11:00,-33.765278,151.117806,pm10,µg/m³,14.5
7426,21608,Macquarie Park-7426,2020-01-19T22:00:00+11:00,-33.765278,151.117806,pm10,µg/m³,14.0
7426,21608,Macquarie Park-7426,2020-01-19T23:00:00+11:00,-33.765278,151.117806,pm10,µg/m³,13.5
7426,21609,Macquarie Park-7426,2020-01-19T01:00:00+11:00,-33.765278,151.117806,pm25,µg/m³,13.9
7426,21609,Macquarie Park-7426,2020-01-19T02:00:00+11:00,-33.765278,151.117806,pm25,µg/m³,13.4
7426,21609,Macquarie Park-7426,2020-01-19T03:00:00+11:00,-33.765278,151.117806,pm25,µg/m³,12.8
7426,21609,Macquarie Park-7426,2020-01-19T04:00:00+11:00,-33.765278,151.117806,pm25,µg/m³,12.6
7426,21609,Macquarie Park-7426,2020-01-19T06:00:00+11:00,-33.765278,151.117806,pm25,µg/m³,11.8
7426,21609,Macquarie Park-7426,2020-01-19T07:00:00+11:00,-33.765278,151.117806,pm25,µg/m³,11.1
7426,21609,Macquarie Park-7426,2020-01-19T08:00:00+11:00,-33.765278,151.117806,pm25,µg/m³,10.7
7426,21609,Macquarie Park-7426,2020-01-19T09:00:00+11:00,-33.765278,151.117806,pm25,µg/m³,10.5
7426,21609,Macquarie Park-7426,2020-01-19T10:00:00+11:00,-33.765278,151.117806,pm25,µg/m³,10.5
7426,21609,Macquarie Park-7426,2020-01-19T11:00:00+11:00,-33.765278,151.117806,pm25,µg/m³,10.3
7426,21609,Macquarie Park-7426,2020-01-19T12:00:00+11:00,-33.765278,151.117806,pm25,µg/m³,10.1
7426,21609,Macquarie Park-7426,2020-01-19T13:00:00+11:00,-33.765278,151.117806,pm25,µg/m³,9.9
7426,21609,Macquarie Park-7426,2020-01-19T14:00:00+11:00,-33.765278,151.117806,pm25,µg/m³,9.7
7426,21609,Macquarie Park-7426,2020-01-19T15:00:00+11:00,-33.765278,151.117806,pm25,µg/m³,9.2
7426,21609,Macquarie Park-7426,2020-01-19T16:00:00+11:00,-33.765278,151.117806,pm25,µg/m³,8.6
7426,21609,Macquarie Park-7426,2020-01-19T17:00:00+11:00,-33.765278,151.117806,pm25,µg/m³,8.1
7426,21609,Macquarie Park-7426,2020-01-19T18:00:00+11:00,-33.765278,151.117806,pm25,µg/m³,7.8
7426,21609,Macquarie Park-7426,2020-01-19T19:00:00+11:00,-33.765278,151.117806,pm25,µg/m³,7.6
7426,21609,Macquarie Park-7426,2020-01-19T20:00:00+11:00,-33.765278,151.117806,pm25,µg/m³,7.2
7426,21609,Macquarie Park-7426,2020-01-19T21:00:00+11:00,-33.765278,151.117806,pm25,µg/m³,7.0
7426,21609,Macquarie Park-7426,2020-01-19T22:00:00+11:00,-33.765278,151.117806,pm25,µg/m³,6.8
7426,21609,Macquarie Park-7426,2020-01-19T23:00:00+11:00,-33.765278,151.117806,pm25,µg/m³,6.4
7426,28467,Macquarie Park-7426,2020-01-19T01:00:00+11:00,-33.765278,151.117806,co,ppm,0.4
7426,25234,Macquarie Park-7426,2020-01-19T01:00:00+11:00,-33.765278,151.117806,no2,ppm,0.005
7426,25234,Macquarie Park-7426,2020-01-19T03:00:00+11:00,-33.765278,151.117806,no2,ppm,0.004
7426,25234,Macquarie Park-7426,2020-01-19T04:00:00+11:00,-33.765278,151.117806,no2,ppm,0.003
7426,25234,Macquarie Park-7426,2020-01-19T06:00:00+11:00,-33.765278,151.117806,no2,ppm,0.004
7426,25234,Macquarie Park-7426,2020-01-19T07:00:00+11:00,-33.765278,151.117806,no2,ppm,0.004
7426,25234,Macquarie Park-7426,2020-01-19T08:00:00+11:00,-33.765278,151.117806,no2,ppm,0.005
7426,25234,Macquarie Park-7426,2020-01-19T09:00:00+11:00,-33.765278,151.117806,no2,ppm,0.006
7426,25234,Macquarie Park-7426,2020-01-19T10:00:00+11:00,-33.765278,151.117806,no2,ppm,0.004
7426,25234,Macquarie Park-7426,2020-01-19T11:00:00+11:00,-33.765278,151.117806,no2,ppm,0.004
7426,25234,Macquarie Park-7426,2020-01-19T12:00:00+11:00,-33.765278,151.117806,no2,ppm,0.003
7426,25234,Macquarie Park-7426,2020-01-19T13:00:00+11:00,-33.765278,151.117806,no2,ppm,0.005
7426,25234,Macquarie Park-7426,2020-01-19T14:00:00+11:00,-33.765278,151.117806,no2,ppm,0.002
7426,25234,Macquarie Park-7426,2020-01-19T15:00:00+11:00,-33.765278,151.117806,no2,ppm,0.003
7426,25234,Macquarie Park-7426,2020-01-19T16:00:00+11:00,-33.765278,151.117806,no2,ppm,0.002
7426,25234,Macquarie Park-7426,2020-01-19T17:00:00+11:00,-33.765278,151.117806,no2,ppm,0.002
7426,25234,Macquarie Park-7426,2020-01-19T18:00:00+11:00,-33.765278,151.117806,no2,ppm,0.002
7426,25234,Macquarie Park-7426,2020-01-19T19:00:00+11:00,-33.765278,151.117806,no2,ppm,0.002
7426,25234,Macquarie Park-7426,2020-01-19T20:00:00+11:00,-33.765278,151.117806,no2,ppm,0.001
7426,25234,Macquarie Park-7426,2020-01-19T21:00:00+11:00,-33.765278,151.117806,no2,ppm,0.002
7426,25234,Macquarie Park-7426,2020-01-19T22:00:00+11:00,-33.765278,151.117806,no2,ppm,0.001
7426,25234,Macquarie Park-7426,2020-01-19T23:00:00+11:00,-33.765278,151.117806,no2,ppm,0.003
7426,28467,Macquarie Park-7426,2020-01-19T02:00:00+11:00,-33.765278,151.117806,co,ppm,0.5
7426,28467,Macquarie Park-7426,2020-01-19T03:00:00+11:00,-33.765278,151.117806,co,ppm,0.5
7426,28467,Macquarie Park-7426,2020-01-19T04:00:00+11:00,-33.765278,151.117806,co,ppm,0.5
7426,25237,Macquarie Park-7426,2020-01-19T01:00:00+11:00,-33.765278,151.117806,so2,ppm,0.0
7426,25237,Macquarie Park-7426,2020-01-19T03:00:00+11:00,-33.765278,151.117806,so2,ppm,0.0
7426,25237,Macquarie Park-7426,2020-01-19T04:00:00+11:00,-33.765278,151.117806,so2,ppm,0.0
7426,25237,Macquarie Park-7426,2020-01-19T06:00:00+11:00,-33.765278,151.117806,so2,ppm,0.0
7426,25237,Macquarie Park-7426,2020-01-19T07:00:00+11:00,-33.765278,151.117806,so2,ppm,0.0
7426,25237,Macquarie Park-7426,2020-01-19T08:00:00+11:00,-33.765278,151.117806,so2,ppm,0.0
7426,25237,Macquarie Park-7426,2020-01-19T09:00:00+11:00,-33.765278,151.117806,so2,ppm,0.0
7426,25237,Macquarie Park-7426,2020-01-19T10:00:00+11:00,-33.765278,151.117806,so2,ppm,0.0
7426,25237,Macquarie Park-7426,2020-01-19T11:00:00+11:00,-33.765278,151.117806,so2,ppm,0.0
7426,25237,Macquarie Park-7426,2020-01-19T12:00:00+11:00,-33.765278,151.117806,so2,ppm,0.0
7426,25237,Macquarie Park-7426,2020-01-19T13:00:00+11:00,-33.765278,151.117806,so2,ppm,0.0
7426,25237,Macquarie Park-7426,2020-01-19T14:00:00+11:00,-33.765278,151.117806,so2,ppm,0.0
7426,25237,Macquarie Park-7426,2020-01-19T15:00:00+11:00,-33.765278,151.117806,so2,ppm,0.0
7426,25237,Macquarie Park-7426,2020-01-19T16:00:00+11:00,-33.765278,151.117806,so2,ppm,0.0
7426,25237,Macquarie Park-7426,2020-01-19T17:00:00+11:00,-33.765278,151.117806,so2,ppm,0.0
7426,25237,Macquarie Park-7426,2020-01-19T18:00:00+11:00,-33.765278,151.117806,so2,ppm,0.0
7426,25237,Macquarie Park-7426,2020-01-19T19:00:00+11:00,-33.765278,151.117806,so2,ppm,0.0
7426,25237,Macquarie Park-7426,2020-01-19T20:00:00+11:00,-33.765278,151.117806,so2,ppm,0.0
7426,25237,Macquarie Park-7426,2020-01-19T21:00:00+11:00,-33.765278,151.117806,so2,ppm,0.0
7426,25237,Macquarie Park-7426,2020-01-19T22:00:00+11:00,-33.765278,151.117806,so2,ppm,0.0
7426,25237,Macquarie Park-7426,2020-01-19T23:00:00+11:00,-33.765278,151.117806,so2,ppm,0.0
7426,28467,Macquarie Park-7426,2020-01-19T06:00:00+11:00,-33.765278,151.117806,co,ppm,0.5
7426,28467,Macquarie Park-7426,2020-01-19T07:00:00+11:00,-33.765278,151.117806,co,ppm,0.4
7426,28467,Macquarie Park-7426,2020-01-19T08:00:00+11:00,-33.765278,151.117806,co,ppm,0.4
7426,28467,Macquarie Park-7426,2020-01-19T09:00:00+11:00,-33.765278,151.117806,co,ppm,0.4
7426,28467,Macquarie Park-7426,2020-01-19T10:00:00+11:00,-33.765278,151.117806,co,ppm,0.4
7426,28467,Macquarie Park-7426,2020-01-19T11:00:00+11:00,-33.765278,151.117806,co,ppm,0.4
7426,28467,Macquarie Park-7426,2020-01-19T12:00:00+11:00,-33.765278,151.117806,co,ppm,0.4
7426,28467,Macquarie Park-7426,2020-01-19T13:00:00+11:00,-33.765278,151.117806,co,ppm,0.4
7426,28467,Macquarie Park-7426,2020-01-19T14:00:00+11:00,-33.765278,151.117806,co,ppm,0.4
7426,28467,Macquarie Park-7426,2020-01-19T15:00:00+11:00,-33.765278,151.117806,co,ppm,0.4
7426,28467,Macquarie Park-7426,2020-01-19T16:00:00+11:00,-33.765278,151.117806,co,ppm,0.4
7426,28467,Macquarie Park-7426,2020-01-19T17:00:00+11:00,-33.765278,151.117806,co,ppm,0.4
7426,28467,Macquarie Park-7426,2020-01-19T18:00:00+11:00,-33.765278,151.117806,co,ppm,0.3
7426,28467,Macquarie Park-7426,2020-01-19T19:00:00+11:00,-33.765278,151.117806,co,ppm,0.3
7426,28467,Macquarie Park-7426,2020-01-19T20:00:00+11:00,-33.765278,151.117806,co,ppm,0.3
7426,28467,Macquarie Park-7426,2020-01-19T21:00:00+11:00,-33.765278,151.117806,co,ppm,0.3
7426,28467,Macquarie Park-7426,2020-01-19T22:00:00+11:00,-33.765278,151.117806,co,ppm,0.3
7426,28467,Macquarie Park-7426,2020-01-19T23:00:00+11:00,-33.765278,151.117806,co,ppm,0.3
7426,25235,Macquarie Park-7426,2020-01-19T01:00:00+11:00,-33.765278,151.117806,o3,ppm,0.006
7426,25235,Macquarie Park-7426,2020-01-19T02:00:00+11:00,-33.765278,151.117806,o3,ppm,0.005
7426,25235,Macquarie Park-7426,2020-01-19T03:00:00+11:00,-33.765278,151.117806,o3,ppm,0.002
7426,25235,Macquarie Park-7426,2020-01-19T04:00:00+11:00,-33.765278,151.117806,o3,ppm,0.001
7426,25235,Macquarie Park-7426,2020-01-19T06:00:00+11:00,-33.765278,151.117806,o3,ppm,0.004
7426,25235,Macquarie Park-7426,2020-01-19T07:00:00+11:00,-33.765278,151.117806,o3,ppm,0.006
7426,25235,Macquarie Park-7426,2020-01-19T08:00:00+11:00,-33.765278,151.117806,o3,ppm,0.012
7426,25235,Macquarie Park-7426,2020-01-19T09:00:00+11:00,-33.765278,151.117806,o3,ppm,0.013
7426,25235,Macquarie Park-7426,2020-01-19T10:00:00+11:00,-33.765278,151.117806,o3,ppm,0.018
7426,25235,Macquarie Park-7426,2020-01-19T11:00:00+11:00,-33.765278,151.117806,o3,ppm,0.021
7426,25235,Macquarie Park-7426,2020-01-19T12:00:00+11:00,-33.765278,151.117806,o3,ppm,0.025
7426,25235,Macquarie Park-7426,2020-01-19T13:00:00+11:00,-33.765278,151.117806,o3,ppm,0.027
7426,25235,Macquarie Park-7426,2020-01-19T14:00:00+11:00,-33.765278,151.117806,o3,ppm,0.028
7426,25235,Macquarie Park-7426,2020-01-19T15:00:00+11:00,-33.765278,151.117806,o3,ppm,0.026
7426,25235,Macquarie Park-7426,2020-01-19T16:00:00+11:00,-33.765278,151.117806,o3,ppm,0.025
7426,25235,Macquarie Park-7426,2020-01-19T17:00:00+11:00,-33.765278,151.117806,o3,ppm,0.025
7426,25235,Macquarie Park-7426,2020-01-19T18:00:00+11:00,-33.765278,151.117806,o3,ppm,0.019
7426,25235,Macquarie Park-7426,2020-01-19T19:00:00+11:00,-33.765278,151.117806,o3,ppm,0.014
7426,25235,Macquarie Park-7426,2020-01-19T20:00:00+11:00,-33.765278,151.117806,o3,ppm,0.014
7426,25235,Macquarie Park-7426,2020-01-19T21:00:00+11:00,-33.765278,151.117806,o3,ppm,0.004
7426,25235,Macquarie Park-7426,2020-01-19T22:00:00+11:00,-33.765278,151.117806,o3,ppm,0.003
7426,25235,Macquarie Park-7426,2020-01-19T23:00:00+11:00,-33.765278,151.117806,o3,ppm,0.0
7426,21608,Macquarie Park-7426,2020-01-20T01:00:00+11:00,-33.765278,151.117806,pm10,µg/m³,13.2
7426,21608,Macquarie Park-7426,2020-01-20T02:00:00+11:00,-33.765278,151.117806,pm10,µg/m³,13.3
7426,21608,Macquarie Park-7426,2020-01-20T03:00:00+11:00,-33.765278,151.117806,pm10,µg/m³,13.5
7426,21608,Macquarie Park-7426,2020-01-20T04:00:00+11:00,-33.765278,151.117806,pm10,µg/m³,13.1
7426,21608,Macquarie Park-7426,2020-01-20T05:00:00+11:00,-33.765278,151.117806,pm10,µg/m³,12.7
7426,21608,Macquarie Park-7426,2020-01-20T06:00:00+11:00,-33.765278,151.117806,pm10,µg/m³,12.8
7426,21608,Macquarie Park-7426,2020-01-20T07:00:00+11:00,-33.765278,151.117806,pm10,µg/m³,13.8
7426,21608,Macquarie Park-7426,2020-01-20T08:00:00+11:00,-33.765278,151.117806,pm10,µg/m³,13.7
7426,21608,Macquarie Park-7426,2020-01-20T09:00:00+11:00,-33.765278,151.117806,pm10,µg/m³,13.3
7426,21608,Macquarie Park-7426,2020-01-20T10:00:00+11:00,-33.765278,151.117806,pm10,µg/m³,12.9
7426,21608,Macquarie Park-7426,2020-01-20T11:00:00+11:00,-33.765278,151.117806,pm10,µg/m³,12.9
7426,21608,Macquarie Park-7426,2020-01-20T12:00:00+11:00,-33.765278,151.117806,pm10,µg/m³,12.8
7426,21608,Macquarie Park-7426,2020-01-20T13:00:00+11:00,-33.765278,151.117806,pm10,µg/m³,13.8
7426,21608,Macquarie Park-7426,2020-01-20T14:00:00+11:00,-33.765278,151.117806,pm10,µg/m³,13.9
7426,21608,Macquarie Park-7426,2020-01-20T15:00:00+11:00,-33.765278,151.117806,pm10,µg/m³,15.2
7426,21608,Macquarie Park-7426,2020-01-20T16:00:00+11:00,-33.765278,151.117806,pm10,µg/m³,15.0
7426,21608,Macquarie Park-7426,2020-01-20T17:00:00+11:00,-33.765278,151.117806,pm10,µg/m³,15.3
7426,21608,Macquarie Park-7426,2020-01-20T18:00:00+11:00,-33.765278,151.117806,pm10,µg/m³,13.6
7426,21608,Macquarie Park-7426,2020-01-20T19:00:00+11:00,-33.765278,151.117806,pm10,µg/m³,13.1
7426,21608,Macquarie Park-7426,2020-01-20T20:00:00+11:00,-33.765278,151.117806,pm10,µg/m³,14.1
7426,21608,Macquarie Park-7426,2020-01-20T21:00:00+11:00,-33.765278,151.117806,pm10,µg/m³,14.7
7426,21608,Macquarie Park-7426,2020-01-20T22:00:00+11:00,-33.765278,151.117806,pm10,µg/m³,15.2
7426,21608,Macquarie Park-7426,2020-01-20T23:00:00+11:00,-33.765278,151.117806,pm10,µg/m³,15.7
7426,21609,Macquarie Park-7426,2020-01-20T01:00:00+11:00,-33.765278,151.117806,pm25,µg/m³,5.9
7426,21609,Macquarie Park-7426,2020-01-20T02:00:00+11:00,-33.765278,151.117806,pm25,µg/m³,5.6
7426,21609,Macquarie Park-7426,2020-01-20T03:00:00+11:00,-33.765278,151.117806,pm25,µg/m³,5.5
7426,21609,Macquarie Park-7426,2020-01-20T04:00:00+11:00,-33.765278,151.117806,pm25,µg/m³,5.2
7426,21609,Macquarie Park-7426,2020-01-20T05:00:00+11:00,-33.765278,151.117806,pm25,µg/m³,5.2
7426,21609,Macquarie Park-7426,2020-01-20T06:00:00+11:00,-33.765278,151.117806,pm25,µg/m³,5.4
7426,21609,Macquarie Park-7426,2020-01-20T07:00:00+11:00,-33.765278,151.117806,pm25,µg/m³,5.3
7426,21609,Macquarie Park-7426,2020-01-20T08:00:00+11:00,-33.765278,151.117806,pm25,µg/m³,5.1
7426,21609,Macquarie Park-7426,2020-01-20T09:00:00+11:00,-33.765278,151.117806,pm25,µg/m³,4.7
7426,21609,Macquarie Park-7426,2020-01-20T10:00:00+11:00,-33.765278,151.117806,pm25,µg/m³,4.3
7426,21609,Macquarie Park-7426,2020-01-20T11:00:00+11:00,-33.765278,151.117806,pm25,µg/m³,4.4
7426,21609,Macquarie Park-7426,2020-01-20T12:00:00+11:00,-33.765278,151.117806,pm25,µg/m³,4.5
7426,21609,Macquarie Park-7426,2020-01-20T13:00:00+11:00,-33.765278,151.117806,pm25,µg/m³,4.9
7426,21609,Macquarie Park-7426,2020-01-20T14:00:00+11:00,-33.765278,151.117806,pm25,µg/m³,4.7
7426,21609,Macquarie Park-7426,2020-01-20T15:00:00+11:00,-33.765278,151.117806,pm25,µg/m³,4.7
7426,21609,Macquarie Park-7426,2020-01-20T16:00:00+11:00,-33.765278,151.117806,pm25,µg/m³,4.4
7426,21609,Macquarie Park-7426,2020-01-20T17:00:00+11:00,-33.765278,151.117806,pm25,µg/m³,4.5
7426,21609,Macquarie Park-7426,2020-01-20T18:00:00+11:00,-33.765278,151.117806,pm25,µg/m³,4.9
7426,21609,Macquarie Park-7426,2020-01-20T19:00:00+11:00,-33.765278,151.117806,pm25,µg/m³,5.6
7426,21609,Macquarie Park-7426,2020-01-20T20:00:00+11:00,-33.765278,151.117806,pm25,µg/m³,5.6
7426,21609,Macquarie Park-7426,2020-01-20T21:00:00+11:00,-33.765278,151.117806,pm25,µg/m³,5.6
7426,21609,Macquarie Park-7426,2020-01-20T22:00:00+11:00,-33.765278,151.117806,pm25,µg/m³,5.8
7426,21609,Macquarie Park-7426,2020-01-20T23:00:00+11:00,-33.765278,151.117806,pm25,µg/m³,6.2
7426,25234,Macquarie Park-7426,2020-01-20T01:00:00+11:00,-33.765278,151.117806,no2,ppm,0.002
7426,25234,Macquarie Park-7426,2020-01-20T03:00:00+11:00,-33.765278,151.117806,no2,ppm,0.004
7426,25234,Macquarie Park-7426,2020-01-20T04:00:00+11:00,-33.765278,151.117806,no2,ppm,0.004
7426,25234,Macquarie Park-7426,2020-01-20T05:00:00+11:00,-33.765278,151.117806,no2,ppm,0.003
7426,25234,Macquarie Park-7426,2020-01-20T06:00:00+11:00,-33.765278,151.117806,no2,ppm,0.002
7426,25234,Macquarie Park-7426,2020-01-20T07:00:00+11:00,-33.765278,151.117806,no2,ppm,0.005
7426,25234,Macquarie Park-7426,2020-01-20T08:00:00+11:00,-33.765278,151.117806,no2,ppm,0.001
7426,25234,Macquarie Park-7426,2020-01-20T09:00:00+11:00,-33.765278,151.117806,no2,ppm,0.007
7426,25234,Macquarie Park-7426,2020-01-20T10:00:00+11:00,-33.765278,151.117806,no2,ppm,0.006
7426,25234,Macquarie Park-7426,2020-01-20T11:00:00+11:00,-33.765278,151.117806,no2,ppm,0.01
7426,25234,Macquarie Park-7426,2020-01-20T12:00:00+11:00,-33.765278,151.117806,no2,ppm,0.006
7426,25234,Macquarie Park-7426,2020-01-20T13:00:00+11:00,-33.765278,151.117806,no2,ppm,0.002
7426,25234,Macquarie Park-7426,2020-01-20T14:00:00+11:00,-33.765278,151.117806,no2,ppm,0.002
7426,25234,Macquarie Park-7426,2020-01-20T15:00:00+11:00,-33.765278,151.117806,no2,ppm,0.001
7426,25234,Macquarie Park-7426,2020-01-20T16:00:00+11:00,-33.765278,151.117806,no2,ppm,0.001
7426,25234,Macquarie Park-7426,2020-01-20T17:00:00+11:00,-33.765278,151.117806,no2,ppm,0.003
7426,25234,Macquarie Park-7426,2020-01-20T18:00:00+11:00,-33.765278,151.117806,no2,ppm,0.005
7426,25234,Macquarie Park-7426,2020-01-20T19:00:00+11:00,-33.765278,151.117806,no2,ppm,0.007
7426,25234,Macquarie Park-7426,2020-01-20T20:00:00+11:00,-33.765278,151.117806,no2,ppm,0.01
7426,25234,Macquarie Park-7426,2020-01-20T21:00:00+11:00,-33.765278,151.117806,no2,ppm,0.01
7426,25234,Macquarie Park-7426,2020-01-20T22:00:00+11:00,-33.765278,151.117806,no2,ppm,0.008
7426,25234,Macquarie Park-7426,2020-01-20T23:00:00+11:00,-33.765278,151.117806,no2,ppm,0.006
7426,28467,Macquarie Park-7426,2020-01-20T01:00:00+11:00,-33.765278,151.117806,co,ppm,0.3
7426,28467,Macquarie Park-7426,2020-01-20T02:00:00+11:00,-33.765278,151.117806,co,ppm,0.3
7426,28467,Macquarie Park-7426,2020-01-20T03:00:00+11:00,-33.765278,151.117806,co,ppm,0.3
7426,28467,Macquarie Park-7426,2020-01-20T04:00:00+11:00,-33.765278,151.117806,co,ppm,0.3
7426,28467,Macquarie Park-7426,2020-01-20T05:00:00+11:00,-33.765278,151.117806,co,ppm,0.3
7426,28467,Macquarie Park-7426,2020-01-20T06:00:00+11:00,-33.765278,151.117806,co,ppm,0.4
7426,28467,Macquarie Park-7426,2020-01-20T07:00:00+11:00,-33.765278,151.117806,co,ppm,0.4
7426,28467,Macquarie Park-7426,2020-01-20T08:00:00+11:00,-33.765278,151.117806,co,ppm,0.4
7426,28467,Macquarie Park-7426,2020-01-20T09:00:00+11:00,-33.765278,151.117806,co,ppm,0.4
7426,28467,Macquarie Park-7426,2020-01-20T10:00:00+11:00,-33.765278,151.117806,co,ppm,0.4
7426,28467,Macquarie Park-7426,2020-01-20T11:00:00+11:00,-33.765278,151.117806,co,ppm,0.4
7426,28467,Macquarie Park-7426,2020-01-20T12:00:00+11:00,-33.765278,151.117806,co,ppm,0.3
7426,28467,Macquarie Park-7426,2020-01-20T13:00:00+11:00,-33.765278,151.117806,co,ppm,0.3
7426,28467,Macquarie Park-7426,2020-01-20T14:00:00+11:00,-33.765278,151.117806,co,ppm,0.3
7426,28467,Macquarie Park-7426,2020-01-20T15:00:00+11:00,-33.765278,151.117806,co,ppm,0.3
7426,28467,Macquarie Park-7426,2020-01-20T16:00:00+11:00,-33.765278,151.117806,co,ppm,0.3
7426,28467,Macquarie Park-7426,2020-01-20T17:00:00+11:00,-33.765278,151.117806,co,ppm,0.3
7426,28467,Macquarie Park-7426,2020-01-20T18:00:00+11:00,-33.765278,151.117806,co,ppm,0.3
7426,28467,Macquarie Park-7426,2020-01-20T19:00:00+11:00,-33.765278,151.117806,co,ppm,0.3
7426,28467,Macquarie Park-7426,2020-01-20T20:00:00+11:00,-33.765278,151.117806,co,ppm,0.3
7426,28467,Macquarie Park-7426,2020-01-20T21:00:00+11:00,-33.765278,151.117806,co,ppm,0.3
7426,28467,Macquarie Park-7426,2020-01-20T22:00:00+11:00,-33.765278,151.117806,co,ppm,0.3
7426,28467,Macquarie Park-7426,2020-01-20T23:00:00+11:00,-33.765278,151.117806,co,ppm,0.3
7426,25237,Macquarie Park-7426,2020-01-20T01:00:00+11:00,-33.765278,151.117806,so2,ppm,0.0
7426,25237,Macquarie Park-7426,2020-01-20T03:00:00+11:00,-33.765278,151.117806,so2,ppm,0.0
7426,25237,Macquarie Park-7426,2020-01-20T04:00:00+11:00,-33.765278,151.117806,so2,ppm,0.0
7426,25237,Macquarie Park-7426,2020-01-20T05:00:00+11:00,-33.765278,151.117806,so2,ppm,0.0
7426,25237,Macquarie Park-7426,2020-01-20T06:00:00+11:00,-33.765278,151.117806,so2,ppm,0.0
7426,25237,Macquarie Park-7426,2020-01-20T07:00:00+11:00,-33.765278,151.117806,so2,ppm,0.0
7426,25237,Macquarie Park-7426,2020-01-20T08:00:00+11:00,-33.765278,151.117806,so2,ppm,0.0
7426,25237,Macquarie Park-7426,2020-01-20T09:00:00+11:00,-33.765278,151.117806,so2,ppm,0.009
7426,25237,Macquarie Park-7426,2020-01-20T10:00:00+11:00,-33.765278,151.117806,so2,ppm,0.009
7426,25237,Macquarie Park-7426,2020-01-20T11:00:00+11:00,-33.765278,151.117806,so2,ppm,0.015
7426,25237,Macquarie Park-7426,2020-01-20T12:00:00+11:00,-33.765278,151.117806,so2,ppm,0.011
7426,25237,Macquarie Park-7426,2020-01-20T13:00:00+11:00,-33.765278,151.117806,so2,ppm,0.004
7426,25237,Macquarie Park-7426,2020-01-20T14:00:00+11:00,-33.765278,151.117806,so2,ppm,0.002
7426,25237,Macquarie Park-7426,2020-01-20T15:00:00+11:00,-33.765278,151.117806,so2,ppm,0.001
7426,25237,Macquarie Park-7426,2020-01-20T16:00:00+11:00,-33.765278,151.117806,so2,ppm,0.001
7426,25237,Macquarie Park-7426,2020-01-20T17:00:00+11:00,-33.765278,151.117806,so2,ppm,0.0
7426,25237,Macquarie Park-7426,2020-01-20T18:00:00+11:00,-33.765278,151.117806,so2,ppm,0.0
7426,25237,Macquarie Park-7426,2020-01-20T19:00:00+11:00,-33.765278,151.117806,so2,ppm,0.0
7426,25237,Macquarie Park-7426,2020-01-20T20:00:00+11:00,-33.765278,151.117806,so2,ppm,0.001
7426,25237,Macquarie Park-7426,2020-01-20T21:00:00+11:00,-33.765278,151.117806,so2,ppm,0.0
7426,25237,Macquarie Park-7426,2020-01-20T22:00:00+11:00,-33.765278,151.117806,so2,ppm,0.0
7426,25237,Macquarie Park-7426,2020-01-20T23:00:00+11:00,-33.765278,151.117806,so2,ppm,0.0
7426,25235,Macquarie Park-7426,2020-01-20T01:00:00+11:00,-33.765278,151.117806,o3,ppm,0.001
7426,25235,Macquarie Park-7426,2020-01-20T02:00:00+11:00,-33.765278,151.117806,o3,ppm,0.0
7426,25235,Macquarie Park-7426,2020-01-20T03:00:00+11:00,-33.765278,151.117806,o3,ppm,0.006
7426,25235,Macquarie Park-7426,2020-01-20T04:00:00+11:00,-33.765278,151.117806,o3,ppm,0.003
7426,25235,Macquarie Park-7426,2020-01-20T05:00:00+11:00,-33.765278,151.117806,o3,ppm,0.002
7426,25235,Macquarie Park-7426,2020-01-20T06:00:00+11:00,-33.765278,151.117806,o3,ppm,0.002
7426,25235,Macquarie Park-7426,2020-01-20T07:00:00+11:00,-33.765278,151.117806,o3,ppm,0.007
7426,25235,Macquarie Park-7426,2020-01-20T08:00:00+11:00,-33.765278,151.117806,o3,ppm,0.019
7426,25235,Macquarie Park-7426,2020-01-20T09:00:00+11:00,-33.765278,151.117806,o3,ppm,0.019
7426,25235,Macquarie Park-7426,2020-01-20T10:00:00+11:00,-33.765278,151.117806,o3,ppm,0.022
7426,25235,Macquarie Park-7426,2020-01-20T11:00:00+11:00,-33.765278,151.117806,o3,ppm,0.021
7426,25235,Macquarie Park-7426,2020-01-20T12:00:00+11:00,-33.765278,151.117806,o3,ppm,0.034
7426,25235,Macquarie Park-7426,2020-01-20T13:00:00+11:00,-33.765278,151.117806,o3,ppm,0.046
7426,25235,Macquarie Park-7426,2020-01-20T14:00:00+11:00,-33.765278,151.117806,o3,ppm,0.036
7426,25235,Macquarie Park-7426,2020-01-20T15:00:00+11:00,-33.765278,151.117806,o3,ppm,0.032
7426,25235,Macquarie Park-7426,2020-01-20T16:00:00+11:00,-33.765278,151.117806,o3,ppm,0.036
7426,25235,Macquarie Park-7426,2020-01-20T17:00:00+11:00,-33.765278,151.117806,o3,ppm,0.041
7426,25235,Macquarie Park-7426,2020-01-20T18:00:00+11:00,-33.765278,151.117806,o3,ppm,0.043
7426,25235,Macquarie Park-7426,2020-01-20T19:00:00+11:00,-33.765278,151.117806,o3,ppm,0.038
7426,25235,Macquarie Park-7426,2020-01-20T20:00:00+11:00,-33.765278,151.117806,o3,ppm,0.031
7426,25235,Macquarie Park-7426,2020-01-20T21:00:00+11:00,-33.765278,151.117806,o3,ppm,0.023
7426,25235,Macquarie Park-7426,2020-01-20T22:00:00+11:00,-33.765278,151.117806,o3,ppm,0.031
7426,21608,Macquarie Park-7426,2020-01-21T01:00:00+11:00,-33.765278,151.117806,pm10,µg/m³,16.1
7426,21608,Macquarie Park-7426,2020-01-21T02:00:00+11:00,-33.765278,151.117806,pm10,µg/m³,16.1
7426,21608,Macquarie Park-7426,2020-01-21T03:00:00+11:00,-33.765278,151.117806,pm10,µg/m³,16.1
7426,21608,Macquarie Park-7426,2020-01-21T04:00:00+11:00,-33.765278,151.117806,pm10,µg/m³,16.8
7426,21608,Macquarie Park-7426,2020-01-21T05:00:00+11:00,-33.765278,151.117806,pm10,µg/m³,17.6
7426,21608,Macquarie Park-7426,2020-01-21T06:00:00+11:00,-33.765278,151.117806,pm10,µg/m³,18.1
7426,21608,Macquarie Park-7426,2020-01-21T07:00:00+11:00,-33.765278,151.117806,pm10,µg/m³,16.5
7426,21608,Macquarie Park-7426,2020-01-21T08:00:00+11:00,-33.765278,151.117806,pm10,µg/m³,17.7
7426,21608,Macquarie Park-7426,2020-01-21T09:00:00+11:00,-33.765278,151.117806,pm10,µg/m³,18.4
7426,21608,Macquarie Park-7426,2020-01-21T10:00:00+11:00,-33.765278,151.117806,pm10,µg/m³,18.8
7426,21608,Macquarie Park-7426,2020-01-21T11:00:00+11:00,-33.765278,151.117806,pm10,µg/m³,18.8
7426,21608,Macquarie Park-7426,2020-01-21T12:00:00+11:00,-33.765278,151.117806,pm10,µg/m³,19.0
7426,21608,Macquarie Park-7426,2020-01-21T13:00:00+11:00,-33.765278,151.117806,pm10,µg/m³,18.1
7426,21608,Macquarie Park-7426,2020-01-21T14:00:00+11:00,-33.765278,151.117806,pm10,µg/m³,18.3
7426,21608,Macquarie Park-7426,2020-01-21T15:00:00+11:00,-33.765278,151.117806,pm10,µg/m³,17.2
7426,21608,Macquarie Park-7426,2020-01-21T16:00:00+11:00,-33.765278,151.117806,pm10,µg/m³,16.7
7426,21608,Macquarie Park-7426,2020-01-21T17:00:00+11:00,-33.765278,151.117806,pm10,µg/m³,17.1
7426,21608,Macquarie Park-7426,2020-01-21T18:00:00+11:00,-33.765278,151.117806,pm10,µg/m³,18.5
7426,21608,Macquarie Park-7426,2020-01-21T19:00:00+11:00,-33.765278,151.117806,pm10,µg/m³,19.8
7426,21608,Macquarie Park-7426,2020-01-21T20:00:00+11:00,-33.765278,151.117806,pm10,µg/m³,19.6
7426,21608,Macquarie Park-7426,2020-01-21T21:00:00+11:00,-33.765278,151.117806,pm10,µg/m³,19.6
7426,21608,Macquarie Park-7426,2020-01-21T22:00:00+11:00,-33.765278,151.117806,pm10,µg/m³,19.5
7426,21608,Macquarie Park-7426,2020-01-21T23:00:00+11:00,-33.765278,151.117806,pm10,µg/m³,19.3
7426,21609,Macquarie Park-7426,2020-01-21T01:00:00+11:00,-33.765278,151.117806,pm25,µg/m³,7.2
7426,21609,Macquarie Park-7426,2020-01-21T02:00:00+11:00,-33.765278,151.117806,pm25,µg/m³,7.5
7426,21609,Macquarie Park-7426,2020-01-21T03:00:00+11:00,-33.765278,151.117806,pm25,µg/m³,7.5
7426,21609,Macquarie Park-7426,2020-01-21T04:00:00+11:00,-33.765278,151.117806,pm25,µg/m³,8.1
7426,21609,Macquarie Park-7426,2020-01-21T05:00:00+11:00,-33.765278,151.117806,pm25,µg/m³,8.1
7426,21609,Macquarie Park-7426,2020-01-21T06:00:00+11:00,-33.765278,151.117806,pm25,µg/m³,8.4
7426,21609,Macquarie Park-7426,2020-01-21T07:00:00+11:00,-33.765278,151.117806,pm25,µg/m³,9.0
7426,21609,Macquarie Park-7426,2020-01-21T08:00:00+11:00,-33.765278,151.117806,pm25,µg/m³,9.6
7426,21609,Macquarie Park-7426,2020-01-21T09:00:00+11:00,-33.765278,151.117806,pm25,µg/m³,10.3
7426,21609,Macquarie Park-7426,2020-01-21T10:00:00+11:00,-33.765278,151.117806,pm25,µg/m³,10.4
7426,21609,Macquarie Park-7426,2020-01-21T11:00:00+11:00,-33.765278,151.117806,pm25,µg/m³,10.2
7426,21609,Macquarie Park-7426,2020-01-21T12:00:00+11:00,-33.765278,151.117806,pm25,µg/m³,10.1
7426,21609,Macquarie Park-7426,2020-01-21T13:00:00+11:00,-33.765278,151.117806,pm25,µg/m³,9.6
7426,21609,Macquarie Park-7426,2020-01-21T14:00:00+11:00,-33.765278,151.117806,pm25,µg/m³,9.5
7426,21609,Macquarie Park-7426,2020-01-21T15:00:00+11:00,-33.765278,151.117806,pm25,µg/m³,9.2
7426,21609,Macquarie Park-7426,2020-01-21T16:00:00+11:00,-33.765278,151.117806,pm25,µg/m³,9.6
7426,21609,Macquarie Park-7426,2020-01-21T17:00:00+11:00,-33.765278,151.117806,pm25,µg/m³,9.5
7426,21609,Macquarie Park-7426,2020-01-21T18:00:00+11:00,-33.765278,151.117806,pm25,µg/m³,9.0
7426,21609,Macquarie Park-7426,2020-01-21T19:00:00+11:00,-33.765278,151.117806,pm25,µg/m³,8.3
7426,21609,Macquarie Park-7426,2020-01-21T20:00:00+11:00,-33.765278,151.117806,pm25,µg/m³,8.3
7426,21609,Macquarie Park-7426,2020-01-21T21:00:00+11:00,-33.765278,151.117806,pm25,µg/m³,8.4
7426,21609,Macquarie Park-7426,2020-01-21T22:00:00+11:00,-33.765278,151.117806,pm25,µg/m³,8.2
7426,21609,Macquarie Park-7426,2020-01-21T23:00:00+11:00,-33.765278,151.117806,pm25,µg/m³,7.9
7426,25234,Macquarie Park-7426,2020-01-21T01:00:00+11:00,-33.765278,151.117806,no2,ppm,0.007
7426,25234,Macquarie Park-7426,2020-01-21T03:00:00+11:00,-33.765278,151.117806,no2,ppm,0.006
7426,25234,Macquarie Park-7426,2020-01-21T04:00:00+11:00,-33.765278,151.117806,no2,ppm,0.004
7426,25234,Macquarie Park-7426,2020-01-21T05:00:00+11:00,-33.765278,151.117806,no2,ppm,0.005
7426,25234,Macquarie Park-7426,2020-01-21T06:00:00+11:00,-33.765278,151.117806,no2,ppm,0.006
7426,25234,Macquarie Park-7426,2020-01-21T07:00:00+11:00,-33.765278,151.117806,no2,ppm,0.009
7426,25234,Macquarie Park-7426,2020-01-21T08:00:00+11:00,-33.765278,151.117806,no2,ppm,0.004
7426,25234,Macquarie Park-7426,2020-01-21T09:00:00+11:00,-33.765278,151.117806,no2,ppm,0.003
7426,25234,Macquarie Park-7426,2020-01-21T10:00:00+11:00,-33.765278,151.117806,no2,ppm,0.005
7426,25234,Macquarie Park-7426,2020-01-21T11:00:00+11:00,-33.765278,151.117806,no2,ppm,0.004
7426,25234,Macquarie Park-7426,2020-01-21T12:00:00+11:00,-33.765278,151.117806,no2,ppm,0.003
7426,25234,Macquarie Park-7426,2020-01-21T13:00:00+11:00,-33.765278,151.117806,no2,ppm,0.003
7426,25234,Macquarie Park-7426,2020-01-21T14:00:00+11:00,-33.765278,151.117806,no2,ppm,0.003
7426,25234,Macquarie Park-7426,2020-01-21T15:00:00+11:00,-33.765278,151.117806,no2,ppm,0.002
7426,25234,Macquarie Park-7426,2020-01-21T16:00:00+11:00,-33.765278,151.117806,no2,ppm,0.001
7426,25234,Macquarie Park-7426,2020-01-21T17:00:00+11:00,-33.765278,151.117806,no2,ppm,0.001
7426,25234,Macquarie Park-7426,2020-01-21T18:00:00+11:00,-33.765278,151.117806,no2,ppm,0.0
7426,25234,Macquarie Park-7426,2020-01-21T19:00:00+11:00,-33.765278,151.117806,no2,ppm,0.001
7426,25234,Macquarie Park-7426,2020-01-21T20:00:00+11:00,-33.765278,151.117806,no2,ppm,0.001
7426,25234,Macquarie Park-7426,2020-01-21T21:00:00+11:00,-33.765278,151.117806,no2,ppm,0.002
7426,25234,Macquarie Park-7426,2020-01-21T22:00:00+11:00,-33.765278,151.117806,no2,ppm,0.004
7426,25234,Macquarie Park-7426,2020-01-21T23:00:00+11:00,-33.765278,151.117806,no2,ppm,0.005
7426,28467,Macquarie Park-7426,2020-01-21T01:00:00+11:00,-33.765278,151.117806,co,ppm,0.3
7426,28467,Macquarie Park-7426,2020-01-21T02:00:00+11:00,-33.765278,151.117806,co,ppm,0.3
7426,28467,Macquarie Park-7426,2020-01-21T03:00:00+11:00,-33.765278,151.117806,co,ppm,0.3
7426,28467,Macquarie Park-7426,2020-01-21T04:00:00+11:00,-33.765278,151.117806,co,ppm,0.3
7426,28467,Macquarie Park-7426,2020-01-21T05:00:00+11:00,-33.765278,151.117806,co,ppm,0.3
7426,28467,Macquarie Park-7426,2020-01-21T06:00:00+11:00,-33.765278,151.117806,co,ppm,0.3
7426,28467,Macquarie Park-7426,2020-01-21T07:00:00+11:00,-33.765278,151.117806,co,ppm,0.3
7426,28467,Macquarie Park-7426,2020-01-21T08:00:00+11:00,-33.765278,151.117806,co,ppm,0.3
7426,28467,Macquarie Park-7426,2020-01-21T09:00:00+11:00,-33.765278,151.117806,co,ppm,0.3
7426,28467,Macquarie Park-7426,2020-01-21T10:00:00+11:00,-33.765278,151.117806,co,ppm,0.3
7426,28467,Macquarie Park-7426,2020-01-21T11:00:00+11:00,-33.765278,151.117806,co,ppm,0.3
7426,28467,Macquarie Park-7426,2020-01-21T12:00:00+11:00,-33.765278,151.117806,co,ppm,0.3
7426,28467,Macquarie Park-7426,2020-01-21T13:00:00+11:00,-33.765278,151.117806,co,ppm,0.3
7426,28467,Macquarie Park-7426,2020-01-21T14:00:00+11:00,-33.765278,151.117806,co,ppm,0.3
7426,28467,Macquarie Park-7426,2020-01-21T15:00:00+11:00,-33.765278,151.117806,co,ppm,0.2
7426,28467,Macquarie Park-7426,2020-01-21T16:00:00+11:00,-33.765278,151.117806,co,ppm,0.2
7426,28467,Macquarie Park-7426,2020-01-21T17:00:00+11:00,-33.765278,151.117806,co,ppm,0.2
7426,28467,Macquarie Park-7426,2020-01-21T18:00:00+11:00,-33.765278,151.117806,co,ppm,0.2
7426,28467,Macquarie Park-7426,2020-01-21T19:00:00+11:00,-33.765278,151.117806,co,ppm,0.2
7426,28467,Macquarie Park-7426,2020-01-21T20:00:00+11:00,-33.765278,151.117806,co,ppm,0.2
7426,28467,Macquarie Park-7426,2020-01-21T21:00:00+11:00,-33.765278,151.117806,co,ppm,0.2
7426,28467,Macquarie Park-7426,2020-01-21T22:00:00+11:00,-33.765278,151.117806,co,ppm,0.3
7426,28467,Macquarie Park-7426,2020-01-21T23:00:00+11:00,-33.765278,151.117806,co,ppm,0.3
7426,25237,Macquarie Park-7426,2020-01-21T01:00:00+11:00,-33.765278,151.117806,so2,ppm,0.0
7426,25237,Macquarie Park-7426,2020-01-21T03:00:00+11:00,-33.765278,151.117806,so2,ppm,0.0
7426,25237,Macquarie Park-7426,2020-01-21T04:00:00+11:00,-33.765278,151.117806,so2,ppm,0.0
7426,25237,Macquarie Park-7426,2020-01-21T05:00:00+11:00,-33.765278,151.117806,so2,ppm,0.0
7426,25237,Macquarie Park-7426,2020-01-21T06:00:00+11:00,-33.765278,151.117806,so2,ppm,0.0
7426,25237,Macquarie Park-7426,2020-01-21T07:00:00+11:00,-33.765278,151.117806,so2,ppm,0.0
7426,25237,Macquarie Park-7426,2020-01-21T08:00:00+11:00,-33.765278,151.117806,so2,ppm,0.001
7426,25237,Macquarie Park-7426,2020-01-21T09:00:00+11:00,-33.765278,151.117806,so2,ppm,0.0
7426,25237,Macquarie Park-7426,2020-01-21T10:00:00+11:00,-33.765278,151.117806,so2,ppm,0.0
7426,25237,Macquarie Park-7426,2020-01-21T11:00:00+11:00,-33.765278,151.117806,so2,ppm,0.0
7426,25237,Macquarie Park-7426,2020-01-21T12:00:00+11:00,-33.765278,151.117806,so2,ppm,0.0
7426,25237,Macquarie Park-7426,2020-01-21T13:00:00+11:00,-33.765278,151.117806,so2,ppm,0.0
7426,25237,Macquarie Park-7426,2020-01-21T14:00:00+11:00,-33.765278,151.117806,so2,ppm,0.0
7426,25237,Macquarie Park-7426,2020-01-21T15:00:00+11:00,-33.765278,151.117806,so2,ppm,0.0
7426,25237,Macquarie Park-7426,2020-01-21T16:00:00+11:00,-33.765278,151.117806,so2,ppm,0.0
7426,25237,Macquarie Park-7426,2020-01-21T17:00:00+11:00,-33.765278,151.117806,so2,ppm,0.0
7426,25237,Macquarie Park-7426,2020-01-21T18:00:00+11:00,-33.765278,151.117806,so2,ppm,0.0
7426,25237,Macquarie Park-7426,2020-01-21T19:00:00+11:00,-33.765278,151.117806,so2,ppm,0.0
7426,25237,Macquarie Park-7426,2020-01-21T20:00:00+11:00,-33.765278,151.117806,so2,ppm,0.0
7426,25237,Macquarie Park-7426,2020-01-21T21:00:00+11:00,-33.765278,151.117806,so2,ppm,0.0
7426,25237,Macquarie Park-7426,2020-01-21T22:00:00+11:00,-33.765278,151.117806,so2,ppm,0.0
7426,25237,Macquarie Park-7426,2020-01-21T23:00:00+11:00,-33.765278,151.117806,so2,ppm,0.0
7426,21608,Macquarie Park-7426,2020-01-22T01:00:00+11:00,-33.765278,151.117806,pm10,µg/m³,18.8
7426,21608,Macquarie Park-7426,2020-01-22T02:00:00+11:00,-33.765278,151.117806,pm10,µg/m³,18.4
7426,21608,Macquarie Park-7426,2020-01-22T03:00:00+11:00,-33.765278,151.117806,pm10,µg/m³,17.9
7426,21608,Macquarie Park-7426,2020-01-22T04:00:00+11:00,-33.765278,151.117806,pm10,µg/m³,17.3
7426,21608,Macquarie Park-7426,2020-01-22T05:00:00+11:00,-33.765278,151.117806,pm10,µg/m³,16.7
7426,21608,Macquarie Park-7426,2020-01-22T06:00:00+11:00,-33.765278,151.117806,pm10,µg/m³,16.0
7426,21608,Macquarie Park-7426,2020-01-22T07:00:00+11:00,-33.765278,151.117806,pm10,µg/m³,16.9
7426,21608,Macquarie Park-7426,2020-01-22T08:00:00+11:00,-33.765278,151.117806,pm10,µg/m³,17.4
7426,21608,Macquarie Park-7426,2020-01-22T09:00:00+11:00,-33.765278,151.117806,pm10,µg/m³,18.3
7426,21608,Macquarie Park-7426,2020-01-22T10:00:00+11:00,-33.765278,151.117806,pm10,µg/m³,18.9
7426,21608,Macquarie Park-7426,2020-01-22T11:00:00+11:00,-33.765278,151.117806,pm10,µg/m³,19.7
7426,21608,Macquarie Park-7426,2020-01-22T12:00:00+11:00,-33.765278,151.117806,pm10,µg/m³,21.0
7426,21608,Macquarie Park-7426,2020-01-22T13:00:00+11:00,-33.765278,151.117806,pm10,µg/m³,23.0
7426,21608,Macquarie Park-7426,2020-01-22T14:00:00+11:00,-33.765278,151.117806,pm10,µg/m³,24.6
7426,21608,Macquarie Park-7426,2020-01-22T15:00:00+11:00,-33.765278,151.117806,pm10,µg/m³,26.2
7426,21608,Macquarie Park-7426,2020-01-22T16:00:00+11:00,-33.765278,151.117806,pm10,µg/m³,28.1
7426,21608,Macquarie Park-7426,2020-01-22T17:00:00+11:00,-33.765278,151.117806,pm10,µg/m³,28.0
7426,21608,Macquarie Park-7426,2020-01-22T18:00:00+11:00,-33.765278,151.117806,pm10,µg/m³,27.7
7426,21608,Macquarie Park-7426,2020-01-22T19:00:00+11:00,-33.765278,151.117806,pm10,µg/m³,27.8
7426,21608,Macquarie Park-7426,2020-01-22T20:00:00+11:00,-33.765278,151.117806,pm10,µg/m³,28.1
7426,21608,Macquarie Park-7426,2020-01-22T21:00:00+11:00,-33.765278,151.117806,pm10,µg/m³,27.5
7426,21608,Macquarie Park-7426,2020-01-22T22:00:00+11:00,-33.765278,151.117806,pm10,µg/m³,27.6
7426,21608,Macquarie Park-7426,2020-01-22T23:00:00+11:00,-33.765278,151.117806,pm10,µg/m³,28.3
7426,21609,Macquarie Park-7426,2020-01-22T01:00:00+11:00,-33.765278,151.117806,pm25,µg/m³,6.9
7426,21609,Macquarie Park-7426,2020-01-22T02:00:00+11:00,-33.765278,151.117806,pm25,µg/m³,6.7
7426,21609,Macquarie Park-7426,2020-01-22T03:00:00+11:00,-33.765278,151.117806,pm25,µg/m³,6.7
7426,21609,Macquarie Park-7426,2020-01-22T04:00:00+11:00,-33.765278,151.117806,pm25,µg/m³,6.3
7426,21609,Macquarie Park-7426,2020-01-22T05:00:00+11:00,-33.765278,151.117806,pm25,µg/m³,6.3
7426,21609,Macquarie Park-7426,2020-01-22T06:00:00+11:00,-33.765278,151.117806,pm25,µg/m³,6.0
7426,21609,Macquarie Park-7426,2020-01-22T07:00:00+11:00,-33.765278,151.117806,pm25,µg/m³,5.6
7426,21609,Macquarie Park-7426,2020-01-22T08:00:00+11:00,-33.765278,151.117806,pm25,µg/m³,5.5
7426,21609,Macquarie Park-7426,2020-01-22T09:00:00+11:00,-33.765278,151.117806,pm25,µg/m³,5.4
7426,21609,Macquarie Park-7426,2020-01-22T10:00:00+11:00,-33.765278,151.117806,pm25,µg/m³,5.3
7426,21609,Macquarie Park-7426,2020-01-22T11:00:00+11:00,-33.765278,151.117806,pm25,µg/m³,5.8
7426,21609,Macquarie Park-7426,2020-01-22T12:00:00+11:00,-33.765278,151.117806,pm25,µg/m³,6.0
7426,21609,Macquarie Park-7426,2020-01-22T13:00:00+11:00,-33.765278,151.117806,pm25,µg/m³,6.2
7426,21609,Macquarie Park-7426,2020-01-22T14:00:00+11:00,-33.765278,151.117806,pm25,µg/m³,7.0
7426,21609,Macquarie Park-7426,2020-01-22T15:00:00+11:00,-33.765278,151.117806,pm25,µg/m³,7.8
7426,21609,Macquarie Park-7426,2020-01-22T16:00:00+11:00,-33.765278,151.117806,pm25,µg/m³,8.2
7426,21609,Macquarie Park-7426,2020-01-22T17:00:00+11:00,-33.765278,151.117806,pm25,µg/m³,8.7
7426,21609,Macquarie Park-7426,2020-01-22T18:00:00+11:00,-33.765278,151.117806,pm25,µg/m³,8.9
7426,21609,Macquarie Park-7426,2020-01-22T19:00:00+11:00,-33.765278,151.117806,pm25,µg/m³,8.8
7426,21609,Macquarie Park-7426,2020-01-22T20:00:00+11:00,-33.765278,151.117806,pm25,µg/m³,9.1
7426,21609,Macquarie Park-7426,2020-01-22T21:00:00+11:00,-33.765278,151.117806,pm25,µg/m³,8.8
7426,21609,Macquarie Park-7426,2020-01-22T22:00:00+11:00,-33.765278,151.117806,pm25,µg/m³,8.6
7426,21609,Macquarie Park-7426,2020-01-22T23:00:00+11:00,-33.765278,151.117806,pm25,µg/m³,9.2
7426,25234,Macquarie Park-7426,2020-01-22T01:00:00+11:00,-33.765278,151.117806,no2,ppm,0.004
7426,25234,Macquarie Park-7426,2020-01-22T03:00:00+11:00,-33.765278,151.117806,no2,ppm,0.003
7426,25234,Macquarie Park-7426,2020-01-22T04:00:00+11:00,-33.765278,151.117806,no2,ppm,0.003
7426,25234,Macquarie Park-7426,2020-01-22T05:00:00+11:00,-33.765278,151.117806,no2,ppm,0.004
7426,25234,Macquarie Park-7426,2020-01-22T06:00:00+11:00,-33.765278,151.117806,no2,ppm,0.003
7426,25234,Macquarie Park-7426,2020-01-22T07:00:00+11:00,-33.765278,151.117806,no2,ppm,0.008
7426,25234,Macquarie Park-7426,2020-01-22T08:00:00+11:00,-33.765278,151.117806,no2,ppm,0.016
7426,25234,Macquarie Park-7426,2020-01-22T09:00:00+11:00,-33.765278,151.117806,no2,ppm,0.008
7426,25234,Macquarie Park-7426,2020-01-22T10:00:00+11:00,-33.765278,151.117806,no2,ppm,0.006
7426,25234,Macquarie Park-7426,2020-01-22T11:00:00+11:00,-33.765278,151.117806,no2,ppm,0.004
7426,28467,Macquarie Park-7426,2020-01-22T01:00:00+11:00,-33.765278,151.117806,co,ppm,0.3
7426,28467,Macquarie Park-7426,2020-01-22T02:00:00+11:00,-33.765278,151.117806,co,ppm,0.3
7426,28467,Macquarie Park-7426,2020-01-22T03:00:00+11:00,-33.765278,151.117806,co,ppm,0.3
7426,28467,Macquarie Park-7426,2020-01-22T04:00:00+11:00,-33.765278,151.117806,co,ppm,0.3
7426,28467,Macquarie Park-7426,2020-01-22T05:00:00+11:00,-33.765278,151.117806,co,ppm,0.3
7426,28467,Macquarie Park-7426,2020-01-22T06:00:00+11:00,-33.765278,151.117806,co,ppm,0.3
7426,28467,Macquarie Park-7426,2020-01-22T07:00:00+11:00,-33.765278,151.117806,co,ppm,0.3
7426,28467,Macquarie Park-7426,2020-01-22T08:00:00+11:00,-33.765278,151.117806,co,ppm,0.3
7426,28467,Macquarie Park-7426,2020-01-22T09:00:00+11:00,-33.765278,151.117806,co,ppm,0.3
7426,28467,Macquarie Park-7426,2020-01-22T10:00:00+11:00,-33.765278,151.117806,co,ppm,0.3
7426,28467,Macquarie Park-7426,2020-01-22T11:00:00+11:00,-33.765278,151.117806,co,ppm,0.5
7426,28467,Macquarie Park-7426,2020-01-22T12:00:00+11:00,-33.765278,151.117806,co,ppm,0.5
7426,28467,Macquarie Park-7426,2020-01-22T13:00:00+11:00,-33.765278,151.117806,co,ppm,0.6
7426,28467,Macquarie Park-7426,2020-01-22T21:00:00+11:00,-33.765278,151.117806,co,ppm,0.3
7426,28467,Macquarie Park-7426,2020-01-22T22:00:00+11:00,-33.765278,151.117806,co,ppm,0.3
7426,28467,Macquarie Park-7426,2020-01-22T23:00:00+11:00,-33.765278,151.117806,co,ppm,0.3
7426,25237,Macquarie Park-7426,2020-01-22T01:00:00+11:00,-33.765278,151.117806,so2,ppm,0.0
7426,25237,Macquarie Park-7426,2020-01-22T03:00:00+11:00,-33.765278,151.117806,so2,ppm,0.0
7426,25237,Macquarie Park-7426,2020-01-22T04:00:00+11:00,-33.765278,151.117806,so2,ppm,0.0
7426,25237,Macquarie Park-7426,2020-01-22T05:00:00+11:00,-33.765278,151.117806,so2,ppm,0.0
7426,25237,Macquarie Park-7426,2020-01-22T06:00:00+11:00,-33.765278,151.117806,so2,ppm,0.0
7426,25237,Macquarie Park-7426,2020-01-22T07:00:00+11:00,-33.765278,151.117806,so2,ppm,0.0
7426,25237,Macquarie Park-7426,2020-01-22T08:00:00+11:00,-33.765278,151.117806,so2,ppm,0.001
7426,25237,Macquarie Park-7426,2020-01-22T09:00:00+11:00,-33.765278,151.117806,so2,ppm,0.005
7426,25237,Macquarie Park-7426,2020-01-22T10:00:00+11:00,-33.765278,151.117806,so2,ppm,0.007
7426,25237,Macquarie Park-7426,2020-01-22T12:00:00+11:00,-33.765278,151.117806,so2,ppm,0.003
7426,25237,Macquarie Park-7426,2020-01-22T16:00:00+11:00,-33.765278,151.117806,so2,ppm,0.003
7426,25237,Macquarie Park-7426,2020-01-22T17:00:00+11:00,-33.765278,151.117806,so2,ppm,0.002
7426,25237,Macquarie Park-7426,2020-01-22T18:00:00+11:00,-33.765278,151.117806,so2,ppm,0.002
7426,25237,Macquarie Park-7426,2020-01-22T19:00:00+11:00,-33.765278,151.117806,so2,ppm,0.002
7426,25237,Macquarie Park-7426,2020-01-22T20:00:00+11:00,-33.765278,151.117806,so2,ppm,0.002
7426,25237,Macquarie Park-7426,2020-01-22T21:00:00+11:00,-33.765278,151.117806,so2,ppm,0.002
7426,25237,Macquarie Park-7426,2020-01-22T22:00:00+11:00,-33.765278,151.117806,so2,ppm,0.004
7426,25237,Macquarie Park-7426,2020-01-22T23:00:00+11:00,-33.765278,151.117806,so2,ppm,0.004
7426,25235,Macquarie Park-7426,2020-01-22T03:00:00+11:00,-33.765278,151.117806,o3,ppm,0.002
7426,25235,Macquarie Park-7426,2020-01-22T04:00:00+11:00,-33.765278,151.117806,o3,ppm,0.001
7426,25235,Macquarie Park-7426,2020-01-22T05:00:00+11:00,-33.765278,151.117806,o3,ppm,0.0
7426,25235,Macquarie Park-7426,2020-01-22T06:00:00+11:00,-33.765278,151.117806,o3,ppm,0.0
7426,25235,Macquarie Park-7426,2020-01-22T07:00:00+11:00,-33.765278,151.117806,o3,ppm,0.001
7426,25235,Macquarie Park-7426,2020-01-22T08:00:00+11:00,-33.765278,151.117806,o3,ppm,0.012
7426,25235,Macquarie Park-7426,2020-01-22T09:00:00+11:00,-33.765278,151.117806,o3,ppm,0.038
7426,25235,Macquarie Park-7426,2020-01-22T10:00:00+11:00,-33.765278,151.117806,o3,ppm,0.045
7426,25235,Macquarie Park-7426,2020-01-22T11:00:00+11:00,-33.765278,151.117806,o3,ppm,0.032
7426,25235,Macquarie Park-7426,2020-01-22T12:00:00+11:00,-33.765278,151.117806,o3,ppm,0.014
7426,25235,Macquarie Park-7426,2020-01-22T16:00:00+11:00,-33.765278,151.117806,o3,ppm,0.044
7426,25235,Macquarie Park-7426,2020-01-22T17:00:00+11:00,-33.765278,151.117806,o3,ppm,0.043
7426,25235,Macquarie Park-7426,2020-01-22T18:00:00+11:00,-33.765278,151.117806,o3,ppm,0.04
7426,25235,Macquarie Park-7426,2020-01-22T19:00:00+11:00,-33.765278,151.117806,o3,ppm,0.042
7426,25235,Macquarie Park-7426,2020-01-22T20:00:00+11:00,-33.765278,151.117806,o3,ppm,0.041
7426,25235,Macquarie Park-7426,2020-01-22T21:00:00+11:00,-33.765278,151.117806,o3,ppm,0.044
7426,25235,Macquarie Park-7426,2020-01-22T22:00:00+11:00,-33.765278,151.117806,o3,ppm,0.038
7426,25235,Macquarie Park-7426,2020-01-22T23:00:00+11:00,-33.765278,151.117806,o3,ppm,0.026
7426,21608,Macquarie Park-7426,2020-01-23T01:00:00+11:00,-33.765278,151.117806,pm10,µg/m³,29.3
7426,21608,Macquarie Park-7426,2020-01-23T02:00:00+11:00,-33.765278,151.117806,pm10,µg/m³,29.5
7426,21608,Macquarie Park-7426,2020-01-23T03:00:00+11:00,-33.765278,151.117806,pm10,µg/m³,29.8
7426,21608,Macquarie Park-7426,2020-01-23T04:00:00+11:00,-33.765278,151.117806,pm10,µg/m³,29.9
7426,21608,Macquarie Park-7426,2020-01-23T05:00:00+11:00,-33.765278,151.117806,pm10,µg/m³,30.2
7426,21608,Macquarie Park-7426,2020-01-23T06:00:00+11:00,-33.765278,151.117806,pm10,µg/m³,30.9
7426,21608,Macquarie Park-7426,2020-01-23T07:00:00+11:00,-33.765278,151.117806,pm10,µg/m³,32.1
7426,21608,Macquarie Park-7426,2020-01-23T08:00:00+11:00,-33.765278,151.117806,pm10,µg/m³,33.5
7426,21608,Macquarie Park-7426,2020-01-23T09:00:00+11:00,-33.765278,151.117806,pm10,µg/m³,34.2
7426,21608,Macquarie Park-7426,2020-01-23T10:00:00+11:00,-33.765278,151.117806,pm10,µg/m³,34.1
7426,21608,Macquarie Park-7426,2020-01-23T11:00:00+11:00,-33.765278,151.117806,pm10,µg/m³,33.0
7426,21608,Macquarie Park-7426,2020-01-23T12:00:00+11:00,-33.765278,151.117806,pm10,µg/m³,31.0
7426,21608,Macquarie Park-7426,2020-01-23T13:00:00+11:00,-33.765278,151.117806,pm10,µg/m³,30.1
7426,21608,Macquarie Park-7426,2020-01-23T14:00:00+11:00,-33.765278,151.117806,pm10,µg/m³,31.7
7426,21608,Macquarie Park-7426,2020-01-23T15:00:00+11:00,-33.765278,151.117806,pm10,µg/m³,37.9
7426,21608,Macquarie Park-7426,2020-01-23T16:00:00+11:00,-33.765278,151.117806,pm10,µg/m³,45.4
7426,21608,Macquarie Park-7426,2020-01-23T17:00:00+11:00,-33.765278,151.117806,pm10,µg/m³,56.8
7426,21608,Macquarie Park-7426,2020-01-23T18:00:00+11:00,-33.765278,151.117806,pm10,µg/m³,70.2
7426,21608,Macquarie Park-7426,2020-01-23T19:00:00+11:00,-33.765278,151.117806,pm10,µg/m³,99.6
7426,21608,Macquarie Park-7426,2020-01-23T20:00:00+11:00,-33.765278,151.117806,pm10,µg/m³,119.8
7426,21608,Macquarie Park-7426,2020-01-23T21:00:00+11:00,-33.765278,151.117806,pm10,µg/m³,129.4
7426,21608,Macquarie Park-7426,2020-01-23T22:00:00+11:00,-33.765278,151.117806,pm10,µg/m³,143.7
7426,21608,Macquarie Park-7426,2020-01-23T23:00:00+11:00,-33.765278,151.117806,pm10,µg/m³,145.0
7426,21609,Macquarie Park-7426,2020-01-23T01:00:00+11:00,-33.765278,151.117806,pm25,µg/m³,9.9
7426,21609,Macquarie Park-7426,2020-01-23T02:00:00+11:00,-33.765278,151.117806,pm25,µg/m³,10.1
7426,21609,Macquarie Park-7426,2020-01-23T03:00:00+11:00,-33.765278,151.117806,pm25,µg/m³,10.3
7426,21609,Macquarie Park-7426,2020-01-23T04:00:00+11:00,-33.765278,151.117806,pm25,µg/m³,10.4
7426,21609,Macquarie Park-7426,2020-01-23T05:00:00+11:00,-33.765278,151.117806,pm25,µg/m³,10.0
7426,21609,Macquarie Park-7426,2020-01-23T06:00:00+11:00,-33.765278,151.117806,pm25,µg/m³,9.7
7426,21609,Macquarie Park-7426,2020-01-23T07:00:00+11:00,-33.765278,151.117806,pm25,µg/m³,9.9
7426,21609,Macquarie Park-7426,2020-01-23T08:00:00+11:00,-33.765278,151.117806,pm25,µg/m³,9.8
7426,21609,Macquarie Park-7426,2020-01-23T09:00:00+11:00,-33.765278,151.117806,pm25,µg/m³,10.1
7426,21609,Macquarie Park-7426,2020-01-23T10:00:00+11:00,-33.765278,151.117806,pm25,µg/m³,10.4
7426,21609,Macquarie Park-7426,2020-01-23T11:00:00+11:00,-33.765278,151.117806,pm25,µg/m³,10.2
7426,21609,Macquarie Park-7426,2020-01-23T12:00:00+11:00,-33.765278,151.117806,pm25,µg/m³,9.9
7426,21609,Macquarie Park-7426,2020-01-23T13:00:00+11:00,-33.765278,151.117806,pm25,µg/m³,10.4
7426,21609,Macquarie Park-7426,2020-01-23T14:00:00+11:00,-33.765278,151.117806,pm25,µg/m³,10.6
7426,21609,Macquarie Park-7426,2020-01-23T15:00:00+11:00,-33.765278,151.117806,pm25,µg/m³,11.5
7426,21609,Macquarie Park-7426,2020-01-23T16:00:00+11:00,-33.765278,151.117806,pm25,µg/m³,12.9
7426,21609,Macquarie Park-7426,2020-01-23T17:00:00+11:00,-33.765278,151.117806,pm25,µg/m³,14.4
7426,21609,Macquarie Park-7426,2020-01-23T18:00:00+11:00,-33.765278,151.117806,pm25,µg/m³,16.1
7426,21609,Macquarie Park-7426,2020-01-23T19:00:00+11:00,-33.765278,151.117806,pm25,µg/m³,18.4
7426,21609,Macquarie Park-7426,2020-01-23T20:00:00+11:00,-33.765278,151.117806,pm25,µg/m³,18.7
7426,21609,Macquarie Park-7426,2020-01-23T21:00:00+11:00,-33.765278,151.117806,pm25,µg/m³,19.6
7426,21609,Macquarie Park-7426,2020-01-23T22:00:00+11:00,-33.765278,151.117806,pm25,µg/m³,22.3
7426,21609,Macquarie Park-7426,2020-01-23T23:00:00+11:00,-33.765278,151.117806,pm25,µg/m³,23.1
7426,25234,Macquarie Park-7426,2020-01-23T03:00:00+11:00,-33.765278,151.117806,no2,ppm,0.009
7426,25234,Macquarie Park-7426,2020-01-23T04:00:00+11:00,-33.765278,151.117806,no2,ppm,0.009
7426,25234,Macquarie Park-7426,2020-01-23T05:00:00+11:00,-33.765278,151.117806,no2,ppm,0.011
7426,25234,Macquarie Park-7426,2020-01-23T06:00:00+11:00,-33.765278,151.117806,no2,ppm,0.005
7426,25234,Macquarie Park-7426,2020-01-23T07:00:00+11:00,-33.765278,151.117806,no2,ppm,0.004
7426,25234,Macquarie Park-7426,2020-01-23T08:00:00+11:00,-33.765278,151.117806,no2,ppm,0.002
7426,25234,Macquarie Park-7426,2020-01-23T09:00:00+11:00,-33.765278,151.117806,no2,ppm,0.002
7426,25234,Macquarie Park-7426,2020-01-23T10:00:00+11:00,-33.765278,151.117806,no2,ppm,0.001
7426,25234,Macquarie Park-7426,2020-01-23T11:00:00+11:00,-33.765278,151.117806,no2,ppm,0.0
7426,25234,Macquarie Park-7426,2020-01-23T12:00:00+11:00,-33.765278,151.117806,no2,ppm,0.0
7426,25234,Macquarie Park-7426,2020-01-23T13:00:00+11:00,-33.765278,151.117806,no2,ppm,0.0
7426,25234,Macquarie Park-7426,2020-01-23T14:00:00+11:00,-33.765278,151.117806,no2,ppm,0.001
7426,25234,Macquarie Park-7426,2020-01-23T15:00:00+11:00,-33.765278,151.117806,no2,ppm,0.001
7426,25234,Macquarie Park-7426,2020-01-23T16:00:00+11:00,-33.765278,151.117806,no2,ppm,0.001
7426,25234,Macquarie Park-7426,2020-01-23T17:00:00+11:00,-33.765278,151.117806,no2,ppm,0.001
7426,25234,Macquarie Park-7426,2020-01-23T18:00:00+11:00,-33.765278,151.117806,no2,ppm,0.002
7426,25234,Macquarie Park-7426,2020-01-23T19:00:00+11:00,-33.765278,151.117806,no2,ppm,0.005
7426,25234,Macquarie Park-7426,2020-01-23T20:00:00+11:00,-33.765278,151.117806,no2,ppm,0.009
7426,25234,Macquarie Park-7426,2020-01-23T21:00:00+11:00,-33.765278,151.117806,no2,ppm,0.011
7426,25234,Macquarie Park-7426,2020-01-23T22:00:00+11:00,-33.765278,151.117806,no2,ppm,0.005
7426,25234,Macquarie Park-7426,2020-01-23T23:00:00+11:00,-33.765278,151.117806,no2,ppm,0.0
7426,28467,Macquarie Park-7426,2020-01-23T01:00:00+11:00,-33.765278,151.117806,co,ppm,0.3
7426,28467,Macquarie Park-7426,2020-01-23T02:00:00+11:00,-33.765278,151.117806,co,ppm,0.3
7426,28467,Macquarie Park-7426,2020-01-23T03:00:00+11:00,-33.765278,151.117806,co,ppm,0.3
7426,28467,Macquarie Park-7426,2020-01-23T04:00:00+11:00,-33.765278,151.117806,co,ppm,0.3
7426,28467,Macquarie Park-7426,2020-01-23T05:00:00+11:00,-33.765278,151.117806,co,ppm,0.3
7426,28467,Macquarie Park-7426,2020-01-23T06:00:00+11:00,-33.765278,151.117806,co,ppm,0.3
7426,28467,Macquarie Park-7426,2020-01-23T07:00:00+11:00,-33.765278,151.117806,co,ppm,0.3
7426,28467,Macquarie Park-7426,2020-01-23T08:00:00+11:00,-33.765278,151.117806,co,ppm,0.3
7426,28467,Macquarie Park-7426,2020-01-23T09:00:00+11:00,-33.765278,151.117806,co,ppm,0.3
7426,28467,Macquarie Park-7426,2020-01-23T10:00:00+11:00,-33.765278,151.117806,co,ppm,0.3
7426,28467,Macquarie Park-7426,2020-01-23T11:00:00+11:00,-33.765278,151.117806,co,ppm,0.3
7426,28467,Macquarie Park-7426,2020-01-23T12:00:00+11:00,-33.765278,151.117806,co,ppm,0.3
7426,28467,Macquarie Park-7426,2020-01-23T13:00:00+11:00,-33.765278,151.117806,co,ppm,0.2
7426,28467,Macquarie Park-7426,2020-01-23T14:00:00+11:00,-33.765278,151.117806,co,ppm,0.3
7426,28467,Macquarie Park-7426,2020-01-23T15:00:00+11:00,-33.765278,151.117806,co,ppm,0.3
7426,28467,Macquarie Park-7426,2020-01-23T16:00:00+11:00,-33.765278,151.117806,co,ppm,0.3
7426,28467,Macquarie Park-7426,2020-01-23T17:00:00+11:00,-33.765278,151.117806,co,ppm,0.3
7426,28467,Macquarie Park-7426,2020-01-23T18:00:00+11:00,-33.765278,151.117806,co,ppm,0.3
7426,28467,Macquarie Park-7426,2020-01-23T19:00:00+11:00,-33.765278,151.117806,co,ppm,0.3
7426,28467,Macquarie Park-7426,2020-01-23T20:00:00+11:00,-33.765278,151.117806,co,ppm,0.3
7426,28467,Macquarie Park-7426,2020-01-23T21:00:00+11:00,-33.765278,151.117806,co,ppm,0.3
7426,28467,Macquarie Park-7426,2020-01-23T22:00:00+11:00,-33.765278,151.117806,co,ppm,0.3
7426,28467,Macquarie Park-7426,2020-01-23T23:00:00+11:00,-33.765278,151.117806,co,ppm,0.3
7426,25237,Macquarie Park-7426,2020-01-23T01:00:00+11:00,-33.765278,151.117806,so2,ppm,0.004
7426,25237,Macquarie Park-7426,2020-01-23T03:00:00+11:00,-33.765278,151.117806,so2,ppm,0.002
7426,25237,Macquarie Park-7426,2020-01-23T04:00:00+11:00,-33.765278,151.117806,so2,ppm,0.001
7426,25237,Macquarie Park-7426,2020-01-23T05:00:00+11:00,-33.765278,151.117806,so2,ppm,0.0
7426,25237,Macquarie Park-7426,2020-01-23T06:00:00+11:00,-33.765278,151.117806,so2,ppm,0.0
7426,25237,Macquarie Park-7426,2020-01-23T07:00:00+11:00,-33.765278,151.117806,so2,ppm,0.0
7426,25237,Macquarie Park-7426,2020-01-23T08:00:00+11:00,-33.765278,151.117806,so2,ppm,0.0
7426,25237,Macquarie Park-7426,2020-01-23T09:00:00+11:00,-33.765278,151.117806,so2,ppm,0.0
7426,25237,Macquarie Park-7426,2020-01-23T10:00:00+11:00,-33.765278,151.117806,so2,ppm,0.0
7426,25237,Macquarie Park-7426,2020-01-23T11:00:00+11:00,-33.765278,151.117806,so2,ppm,0.0
7426,25237,Macquarie Park-7426,2020-01-23T12:00:00+11:00,-33.765278,151.117806,so2,ppm,0.0
7426,25237,Macquarie Park-7426,2020-01-23T13:00:00+11:00,-33.765278,151.117806,so2,ppm,0.0
7426,25237,Macquarie Park-7426,2020-01-23T14:00:00+11:00,-33.765278,151.117806,so2,ppm,0.0
7426,25237,Macquarie Park-7426,2020-01-23T15:00:00+11:00,-33.765278,151.117806,so2,ppm,0.0
7426,25237,Macquarie Park-7426,2020-01-23T16:00:00+11:00,-33.765278,151.117806,so2,ppm,0.0
7426,25237,Macquarie Park-7426,2020-01-23T17:00:00+11:00,-33.765278,151.117806,so2,ppm,0.0
7426,25237,Macquarie Park-7426,2020-01-23T18:00:00+11:00,-33.765278,151.117806,so2,ppm,0.0
7426,25237,Macquarie Park-7426,2020-01-23T19:00:00+11:00,-33.765278,151.117806,so2,ppm,0.0
7426,25237,Macquarie Park-7426,2020-01-23T20:00:00+11:00,-33.765278,151.117806,so2,ppm,0.0
7426,25237,Macquarie Park-7426,2020-01-23T21:00:00+11:00,-33.765278,151.117806,so2,ppm,0.0
7426,25237,Macquarie Park-7426,2020-01-23T22:00:00+11:00,-33.765278,151.117806,so2,ppm,0.0
7426,25237,Macquarie Park-7426,2020-01-23T23:00:00+11:00,-33.765278,151.117806,so2,ppm,0.0
7426,25235,Macquarie Park-7426,2020-01-23T01:00:00+11:00,-33.765278,151.117806,o3,ppm,0.008
7426,25235,Macquarie Park-7426,2020-01-23T02:00:00+11:00,-33.765278,151.117806,o3,ppm,0.016
7426,25235,Macquarie Park-7426,2020-01-23T03:00:00+11:00,-33.765278,151.117806,o3,ppm,0.005
7426,25235,Macquarie Park-7426,2020-01-23T04:00:00+11:00,-33.765278,151.117806,o3,ppm,0.005
7426,25235,Macquarie Park-7426,2020-01-23T05:00:00+11:00,-33.765278,151.117806,o3,ppm,0.005
7426,25235,Macquarie Park-7426,2020-01-23T06:00:00+11:00,-33.765278,151.117806,o3,ppm,0.03
7426,25235,Macquarie Park-7426,2020-01-23T07:00:00+11:00,-33.765278,151.117806,o3,ppm,0.031
7426,25235,Macquarie Park-7426,2020-01-23T08:00:00+11:00,-33.765278,151.117806,o3,ppm,0.038
7426,25235,Macquarie Park-7426,2020-01-23T09:00:00+11:00,-33.765278,151.117806,o3,ppm,0.045
7426,25235,Macquarie Park-7426,2020-01-23T10:00:00+11:00,-33.765278,151.117806,o3,ppm,0.05
7426,25235,Macquarie Park-7426,2020-01-23T11:00:00+11:00,-33.765278,151.117806,o3,ppm,0.05
7426,25235,Macquarie Park-7426,2020-01-23T12:00:00+11:00,-33.765278,151.117806,o3,ppm,0.046
7426,25235,Macquarie Park-7426,2020-01-23T13:00:00+11:00,-33.765278,151.117806,o3,ppm,0.05
7426,25235,Macquarie Park-7426,2020-01-23T14:00:00+11:00,-33.765278,151.117806,o3,ppm,0.06
7426,25235,Macquarie Park-7426,2020-01-23T15:00:00+11:00,-33.765278,151.117806,o3,ppm,0.063
7426,25235,Macquarie Park-7426,2020-01-23T16:00:00+11:00,-33.765278,151.117806,o3,ppm,0.058
7426,25235,Macquarie Park-7426,2020-01-23T17:00:00+11:00,-33.765278,151.117806,o3,ppm,0.052
7426,25235,Macquarie Park-7426,2020-01-23T18:00:00+11:00,-33.765278,151.117806,o3,ppm,0.048
7426,25235,Macquarie Park-7426,2020-01-23T19:00:00+11:00,-33.765278,151.117806,o3,ppm,0.029
7426,25235,Macquarie Park-7426,2020-01-23T20:00:00+11:00,-33.765278,151.117806,o3,ppm,0.024
7426,25235,Macquarie Park-7426,2020-01-23T21:00:00+11:00,-33.765278,151.117806,o3,ppm,0.021
7426,25235,Macquarie Park-7426,2020-01-23T22:00:00+11:00,-33.765278,151.117806,o3,ppm,0.031
7426,25235,Macquarie Park-7426,2020-01-23T23:00:00+11:00,-33.765278,151.117806,o3,ppm,0.037
7426,21608,Macquarie Park-7426,2020-01-24T01:00:00+11:00,-33.765278,151.117806,pm10,µg/m³,148.2
7426,21608,Macquarie Park-7426,2020-01-24T02:00:00+11:00,-33.765278,151.117806,pm10,µg/m³,150.0
7426,21608,Macquarie Park-7426,2020-01-24T03:00:00+11:00,-33.765278,151.117806,pm10,µg/m³,151.5
7426,21608,Macquarie Park-7426,2020-01-24T04:00:00+11:00,-33.765278,151.117806,pm10,µg/m³,152.4
7426,21608,Macquarie Park-7426,2020-01-24T05:00:00+11:00,-33.765278,151.117806,pm10,µg/m³,156.9
7426,21608,Macquarie Park-7426,2020-01-24T06:00:00+11:00,-33.765278,151.117806,pm10,µg/m³,161.1
7426,21608,Macquarie Park-7426,2020-01-24T07:00:00+11:00,-33.765278,151.117806,pm10,µg/m³,163.0
7426,21608,Macquarie Park-7426,2020-01-24T08:00:00+11:00,-33.765278,151.117806,pm10,µg/m³,165.0
7426,21608,Macquarie Park-7426,2020-01-24T09:00:00+11:00,-33.765278,151.117806,pm10,µg/m³,168.1
7426,21608,Macquarie Park-7426,2020-01-24T10:00:00+11:00,-33.765278,151.117806,pm10,µg/m³,169.8
7426,21608,Macquarie Park-7426,2020-01-24T11:00:00+11:00,-33.765278,151.117806,pm10,µg/m³,172.5
7426,21608,Macquarie Park-7426,2020-01-24T12:00:00+11:00,-33.765278,151.117806,pm10,µg/m³,178.8
7426,21608,Macquarie Park-7426,2020-01-24T13:00:00+11:00,-33.765278,151.117806,pm10,µg/m³,184.0
7426,21608,Macquarie Park-7426,2020-01-24T14:00:00+11:00,-33.765278,151.117806,pm10,µg/m³,183.4
7426,21608,Macquarie Park-7426,2020-01-24T15:00:00+11:00,-33.765278,151.117806,pm10,µg/m³,178.2
7426,21608,Macquarie Park-7426,2020-01-24T16:00:00+11:00,-33.765278,151.117806,pm10,µg/m³,172.3
7426,21608,Macquarie Park-7426,2020-01-24T17:00:00+11:00,-33.765278,151.117806,pm10,µg/m³,163.0
7426,21608,Macquarie Park-7426,2020-01-24T18:00:00+11:00,-33.765278,151.117806,pm10,µg/m³,151.5
7426,21608,Macquarie Park-7426,2020-01-24T19:00:00+11:00,-33.765278,151.117806,pm10,µg/m³,123.4
7426,21608,Macquarie Park-7426,2020-01-24T20:00:00+11:00,-33.765278,151.117806,pm10,µg/m³,104.1
7426,21608,Macquarie Park-7426,2020-01-24T21:00:00+11:00,-33.765278,151.117806,pm10,µg/m³,96.5
7426,21608,Macquarie Park-7426,2020-01-24T22:00:00+11:00,-33.765278,151.117806,pm10,µg/m³,83.3
7426,21608,Macquarie Park-7426,2020-01-24T23:00:00+11:00,-33.765278,151.117806,pm10,µg/m³,82.4
7426,21609,Macquarie Park-7426,2020-01-24T01:00:00+11:00,-33.765278,151.117806,pm25,µg/m³,23.7
7426,21609,Macquarie Park-7426,2020-01-24T02:00:00+11:00,-33.765278,151.117806,pm25,µg/m³,23.9
7426,21609,Macquarie Park-7426,2020-01-24T03:00:00+11:00,-33.765278,151.117806,pm25,µg/m³,24.1
7426,21609,Macquarie Park-7426,2020-01-24T04:00:00+11:00,-33.765278,151.117806,pm25,µg/m³,24.6
7426,21609,Macquarie Park-7426,2020-01-24T05:00:00+11:00,-33.765278,151.117806,pm25,µg/m³,25.6
7426,21609,Macquarie Park-7426,2020-01-24T06:00:00+11:00,-33.765278,151.117806,pm25,µg/m³,27.6
7426,21609,Macquarie Park-7426,2020-01-24T07:00:00+11:00,-33.765278,151.117806,pm25,µg/m³,30.0
7426,21609,Macquarie Park-7426,2020-01-24T08:00:00+11:00,-33.765278,151.117806,pm25,µg/m³,32.0
7426,21609,Macquarie Park-7426,2020-01-24T09:00:00+11:00,-33.765278,151.117806,pm25,µg/m³,33.4
7426,21609,Macquarie Park-7426,2020-01-24T10:00:00+11:00,-33.765278,151.117806,pm25,µg/m³,34.5
7426,21609,Macquarie Park-7426,2020-01-24T11:00:00+11:00,-33.765278,151.117806,pm25,µg/m³,35.7
7426,21609,Macquarie Park-7426,2020-01-24T12:00:00+11:00,-33.765278,151.117806,pm25,µg/m³,37.7
7426,21609,Macquarie Park-7426,2020-01-24T13:00:00+11:00,-33.765278,151.117806,pm25,µg/m³,40.4
7426,21609,Macquarie Park-7426,2020-01-24T14:00:00+11:00,-33.765278,151.117806,pm25,µg/m³,41.9
7426,21609,Macquarie Park-7426,2020-01-24T15:00:00+11:00,-33.765278,151.117806,pm25,µg/m³,42.1
7426,21609,Macquarie Park-7426,2020-01-24T16:00:00+11:00,-33.765278,151.117806,pm25,µg/m³,41.3
7426,21609,Macquarie Park-7426,2020-01-24T17:00:00+11:00,-33.765278,151.117806,pm25,µg/m³,40.3
7426,21609,Macquarie Park-7426,2020-01-24T18:00:00+11:00,-33.765278,151.117806,pm25,µg/m³,39.4
7426,21609,Macquarie Park-7426,2020-01-24T19:00:00+11:00,-33.765278,151.117806,pm25,µg/m³,38.0
7426,21609,Macquarie Park-7426,2020-01-24T20:00:00+11:00,-33.765278,151.117806,pm25,µg/m³,37.4
7426,21609,Macquarie Park-7426,2020-01-24T21:00:00+11:00,-33.765278,151.117806,pm25,µg/m³,36.7
7426,21609,Macquarie Park-7426,2020-01-24T22:00:00+11:00,-33.765278,151.117806,pm25,µg/m³,35.1
7426,21609,Macquarie Park-7426,2020-01-24T23:00:00+11:00,-33.765278,151.117806,pm25,µg/m³,34.3
7426,25234,Macquarie Park-7426,2020-01-24T01:00:00+11:00,-33.765278,151.117806,no2,ppm,0.0
7426,25234,Macquarie Park-7426,2020-01-24T03:00:00+11:00,-33.765278,151.117806,no2,ppm,0.002
7426,25234,Macquarie Park-7426,2020-01-24T04:00:00+11:00,-33.765278,151.117806,no2,ppm,0.003
7426,25234,Macquarie Park-7426,2020-01-24T05:00:00+11:00,-33.765278,151.117806,no2,ppm,0.007
7426,25234,Macquarie Park-7426,2020-01-24T06:00:00+11:00,-33.765278,151.117806,no2,ppm,0.009
7426,25234,Macquarie Park-7426,2020-01-24T07:00:00+11:00,-33.765278,151.117806,no2,ppm,0.008
7426,25234,Macquarie Park-7426,2020-01-24T08:00:00+11:00,-33.765278,151.117806,no2,ppm,0.009
7426,25234,Macquarie Park-7426,2020-01-24T09:00:00+11:00,-33.765278,151.117806,no2,ppm,0.006
7426,25234,Macquarie Park-7426,2020-01-24T10:00:00+11:00,-33.765278,151.117806,no2,ppm,0.004
7426,25234,Macquarie Park-7426,2020-01-24T11:00:00+11:00,-33.765278,151.117806,no2,ppm,0.006
7426,25234,Macquarie Park-7426,2020-01-24T12:00:00+11:00,-33.765278,151.117806,no2,ppm,0.007
7426,25234,Macquarie Park-7426,2020-01-24T13:00:00+11:00,-33.765278,151.117806,no2,ppm,0.004
7426,25234,Macquarie Park-7426,2020-01-24T14:00:00+11:00,-33.765278,151.117806,no2,ppm,0.006
7426,25234,Macquarie Park-7426,2020-01-24T15:00:00+11:00,-33.765278,151.117806,no2,ppm,0.001
7426,25234,Macquarie Park-7426,2020-01-24T16:00:00+11:00,-33.765278,151.117806,no2,ppm,0.0
7426,25234,Macquarie Park-7426,2020-01-24T17:00:00+11:00,-33.765278,151.117806,no2,ppm,0.0
7426,25234,Macquarie Park-7426,2020-01-24T18:00:00+11:00,-33.765278,151.117806,no2,ppm,0.0
7426,25234,Macquarie Park-7426,2020-01-24T19:00:00+11:00,-33.765278,151.117806,no2,ppm,-0.001
7426,25234,Macquarie Park-7426,2020-01-24T20:00:00+11:00,-33.765278,151.117806,no2,ppm,0.0
7426,25234,Macquarie Park-7426,2020-01-24T21:00:00+11:00,-33.765278,151.117806,no2,ppm,0.0
7426,25234,Macquarie Park-7426,2020-01-24T22:00:00+11:00,-33.765278,151.117806,no2,ppm,0.0
7426,25234,Macquarie Park-7426,2020-01-24T23:00:00+11:00,-33.765278,151.117806,no2,ppm,0.0
7426,28467,Macquarie Park-7426,2020-01-24T01:00:00+11:00,-33.765278,151.117806,co,ppm,0.3
7426,28467,Macquarie Park-7426,2020-01-24T02:00:00+11:00,-33.765278,151.117806,co,ppm,0.3
7426,28467,Macquarie Park-7426,2020-01-24T03:00:00+11:00,-33.765278,151.117806,co,ppm,0.3
7426,28467,Macquarie Park-7426,2020-01-24T04:00:00+11:00,-33.765278,151.117806,co,ppm,0.3
7426,28467,Macquarie Park-7426,2020-01-24T05:00:00+11:00,-33.765278,151.117806,co,ppm,0.4
7426,28467,Macquarie Park-7426,2020-01-24T06:00:00+11:00,-33.765278,151.117806,co,ppm,0.5
7426,28467,Macquarie Park-7426,2020-01-24T07:00:00+11:00,-33.765278,151.117806,co,ppm,0.6
7426,28467,Macquarie Park-7426,2020-01-24T08:00:00+11:00,-33.765278,151.117806,co,ppm,0.7
7426,28467,Macquarie Park-7426,2020-01-24T09:00:00+11:00,-33.765278,151.117806,co,ppm,0.8
7426,28467,Macquarie Park-7426,2020-01-24T10:00:00+11:00,-33.765278,151.117806,co,ppm,0.8
7426,28467,Macquarie Park-7426,2020-01-24T11:00:00+11:00,-33.765278,151.117806,co,ppm,0.8
7426,28467,Macquarie Park-7426,2020-01-24T12:00:00+11:00,-33.765278,151.117806,co,ppm,0.9
7426,28467,Macquarie Park-7426,2020-01-24T13:00:00+11:00,-33.765278,151.117806,co,ppm,0.8
7426,28467,Macquarie Park-7426,2020-01-24T14:00:00+11:00,-33.765278,151.117806,co,ppm,0.7
7426,28467,Macquarie Park-7426,2020-01-24T15:00:00+11:00,-33.765278,151.117806,co,ppm,0.7
7426,28467,Macquarie Park-7426,2020-01-24T16:00:00+11:00,-33.765278,151.117806,co,ppm,0.6
7426,28467,Macquarie Park-7426,2020-01-24T17:00:00+11:00,-33.765278,151.117806,co,ppm,0.5
7426,28467,Macquarie Park-7426,2020-01-24T18:00:00+11:00,-33.765278,151.117806,co,ppm,0.5
7426,28467,Macquarie Park-7426,2020-01-24T19:00:00+11:00,-33.765278,151.117806,co,ppm,0.5
7426,28467,Macquarie Park-7426,2020-01-24T20:00:00+11:00,-33.765278,151.117806,co,ppm,0.4
7426,28467,Macquarie Park-7426,2020-01-24T21:00:00+11:00,-33.765278,151.117806,co,ppm,0.4
7426,28467,Macquarie Park-7426,2020-01-24T22:00:00+11:00,-33.765278,151.117806,co,ppm,0.3
7426,28467,Macquarie Park-7426,2020-01-24T23:00:00+11:00,-33.765278,151.117806,co,ppm,0.3
7426,25237,Macquarie Park-7426,2020-01-24T01:00:00+11:00,-33.765278,151.117806,so2,ppm,0.0
7426,25237,Macquarie Park-7426,2020-01-24T03:00:00+11:00,-33.765278,151.117806,so2,ppm,0.0
7426,25237,Macquarie Park-7426,2020-01-24T04:00:00+11:00,-33.765278,151.117806,so2,ppm,0.0
7426,25237,Macquarie Park-7426,2020-01-24T05:00:00+11:00,-33.765278,151.117806,so2,ppm,0.0
7426,25237,Macquarie Park-7426,2020-01-24T06:00:00+11:00,-33.765278,151.117806,so2,ppm,0.0
7426,25237,Macquarie Park-7426,2020-01-24T07:00:00+11:00,-33.765278,151.117806,so2,ppm,0.0
7426,25237,Macquarie Park-7426,2020-01-24T08:00:00+11:00,-33.765278,151.117806,so2,ppm,0.0
7426,25237,Macquarie Park-7426,2020-01-24T09:00:00+11:00,-33.765278,151.117806,so2,ppm,-0.001
7426,25237,Macquarie Park-7426,2020-01-24T10:00:00+11:00,-33.765278,151.117806,so2,ppm,-0.001
7426,25237,Macquarie Park-7426,2020-01-24T11:00:00+11:00,-33.765278,151.117806,so2,ppm,0.0
7426,25237,Macquarie Park-7426,2020-01-24T12:00:00+11:00,-33.765278,151.117806,so2,ppm,0.0
7426,25237,Macquarie Park-7426,2020-01-24T13:00:00+11:00,-33.765278,151.117806,so2,ppm,0.0
7426,25237,Macquarie Park-7426,2020-01-24T14:00:00+11:00,-33.765278,151.117806,so2,ppm,0.0
7426,25237,Macquarie Park-7426,2020-01-24T15:00:00+11:00,-33.765278,151.117806,so2,ppm,0.0
7426,25237,Macquarie Park-7426,2020-01-24T16:00:00+11:00,-33.765278,151.117806,so2,ppm,0.0
7426,25237,Macquarie Park-7426,2020-01-24T17:00:00+11:00,-33.765278,151.117806,so2,ppm,0.0
7426,25237,Macquarie Park-7426,2020-01-24T18:00:00+11:00,-33.765278,151.117806,so2,ppm,0.0
7426,25237,Macquarie Park-7426,2020-01-24T19:00:00+11:00,-33.765278,151.117806,so2,ppm,0.0
7426,25237,Macquarie Park-7426,2020-01-24T20:00:00+11:00,-33.765278,151.117806,so2,ppm,0.0
7426,25237,Macquarie Park-7426,2020-01-24T21:00:00+11:00,-33.765278,151.117806,so2,ppm,-0.001
7426,25237,Macquarie Park-7426,2020-01-24T22:00:00+11:00,-33.765278,151.117806,so2,ppm,-0.001
7426,25237,Macquarie Park-7426,2020-01-24T23:00:00+11:00,-33.765278,151.117806,so2,ppm,-0.001
7426,25235,Macquarie Park-7426,2020-01-24T01:00:00+11:00,-33.765278,151.117806,o3,ppm,0.034
7426,25235,Macquarie Park-7426,2020-01-24T02:00:00+11:00,-33.765278,151.117806,o3,ppm,0.036
7426,25235,Macquarie Park-7426,2020-01-24T03:00:00+11:00,-33.765278,151.117806,o3,ppm,0.024
7426,25235,Macquarie Park-7426,2020-01-24T04:00:00+11:00,-33.765278,151.117806,o3,ppm,0.02
7426,25235,Macquarie Park-7426,2020-01-24T05:00:00+11:00,-33.765278,151.117806,o3,ppm,0.014
7426,25235,Macquarie Park-7426,2020-01-24T06:00:00+11:00,-33.765278,151.117806,o3,ppm,0.009
7426,25235,Macquarie Park-7426,2020-01-24T07:00:00+11:00,-33.765278,151.117806,o3,ppm,0.01
7426,25235,Macquarie Park-7426,2020-01-24T08:00:00+11:00,-33.765278,151.117806,o3,ppm,0.01
7426,25235,Macquarie Park-7426,2020-01-24T09:00:00+11:00,-33.765278,151.117806,o3,ppm,0.013
7426,25235,Macquarie Park-7426,2020-01-24T10:00:00+11:00,-33.765278,151.117806,o3,ppm,0.019
7426,25235,Macquarie Park-7426,2020-01-24T11:00:00+11:00,-33.765278,151.117806,o3,ppm,0.027
7426,25235,Macquarie Park-7426,2020-01-24T12:00:00+11:00,-33.765278,151.117806,o3,ppm,0.042
7426,25235,Macquarie Park-7426,2020-01-24T13:00:00+11:00,-33.765278,151.117806,o3,ppm,0.038
7426,25235,Macquarie Park-7426,2020-01-24T14:00:00+11:00,-33.765278,151.117806,o3,ppm,0.031
7426,25235,Macquarie Park-7426,2020-01-24T15:00:00+11:00,-33.765278,151.117806,o3,ppm,0.037
7426,25235,Macquarie Park-7426,2020-01-24T16:00:00+11:00,-33.765278,151.117806,o3,ppm,0.033
7426,25235,Macquarie Park-7426,2020-01-24T17:00:00+11:00,-33.765278,151.117806,o3,ppm,0.03
7426,25235,Macquarie Park-7426,2020-01-24T18:00:00+11:00,-33.765278,151.117806,o3,ppm,0.027
7426,25235,Macquarie Park-7426,2020-01-24T19:00:00+11:00,-33.765278,151.117806,o3,ppm,0.026
7426,25235,Macquarie Park-7426,2020-01-24T20:00:00+11:00,-33.765278,151.117806,o3,ppm,0.026
7426,25235,Macquarie Park-7426,2020-01-24T21:00:00+11:00,-33.765278,151.117806,o3,ppm,0.023
7426,25235,Macquarie Park-7426,2020-01-24T22:00:00+11:00,-33.765278,151.117806,o3,ppm,0.021
7426,25235,Macquarie Park-7426,2020-01-24T23:00:00+11:00,-33.765278,151.117806,o3,ppm,0.017
7426,21608,Macquarie Park-7426,2020-01-25T01:00:00+11:00,-33.765278,151.117806,pm10,µg/m³,81.1
7426,21608,Macquarie Park-7426,2020-01-25T02:00:00+11:00,-33.765278,151.117806,pm10,µg/m³,80.7
7426,21608,Macquarie Park-7426,2020-01-25T03:00:00+11:00,-33.765278,151.117806,pm10,µg/m³,81.0
7426,21608,Macquarie Park-7426,2020-01-25T04:00:00+11:00,-33.765278,151.117806,pm10,µg/m³,81.9
7426,21608,Macquarie Park-7426,2020-01-25T05:00:00+11:00,-33.765278,151.117806,pm10,µg/m³,79.3
7426,21608,Macquarie Park-7426,2020-01-25T06:00:00+11:00,-33.765278,151.117806,pm10,µg/m³,76.8
7426,21608,Macquarie Park-7426,2020-01-25T07:00:00+11:00,-33.765278,151.117806,pm10,µg/m³,75.2
7426,21608,Macquarie Park-7426,2020-01-25T08:00:00+11:00,-33.765278,151.117806,pm10,µg/m³,73.8
7426,21608,Macquarie Park-7426,2020-01-25T09:00:00+11:00,-33.765278,151.117806,pm10,µg/m³,71.4
7426,21608,Macquarie Park-7426,2020-01-25T10:00:00+11:00,-33.765278,151.117806,pm10,µg/m³,71.9
7426,21608,Macquarie Park-7426,2020-01-25T11:00:00+11:00,-33.765278,151.117806,pm10,µg/m³,73.3
7426,21608,Macquarie Park-7426,2020-01-25T12:00:00+11:00,-33.765278,151.117806,pm10,µg/m³,70.2
7426,21608,Macquarie Park-7426,2020-01-25T13:00:00+11:00,-33.765278,151.117806,pm10,µg/m³,66.6
7426,21608,Macquarie Park-7426,2020-01-25T14:00:00+11:00,-33.765278,151.117806,pm10,µg/m³,66.4
7426,21608,Macquarie Park-7426,2020-01-25T15:00:00+11:00,-33.765278,151.117806,pm10,µg/m³,65.6
7426,21608,Macquarie Park-7426,2020-01-25T16:00:00+11:00,-33.765278,151.117806,pm10,µg/m³,63.4
7426,21608,Macquarie Park-7426,2020-01-25T17:00:00+11:00,-33.765278,151.117806,pm10,µg/m³,62.0
7426,21608,Macquarie Park-7426,2020-01-25T18:00:00+11:00,-33.765278,151.117806,pm10,µg/m³,61.1
7426,21608,Macquarie Park-7426,2020-01-25T19:00:00+11:00,-33.765278,151.117806,pm10,µg/m³,59.5
7426,21608,Macquarie Park-7426,2020-01-25T20:00:00+11:00,-33.765278,151.117806,pm10,µg/m³,58.5
7426,21608,Macquarie Park-7426,2020-01-25T21:00:00+11:00,-33.765278,151.117806,pm10,µg/m³,56.9
7426,21608,Macquarie Park-7426,2020-01-25T22:00:00+11:00,-33.765278,151.117806,pm10,µg/m³,55.8
7426,21608,Macquarie Park-7426,2020-01-25T23:00:00+11:00,-33.765278,151.117806,pm10,µg/m³,54.7
7426,21609,Macquarie Park-7426,2020-01-25T01:00:00+11:00,-33.765278,151.117806,pm25,µg/m³,34.2
7426,21609,Macquarie Park-7426,2020-01-25T02:00:00+11:00,-33.765278,151.117806,pm25,µg/m³,34.4
7426,21609,Macquarie Park-7426,2020-01-25T03:00:00+11:00,-33.765278,151.117806,pm25,µg/m³,34.4
7426,21609,Macquarie Park-7426,2020-01-25T04:00:00+11:00,-33.765278,151.117806,pm25,µg/m³,34.4
7426,21609,Macquarie Park-7426,2020-01-25T05:00:00+11:00,-33.765278,151.117806,pm25,µg/m³,34.1
7426,21609,Macquarie Park-7426,2020-01-25T06:00:00+11:00,-33.765278,151.117806,pm25,µg/m³,32.9
7426,21609,Macquarie Park-7426,2020-01-25T07:00:00+11:00,-33.765278,151.117806,pm25,µg/m³,31.1
7426,21609,Macquarie Park-7426,2020-01-25T08:00:00+11:00,-33.765278,151.117806,pm25,µg/m³,29.6
7426,21609,Macquarie Park-7426,2020-01-25T09:00:00+11:00,-33.765278,151.117806,pm25,µg/m³,28.3
7426,21609,Macquarie Park-7426,2020-01-25T10:00:00+11:00,-33.765278,151.117806,pm25,µg/m³,27.4
7426,21609,Macquarie Park-7426,2020-01-25T11:00:00+11:00,-33.765278,151.117806,pm25,µg/m³,26.6
7426,21609,Macquarie Park-7426,2020-01-25T12:00:00+11:00,-33.765278,151.117806,pm25,µg/m³,25.2
7426,21609,Macquarie Park-7426,2020-01-25T13:00:00+11:00,-33.765278,151.117806,pm25,µg/m³,22.9
7426,21609,Macquarie Park-7426,2020-01-25T14:00:00+11:00,-33.765278,151.117806,pm25,µg/m³,21.2
7426,21609,Macquarie Park-7426,2020-01-25T15:00:00+11:00,-33.765278,151.117806,pm25,µg/m³,19.8
7426,21609,Macquarie Park-7426,2020-01-25T16:00:00+11:00,-33.765278,151.117806,pm25,µg/m³,18.8
7426,21609,Macquarie Park-7426,2020-01-25T17:00:00+11:00,-33.765278,151.117806,pm25,µg/m³,18.1
7426,21609,Macquarie Park-7426,2020-01-25T18:00:00+11:00,-33.765278,151.117806,pm25,µg/m³,16.9
7426,21609,Macquarie Park-7426,2020-01-25T19:00:00+11:00,-33.765278,151.117806,pm25,µg/m³,16.1
7426,21609,Macquarie Park-7426,2020-01-25T20:00:00+11:00,-33.765278,151.117806,pm25,µg/m³,15.6
7426,21609,Macquarie Park-7426,2020-01-25T21:00:00+11:00,-33.765278,151.117806,pm25,µg/m³,15.3
7426,21609,Macquarie Park-7426,2020-01-25T22:00:00+11:00,-33.765278,151.117806,pm25,µg/m³,14.9
7426,21609,Macquarie Park-7426,2020-01-25T23:00:00+11:00,-33.765278,151.117806,pm25,µg/m³,14.3
7426,25234,Macquarie Park-7426,2020-01-25T01:00:00+11:00,-33.765278,151.117806,no2,ppm,0.0
7426,25234,Macquarie Park-7426,2020-01-25T03:00:00+11:00,-33.765278,151.117806,no2,ppm,0.0
7426,25234,Macquarie Park-7426,2020-01-25T04:00:00+11:00,-33.765278,151.117806,no2,ppm,-0.001
7426,25234,Macquarie Park-7426,2020-01-25T05:00:00+11:00,-33.765278,151.117806,no2,ppm,-0.001
7426,25234,Macquarie Park-7426,2020-01-25T06:00:00+11:00,-33.765278,151.117806,no2,ppm,0.0
7426,25234,Macquarie Park-7426,2020-01-25T07:00:00+11:00,-33.765278,151.117806,no2,ppm,0.0
7426,25234,Macquarie Park-7426,2020-01-25T08:00:00+11:00,-33.765278,151.117806,no2,ppm,0.0
7426,25234,Macquarie Park-7426,2020-01-25T09:00:00+11:00,-33.765278,151.117806,no2,ppm,-0.001
7426,25234,Macquarie Park-7426,2020-01-25T10:00:00+11:00,-33.765278,151.117806,no2,ppm,-0.001
7426,25234,Macquarie Park-7426,2020-01-25T11:00:00+11:00,-33.765278,151.117806,no2,ppm,-0.001
7426,25234,Macquarie Park-7426,2020-01-25T12:00:00+11:00,-33.765278,151.117806,no2,ppm,-0.001
7426,25234,Macquarie Park-7426,2020-01-25T13:00:00+11:00,-33.765278,151.117806,no2,ppm,-0.001
7426,25234,Macquarie Park-7426,2020-01-25T14:00:00+11:00,-33.765278,151.117806,no2,ppm,-0.001
7426,25234,Macquarie Park-7426,2020-01-25T15:00:00+11:00,-33.765278,151.117806,no2,ppm,-0.001
7426,25234,Macquarie Park-7426,2020-01-25T16:00:00+11:00,-33.765278,151.117806,no2,ppm,-0.002
7426,25234,Macquarie Park-7426,2020-01-25T17:00:00+11:00,-33.765278,151.117806,no2,ppm,-0.001
7426,25234,Macquarie Park-7426,2020-01-25T18:00:00+11:00,-33.765278,151.117806,no2,ppm,-0.001
7426,25234,Macquarie Park-7426,2020-01-25T19:00:00+11:00,-33.765278,151.117806,no2,ppm,-0.001
7426,25234,Macquarie Park-7426,2020-01-25T20:00:00+11:00,-33.765278,151.117806,no2,ppm,-0.001
7426,25234,Macquarie Park-7426,2020-01-25T21:00:00+11:00,-33.765278,151.117806,no2,ppm,-0.001
7426,25234,Macquarie Park-7426,2020-01-25T22:00:00+11:00,-33.765278,151.117806,no2,ppm,0.001
7426,25234,Macquarie Park-7426,2020-01-25T23:00:00+11:00,-33.765278,151.117806,no2,ppm,0.001
7426,28467,Macquarie Park-7426,2020-01-25T01:00:00+11:00,-33.765278,151.117806,co,ppm,0.3
7426,28467,Macquarie Park-7426,2020-01-25T02:00:00+11:00,-33.765278,151.117806,co,ppm,0.3
7426,28467,Macquarie Park-7426,2020-01-25T03:00:00+11:00,-33.765278,151.117806,co,ppm,0.3
7426,28467,Macquarie Park-7426,2020-01-25T04:00:00+11:00,-33.765278,151.117806,co,ppm,0.3
7426,28467,Macquarie Park-7426,2020-01-25T05:00:00+11:00,-33.765278,151.117806,co,ppm,0.3
7426,28467,Macquarie Park-7426,2020-01-25T06:00:00+11:00,-33.765278,151.117806,co,ppm,0.3
7426,28467,Macquarie Park-7426,2020-01-25T07:00:00+11:00,-33.765278,151.117806,co,ppm,0.3
7426,28467,Macquarie Park-7426,2020-01-25T08:00:00+11:00,-33.765278,151.117806,co,ppm,0.3
7426,28467,Macquarie Park-7426,2020-01-25T09:00:00+11:00,-33.765278,151.117806,co,ppm,0.3
7426,28467,Macquarie Park-7426,2020-01-25T10:00:00+11:00,-33.765278,151.117806,co,ppm,0.3
7426,28467,Macquarie Park-7426,2020-01-25T11:00:00+11:00,-33.765278,151.117806,co,ppm,0.3
7426,28467,Macquarie Park-7426,2020-01-25T12:00:00+11:00,-33.765278,151.117806,co,ppm,0.3
7426,28467,Macquarie Park-7426,2020-01-25T13:00:00+11:00,-33.765278,151.117806,co,ppm,0.3
7426,28467,Macquarie Park-7426,2020-01-25T14:00:00+11:00,-33.765278,151.117806,co,ppm,0.3
7426,28467,Macquarie Park-7426,2020-01-25T15:00:00+11:00,-33.765278,151.117806,co,ppm,0.3
7426,28467,Macquarie Park-7426,2020-01-25T16:00:00+11:00,-33.765278,151.117806,co,ppm,0.3
7426,28467,Macquarie Park-7426,2020-01-25T17:00:00+11:00,-33.765278,151.117806,co,ppm,0.3
7426,28467,Macquarie Park-7426,2020-01-25T18:00:00+11:00,-33.765278,151.117806,co,ppm,0.3
7426,28467,Macquarie Park-7426,2020-01-25T19:00:00+11:00,-33.765278,151.117806,co,ppm,0.3
7426,28467,Macquarie Park-7426,2020-01-25T20:00:00+11:00,-33.765278,151.117806,co,ppm,0.3
7426,28467,Macquarie Park-7426,2020-01-25T21:00:00+11:00,-33.765278,151.117806,co,ppm,0.3
7426,28467,Macquarie Park-7426,2020-01-25T22:00:00+11:00,-33.765278,151.117806,co,ppm,0.3
7426,28467,Macquarie Park-7426,2020-01-25T23:00:00+11:00,-33.765278,151.117806,co,ppm,0.3
7426,25237,Macquarie Park-7426,2020-01-25T01:00:00+11:00,-33.765278,151.117806,so2,ppm,-0.001
7426,25237,Macquarie Park-7426,2020-01-25T03:00:00+11:00,-33.765278,151.117806,so2,ppm,0.0
7426,25237,Macquarie Park-7426,2020-01-25T04:00:00+11:00,-33.765278,151.117806,so2,ppm,0.0
7426,25237,Macquarie Park-7426,2020-01-25T05:00:00+11:00,-33.765278,151.117806,so2,ppm,0.0
7426,25237,Macquarie Park-7426,2020-01-25T06:00:00+11:00,-33.765278,151.117806,so2,ppm,0.0
7426,25237,Macquarie Park-7426,2020-01-25T07:00:00+11:00,-33.765278,151.117806,so2,ppm,0.0
7426,25237,Macquarie Park-7426,2020-01-25T08:00:00+11:00,-33.765278,151.117806,so2,ppm,0.0
7426,25237,Macquarie Park-7426,2020-01-25T09:00:00+11:00,-33.765278,151.117806,so2,ppm,0.0
7426,25237,Macquarie Park-7426,2020-01-25T10:00:00+11:00,-33.765278,151.117806,so2,ppm,0.0
7426,25237,Macquarie Park-7426,2020-01-25T11:00:00+11:00,-33.765278,151.117806,so2,ppm,0.0
7426,25237,Macquarie Park-7426,2020-01-25T12:00:00+11:00,-33.765278,151.117806,so2,ppm,0.0
7426,25237,Macquarie Park-7426,2020-01-25T13:00:00+11:00,-33.765278,151.117806,so2,ppm,0.0
7426,25237,Macquarie Park-7426,2020-01-25T14:00:00+11:00,-33.765278,151.117806,so2,ppm,0.0
7426,25237,Macquarie Park-7426,2020-01-25T15:00:00+11:00,-33.765278,151.117806,so2,ppm,0.0
7426,25237,Macquarie Park-7426,2020-01-25T16:00:00+11:00,-33.765278,151.117806,so2,ppm,0.0
7426,25237,Macquarie Park-7426,2020-01-25T17:00:00+11:00,-33.765278,151.117806,so2,ppm,0.0
7426,25237,Macquarie Park-7426,2020-01-25T18:00:00+11:00,-33.765278,151.117806,so2,ppm,0.0
7426,25237,Macquarie Park-7426,2020-01-25T19:00:00+11:00,-33.765278,151.117806,so2,ppm,0.0
7426,25237,Macquarie Park-7426,2020-01-25T20:00:00+11:00,-33.765278,151.117806,so2,ppm,0.0
7426,25237,Macquarie Park-7426,2020-01-25T21:00:00+11:00,-33.765278,151.117806,so2,ppm,0.0
7426,25237,Macquarie Park-7426,2020-01-25T22:00:00+11:00,-33.765278,151.117806,so2,ppm,0.0
7426,25237,Macquarie Park-7426,2020-01-25T23:00:00+11:00,-33.765278,151.117806,so2,ppm,0.0
7426,25235,Macquarie Park-7426,2020-01-25T01:00:00+11:00,-33.765278,151.117806,o3,ppm,0.016
7426,25235,Macquarie Park-7426,2020-01-25T02:00:00+11:00,-33.765278,151.117806,o3,ppm,0.016
7426,25235,Macquarie Park-7426,2020-01-25T03:00:00+11:00,-33.765278,151.117806,o3,ppm,0.022
7426,25235,Macquarie Park-7426,2020-01-25T04:00:00+11:00,-33.765278,151.117806,o3,ppm,0.023
7426,25235,Macquarie Park-7426,2020-01-25T05:00:00+11:00,-33.765278,151.117806,o3,ppm,0.024
7426,25235,Macquarie Park-7426,2020-01-25T06:00:00+11:00,-33.765278,151.117806,o3,ppm,0.023
7426,25235,Macquarie Park-7426,2020-01-25T07:00:00+11:00,-33.765278,151.117806,o3,ppm,0.023
7426,25235,Macquarie Park-7426,2020-01-25T08:00:00+11:00,-33.765278,151.117806,o3,ppm,0.023
7426,25235,Macquarie Park-7426,2020-01-25T09:00:00+11:00,-33.765278,151.117806,o3,ppm,0.027
7426,25235,Macquarie Park-7426,2020-01-25T10:00:00+11:00,-33.765278,151.117806,o3,ppm,0.03
7426,25235,Macquarie Park-7426,2020-01-25T11:00:00+11:00,-33.765278,151.117806,o3,ppm,0.03
7426,25235,Macquarie Park-7426,2020-01-25T12:00:00+11:00,-33.765278,151.117806,o3,ppm,0.031
7426,25235,Macquarie Park-7426,2020-01-25T13:00:00+11:00,-33.765278,151.117806,o3,ppm,0.031
7426,25235,Macquarie Park-7426,2020-01-25T14:00:00+11:00,-33.765278,151.117806,o3,ppm,0.029
7426,25235,Macquarie Park-7426,2020-01-25T15:00:00+11:00,-33.765278,151.117806,o3,ppm,0.027
7426,25235,Macquarie Park-7426,2020-01-25T16:00:00+11:00,-33.765278,151.117806,o3,ppm,0.026
7426,25235,Macquarie Park-7426,2020-01-25T17:00:00+11:00,-33.765278,151.117806,o3,ppm,0.028
7426,25235,Macquarie Park-7426,2020-01-25T18:00:00+11:00,-33.765278,151.117806,o3,ppm,0.029
7426,25235,Macquarie Park-7426,2020-01-25T19:00:00+11:00,-33.765278,151.117806,o3,ppm,0.03
7426,25235,Macquarie Park-7426,2020-01-25T20:00:00+11:00,-33.765278,151.117806,o3,ppm,0.03
7426,25235,Macquarie Park-7426,2020-01-25T21:00:00+11:00,-33.765278,151.117806,o3,ppm,0.023
7426,25235,Macquarie Park-7426,2020-01-25T22:00:00+11:00,-33.765278,151.117806,o3,ppm,0.017
7426,25235,Macquarie Park-7426,2020-01-25T23:00:00+11:00,-33.765278,151.117806,o3,ppm,0.012
7426,21608,Macquarie Park-7426,2020-01-26T01:00:00+11:00,-33.765278,151.117806,pm10,µg/m³,52.9
7426,21608,Macquarie Park-7426,2020-01-26T02:00:00+11:00,-33.765278,151.117806,pm10,µg/m³,51.8
7426,21608,Macquarie Park-7426,2020-01-26T03:00:00+11:00,-33.765278,151.117806,pm10,µg/m³,50.1
7426,21608,Macquarie Park-7426,2020-01-26T04:00:00+11:00,-33.765278,151.117806,pm10,µg/m³,48.4
7426,21608,Macquarie Park-7426,2020-01-26T05:00:00+11:00,-33.765278,151.117806,pm10,µg/m³,46.6
7426,21608,Macquarie Park-7426,2020-01-26T06:00:00+11:00,-33.765278,151.117806,pm10,µg/m³,44.7
7426,21608,Macquarie Park-7426,2020-01-26T07:00:00+11:00,-33.765278,151.117806,pm10,µg/m³,42.6
7426,21608,Macquarie Park-7426,2020-01-26T08:00:00+11:00,-33.765278,151.117806,pm10,µg/m³,40.1
7426,21608,Macquarie Park-7426,2020-01-26T09:00:00+11:00,-33.765278,151.117806,pm10,µg/m³,38.5
7426,21608,Macquarie Park-7426,2020-01-26T10:00:00+11:00,-33.765278,151.117806,pm10,µg/m³,36.3
7426,21608,Macquarie Park-7426,2020-01-26T11:00:00+11:00,-33.765278,151.117806,pm10,µg/m³,32.1
7426,21608,Macquarie Park-7426,2020-01-26T12:00:00+11:00,-33.765278,151.117806,pm10,µg/m³,29.6
7426,21608,Macquarie Park-7426,2020-01-26T13:00:00+11:00,-33.765278,151.117806,pm10,µg/m³,28.7
7426,21608,Macquarie Park-7426,2020-01-26T14:00:00+11:00,-33.765278,151.117806,pm10,µg/m³,28.1
7426,21608,Macquarie Park-7426,2020-01-26T15:00:00+11:00,-33.765278,151.117806,pm10,µg/m³,26.3
7426,21608,Macquarie Park-7426,2020-01-26T16:00:00+11:00,-33.765278,151.117806,pm10,µg/m³,26.8
7426,21608,Macquarie Park-7426,2020-01-26T17:00:00+11:00,-33.765278,151.117806,pm10,µg/m³,25.6
7426,21608,Macquarie Park-7426,2020-01-26T18:00:00+11:00,-33.765278,151.117806,pm10,µg/m³,23.9
7426,21608,Macquarie Park-7426,2020-01-26T19:00:00+11:00,-33.765278,151.117806,pm10,µg/m³,23.2
7426,21608,Macquarie Park-7426,2020-01-26T20:00:00+11:00,-33.765278,151.117806,pm10,µg/m³,22.9
7426,21608,Macquarie Park-7426,2020-01-26T21:00:00+11:00,-33.765278,151.117806,pm10,µg/m³,23.0
7426,21608,Macquarie Park-7426,2020-01-26T22:00:00+11:00,-33.765278,151.117806,pm10,µg/m³,22.0
7426,21608,Macquarie Park-7426,2020-01-26T23:00:00+11:00,-33.765278,151.117806,pm10,µg/m³,22.2
7426,21609,Macquarie Park-7426,2020-01-26T01:00:00+11:00,-33.765278,151.117806,pm25,µg/m³,13.5
7426,21609,Macquarie Park-7426,2020-01-26T02:00:00+11:00,-33.765278,151.117806,pm25,µg/m³,13.1
7426,21609,Macquarie Park-7426,2020-01-26T03:00:00+11:00,-33.765278,151.117806,pm25,µg/m³,12.8
7426,21609,Macquarie Park-7426,2020-01-26T04:00:00+11:00,-33.765278,151.117806,pm25,µg/m³,12.3
7426,21609,Macquarie Park-7426,2020-01-26T05:00:00+11:00,-33.765278,151.117806,pm25,µg/m³,12.2
7426,21609,Macquarie Park-7426,2020-01-26T06:00:00+11:00,-33.765278,151.117806,pm25,µg/m³,11.6
7426,21609,Macquarie Park-7426,2020-01-26T07:00:00+11:00,-33.765278,151.117806,pm25,µg/m³,11.4
7426,21609,Macquarie Park-7426,2020-01-26T08:00:00+11:00,-33.765278,151.117806,pm25,µg/m³,11.0
7426,21609,Macquarie Park-7426,2020-01-26T09:00:00+11:00,-33.765278,151.117806,pm25,µg/m³,11.1
7426,21609,Macquarie Park-7426,2020-01-26T10:00:00+11:00,-33.765278,151.117806,pm25,µg/m³,10.9
7426,21609,Macquarie Park-7426,2020-01-26T11:00:00+11:00,-33.765278,151.117806,pm25,µg/m³,10.7
7426,21609,Macquarie Park-7426,2020-01-26T12:00:00+11:00,-33.765278,151.117806,pm25,µg/m³,10.3
7426,21609,Macquarie Park-7426,2020-01-26T13:00:00+11:00,-33.765278,151.117806,pm25,µg/m³,9.9
7426,21609,Macquarie Park-7426,2020-01-26T14:00:00+11:00,-33.765278,151.117806,pm25,µg/m³,9.8
7426,21609,Macquarie Park-7426,2020-01-26T15:00:00+11:00,-33.765278,151.117806,pm25,µg/m³,10.0
7426,21609,Macquarie Park-7426,2020-01-26T16:00:00+11:00,-33.765278,151.117806,pm25,µg/m³,10.3
7426,21609,Macquarie Park-7426,2020-01-26T17:00:00+11:00,-33.765278,151.117806,pm25,µg/m³,10.8
7426,21609,Macquarie Park-7426,2020-01-26T18:00:00+11:00,-33.765278,151.117806,pm25,µg/m³,11.5
7426,21609,Macquarie Park-7426,2020-01-26T19:00:00+11:00,-33.765278,151.117806,pm25,µg/m³,12.0
7426,21609,Macquarie Park-7426,2020-01-26T20:00:00+11:00,-33.765278,151.117806,pm25,µg/m³,12.0
7426,21609,Macquarie Park-7426,2020-01-26T21:00:00+11:00,-33.765278,151.117806,pm25,µg/m³,11.3
7426,21609,Macquarie Park-7426,2020-01-26T22:00:00+11:00,-33.765278,151.117806,pm25,µg/m³,11.3
7426,21609,Macquarie Park-7426,2020-01-26T23:00:00+11:00,-33.765278,151.117806,pm25,µg/m³,11.9
7426,25234,Macquarie Park-7426,2020-01-26T01:00:00+11:00,-33.765278,151.117806,no2,ppm,0.0
7426,25234,Macquarie Park-7426,2020-01-26T03:00:00+11:00,-33.765278,151.117806,no2,ppm,0.0
7426,25234,Macquarie Park-7426,2020-01-26T04:00:00+11:00,-33.765278,151.117806,no2,ppm,0.0
7426,25234,Macquarie Park-7426,2020-01-26T05:00:00+11:00,-33.765278,151.117806,no2,ppm,0.001
7426,25234,Macquarie Park-7426,2020-01-26T06:00:00+11:00,-33.765278,151.117806,no2,ppm,0.003
7426,25234,Macquarie Park-7426,2020-01-26T07:00:00+11:00,-33.765278,151.117806,no2,ppm,0.003
7426,25234,Macquarie Park-7426,2020-01-26T08:00:00+11:00,-33.765278,151.117806,no2,ppm,0.002
7426,25234,Macquarie Park-7426,2020-01-26T09:00:00+11:00,-33.765278,151.117806,no2,ppm,0.001
7426,25234,Macquarie Park-7426,2020-01-26T10:00:00+11:00,-33.765278,151.117806,no2,ppm,0.0
7426,25234,Macquarie Park-7426,2020-01-26T11:00:00+11:00,-33.765278,151.117806,no2,ppm,0.0
7426,25234,Macquarie Park-7426,2020-01-26T12:00:00+11:00,-33.765278,151.117806,no2,ppm,0.0
7426,25234,Macquarie Park-7426,2020-01-26T13:00:00+11:00,-33.765278,151.117806,no2,ppm,0.0
7426,25234,Macquarie Park-7426,2020-01-26T14:00:00+11:00,-33.765278,151.117806,no2,ppm,0.001
7426,25234,Macquarie Park-7426,2020-01-26T15:00:00+11:00,-33.765278,151.117806,no2,ppm,0.0
7426,25234,Macquarie Park-7426,2020-01-26T16:00:00+11:00,-33.765278,151.117806,no2,ppm,0.001
7426,25234,Macquarie Park-7426,2020-01-26T17:00:00+11:00,-33.765278,151.117806,no2,ppm,0.001
7426,25234,Macquarie Park-7426,2020-01-26T18:00:00+11:00,-33.765278,151.117806,no2,ppm,0.0
7426,25234,Macquarie Park-7426,2020-01-26T19:00:00+11:00,-33.765278,151.117806,no2,ppm,0.002
7426,25234,Macquarie Park-7426,2020-01-26T20:00:00+11:00,-33.765278,151.117806,no2,ppm,0.008
7426,25234,Macquarie Park-7426,2020-01-26T21:00:00+11:00,-33.765278,151.117806,no2,ppm,0.009
7426,25234,Macquarie Park-7426,2020-01-26T22:00:00+11:00,-33.765278,151.117806,no2,ppm,0.003
7426,25234,Macquarie Park-7426,2020-01-26T23:00:00+11:00,-33.765278,151.117806,no2,ppm,0.003
7426,28467,Macquarie Park-7426,2020-01-26T01:00:00+11:00,-33.765278,151.117806,co,ppm,0.3
7426,28467,Macquarie Park-7426,2020-01-26T02:00:00+11:00,-33.765278,151.117806,co,ppm,0.3
7426,28467,Macquarie Park-7426,2020-01-26T03:00:00+11:00,-33.765278,151.117806,co,ppm,0.3
7426,28467,Macquarie Park-7426,2020-01-26T04:00:00+11:00,-33.765278,151.117806,co,ppm,0.3
7426,28467,Macquarie Park-7426,2020-01-26T05:00:00+11:00,-33.765278,151.117806,co,ppm,0.3
7426,28467,Macquarie Park-7426,2020-01-26T06:00:00+11:00,-33.765278,151.117806,co,ppm,0.3
7426,28467,Macquarie Park-7426,2020-01-26T07:00:00+11:00,-33.765278,151.117806,co,ppm,0.3
7426,28467,Macquarie Park-7426,2020-01-26T08:00:00+11:00,-33.765278,151.117806,co,ppm,0.3
7426,28467,Macquarie Park-7426,2020-01-26T09:00:00+11:00,-33.765278,151.117806,co,ppm,0.3
7426,28467,Macquarie Park-7426,2020-01-26T10:00:00+11:00,-33.765278,151.117806,co,ppm,0.3
7426,28467,Macquarie Park-7426,2020-01-26T11:00:00+11:00,-33.765278,151.117806,co,ppm,0.3
7426,28467,Macquarie Park-7426,2020-01-26T12:00:00+11:00,-33.765278,151.117806,co,ppm,0.3
7426,28467,Macquarie Park-7426,2020-01-26T13:00:00+11:00,-33.765278,151.117806,co,ppm,0.3
7426,28467,Macquarie Park-7426,2020-01-26T14:00:00+11:00,-33.765278,151.117806,co,ppm,0.3
7426,28467,Macquarie Park-7426,2020-01-26T15:00:00+11:00,-33.765278,151.117806,co,ppm,0.3
7426,28467,Macquarie Park-7426,2020-01-26T16:00:00+11:00,-33.765278,151.117806,co,ppm,0.3
7426,28467,Macquarie Park-7426,2020-01-26T17:00:00+11:00,-33.765278,151.117806,co,ppm,0.3
7426,28467,Macquarie Park-7426,2020-01-26T18:00:00+11:00,-33.765278,151.117806,co,ppm,0.3
7426,28467,Macquarie Park-7426,2020-01-26T19:00:00+11:00,-33.765278,151.117806,co,ppm,0.3
7426,28467,Macquarie Park-7426,2020-01-26T20:00:00+11:00,-33.765278,151.117806,co,ppm,0.3
7426,28467,Macquarie Park-7426,2020-01-26T21:00:00+11:00,-33.765278,151.117806,co,ppm,0.3
7426,28467,Macquarie Park-7426,2020-01-26T22:00:00+11:00,-33.765278,151.117806,co,ppm,0.3
7426,28467,Macquarie Park-7426,2020-01-26T23:00:00+11:00,-33.765278,151.117806,co,ppm,0.3
7426,25237,Macquarie Park-7426,2020-01-26T01:00:00+11:00,-33.765278,151.117806,so2,ppm,0.0
7426,25237,Macquarie Park-7426,2020-01-26T03:00:00+11:00,-33.765278,151.117806,so2,ppm,0.0
7426,25237,Macquarie Park-7426,2020-01-26T04:00:00+11:00,-33.765278,151.117806,so2,ppm,0.0
7426,25237,Macquarie Park-7426,2020-01-26T05:00:00+11:00,-33.765278,151.117806,so2,ppm,0.0
7426,25237,Macquarie Park-7426,2020-01-26T06:00:00+11:00,-33.765278,151.117806,so2,ppm,0.0
7426,25237,Macquarie Park-7426,2020-01-26T07:00:00+11:00,-33.765278,151.117806,so2,ppm,0.0
7426,25237,Macquarie Park-7426,2020-01-26T08:00:00+11:00,-33.765278,151.117806,so2,ppm,0.001
7426,25237,Macquarie Park-7426,2020-01-26T09:00:00+11:00,-33.765278,151.117806,so2,ppm,0.001
7426,25237,Macquarie Park-7426,2020-01-26T10:00:00+11:00,-33.765278,151.117806,so2,ppm,0.001
7426,25237,Macquarie Park-7426,2020-01-26T11:00:00+11:00,-33.765278,151.117806,so2,ppm,0.0
7426,25237,Macquarie Park-7426,2020-01-26T12:00:00+11:00,-33.765278,151.117806,so2,ppm,0.001
7426,25237,Macquarie Park-7426,2020-01-26T13:00:00+11:00,-33.765278,151.117806,so2,ppm,0.001
7426,25237,Macquarie Park-7426,2020-01-26T14:00:00+11:00,-33.765278,151.117806,so2,ppm,0.002
7426,25237,Macquarie Park-7426,2020-01-26T15:00:00+11:00,-33.765278,151.117806,so2,ppm,0.002
7426,25237,Macquarie Park-7426,2020-01-26T16:00:00+11:00,-33.765278,151.117806,so2,ppm,0.002
7426,25237,Macquarie Park-7426,2020-01-26T17:00:00+11:00,-33.765278,151.117806,so2,ppm,0.004
7426,25237,Macquarie Park-7426,2020-01-26T18:00:00+11:00,-33.765278,151.117806,so2,ppm,0.003
7426,25237,Macquarie Park-7426,2020-01-26T19:00:00+11:00,-33.765278,151.117806,so2,ppm,0.003
7426,25237,Macquarie Park-7426,2020-01-26T20:00:00+11:00,-33.765278,151.117806,so2,ppm,0.008
7426,25237,Macquarie Park-7426,2020-01-26T21:00:00+11:00,-33.765278,151.117806,so2,ppm,0.006
7426,25237,Macquarie Park-7426,2020-01-26T22:00:00+11:00,-33.765278,151.117806,so2,ppm,0.003
7426,25237,Macquarie Park-7426,2020-01-26T23:00:00+11:00,-33.765278,151.117806,so2,ppm,0.001
7426,25235,Macquarie Park-7426,2020-01-26T01:00:00+11:00,-33.765278,151.117806,o3,ppm,0.02
7426,25235,Macquarie Park-7426,2020-01-26T02:00:00+11:00,-33.765278,151.117806,o3,ppm,0.014
7426,25235,Macquarie Park-7426,2020-01-26T03:00:00+11:00,-33.765278,151.117806,o3,ppm,0.022
7426,25235,Macquarie Park-7426,2020-01-26T04:00:00+11:00,-33.765278,151.117806,o3,ppm,0.014
7426,25235,Macquarie Park-7426,2020-01-26T05:00:00+11:00,-33.765278,151.117806,o3,ppm,0.01
7426,25235,Macquarie Park-7426,2020-01-26T06:00:00+11:00,-33.765278,151.117806,o3,ppm,0.009
7426,25235,Macquarie Park-7426,2020-01-26T07:00:00+11:00,-33.765278,151.117806,o3,ppm,0.009
7426,25235,Macquarie Park-7426,2020-01-26T08:00:00+11:00,-33.765278,151.117806,o3,ppm,0.015
7426,25235,Macquarie Park-7426,2020-01-26T09:00:00+11:00,-33.765278,151.117806,o3,ppm,0.022
7426,25235,Macquarie Park-7426,2020-01-26T10:00:00+11:00,-33.765278,151.117806,o3,ppm,0.039
7426,25235,Macquarie Park-7426,2020-01-26T11:00:00+11:00,-33.765278,151.117806,o3,ppm,0.048
7426,25235,Macquarie Park-7426,2020-01-26T12:00:00+11:00,-33.765278,151.117806,o3,ppm,0.053
7426,25235,Macquarie Park-7426,2020-01-26T13:00:00+11:00,-33.765278,151.117806,o3,ppm,0.058
7426,25235,Macquarie Park-7426,2020-01-26T14:00:00+11:00,-33.765278,151.117806,o3,ppm,0.061
7426,25235,Macquarie Park-7426,2020-01-26T15:00:00+11:00,-33.765278,151.117806,o3,ppm,0.065
7426,25235,Macquarie Park-7426,2020-01-26T16:00:00+11:00,-33.765278,151.117806,o3,ppm,0.062
7426,25235,Macquarie Park-7426,2020-01-26T17:00:00+11:00,-33.765278,151.117806,o3,ppm,0.075
7426,25235,Macquarie Park-7426,2020-01-26T18:00:00+11:00,-33.765278,151.117806,o3,ppm,0.063
7426,25235,Macquarie Park-7426,2020-01-26T19:00:00+11:00,-33.765278,151.117806,o3,ppm,0.051
7426,25235,Macquarie Park-7426,2020-01-26T20:00:00+11:00,-33.765278,151.117806,o3,ppm,0.042
7426,25235,Macquarie Park-7426,2020-01-26T21:00:00+11:00,-33.765278,151.117806,o3,ppm,0.039
7426,25235,Macquarie Park-7426,2020-01-26T22:00:00+11:00,-33.765278,151.117806,o3,ppm,0.043
7426,25235,Macquarie Park-7426,2020-01-26T23:00:00+11:00,-33.765278,151.117806,o3,ppm,0.037
7426,21608,Macquarie Park-7426,2020-01-27T01:00:00+11:00,-33.765278,151.117806,pm10,µg/m³,26.4
7426,21608,Macquarie Park-7426,2020-01-27T02:00:00+11:00,-33.765278,151.117806,pm10,µg/m³,29.0
7426,21608,Macquarie Park-7426,2020-01-27T03:00:00+11:00,-33.765278,151.117806,pm10,µg/m³,31.2
7426,21608,Macquarie Park-7426,2020-01-27T04:00:00+11:00,-33.765278,151.117806,pm10,µg/m³,33.7
7426,21608,Macquarie Park-7426,2020-01-27T05:00:00+11:00,-33.765278,151.117806,pm10,µg/m³,35.9
7426,21608,Macquarie Park-7426,2020-01-27T06:00:00+11:00,-33.765278,151.117806,pm10,µg/m³,37.7
7426,21608,Macquarie Park-7426,2020-01-27T07:00:00+11:00,-33.765278,151.117806,pm10,µg/m³,39.0
7426,21608,Macquarie Park-7426,2020-01-27T08:00:00+11:00,-33.765278,151.117806,pm10,µg/m³,39.8
7426,21608,Macquarie Park-7426,2020-01-27T09:00:00+11:00,-33.765278,151.117806,pm10,µg/m³,40.1
7426,21608,Macquarie Park-7426,2020-01-27T10:00:00+11:00,-33.765278,151.117806,pm10,µg/m³,39.6
7426,21608,Macquarie Park-7426,2020-01-27T11:00:00+11:00,-33.765278,151.117806,pm10,µg/m³,40.3
7426,21608,Macquarie Park-7426,2020-01-27T12:00:00+11:00,-33.765278,151.117806,pm10,µg/m³,41.3
7426,21608,Macquarie Park-7426,2020-01-27T13:00:00+11:00,-33.765278,151.117806,pm10,µg/m³,40.6
7426,21608,Macquarie Park-7426,2020-01-27T14:00:00+11:00,-33.765278,151.117806,pm10,µg/m³,39.5
7426,21608,Macquarie Park-7426,2020-01-27T15:00:00+11:00,-33.765278,151.117806,pm10,µg/m³,39.9
7426,21608,Macquarie Park-7426,2020-01-27T16:00:00+11:00,-33.765278,151.117806,pm10,µg/m³,39.5
7426,21608,Macquarie Park-7426,2020-01-27T17:00:00+11:00,-33.765278,151.117806,pm10,µg/m³,40.1
7426,21608,Macquarie Park-7426,2020-01-27T18:00:00+11:00,-33.765278,151.117806,pm10,µg/m³,40.8
7426,21608,Macquarie Park-7426,2020-01-27T19:00:00+11:00,-33.765278,151.117806,pm10,µg/m³,41.2
7426,21608,Macquarie Park-7426,2020-01-27T20:00:00+11:00,-33.765278,151.117806,pm10,µg/m³,40.5
7426,21608,Macquarie Park-7426,2020-01-27T21:00:00+11:00,-33.765278,151.117806,pm10,µg/m³,40.2
7426,21608,Macquarie Park-7426,2020-01-27T22:00:00+11:00,-33.765278,151.117806,pm10,µg/m³,41.0
7426,21608,Macquarie Park-7426,2020-01-27T23:00:00+11:00,-33.765278,151.117806,pm10,µg/m³,40.8
7426,21609,Macquarie Park-7426,2020-01-27T01:00:00+11:00,-33.765278,151.117806,pm25,µg/m³,13.4
7426,21609,Macquarie Park-7426,2020-01-27T02:00:00+11:00,-33.765278,151.117806,pm25,µg/m³,15.1
7426,21609,Macquarie Park-7426,2020-01-27T03:00:00+11:00,-33.765278,151.117806,pm25,µg/m³,16.5
7426,21609,Macquarie Park-7426,2020-01-27T04:00:00+11:00,-33.765278,151.117806,pm25,µg/m³,17.9
7426,21609,Macquarie Park-7426,2020-01-27T05:00:00+11:00,-33.765278,151.117806,pm25,µg/m³,19.2
7426,21609,Macquarie Park-7426,2020-01-27T06:00:00+11:00,-33.765278,151.117806,pm25,µg/m³,20.6
7426,21609,Macquarie Park-7426,2020-01-27T07:00:00+11:00,-33.765278,151.117806,pm25,µg/m³,21.6
7426,21609,Macquarie Park-7426,2020-01-27T08:00:00+11:00,-33.765278,151.117806,pm25,µg/m³,22.4
7426,21609,Macquarie Park-7426,2020-01-27T09:00:00+11:00,-33.765278,151.117806,pm25,µg/m³,22.7
7426,21609,Macquarie Park-7426,2020-01-27T10:00:00+11:00,-33.765278,151.117806,pm25,µg/m³,22.8
7426,21609,Macquarie Park-7426,2020-01-27T11:00:00+11:00,-33.765278,151.117806,pm25,µg/m³,23.0
7426,21609,Macquarie Park-7426,2020-01-27T12:00:00+11:00,-33.765278,151.117806,pm25,µg/m³,23.0
7426,21609,Macquarie Park-7426,2020-01-27T13:00:00+11:00,-33.765278,151.117806,pm25,µg/m³,23.0
7426,21609,Macquarie Park-7426,2020-01-27T14:00:00+11:00,-33.765278,151.117806,pm25,µg/m³,22.5
7426,21609,Macquarie Park-7426,2020-01-27T15:00:00+11:00,-33.765278,151.117806,pm25,µg/m³,22.2
7426,21609,Macquarie Park-7426,2020-01-27T16:00:00+11:00,-33.765278,151.117806,pm25,µg/m³,22.2
7426,21609,Macquarie Park-7426,2020-01-27T17:00:00+11:00,-33.765278,151.117806,pm25,µg/m³,22.4
7426,21609,Macquarie Park-7426,2020-01-27T18:00:00+11:00,-33.765278,151.117806,pm25,µg/m³,22.3
7426,21609,Macquarie Park-7426,2020-01-27T19:00:00+11:00,-33.765278,151.117806,pm25,µg/m³,22.0
7426,21609,Macquarie Park-7426,2020-01-27T20:00:00+11:00,-33.765278,151.117806,pm25,µg/m³,22.0
7426,21609,Macquarie Park-7426,2020-01-27T21:00:00+11:00,-33.765278,151.117806,pm25,µg/m³,22.0
7426,21609,Macquarie Park-7426,2020-01-27T22:00:00+11:00,-33.765278,151.117806,pm25,µg/m³,21.8
7426,21609,Macquarie Park-7426,2020-01-27T23:00:00+11:00,-33.765278,151.117806,pm25,µg/m³,20.8
7426,25234,Macquarie Park-7426,2020-01-27T01:00:00+11:00,-33.765278,151.117806,no2,ppm,0.0
7426,25234,Macquarie Park-7426,2020-01-27T03:00:00+11:00,-33.765278,151.117806,no2,ppm,0.0
7426,25234,Macquarie Park-7426,2020-01-27T04:00:00+11:00,-33.765278,151.117806,no2,ppm,0.0
7426,25234,Macquarie Park-7426,2020-01-27T05:00:00+11:00,-33.765278,151.117806,no2,ppm,0.0
7426,25234,Macquarie Park-7426,2020-01-27T06:00:00+11:00,-33.765278,151.117806,no2,ppm,0.001
7426,25234,Macquarie Park-7426,2020-01-27T07:00:00+11:00,-33.765278,151.117806,no2,ppm,0.002
7426,25234,Macquarie Park-7426,2020-01-27T08:00:00+11:00,-33.765278,151.117806,no2,ppm,0.003
7426,25234,Macquarie Park-7426,2020-01-27T09:00:00+11:00,-33.765278,151.117806,no2,ppm,0.002
7426,25234,Macquarie Park-7426,2020-01-27T10:00:00+11:00,-33.765278,151.117806,no2,ppm,0.004
7426,25234,Macquarie Park-7426,2020-01-27T11:00:00+11:00,-33.765278,151.117806,no2,ppm,0.003
7426,25234,Macquarie Park-7426,2020-01-27T12:00:00+11:00,-33.765278,151.117806,no2,ppm,0.002
7426,25234,Macquarie Park-7426,2020-01-27T13:00:00+11:00,-33.765278,151.117806,no2,ppm,0.004
7426,25234,Macquarie Park-7426,2020-01-27T14:00:00+11:00,-33.765278,151.117806,no2,ppm,0.001
7426,25234,Macquarie Park-7426,2020-01-27T15:00:00+11:00,-33.765278,151.117806,no2,ppm,0.0
7426,25234,Macquarie Park-7426,2020-01-27T16:00:00+11:00,-33.765278,151.117806,no2,ppm,-0.001
7426,25234,Macquarie Park-7426,2020-01-27T17:00:00+11:00,-33.765278,151.117806,no2,ppm,0.0
7426,25234,Macquarie Park-7426,2020-01-27T18:00:00+11:00,-33.765278,151.117806,no2,ppm,-0.001
7426,25234,Macquarie Park-7426,2020-01-27T19:00:00+11:00,-33.765278,151.117806,no2,ppm,-0.001
7426,25234,Macquarie Park-7426,2020-01-27T20:00:00+11:00,-33.765278,151.117806,no2,ppm,-0.001
7426,25234,Macquarie Park-7426,2020-01-27T21:00:00+11:00,-33.765278,151.117806,no2,ppm,0.001
7426,25234,Macquarie Park-7426,2020-01-27T22:00:00+11:00,-33.765278,151.117806,no2,ppm,0.001
7426,25234,Macquarie Park-7426,2020-01-27T23:00:00+11:00,-33.765278,151.117806,no2,ppm,0.001
7426,28467,Macquarie Park-7426,2020-01-27T01:00:00+11:00,-33.765278,151.117806,co,ppm,0.4
7426,28467,Macquarie Park-7426,2020-01-27T02:00:00+11:00,-33.765278,151.117806,co,ppm,0.4
7426,28467,Macquarie Park-7426,2020-01-27T03:00:00+11:00,-33.765278,151.117806,co,ppm,0.4
7426,28467,Macquarie Park-7426,2020-01-27T04:00:00+11:00,-33.765278,151.117806,co,ppm,0.4
7426,28467,Macquarie Park-7426,2020-01-27T05:00:00+11:00,-33.765278,151.117806,co,ppm,0.4
7426,28467,Macquarie Park-7426,2020-01-27T06:00:00+11:00,-33.765278,151.117806,co,ppm,0.5
7426,28467,Macquarie Park-7426,2020-01-27T07:00:00+11:00,-33.765278,151.117806,co,ppm,0.5
7426,28467,Macquarie Park-7426,2020-01-27T08:00:00+11:00,-33.765278,151.117806,co,ppm,0.5
7426,28467,Macquarie Park-7426,2020-01-27T09:00:00+11:00,-33.765278,151.117806,co,ppm,0.5
7426,28467,Macquarie Park-7426,2020-01-27T10:00:00+11:00,-33.765278,151.117806,co,ppm,0.5
7426,28467,Macquarie Park-7426,2020-01-27T11:00:00+11:00,-33.765278,151.117806,co,ppm,0.5
7426,28467,Macquarie Park-7426,2020-01-27T12:00:00+11:00,-33.765278,151.117806,co,ppm,0.4
7426,28467,Macquarie Park-7426,2020-01-27T13:00:00+11:00,-33.765278,151.117806,co,ppm,0.4
7426,28467,Macquarie Park-7426,2020-01-27T14:00:00+11:00,-33.765278,151.117806,co,ppm,0.4
7426,28467,Macquarie Park-7426,2020-01-27T15:00:00+11:00,-33.765278,151.117806,co,ppm,0.4
7426,28467,Macquarie Park-7426,2020-01-27T16:00:00+11:00,-33.765278,151.117806,co,ppm,0.4
7426,28467,Macquarie Park-7426,2020-01-27T17:00:00+11:00,-33.765278,151.117806,co,ppm,0.4
7426,28467,Macquarie Park-7426,2020-01-27T18:00:00+11:00,-33.765278,151.117806,co,ppm,0.4
7426,28467,Macquarie Park-7426,2020-01-27T19:00:00+11:00,-33.765278,151.117806,co,ppm,0.4
7426,28467,Macquarie Park-7426,2020-01-27T20:00:00+11:00,-33.765278,151.117806,co,ppm,0.4
7426,28467,Macquarie Park-7426,2020-01-27T21:00:00+11:00,-33.765278,151.117806,co,ppm,0.3
7426,28467,Macquarie Park-7426,2020-01-27T22:00:00+11:00,-33.765278,151.117806,co,ppm,0.3
7426,28467,Macquarie Park-7426,2020-01-27T23:00:00+11:00,-33.765278,151.117806,co,ppm,0.3
7426,25237,Macquarie Park-7426,2020-01-27T01:00:00+11:00,-33.765278,151.117806,so2,ppm,0.0
7426,25237,Macquarie Park-7426,2020-01-27T03:00:00+11:00,-33.765278,151.117806,so2,ppm,0.0
7426,25237,Macquarie Park-7426,2020-01-27T04:00:00+11:00,-33.765278,151.117806,so2,ppm,0.0
7426,25237,Macquarie Park-7426,2020-01-27T05:00:00+11:00,-33.765278,151.117806,so2,ppm,0.0
7426,25237,Macquarie Park-7426,2020-01-27T06:00:00+11:00,-33.765278,151.117806,so2,ppm,0.0
7426,25237,Macquarie Park-7426,2020-01-27T07:00:00+11:00,-33.765278,151.117806,so2,ppm,0.001
7426,25237,Macquarie Park-7426,2020-01-27T08:00:00+11:00,-33.765278,151.117806,so2,ppm,0.001
7426,25237,Macquarie Park-7426,2020-01-27T09:00:00+11:00,-33.765278,151.117806,so2,ppm,0.0
7426,25237,Macquarie Park-7426,2020-01-27T10:00:00+11:00,-33.765278,151.117806,so2,ppm,0.0
7426,25237,Macquarie Park-7426,2020-01-27T11:00:00+11:00,-33.765278,151.117806,so2,ppm,0.0
7426,25237,Macquarie Park-7426,2020-01-27T12:00:00+11:00,-33.765278,151.117806,so2,ppm,0.0
7426,25237,Macquarie Park-7426,2020-01-27T13:00:00+11:00,-33.765278,151.117806,so2,ppm,0.0
7426,25237,Macquarie Park-7426,2020-01-27T14:00:00+11:00,-33.765278,151.117806,so2,ppm,0.0
7426,25237,Macquarie Park-7426,2020-01-27T15:00:00+11:00,-33.765278,151.117806,so2,ppm,0.0
7426,25237,Macquarie Park-7426,2020-01-27T16:00:00+11:00,-33.765278,151.117806,so2,ppm,0.0
7426,25237,Macquarie Park-7426,2020-01-27T17:00:00+11:00,-33.765278,151.117806,so2,ppm,0.0
7426,25237,Macquarie Park-7426,2020-01-27T18:00:00+11:00,-33.765278,151.117806,so2,ppm,0.0
7426,25237,Macquarie Park-7426,2020-01-27T19:00:00+11:00,-33.765278,151.117806,so2,ppm,0.0
7426,25237,Macquarie Park-7426,2020-01-27T20:00:00+11:00,-33.765278,151.117806,so2,ppm,0.0
7426,25237,Macquarie Park-7426,2020-01-27T21:00:00+11:00,-33.765278,151.117806,so2,ppm,0.0
7426,25237,Macquarie Park-7426,2020-01-27T22:00:00+11:00,-33.765278,151.117806,so2,ppm,0.0
7426,25237,Macquarie Park-7426,2020-01-27T23:00:00+11:00,-33.765278,151.117806,so2,ppm,0.0
7426,25235,Macquarie Park-7426,2020-01-27T01:00:00+11:00,-33.765278,151.117806,o3,ppm,0.044
7426,25235,Macquarie Park-7426,2020-01-27T02:00:00+11:00,-33.765278,151.117806,o3,ppm,0.04
7426,25235,Macquarie Park-7426,2020-01-27T03:00:00+11:00,-33.765278,151.117806,o3,ppm,0.037
7426,25235,Macquarie Park-7426,2020-01-27T04:00:00+11:00,-33.765278,151.117806,o3,ppm,0.037
7426,25235,Macquarie Park-7426,2020-01-27T05:00:00+11:00,-33.765278,151.117806,o3,ppm,0.036
7426,25235,Macquarie Park-7426,2020-01-27T06:00:00+11:00,-33.765278,151.117806,o3,ppm,0.034
7426,25235,Macquarie Park-7426,2020-01-27T07:00:00+11:00,-33.765278,151.117806,o3,ppm,0.032
7426,25235,Macquarie Park-7426,2020-01-27T08:00:00+11:00,-33.765278,151.117806,o3,ppm,0.031
7426,25235,Macquarie Park-7426,2020-01-27T09:00:00+11:00,-33.765278,151.117806,o3,ppm,0.031
7426,25235,Macquarie Park-7426,2020-01-27T10:00:00+11:00,-33.765278,151.117806,o3,ppm,0.028
7426,25235,Macquarie Park-7426,2020-01-27T11:00:00+11:00,-33.765278,151.117806,o3,ppm,0.03
7426,25235,Macquarie Park-7426,2020-01-27T12:00:00+11:00,-33.765278,151.117806,o3,ppm,0.043
7426,25235,Macquarie Park-7426,2020-01-27T13:00:00+11:00,-33.765278,151.117806,o3,ppm,0.054
7426,25235,Macquarie Park-7426,2020-01-27T14:00:00+11:00,-33.765278,151.117806,o3,ppm,0.045
7426,25235,Macquarie Park-7426,2020-01-27T15:00:00+11:00,-33.765278,151.117806,o3,ppm,0.04
7426,25235,Macquarie Park-7426,2020-01-27T16:00:00+11:00,-33.765278,151.117806,o3,ppm,0.036
7426,25235,Macquarie Park-7426,2020-01-27T17:00:00+11:00,-33.765278,151.117806,o3,ppm,0.032
7426,25235,Macquarie Park-7426,2020-01-27T18:00:00+11:00,-33.765278,151.117806,o3,ppm,0.032
7426,25235,Macquarie Park-7426,2020-01-27T19:00:00+11:00,-33.765278,151.117806,o3,ppm,0.033
7426,25235,Macquarie Park-7426,2020-01-27T20:00:00+11:00,-33.765278,151.117806,o3,ppm,0.031
7426,25235,Macquarie Park-7426,2020-01-27T21:00:00+11:00,-33.765278,151.117806,o3,ppm,0.02
7426,25235,Macquarie Park-7426,2020-01-27T22:00:00+11:00,-33.765278,151.117806,o3,ppm,0.016
7426,25235,Macquarie Park-7426,2020-01-27T23:00:00+11:00,-33.765278,151.117806,o3,ppm,0.013
7426,21608,Macquarie Park-7426,2020-01-28T01:00:00+11:00,-33.765278,151.117806,pm10,µg/m³,35.9
7426,21608,Macquarie Park-7426,2020-01-28T02:00:00+11:00,-33.765278,151.117806,pm10,µg/m³,32.6
7426,21608,Macquarie Park-7426,2020-01-28T03:00:00+11:00,-33.765278,151.117806,pm10,µg/m³,29.9
7426,21608,Macquarie Park-7426,2020-01-28T04:00:00+11:00,-33.765278,151.117806,pm10,µg/m³,27.2
7426,21608,Macquarie Park-7426,2020-01-28T05:00:00+11:00,-33.765278,151.117806,pm10,µg/m³,24.5
7426,21608,Macquarie Park-7426,2020-01-28T06:00:00+11:00,-33.765278,151.117806,pm10,µg/m³,22.7
7426,21608,Macquarie Park-7426,2020-01-28T07:00:00+11:00,-33.765278,151.117806,pm10,µg/m³,23.1
7426,21608,Macquarie Park-7426,2020-01-28T08:00:00+11:00,-33.765278,151.117806,pm10,µg/m³,21.6
7426,21608,Macquarie Park-7426,2020-01-28T09:00:00+11:00,-33.765278,151.117806,pm10,µg/m³,20.8
7426,21608,Macquarie Park-7426,2020-01-28T10:00:00+11:00,-33.765278,151.117806,pm10,µg/m³,21.1
7426,21608,Macquarie Park-7426,2020-01-28T11:00:00+11:00,-33.765278,151.117806,pm10,µg/m³,21.5
7426,21608,Macquarie Park-7426,2020-01-28T12:00:00+11:00,-33.765278,151.117806,pm10,µg/m³,21.9
7426,21608,Macquarie Park-7426,2020-01-28T13:00:00+11:00,-33.765278,151.117806,pm10,µg/m³,22.4
7426,21608,Macquarie Park-7426,2020-01-28T14:00:00+11:00,-33.765278,151.117806,pm10,µg/m³,22.7
7426,21608,Macquarie Park-7426,2020-01-28T15:00:00+11:00,-33.765278,151.117806,pm10,µg/m³,22.7
7426,21608,Macquarie Park-7426,2020-01-28T16:00:00+11:00,-33.765278,151.117806,pm10,µg/m³,21.9
7426,21608,Macquarie Park-7426,2020-01-28T17:00:00+11:00,-33.765278,151.117806,pm10,µg/m³,21.4
7426,21608,Macquarie Park-7426,2020-01-28T18:00:00+11:00,-33.765278,151.117806,pm10,µg/m³,21.5
7426,21608,Macquarie Park-7426,2020-01-28T19:00:00+11:00,-33.765278,151.117806,pm10,µg/m³,22.5
7426,21608,Macquarie Park-7426,2020-01-28T20:00:00+11:00,-33.765278,151.117806,pm10,µg/m³,23.7
7426,21608,Macquarie Park-7426,2020-01-28T21:00:00+11:00,-33.765278,151.117806,pm10,µg/m³,24.1
7426,21608,Macquarie Park-7426,2020-01-28T22:00:00+11:00,-33.765278,151.117806,pm10,µg/m³,24.9
7426,21608,Macquarie Park-7426,2020-01-28T23:00:00+11:00,-33.765278,151.117806,pm10,µg/m³,25.7
7426,21609,Macquarie Park-7426,2020-01-28T01:00:00+11:00,-33.765278,151.117806,pm25,µg/m³,19.1
7426,21609,Macquarie Park-7426,2020-01-28T02:00:00+11:00,-33.765278,151.117806,pm25,µg/m³,17.3
7426,21609,Macquarie Park-7426,2020-01-28T03:00:00+11:00,-33.765278,151.117806,pm25,µg/m³,15.3
7426,21609,Macquarie Park-7426,2020-01-28T04:00:00+11:00,-33.765278,151.117806,pm25,µg/m³,14.0
7426,21609,Macquarie Park-7426,2020-01-28T05:00:00+11:00,-33.765278,151.117806,pm25,µg/m³,12.3
7426,21609,Macquarie Park-7426,2020-01-28T06:00:00+11:00,-33.765278,151.117806,pm25,µg/m³,10.6
7426,21609,Macquarie Park-7426,2020-01-28T07:00:00+11:00,-33.765278,151.117806,pm25,µg/m³,9.2
7426,21609,Macquarie Park-7426,2020-01-28T08:00:00+11:00,-33.765278,151.117806,pm25,µg/m³,8.2
7426,21609,Macquarie Park-7426,2020-01-28T09:00:00+11:00,-33.765278,151.117806,pm25,µg/m³,7.2
7426,21609,Macquarie Park-7426,2020-01-28T10:00:00+11:00,-33.765278,151.117806,pm25,µg/m³,6.9
7426,21609,Macquarie Park-7426,2020-01-28T11:00:00+11:00,-33.765278,151.117806,pm25,µg/m³,7.0
7426,21609,Macquarie Park-7426,2020-01-28T12:00:00+11:00,-33.765278,151.117806,pm25,µg/m³,6.8
7426,21609,Macquarie Park-7426,2020-01-28T13:00:00+11:00,-33.765278,151.117806,pm25,µg/m³,6.8
7426,21609,Macquarie Park-7426,2020-01-28T14:00:00+11:00,-33.765278,151.117806,pm25,µg/m³,7.0
7426,21609,Macquarie Park-7426,2020-01-28T15:00:00+11:00,-33.765278,151.117806,pm25,µg/m³,6.7
7426,21609,Macquarie Park-7426,2020-01-28T16:00:00+11:00,-33.765278,151.117806,pm25,µg/m³,6.7
7426,21609,Macquarie Park-7426,2020-01-28T17:00:00+11:00,-33.765278,151.117806,pm25,µg/m³,7.0
7426,21609,Macquarie Park-7426,2020-01-28T18:00:00+11:00,-33.765278,151.117806,pm25,µg/m³,7.1
7426,21609,Macquarie Park-7426,2020-01-28T19:00:00+11:00,-33.765278,151.117806,pm25,µg/m³,6.8
7426,21609,Macquarie Park-7426,2020-01-28T20:00:00+11:00,-33.765278,151.117806,pm25,µg/m³,7.0
7426,21609,Macquarie Park-7426,2020-01-28T21:00:00+11:00,-33.765278,151.117806,pm25,µg/m³,7.3
7426,21609,Macquarie Park-7426,2020-01-28T22:00:00+11:00,-33.765278,151.117806,pm25,µg/m³,7.5
7426,21609,Macquarie Park-7426,2020-01-28T23:00:00+11:00,-33.765278,151.117806,pm25,µg/m³,8.0
7426,25234,Macquarie Park-7426,2020-01-28T01:00:00+11:00,-33.765278,151.117806,no2,ppm,0.002
7426,25234,Macquarie Park-7426,2020-01-28T03:00:00+11:00,-33.765278,151.117806,no2,ppm,0.002
7426,25234,Macquarie Park-7426,2020-01-28T04:00:00+11:00,-33.765278,151.117806,no2,ppm,0.001
7426,25234,Macquarie Park-7426,2020-01-28T05:00:00+11:00,-33.765278,151.117806,no2,ppm,0.001
7426,25234,Macquarie Park-7426,2020-01-28T06:00:00+11:00,-33.765278,151.117806,no2,ppm,0.002
7426,25234,Macquarie Park-7426,2020-01-28T07:00:00+11:00,-33.765278,151.117806,no2,ppm,0.005
7426,25234,Macquarie Park-7426,2020-01-28T08:00:00+11:00,-33.765278,151.117806,no2,ppm,0.008
7426,25234,Macquarie Park-7426,2020-01-28T09:00:00+11:00,-33.765278,151.117806,no2,ppm,0.009
7426,25234,Macquarie Park-7426,2020-01-28T10:00:00+11:00,-33.765278,151.117806,no2,ppm,0.009
7426,25234,Macquarie Park-7426,2020-01-28T11:00:00+11:00,-33.765278,151.117806,no2,ppm,0.009
7426,25234,Macquarie Park-7426,2020-01-28T12:00:00+11:00,-33.765278,151.117806,no2,ppm,0.007
7426,25234,Macquarie Park-7426,2020-01-28T13:00:00+11:00,-33.765278,151.117806,no2,ppm,0.006
7426,25234,Macquarie Park-7426,2020-01-28T14:00:00+11:00,-33.765278,151.117806,no2,ppm,0.006
7426,25234,Macquarie Park-7426,2020-01-28T15:00:00+11:00,-33.765278,151.117806,no2,ppm,0.003
7426,25234,Macquarie Park-7426,2020-01-28T16:00:00+11:00,-33.765278,151.117806,no2,ppm,0.003
7426,25234,Macquarie Park-7426,2020-01-28T17:00:00+11:00,-33.765278,151.117806,no2,ppm,0.009
7426,25234,Macquarie Park-7426,2020-01-28T18:00:00+11:00,-33.765278,151.117806,no2,ppm,0.006
7426,25234,Macquarie Park-7426,2020-01-28T19:00:00+11:00,-33.765278,151.117806,no2,ppm,0.007
7426,25234,Macquarie Park-7426,2020-01-28T20:00:00+11:00,-33.765278,151.117806,no2,ppm,0.001
7426,25234,Macquarie Park-7426,2020-01-28T21:00:00+11:00,-33.765278,151.117806,no2,ppm,0.0
7426,25234,Macquarie Park-7426,2020-01-28T22:00:00+11:00,-33.765278,151.117806,no2,ppm,0.0
7426,25234,Macquarie Park-7426,2020-01-28T23:00:00+11:00,-33.765278,151.117806,no2,ppm,0.0
7426,28467,Macquarie Park-7426,2020-01-28T01:00:00+11:00,-33.765278,151.117806,co,ppm,0.3
7426,28467,Macquarie Park-7426,2020-01-28T02:00:00+11:00,-33.765278,151.117806,co,ppm,0.3
7426,28467,Macquarie Park-7426,2020-01-28T03:00:00+11:00,-33.765278,151.117806,co,ppm,0.3
7426,28467,Macquarie Park-7426,2020-01-28T04:00:00+11:00,-33.765278,151.117806,co,ppm,0.3
7426,28467,Macquarie Park-7426,2020-01-28T05:00:00+11:00,-33.765278,151.117806,co,ppm,0.3
7426,28467,Macquarie Park-7426,2020-01-28T06:00:00+11:00,-33.765278,151.117806,co,ppm,0.3
7426,28467,Macquarie Park-7426,2020-01-28T07:00:00+11:00,-33.765278,151.117806,co,ppm,0.3
7426,28467,Macquarie Park-7426,2020-01-28T08:00:00+11:00,-33.765278,151.117806,co,ppm,0.3
7426,28467,Macquarie Park-7426,2020-01-28T09:00:00+11:00,-33.765278,151.117806,co,ppm,0.3
7426,28467,Macquarie Park-7426,2020-01-28T10:00:00+11:00,-33.765278,151.117806,co,ppm,0.3
7426,28467,Macquarie Park-7426,2020-01-28T11:00:00+11:00,-33.765278,151.117806,co,ppm,0.3
7426,28467,Macquarie Park-7426,2020-01-28T12:00:00+11:00,-33.765278,151.117806,co,ppm,0.3
7426,28467,Macquarie Park-7426,2020-01-28T13:00:00+11:00,-33.765278,151.117806,co,ppm,0.4
7426,28467,Macquarie Park-7426,2020-01-28T14:00:00+11:00,-33.765278,151.117806,co,ppm,0.4
7426,28467,Macquarie Park-7426,2020-01-28T15:00:00+11:00,-33.765278,151.117806,co,ppm,0.4
7426,28467,Macquarie Park-7426,2020-01-28T16:00:00+11:00,-33.765278,151.117806,co,ppm,0.4
7426,28467,Macquarie Park-7426,2020-01-28T17:00:00+11:00,-33.765278,151.117806,co,ppm,0.4
7426,28467,Macquarie Park-7426,2020-01-28T18:00:00+11:00,-33.765278,151.117806,co,ppm,0.4
7426,28467,Macquarie Park-7426,2020-01-28T19:00:00+11:00,-33.765278,151.117806,co,ppm,0.4
7426,28467,Macquarie Park-7426,2020-01-28T20:00:00+11:00,-33.765278,151.117806,co,ppm,0.3
7426,28467,Macquarie Park-7426,2020-01-28T21:00:00+11:00,-33.765278,151.117806,co,ppm,0.3
7426,28467,Macquarie Park-7426,2020-01-28T22:00:00+11:00,-33.765278,151.117806,co,ppm,0.3
7426,28467,Macquarie Park-7426,2020-01-28T23:00:00+11:00,-33.765278,151.117806,co,ppm,0.3
7426,25237,Macquarie Park-7426,2020-01-28T01:00:00+11:00,-33.765278,151.117806,so2,ppm,0.0
7426,25237,Macquarie Park-7426,2020-01-28T03:00:00+11:00,-33.765278,151.117806,so2,ppm,0.0
7426,25237,Macquarie Park-7426,2020-01-28T04:00:00+11:00,-33.765278,151.117806,so2,ppm,0.0
7426,25237,Macquarie Park-7426,2020-01-28T05:00:00+11:00,-33.765278,151.117806,so2,ppm,0.0
7426,25237,Macquarie Park-7426,2020-01-28T06:00:00+11:00,-33.765278,151.117806,so2,ppm,0.0
7426,25237,Macquarie Park-7426,2020-01-28T07:00:00+11:00,-33.765278,151.117806,so2,ppm,0.0
7426,25237,Macquarie Park-7426,2020-01-28T08:00:00+11:00,-33.765278,151.117806,so2,ppm,0.0
7426,25237,Macquarie Park-7426,2020-01-28T09:00:00+11:00,-33.765278,151.117806,so2,ppm,0.001
7426,25237,Macquarie Park-7426,2020-01-28T10:00:00+11:00,-33.765278,151.117806,so2,ppm,0.003
7426,25237,Macquarie Park-7426,2020-01-28T11:00:00+11:00,-33.765278,151.117806,so2,ppm,0.003
7426,25237,Macquarie Park-7426,2020-01-28T12:00:00+11:00,-33.765278,151.117806,so2,ppm,0.002
7426,25237,Macquarie Park-7426,2020-01-28T13:00:00+11:00,-33.765278,151.117806,so2,ppm,0.002
7426,25237,Macquarie Park-7426,2020-01-28T14:00:00+11:00,-33.765278,151.117806,so2,ppm,0.002
7426,25237,Macquarie Park-7426,2020-01-28T15:00:00+11:00,-33.765278,151.117806,so2,ppm,0.002
7426,25237,Macquarie Park-7426,2020-01-28T16:00:00+11:00,-33.765278,151.117806,so2,ppm,0.003
7426,25237,Macquarie Park-7426,2020-01-28T17:00:00+11:00,-33.765278,151.117806,so2,ppm,0.011
7426,25237,Macquarie Park-7426,2020-01-28T18:00:00+11:00,-33.765278,151.117806,so2,ppm,0.002
7426,25237,Macquarie Park-7426,2020-01-28T19:00:00+11:00,-33.765278,151.117806,so2,ppm,0.004
7426,25237,Macquarie Park-7426,2020-01-28T20:00:00+11:00,-33.765278,151.117806,so2,ppm,0.0
7426,25237,Macquarie Park-7426,2020-01-28T21:00:00+11:00,-33.765278,151.117806,so2,ppm,0.0
7426,25237,Macquarie Park-7426,2020-01-28T22:00:00+11:00,-33.765278,151.117806,so2,ppm,0.0
7426,25237,Macquarie Park-7426,2020-01-28T23:00:00+11:00,-33.765278,151.117806,so2,ppm,0.0
7426,25235,Macquarie Park-7426,2020-01-28T01:00:00+11:00,-33.765278,151.117806,o3,ppm,0.004
7426,25235,Macquarie Park-7426,2020-01-28T02:00:00+11:00,-33.765278,151.117806,o3,ppm,0.008
7426,25235,Macquarie Park-7426,2020-01-28T03:00:00+11:00,-33.765278,151.117806,o3,ppm,0.001
7426,25235,Macquarie Park-7426,2020-01-28T04:00:00+11:00,-33.765278,151.117806,o3,ppm,0.0
7426,25235,Macquarie Park-7426,2020-01-28T05:00:00+11:00,-33.765278,151.117806,o3,ppm,0.0
7426,25235,Macquarie Park-7426,2020-01-28T06:00:00+11:00,-33.765278,151.117806,o3,ppm,0.0
7426,25235,Macquarie Park-7426,2020-01-28T07:00:00+11:00,-33.765278,151.117806,o3,ppm,0.001
7426,25235,Macquarie Park-7426,2020-01-28T08:00:00+11:00,-33.765278,151.117806,o3,ppm,0.006
7426,25235,Macquarie Park-7426,2020-01-28T09:00:00+11:00,-33.765278,151.117806,o3,ppm,0.01
7426,25235,Macquarie Park-7426,2020-01-28T10:00:00+11:00,-33.765278,151.117806,o3,ppm,0.017
7426,25235,Macquarie Park-7426,2020-01-28T11:00:00+11:00,-33.765278,151.117806,o3,ppm,0.033
7426,25235,Macquarie Park-7426,2020-01-28T12:00:00+11:00,-33.765278,151.117806,o3,ppm,0.061
7426,25235,Macquarie Park-7426,2020-01-28T13:00:00+11:00,-33.765278,151.117806,o3,ppm,0.058
7426,25235,Macquarie Park-7426,2020-01-28T14:00:00+11:00,-33.765278,151.117806,o3,ppm,0.059
7426,25235,Macquarie Park-7426,2020-01-28T15:00:00+11:00,-33.765278,151.117806,o3,ppm,0.056
7426,25235,Macquarie Park-7426,2020-01-28T16:00:00+11:00,-33.765278,151.117806,o3,ppm,0.054
7426,25235,Macquarie Park-7426,2020-01-28T17:00:00+11:00,-33.765278,151.117806,o3,ppm,0.035
7426,25235,Macquarie Park-7426,2020-01-28T18:00:00+11:00,-33.765278,151.117806,o3,ppm,0.026
7426,25235,Macquarie Park-7426,2020-01-28T19:00:00+11:00,-33.765278,151.117806,o3,ppm,0.028
7426,25235,Macquarie Park-7426,2020-01-28T20:00:00+11:00,-33.765278,151.117806,o3,ppm,0.026
7426,25235,Macquarie Park-7426,2020-01-28T21:00:00+11:00,-33.765278,151.117806,o3,ppm,0.025
7426,25235,Macquarie Park-7426,2020-01-28T22:00:00+11:00,-33.765278,151.117806,o3,ppm,0.022
7426,25235,Macquarie Park-7426,2020-01-28T23:00:00+11:00,-33.765278,151.117806,o3,ppm,0.022
7426,21608,Macquarie Park-7426,2020-01-29T01:00:00+11:00,-33.765278,151.117806,pm10,µg/m³,26.9
7426,21608,Macquarie Park-7426,2020-01-29T02:00:00+11:00,-33.765278,151.117806,pm10,µg/m³,27.8
7426,21608,Macquarie Park-7426,2020-01-29T03:00:00+11:00,-33.765278,151.117806,pm10,µg/m³,29.1
7426,21608,Macquarie Park-7426,2020-01-29T04:00:00+11:00,-33.765278,151.117806,pm10,µg/m³,30.0
7426,21608,Macquarie Park-7426,2020-01-29T05:00:00+11:00,-33.765278,151.117806,pm10,µg/m³,31.1
7426,21608,Macquarie Park-7426,2020-01-29T06:00:00+11:00,-33.765278,151.117806,pm10,µg/m³,31.6
7426,21608,Macquarie Park-7426,2020-01-29T07:00:00+11:00,-33.765278,151.117806,pm10,µg/m³,30.3
7426,21608,Macquarie Park-7426,2020-01-29T08:00:00+11:00,-33.765278,151.117806,pm10,µg/m³,31.7
7426,21608,Macquarie Park-7426,2020-01-29T09:00:00+11:00,-33.765278,151.117806,pm10,µg/m³,32.1
7426,21608,Macquarie Park-7426,2020-01-29T10:00:00+11:00,-33.765278,151.117806,pm10,µg/m³,32.3
7426,21608,Macquarie Park-7426,2020-01-29T11:00:00+11:00,-33.765278,151.117806,pm10,µg/m³,32.3
7426,21608,Macquarie Park-7426,2020-01-29T12:00:00+11:00,-33.765278,151.117806,pm10,µg/m³,31.8
7426,21608,Macquarie Park-7426,2020-01-29T13:00:00+11:00,-33.765278,151.117806,pm10,µg/m³,31.5
7426,21608,Macquarie Park-7426,2020-01-29T14:00:00+11:00,-33.765278,151.117806,pm10,µg/m³,31.2
7426,21608,Macquarie Park-7426,2020-01-29T15:00:00+11:00,-33.765278,151.117806,pm10,µg/m³,32.2
7426,21608,Macquarie Park-7426,2020-01-29T16:00:00+11:00,-33.765278,151.117806,pm10,µg/m³,33.8
7426,21608,Macquarie Park-7426,2020-01-29T17:00:00+11:00,-33.765278,151.117806,pm10,µg/m³,34.4
7426,21608,Macquarie Park-7426,2020-01-29T18:00:00+11:00,-33.765278,151.117806,pm10,µg/m³,34.3
7426,21608,Macquarie Park-7426,2020-01-29T19:00:00+11:00,-33.765278,151.117806,pm10,µg/m³,33.3
7426,21608,Macquarie Park-7426,2020-01-29T20:00:00+11:00,-33.765278,151.117806,pm10,µg/m³,31.9
7426,21608,Macquarie Park-7426,2020-01-29T21:00:00+11:00,-33.765278,151.117806,pm10,µg/m³,31.5
7426,21608,Macquarie Park-7426,2020-01-29T22:00:00+11:00,-33.765278,151.117806,pm10,µg/m³,30.7
7426,21608,Macquarie Park-7426,2020-01-29T23:00:00+11:00,-33.765278,151.117806,pm10,µg/m³,30.0
7426,21609,Macquarie Park-7426,2020-01-29T01:00:00+11:00,-33.765278,151.117806,pm25,µg/m³,9.1
7426,21609,Macquarie Park-7426,2020-01-29T02:00:00+11:00,-33.765278,151.117806,pm25,µg/m³,9.5
7426,21609,Macquarie Park-7426,2020-01-29T03:00:00+11:00,-33.765278,151.117806,pm25,µg/m³,10.2
7426,21609,Macquarie Park-7426,2020-01-29T04:00:00+11:00,-33.765278,151.117806,pm25,µg/m³,10.6
7426,21609,Macquarie Park-7426,2020-01-29T05:00:00+11:00,-33.765278,151.117806,pm25,µg/m³,11.2
7426,21609,Macquarie Park-7426,2020-01-29T06:00:00+11:00,-33.765278,151.117806,pm25,µg/m³,12.1
7426,21609,Macquarie Park-7426,2020-01-29T07:00:00+11:00,-33.765278,151.117806,pm25,µg/m³,13.1
7426,21609,Macquarie Park-7426,2020-01-29T08:00:00+11:00,-33.765278,151.117806,pm25,µg/m³,13.9
7426,21609,Macquarie Park-7426,2020-01-29T09:00:00+11:00,-33.765278,151.117806,pm25,µg/m³,15.0
7426,21609,Macquarie Park-7426,2020-01-29T10:00:00+11:00,-33.765278,151.117806,pm25,µg/m³,15.0
7426,21609,Macquarie Park-7426,2020-01-29T11:00:00+11:00,-33.765278,151.117806,pm25,µg/m³,15.0
7426,21609,Macquarie Park-7426,2020-01-29T12:00:00+11:00,-33.765278,151.117806,pm25,µg/m³,15.4
7426,21609,Macquarie Park-7426,2020-01-29T13:00:00+11:00,-33.765278,151.117806,pm25,µg/m³,15.6
7426,21609,Macquarie Park-7426,2020-01-29T14:00:00+11:00,-33.765278,151.117806,pm25,µg/m³,16.0
7426,21609,Macquarie Park-7426,2020-01-29T15:00:00+11:00,-33.765278,151.117806,pm25,µg/m³,16.7
7426,21609,Macquarie Park-7426,2020-01-29T16:00:00+11:00,-33.765278,151.117806,pm25,µg/m³,17.7
7426,21609,Macquarie Park-7426,2020-01-29T17:00:00+11:00,-33.765278,151.117806,pm25,µg/m³,17.5
7426,21609,Macquarie Park-7426,2020-01-29T18:00:00+11:00,-33.765278,151.117806,pm25,µg/m³,17.3
7426,21609,Macquarie Park-7426,2020-01-29T19:00:00+11:00,-33.765278,151.117806,pm25,µg/m³,17.8
7426,21609,Macquarie Park-7426,2020-01-29T20:00:00+11:00,-33.765278,151.117806,pm25,µg/m³,17.7
7426,21609,Macquarie Park-7426,2020-01-29T21:00:00+11:00,-33.765278,151.117806,pm25,µg/m³,17.8
7426,21609,Macquarie Park-7426,2020-01-29T22:00:00+11:00,-33.765278,151.117806,pm25,µg/m³,17.9
7426,21609,Macquarie Park-7426,2020-01-29T23:00:00+11:00,-33.765278,151.117806,pm25,µg/m³,18.0
7426,25234,Macquarie Park-7426,2020-01-29T01:00:00+11:00,-33.765278,151.117806,no2,ppm,-0.001
7426,25234,Macquarie Park-7426,2020-01-29T03:00:00+11:00,-33.765278,151.117806,no2,ppm,0.0
7426,25234,Macquarie Park-7426,2020-01-29T04:00:00+11:00,-33.765278,151.117806,no2,ppm,0.0
7426,25234,Macquarie Park-7426,2020-01-29T05:00:00+11:00,-33.765278,151.117806,no2,ppm,0.001
7426,25234,Macquarie Park-7426,2020-01-29T06:00:00+11:00,-33.765278,151.117806,no2,ppm,0.004
7426,25234,Macquarie Park-7426,2020-01-29T07:00:00+11:00,-33.765278,151.117806,no2,ppm,0.006
7426,25234,Macquarie Park-7426,2020-01-29T08:00:00+11:00,-33.765278,151.117806,no2,ppm,0.004
7426,25234,Macquarie Park-7426,2020-01-29T09:00:00+11:00,-33.765278,151.117806,no2,ppm,0.004
7426,25234,Macquarie Park-7426,2020-01-29T10:00:00+11:00,-33.765278,151.117806,no2,ppm,0.004
7426,25234,Macquarie Park-7426,2020-01-29T11:00:00+11:00,-33.765278,151.117806,no2,ppm,0.005
7426,25234,Macquarie Park-7426,2020-01-29T12:00:00+11:00,-33.765278,151.117806,no2,ppm,0.005
7426,25234,Macquarie Park-7426,2020-01-29T13:00:00+11:00,-33.765278,151.117806,no2,ppm,0.003
7426,25234,Macquarie Park-7426,2020-01-29T14:00:00+11:00,-33.765278,151.117806,no2,ppm,0.001
7426,25234,Macquarie Park-7426,2020-01-29T15:00:00+11:00,-33.765278,151.117806,no2,ppm,0.001
7426,25234,Macquarie Park-7426,2020-01-29T16:00:00+11:00,-33.765278,151.117806,no2,ppm,0.001
7426,25234,Macquarie Park-7426,2020-01-29T17:00:00+11:00,-33.765278,151.117806,no2,ppm,0.001
7426,25234,Macquarie Park-7426,2020-01-29T18:00:00+11:00,-33.765278,151.117806,no2,ppm,0.0
7426,25234,Macquarie Park-7426,2020-01-29T19:00:00+11:00,-33.765278,151.117806,no2,ppm,0.0
7426,25234,Macquarie Park-7426,2020-01-29T20:00:00+11:00,-33.765278,151.117806,no2,ppm,0.0
7426,25234,Macquarie Park-7426,2020-01-29T21:00:00+11:00,-33.765278,151.117806,no2,ppm,0.001
7426,25234,Macquarie Park-7426,2020-01-29T22:00:00+11:00,-33.765278,151.117806,no2,ppm,0.003
7426,25234,Macquarie Park-7426,2020-01-29T23:00:00+11:00,-33.765278,151.117806,no2,ppm,0.003
7426,28467,Macquarie Park-7426,2020-01-29T01:00:00+11:00,-33.765278,151.117806,co,ppm,0.3
7426,28467,Macquarie Park-7426,2020-01-29T02:00:00+11:00,-33.765278,151.117806,co,ppm,0.3
7426,28467,Macquarie Park-7426,2020-01-29T03:00:00+11:00,-33.765278,151.117806,co,ppm,0.3
7426,28467,Macquarie Park-7426,2020-01-29T04:00:00+11:00,-33.765278,151.117806,co,ppm,0.3
7426,28467,Macquarie Park-7426,2020-01-29T05:00:00+11:00,-33.765278,151.117806,co,ppm,0.4
7426,28467,Macquarie Park-7426,2020-01-29T06:00:00+11:00,-33.765278,151.117806,co,ppm,0.4
7426,28467,Macquarie Park-7426,2020-01-29T07:00:00+11:00,-33.765278,151.117806,co,ppm,0.4
7426,28467,Macquarie Park-7426,2020-01-29T08:00:00+11:00,-33.765278,151.117806,co,ppm,0.4
7426,28467,Macquarie Park-7426,2020-01-29T09:00:00+11:00,-33.765278,151.117806,co,ppm,0.4
7426,28467,Macquarie Park-7426,2020-01-29T10:00:00+11:00,-33.765278,151.117806,co,ppm,0.4
7426,28467,Macquarie Park-7426,2020-01-29T11:00:00+11:00,-33.765278,151.117806,co,ppm,0.4
7426,28467,Macquarie Park-7426,2020-01-29T12:00:00+11:00,-33.765278,151.117806,co,ppm,0.4
7426,28467,Macquarie Park-7426,2020-01-29T13:00:00+11:00,-33.765278,151.117806,co,ppm,0.4
7426,28467,Macquarie Park-7426,2020-01-29T14:00:00+11:00,-33.765278,151.117806,co,ppm,0.4
7426,28467,Macquarie Park-7426,2020-01-29T15:00:00+11:00,-33.765278,151.117806,co,ppm,0.4
7426,28467,Macquarie Park-7426,2020-01-29T16:00:00+11:00,-33.765278,151.117806,co,ppm,0.4
7426,28467,Macquarie Park-7426,2020-01-29T17:00:00+11:00,-33.765278,151.117806,co,ppm,0.4
7426,28467,Macquarie Park-7426,2020-01-29T18:00:00+11:00,-33.765278,151.117806,co,ppm,0.4
7426,28467,Macquarie Park-7426,2020-01-29T19:00:00+11:00,-33.765278,151.117806,co,ppm,0.4
7426,28467,Macquarie Park-7426,2020-01-29T20:00:00+11:00,-33.765278,151.117806,co,ppm,0.4
7426,28467,Macquarie Park-7426,2020-01-29T21:00:00+11:00,-33.765278,151.117806,co,ppm,0.4
7426,28467,Macquarie Park-7426,2020-01-29T22:00:00+11:00,-33.765278,151.117806,co,ppm,0.3
7426,28467,Macquarie Park-7426,2020-01-29T23:00:00+11:00,-33.765278,151.117806,co,ppm,0.3
7426,25237,Macquarie Park-7426,2020-01-29T01:00:00+11:00,-33.765278,151.117806,so2,ppm,0.0
7426,25237,Macquarie Park-7426,2020-01-29T03:00:00+11:00,-33.765278,151.117806,so2,ppm,0.0
7426,25237,Macquarie Park-7426,2020-01-29T04:00:00+11:00,-33.765278,151.117806,so2,ppm,0.0
7426,25237,Macquarie Park-7426,2020-01-29T05:00:00+11:00,-33.765278,151.117806,so2,ppm,0.0
7426,25237,Macquarie Park-7426,2020-01-29T06:00:00+11:00,-33.765278,151.117806,so2,ppm,0.0
7426,25237,Macquarie Park-7426,2020-01-29T07:00:00+11:00,-33.765278,151.117806,so2,ppm,0.0
7426,25237,Macquarie Park-7426,2020-01-29T08:00:00+11:00,-33.765278,151.117806,so2,ppm,0.0
7426,25237,Macquarie Park-7426,2020-01-29T09:00:00+11:00,-33.765278,151.117806,so2,ppm,0.0
7426,25237,Macquarie Park-7426,2020-01-29T10:00:00+11:00,-33.765278,151.117806,so2,ppm,0.0
7426,25237,Macquarie Park-7426,2020-01-29T11:00:00+11:00,-33.765278,151.117806,so2,ppm,0.0
7426,25237,Macquarie Park-7426,2020-01-29T12:00:00+11:00,-33.765278,151.117806,so2,ppm,0.0
7426,25237,Macquarie Park-7426,2020-01-29T13:00:00+11:00,-33.765278,151.117806,so2,ppm,0.0
7426,25237,Macquarie Park-7426,2020-01-29T14:00:00+11:00,-33.765278,151.117806,so2,ppm,0.0
7426,25237,Macquarie Park-7426,2020-01-29T15:00:00+11:00,-33.765278,151.117806,so2,ppm,0.0
7426,25237,Macquarie Park-7426,2020-01-29T16:00:00+11:00,-33.765278,151.117806,so2,ppm,0.0
7426,25237,Macquarie Park-7426,2020-01-29T17:00:00+11:00,-33.765278,151.117806,so2,ppm,0.0
7426,25237,Macquarie Park-7426,2020-01-29T18:00:00+11:00,-33.765278,151.117806,so2,ppm,0.0
7426,25237,Macquarie Park-7426,2020-01-29T19:00:00+11:00,-33.765278,151.117806,so2,ppm,0.0
7426,25237,Macquarie Park-7426,2020-01-29T20:00:00+11:00,-33.765278,151.117806,so2,ppm,0.0
7426,25237,Macquarie Park-7426,2020-01-29T21:00:00+11:00,-33.765278,151.117806,so2,ppm,0.0
7426,25237,Macquarie Park-7426,2020-01-29T22:00:00+11:00,-33.765278,151.117806,so2,ppm,0.0
7426,25237,Macquarie Park-7426,2020-01-29T23:00:00+11:00,-33.765278,151.117806,so2,ppm,0.0
7426,25235,Macquarie Park-7426,2020-01-29T01:00:00+11:00,-33.765278,151.117806,o3,ppm,0.023
7426,25235,Macquarie Park-7426,2020-01-29T02:00:00+11:00,-33.765278,151.117806,o3,ppm,0.022
7426,25235,Macquarie Park-7426,2020-01-29T03:00:00+11:00,-33.765278,151.117806,o3,ppm,0.026
7426,25235,Macquarie Park-7426,2020-01-29T04:00:00+11:00,-33.765278,151.117806,o3,ppm,0.03
7426,25235,Macquarie Park-7426,2020-01-29T05:00:00+11:00,-33.765278,151.117806,o3,ppm,0.03
7426,25235,Macquarie Park-7426,2020-01-29T06:00:00+11:00,-33.765278,151.117806,o3,ppm,0.027
7426,25235,Macquarie Park-7426,2020-01-29T07:00:00+11:00,-33.765278,151.117806,o3,ppm,0.025
7426,25235,Macquarie Park-7426,2020-01-29T08:00:00+11:00,-33.765278,151.117806,o3,ppm,0.028
7426,25235,Macquarie Park-7426,2020-01-29T09:00:00+11:00,-33.765278,151.117806,o3,ppm,0.026
7426,25235,Macquarie Park-7426,2020-01-29T10:00:00+11:00,-33.765278,151.117806,o3,ppm,0.027
7426,25235,Macquarie Park-7426,2020-01-29T11:00:00+11:00,-33.765278,151.117806,o3,ppm,0.03
7426,25235,Macquarie Park-7426,2020-01-29T12:00:00+11:00,-33.765278,151.117806,o3,ppm,0.035
7426,25235,Macquarie Park-7426,2020-01-29T13:00:00+11:00,-33.765278,151.117806,o3,ppm,0.037
7426,25235,Macquarie Park-7426,2020-01-29T14:00:00+11:00,-33.765278,151.117806,o3,ppm,0.04
7426,25235,Macquarie Park-7426,2020-01-29T15:00:00+11:00,-33.765278,151.117806,o3,ppm,0.038
7426,25235,Macquarie Park-7426,2020-01-29T16:00:00+11:00,-33.765278,151.117806,o3,ppm,0.04
7426,25235,Macquarie Park-7426,2020-01-29T17:00:00+11:00,-33.765278,151.117806,o3,ppm,0.033
7426,25235,Macquarie Park-7426,2020-01-29T18:00:00+11:00,-33.765278,151.117806,o3,ppm,0.027
7426,25235,Macquarie Park-7426,2020-01-29T19:00:00+11:00,-33.765278,151.117806,o3,ppm,0.025
7426,25235,Macquarie Park-7426,2020-01-29T20:00:00+11:00,-33.765278,151.117806,o3,ppm,0.021
7426,25235,Macquarie Park-7426,2020-01-29T21:00:00+11:00,-33.765278,151.117806,o3,ppm,0.019
7426,25235,Macquarie Park-7426,2020-01-29T22:00:00+11:00,-33.765278,151.117806,o3,ppm,0.012
7426,25235,Macquarie Park-7426,2020-01-29T23:00:00+11:00,-33.765278,151.117806,o3,ppm,0.007
7426,21608,Macquarie Park-7426,2020-01-30T01:00:00+11:00,-33.765278,151.117806,pm10,µg/m³,28.4
7426,21608,Macquarie Park-7426,2020-01-30T02:00:00+11:00,-33.765278,151.117806,pm10,µg/m³,27.7
7426,21608,Macquarie Park-7426,2020-01-30T03:00:00+11:00,-33.765278,151.117806,pm10,µg/m³,26.7
7426,21608,Macquarie Park-7426,2020-01-30T04:00:00+11:00,-33.765278,151.117806,pm10,µg/m³,26.2
7426,21608,Macquarie Park-7426,2020-01-30T05:00:00+11:00,-33.765278,151.117806,pm10,µg/m³,25.4
7426,21608,Macquarie Park-7426,2020-01-30T06:00:00+11:00,-33.765278,151.117806,pm10,µg/m³,24.8
7426,21608,Macquarie Park-7426,2020-01-30T07:00:00+11:00,-33.765278,151.117806,pm10,µg/m³,25.4
7426,21608,Macquarie Park-7426,2020-01-30T08:00:00+11:00,-33.765278,151.117806,pm10,µg/m³,26.2
7426,21608,Macquarie Park-7426,2020-01-30T09:00:00+11:00,-33.765278,151.117806,pm10,µg/m³,24.9
7426,21608,Macquarie Park-7426,2020-01-30T10:00:00+11:00,-33.765278,151.117806,pm10,µg/m³,24.3
7426,21608,Macquarie Park-7426,2020-01-30T11:00:00+11:00,-33.765278,151.117806,pm10,µg/m³,23.8
7426,21608,Macquarie Park-7426,2020-01-30T12:00:00+11:00,-33.765278,151.117806,pm10,µg/m³,23.6
7426,21608,Macquarie Park-7426,2020-01-30T13:00:00+11:00,-33.765278,151.117806,pm10,µg/m³,22.8
7426,21608,Macquarie Park-7426,2020-01-30T14:00:00+11:00,-33.765278,151.117806,pm10,µg/m³,23.1
7426,21608,Macquarie Park-7426,2020-01-30T15:00:00+11:00,-33.765278,151.117806,pm10,µg/m³,22.8
7426,21608,Macquarie Park-7426,2020-01-30T16:00:00+11:00,-33.765278,151.117806,pm10,µg/m³,22.3
7426,21608,Macquarie Park-7426,2020-01-30T17:00:00+11:00,-33.765278,151.117806,pm10,µg/m³,22.6
7426,21608,Macquarie Park-7426,2020-01-30T18:00:00+11:00,-33.765278,151.117806,pm10,µg/m³,22.8
7426,21608,Macquarie Park-7426,2020-01-30T19:00:00+11:00,-33.765278,151.117806,pm10,µg/m³,23.6
7426,21608,Macquarie Park-7426,2020-01-30T20:00:00+11:00,-33.765278,151.117806,pm10,µg/m³,24.7
7426,21608,Macquarie Park-7426,2020-01-30T21:00:00+11:00,-33.765278,151.117806,pm10,µg/m³,25.1
7426,21608,Macquarie Park-7426,2020-01-30T22:00:00+11:00,-33.765278,151.117806,pm10,µg/m³,25.2
7426,21608,Macquarie Park-7426,2020-01-30T23:00:00+11:00,-33.765278,151.117806,pm10,µg/m³,25.0
7426,21609,Macquarie Park-7426,2020-01-30T01:00:00+11:00,-33.765278,151.117806,pm25,µg/m³,17.5
7426,21609,Macquarie Park-7426,2020-01-30T02:00:00+11:00,-33.765278,151.117806,pm25,µg/m³,17.5
7426,21609,Macquarie Park-7426,2020-01-30T03:00:00+11:00,-33.765278,151.117806,pm25,µg/m³,17.4
7426,21609,Macquarie Park-7426,2020-01-30T04:00:00+11:00,-33.765278,151.117806,pm25,µg/m³,17.3
7426,21609,Macquarie Park-7426,2020-01-30T05:00:00+11:00,-33.765278,151.117806,pm25,µg/m³,17.0
7426,21609,Macquarie Park-7426,2020-01-30T06:00:00+11:00,-33.765278,151.117806,pm25,µg/m³,16.3
7426,21609,Macquarie Park-7426,2020-01-30T07:00:00+11:00,-33.765278,151.117806,pm25,µg/m³,15.6
7426,21609,Macquarie Park-7426,2020-01-30T08:00:00+11:00,-33.765278,151.117806,pm25,µg/m³,15.4
7426,21609,Macquarie Park-7426,2020-01-30T09:00:00+11:00,-33.765278,151.117806,pm25,µg/m³,15.1
7426,21609,Macquarie Park-7426,2020-01-30T10:00:00+11:00,-33.765278,151.117806,pm25,µg/m³,15.3
7426,21609,Macquarie Park-7426,2020-01-30T11:00:00+11:00,-33.765278,151.117806,pm25,µg/m³,15.4
7426,21609,Macquarie Park-7426,2020-01-30T12:00:00+11:00,-33.765278,151.117806,pm25,µg/m³,15.5
7426,21609,Macquarie Park-7426,2020-01-30T13:00:00+11:00,-33.765278,151.117806,pm25,µg/m³,15.7
7426,21609,Macquarie Park-7426,2020-01-30T14:00:00+11:00,-33.765278,151.117806,pm25,µg/m³,15.6
7426,21609,Macquarie Park-7426,2020-01-30T15:00:00+11:00,-33.765278,151.117806,pm25,µg/m³,15.3
7426,21609,Macquarie Park-7426,2020-01-30T16:00:00+11:00,-33.765278,151.117806,pm25,µg/m³,14.5
7426,21609,Macquarie Park-7426,2020-01-30T17:00:00+11:00,-33.765278,151.117806,pm25,µg/m³,14.4
7426,21609,Macquarie Park-7426,2020-01-30T18:00:00+11:00,-33.765278,151.117806,pm25,µg/m³,14.8
7426,21609,Macquarie Park-7426,2020-01-30T19:00:00+11:00,-33.765278,151.117806,pm25,µg/m³,15.0
7426,21609,Macquarie Park-7426,2020-01-30T20:00:00+11:00,-33.765278,151.117806,pm25,µg/m³,15.2
7426,21609,Macquarie Park-7426,2020-01-30T21:00:00+11:00,-33.765278,151.117806,pm25,µg/m³,15.6
7426,21609,Macquarie Park-7426,2020-01-30T22:00:00+11:00,-33.765278,151.117806,pm25,µg/m³,15.9
7426,21609,Macquarie Park-7426,2020-01-30T23:00:00+11:00,-33.765278,151.117806,pm25,µg/m³,16.3
7426,25234,Macquarie Park-7426,2020-01-30T01:00:00+11:00,-33.765278,151.117806,no2,ppm,0.002
7426,25234,Macquarie Park-7426,2020-01-30T03:00:00+11:00,-33.765278,151.117806,no2,ppm,0.003
7426,25234,Macquarie Park-7426,2020-01-30T04:00:00+11:00,-33.765278,151.117806,no2,ppm,0.003
7426,25234,Macquarie Park-7426,2020-01-30T05:00:00+11:00,-33.765278,151.117806,no2,ppm,0.004
7426,25234,Macquarie Park-7426,2020-01-30T06:00:00+11:00,-33.765278,151.117806,no2,ppm,0.004
7426,25234,Macquarie Park-7426,2020-01-30T07:00:00+11:00,-33.765278,151.117806,no2,ppm,0.006
7426,25234,Macquarie Park-7426,2020-01-30T08:00:00+11:00,-33.765278,151.117806,no2,ppm,0.011
7426,25234,Macquarie Park-7426,2020-01-30T09:00:00+11:00,-33.765278,151.117806,no2,ppm,0.005
7426,25234,Macquarie Park-7426,2020-01-30T10:00:00+11:00,-33.765278,151.117806,no2,ppm,0.001
7426,25234,Macquarie Park-7426,2020-01-30T11:00:00+11:00,-33.765278,151.117806,no2,ppm,0.002
7426,25234,Macquarie Park-7426,2020-01-30T12:00:00+11:00,-33.765278,151.117806,no2,ppm,0.002
7426,25234,Macquarie Park-7426,2020-01-30T13:00:00+11:00,-33.765278,151.117806,no2,ppm,0.002
7426,25234,Macquarie Park-7426,2020-01-30T14:00:00+11:00,-33.765278,151.117806,no2,ppm,0.002
7426,25234,Macquarie Park-7426,2020-01-30T15:00:00+11:00,-33.765278,151.117806,no2,ppm,0.002
7426,25234,Macquarie Park-7426,2020-01-30T16:00:00+11:00,-33.765278,151.117806,no2,ppm,0.001
7426,25234,Macquarie Park-7426,2020-01-30T17:00:00+11:00,-33.765278,151.117806,no2,ppm,0.001
7426,25234,Macquarie Park-7426,2020-01-30T18:00:00+11:00,-33.765278,151.117806,no2,ppm,0.0
7426,25234,Macquarie Park-7426,2020-01-30T19:00:00+11:00,-33.765278,151.117806,no2,ppm,0.0
7426,25234,Macquarie Park-7426,2020-01-30T20:00:00+11:00,-33.765278,151.117806,no2,ppm,0.0
7426,25234,Macquarie Park-7426,2020-01-30T21:00:00+11:00,-33.765278,151.117806,no2,ppm,0.0
7426,25234,Macquarie Park-7426,2020-01-30T22:00:00+11:00,-33.765278,151.117806,no2,ppm,0.0
7426,25234,Macquarie Park-7426,2020-01-30T23:00:00+11:00,-33.765278,151.117806,no2,ppm,0.0
7426,28467,Macquarie Park-7426,2020-01-30T01:00:00+11:00,-33.765278,151.117806,co,ppm,0.3
7426,28467,Macquarie Park-7426,2020-01-30T02:00:00+11:00,-33.765278,151.117806,co,ppm,0.3
7426,28467,Macquarie Park-7426,2020-01-30T03:00:00+11:00,-33.765278,151.117806,co,ppm,0.3
7426,28467,Macquarie Park-7426,2020-01-30T04:00:00+11:00,-33.765278,151.117806,co,ppm,0.3
7426,28467,Macquarie Park-7426,2020-01-30T05:00:00+11:00,-33.765278,151.117806,co,ppm,0.3
7426,28467,Macquarie Park-7426,2020-01-30T06:00:00+11:00,-33.765278,151.117806,co,ppm,0.3
7426,28467,Macquarie Park-7426,2020-01-30T07:00:00+11:00,-33.765278,151.117806,co,ppm,0.3
7426,28467,Macquarie Park-7426,2020-01-30T08:00:00+11:00,-33.765278,151.117806,co,ppm,0.3
7426,28467,Macquarie Park-7426,2020-01-30T09:00:00+11:00,-33.765278,151.117806,co,ppm,0.3
7426,28467,Macquarie Park-7426,2020-01-30T10:00:00+11:00,-33.765278,151.117806,co,ppm,0.3
7426,28467,Macquarie Park-7426,2020-01-30T11:00:00+11:00,-33.765278,151.117806,co,ppm,0.3
7426,28467,Macquarie Park-7426,2020-01-30T12:00:00+11:00,-33.765278,151.117806,co,ppm,0.3
7426,28467,Macquarie Park-7426,2020-01-30T13:00:00+11:00,-33.765278,151.117806,co,ppm,0.3
7426,28467,Macquarie Park-7426,2020-01-30T14:00:00+11:00,-33.765278,151.117806,co,ppm,0.3
7426,28467,Macquarie Park-7426,2020-01-30T15:00:00+11:00,-33.765278,151.117806,co,ppm,0.3
7426,28467,Macquarie Park-7426,2020-01-30T16:00:00+11:00,-33.765278,151.117806,co,ppm,0.3
7426,28467,Macquarie Park-7426,2020-01-30T17:00:00+11:00,-33.765278,151.117806,co,ppm,0.3
7426,28467,Macquarie Park-7426,2020-01-30T18:00:00+11:00,-33.765278,151.117806,co,ppm,0.3
7426,28467,Macquarie Park-7426,2020-01-30T19:00:00+11:00,-33.765278,151.117806,co,ppm,0.3
7426,28467,Macquarie Park-7426,2020-01-30T20:00:00+11:00,-33.765278,151.117806,co,ppm,0.3
7426,28467,Macquarie Park-7426,2020-01-30T21:00:00+11:00,-33.765278,151.117806,co,ppm,0.3
7426,28467,Macquarie Park-7426,2020-01-30T22:00:00+11:00,-33.765278,151.117806,co,ppm,0.3
7426,28467,Macquarie Park-7426,2020-01-30T23:00:00+11:00,-33.765278,151.117806,co,ppm,0.3
7426,25237,Macquarie Park-7426,2020-01-30T01:00:00+11:00,-33.765278,151.117806,so2,ppm,0.0
7426,25237,Macquarie Park-7426,2020-01-30T03:00:00+11:00,-33.765278,151.117806,so2,ppm,0.0
7426,25237,Macquarie Park-7426,2020-01-30T04:00:00+11:00,-33.765278,151.117806,so2,ppm,0.0
7426,25237,Macquarie Park-7426,2020-01-30T05:00:00+11:00,-33.765278,151.117806,so2,ppm,0.0
7426,25237,Macquarie Park-7426,2020-01-30T06:00:00+11:00,-33.765278,151.117806,so2,ppm,0.0
7426,25237,Macquarie Park-7426,2020-01-30T07:00:00+11:00,-33.765278,151.117806,so2,ppm,0.0
7426,25237,Macquarie Park-7426,2020-01-30T08:00:00+11:00,-33.765278,151.117806,so2,ppm,0.0
7426,25237,Macquarie Park-7426,2020-01-30T09:00:00+11:00,-33.765278,151.117806,so2,ppm,0.0
7426,25237,Macquarie Park-7426,2020-01-30T10:00:00+11:00,-33.765278,151.117806,so2,ppm,0.0
7426,25237,Macquarie Park-7426,2020-01-30T11:00:00+11:00,-33.765278,151.117806,so2,ppm,0.0
7426,25237,Macquarie Park-7426,2020-01-30T12:00:00+11:00,-33.765278,151.117806,so2,ppm,0.001
7426,25237,Macquarie Park-7426,2020-01-30T13:00:00+11:00,-33.765278,151.117806,so2,ppm,0.001
7426,25237,Macquarie Park-7426,2020-01-30T14:00:00+11:00,-33.765278,151.117806,so2,ppm,0.003
7426,25237,Macquarie Park-7426,2020-01-30T15:00:00+11:00,-33.765278,151.117806,so2,ppm,0.003
7426,25237,Macquarie Park-7426,2020-01-30T16:00:00+11:00,-33.765278,151.117806,so2,ppm,0.002
7426,25237,Macquarie Park-7426,2020-01-30T17:00:00+11:00,-33.765278,151.117806,so2,ppm,0.001
7426,25237,Macquarie Park-7426,2020-01-30T18:00:00+11:00,-33.765278,151.117806,so2,ppm,0.0
7426,25237,Macquarie Park-7426,2020-01-30T19:00:00+11:00,-33.765278,151.117806,so2,ppm,0.0
7426,25237,Macquarie Park-7426,2020-01-30T20:00:00+11:00,-33.765278,151.117806,so2,ppm,0.0
7426,25237,Macquarie Park-7426,2020-01-30T21:00:00+11:00,-33.765278,151.117806,so2,ppm,0.0
7426,25237,Macquarie Park-7426,2020-01-30T22:00:00+11:00,-33.765278,151.117806,so2,ppm,0.0
7426,25237,Macquarie Park-7426,2020-01-30T23:00:00+11:00,-33.765278,151.117806,so2,ppm,0.0
7426,25235,Macquarie Park-7426,2020-01-30T01:00:00+11:00,-33.765278,151.117806,o3,ppm,0.002
7426,25235,Macquarie Park-7426,2020-01-30T02:00:00+11:00,-33.765278,151.117806,o3,ppm,0.004
7426,25235,Macquarie Park-7426,2020-01-30T03:00:00+11:00,-33.765278,151.117806,o3,ppm,0.001
7426,25235,Macquarie Park-7426,2020-01-30T04:00:00+11:00,-33.765278,151.117806,o3,ppm,0.0
7426,25235,Macquarie Park-7426,2020-01-30T05:00:00+11:00,-33.765278,151.117806,o3,ppm,0.0
7426,25235,Macquarie Park-7426,2020-01-30T06:00:00+11:00,-33.765278,151.117806,o3,ppm,0.0
7426,25235,Macquarie Park-7426,2020-01-30T07:00:00+11:00,-33.765278,151.117806,o3,ppm,0.0
7426,25235,Macquarie Park-7426,2020-01-30T08:00:00+11:00,-33.765278,151.117806,o3,ppm,0.006
7426,25235,Macquarie Park-7426,2020-01-30T09:00:00+11:00,-33.765278,151.117806,o3,ppm,0.025
7426,25235,Macquarie Park-7426,2020-01-30T10:00:00+11:00,-33.765278,151.117806,o3,ppm,0.034
7426,25235,Macquarie Park-7426,2020-01-30T11:00:00+11:00,-33.765278,151.117806,o3,ppm,0.039
7426,25235,Macquarie Park-7426,2020-01-30T12:00:00+11:00,-33.765278,151.117806,o3,ppm,0.046
7426,25235,Macquarie Park-7426,2020-01-30T13:00:00+11:00,-33.765278,151.117806,o3,ppm,0.054
7426,25235,Macquarie Park-7426,2020-01-30T14:00:00+11:00,-33.765278,151.117806,o3,ppm,0.059
7426,25235,Macquarie Park-7426,2020-01-30T15:00:00+11:00,-33.765278,151.117806,o3,ppm,0.053
7426,25235,Macquarie Park-7426,2020-01-30T16:00:00+11:00,-33.765278,151.117806,o3,ppm,0.046
7426,25235,Macquarie Park-7426,2020-01-30T17:00:00+11:00,-33.765278,151.117806,o3,ppm,0.033
7426,25235,Macquarie Park-7426,2020-01-30T18:00:00+11:00,-33.765278,151.117806,o3,ppm,0.029
7426,25235,Macquarie Park-7426,2020-01-30T19:00:00+11:00,-33.765278,151.117806,o3,ppm,0.029
7426,25235,Macquarie Park-7426,2020-01-30T20:00:00+11:00,-33.765278,151.117806,o3,ppm,0.025
7426,25235,Macquarie Park-7426,2020-01-30T21:00:00+11:00,-33.765278,151.117806,o3,ppm,0.022
7426,25235,Macquarie Park-7426,2020-01-30T22:00:00+11:00,-33.765278,151.117806,o3,ppm,0.02
7426,25235,Macquarie Park-7426,2020-01-30T23:00:00+11:00,-33.765278,151.117806,o3,ppm,0.016
7426,21608,Macquarie Park-7426,2020-01-31T01:00:00+11:00,-33.765278,151.117806,pm10,µg/m³,24.2
7426,21608,Macquarie Park-7426,2020-01-31T02:00:00+11:00,-33.765278,151.117806,pm10,µg/m³,23.9
7426,21608,Macquarie Park-7426,2020-01-31T03:00:00+11:00,-33.765278,151.117806,pm10,µg/m³,24.7
7426,21608,Macquarie Park-7426,2020-01-31T04:00:00+11:00,-33.765278,151.117806,pm10,µg/m³,25.3
7426,21608,Macquarie Park-7426,2020-01-31T05:00:00+11:00,-33.765278,151.117806,pm10,µg/m³,26.3
7426,21608,Macquarie Park-7426,2020-01-31T06:00:00+11:00,-33.765278,151.117806,pm10,µg/m³,26.8
7426,21608,Macquarie Park-7426,2020-01-31T07:00:00+11:00,-33.765278,151.117806,pm10,µg/m³,25.5
7426,21608,Macquarie Park-7426,2020-01-31T08:00:00+11:00,-33.765278,151.117806,pm10,µg/m³,23.3
7426,21608,Macquarie Park-7426,2020-01-31T09:00:00+11:00,-33.765278,151.117806,pm10,µg/m³,23.9
7426,21608,Macquarie Park-7426,2020-01-31T10:00:00+11:00,-33.765278,151.117806,pm10,µg/m³,24.2
7426,21608,Macquarie Park-7426,2020-01-31T11:00:00+11:00,-33.765278,151.117806,pm10,µg/m³,23.9
7426,21608,Macquarie Park-7426,2020-01-31T12:00:00+11:00,-33.765278,151.117806,pm10,µg/m³,24.1
7426,21608,Macquarie Park-7426,2020-01-31T13:00:00+11:00,-33.765278,151.117806,pm10,µg/m³,24.8
7426,21608,Macquarie Park-7426,2020-01-31T14:00:00+11:00,-33.765278,151.117806,pm10,µg/m³,24.3
7426,21608,Macquarie Park-7426,2020-01-31T15:00:00+11:00,-33.765278,151.117806,pm10,µg/m³,23.5
7426,21608,Macquarie Park-7426,2020-01-31T16:00:00+11:00,-33.765278,151.117806,pm10,µg/m³,22.5
7426,21608,Macquarie Park-7426,2020-01-31T17:00:00+11:00,-33.765278,151.117806,pm10,µg/m³,21.1
7426,21608,Macquarie Park-7426,2020-01-31T18:00:00+11:00,-33.765278,151.117806,pm10,µg/m³,20.9
7426,21608,Macquarie Park-7426,2020-01-31T19:00:00+11:00,-33.765278,151.117806,pm10,µg/m³,20.2
7426,21608,Macquarie Park-7426,2020-01-31T20:00:00+11:00,-33.765278,151.117806,pm10,µg/m³,20.0
7426,21608,Macquarie Park-7426,2020-01-31T21:00:00+11:00,-33.765278,151.117806,pm10,µg/m³,20.0
7426,21608,Macquarie Park-7426,2020-01-31T22:00:00+11:00,-33.765278,151.117806,pm10,µg/m³,20.4
7426,21608,Macquarie Park-7426,2020-01-31T23:00:00+11:00,-33.765278,151.117806,pm10,µg/m³,21.1
7426,21609,Macquarie Park-7426,2020-01-31T01:00:00+11:00,-33.765278,151.117806,pm25,µg/m³,15.2
7426,21609,Macquarie Park-7426,2020-01-31T02:00:00+11:00,-33.765278,151.117806,pm25,µg/m³,14.9
7426,21609,Macquarie Park-7426,2020-01-31T03:00:00+11:00,-33.765278,151.117806,pm25,µg/m³,14.6
7426,21609,Macquarie Park-7426,2020-01-31T04:00:00+11:00,-33.765278,151.117806,pm25,µg/m³,14.1
7426,21609,Macquarie Park-7426,2020-01-31T05:00:00+11:00,-33.765278,151.117806,pm25,µg/m³,14.0
7426,21609,Macquarie Park-7426,2020-01-31T06:00:00+11:00,-33.765278,151.117806,pm25,µg/m³,14.8
7426,21609,Macquarie Park-7426,2020-01-31T07:00:00+11:00,-33.765278,151.117806,pm25,µg/m³,14.6
7426,21609,Macquarie Park-7426,2020-01-31T08:00:00+11:00,-33.765278,151.117806,pm25,µg/m³,13.9
7426,21609,Macquarie Park-7426,2020-01-31T09:00:00+11:00,-33.765278,151.117806,pm25,µg/m³,13.7
7426,21609,Macquarie Park-7426,2020-01-31T10:00:00+11:00,-33.765278,151.117806,pm25,µg/m³,13.5
7426,21609,Macquarie Park-7426,2020-01-31T11:00:00+11:00,-33.765278,151.117806,pm25,µg/m³,13.8
7426,21609,Macquarie Park-7426,2020-01-31T12:00:00+11:00,-33.765278,151.117806,pm25,µg/m³,14.0
7426,21609,Macquarie Park-7426,2020-01-31T13:00:00+11:00,-33.765278,151.117806,pm25,µg/m³,14.1
7426,21609,Macquarie Park-7426,2020-01-31T14:00:00+11:00,-33.765278,151.117806,pm25,µg/m³,14.2
7426,21609,Macquarie Park-7426,2020-01-31T15:00:00+11:00,-33.765278,151.117806,pm25,µg/m³,13.7
7426,21609,Macquarie Park-7426,2020-01-31T16:00:00+11:00,-33.765278,151.117806,pm25,µg/m³,13.6
7426,21609,Macquarie Park-7426,2020-01-31T17:00:00+11:00,-33.765278,151.117806,pm25,µg/m³,13.7
7426,21609,Macquarie Park-7426,2020-01-31T18:00:00+11:00,-33.765278,151.117806,pm25,µg/m³,13.0
7426,21609,Macquarie Park-7426,2020-01-31T19:00:00+11:00,-33.765278,151.117806,pm25,µg/m³,12.7
7426,21609,Macquarie Park-7426,2020-01-31T20:00:00+11:00,-33.765278,151.117806,pm25,µg/m³,12.3
7426,21609,Macquarie Park-7426,2020-01-31T21:00:00+11:00,-33.765278,151.117806,pm25,µg/m³,11.9
7426,21609,Macquarie Park-7426,2020-01-31T22:00:00+11:00,-33.765278,151.117806,pm25,µg/m³,11.6
7426,21609,Macquarie Park-7426,2020-01-31T23:00:00+11:00,-33.765278,151.117806,pm25,µg/m³,11.2
7426,25234,Macquarie Park-7426,2020-01-31T01:00:00+11:00,-33.765278,151.117806,no2,ppm,0.002
7426,25234,Macquarie Park-7426,2020-01-31T03:00:00+11:00,-33.765278,151.117806,no2,ppm,0.001
7426,25234,Macquarie Park-7426,2020-01-31T04:00:00+11:00,-33.765278,151.117806,no2,ppm,0.001
7426,25234,Macquarie Park-7426,2020-01-31T05:00:00+11:00,-33.765278,151.117806,no2,ppm,0.002
7426,25234,Macquarie Park-7426,2020-01-31T06:00:00+11:00,-33.765278,151.117806,no2,ppm,0.004
7426,25234,Macquarie Park-7426,2020-01-31T07:00:00+11:00,-33.765278,151.117806,no2,ppm,0.008
7426,25234,Macquarie Park-7426,2020-01-31T08:00:00+11:00,-33.765278,151.117806,no2,ppm,0.01
7426,25234,Macquarie Park-7426,2020-01-31T09:00:00+11:00,-33.765278,151.117806,no2,ppm,0.005
7426,25234,Macquarie Park-7426,2020-01-31T10:00:00+11:00,-33.765278,151.117806,no2,ppm,0.005
7426,25234,Macquarie Park-7426,2020-01-31T11:00:00+11:00,-33.765278,151.117806,no2,ppm,0.007
7426,25234,Macquarie Park-7426,2020-01-31T12:00:00+11:00,-33.765278,151.117806,no2,ppm,0.008
7426,25234,Macquarie Park-7426,2020-01-31T13:00:00+11:00,-33.765278,151.117806,no2,ppm,0.006
7426,25234,Macquarie Park-7426,2020-01-31T14:00:00+11:00,-33.765278,151.117806,no2,ppm,0.005
7426,25234,Macquarie Park-7426,2020-01-31T15:00:00+11:00,-33.765278,151.117806,no2,ppm,0.006
7426,25234,Macquarie Park-7426,2020-01-31T16:00:00+11:00,-33.765278,151.117806,no2,ppm,0.005
7426,25234,Macquarie Park-7426,2020-01-31T17:00:00+11:00,-33.765278,151.117806,no2,ppm,0.002
7426,25234,Macquarie Park-7426,2020-01-31T18:00:00+11:00,-33.765278,151.117806,no2,ppm,0.001
7426,25234,Macquarie Park-7426,2020-01-31T19:00:00+11:00,-33.765278,151.117806,no2,ppm,0.0
7426,25234,Macquarie Park-7426,2020-01-31T20:00:00+11:00,-33.765278,151.117806,no2,ppm,0.0
7426,25234,Macquarie Park-7426,2020-01-31T21:00:00+11:00,-33.765278,151.117806,no2,ppm,0.003
7426,25234,Macquarie Park-7426,2020-01-31T22:00:00+11:00,-33.765278,151.117806,no2,ppm,0.007
7426,25234,Macquarie Park-7426,2020-01-31T23:00:00+11:00,-33.765278,151.117806,no2,ppm,0.006
7426,28467,Macquarie Park-7426,2020-01-31T01:00:00+11:00,-33.765278,151.117806,co,ppm,0.3
7426,28467,Macquarie Park-7426,2020-01-31T02:00:00+11:00,-33.765278,151.117806,co,ppm,0.3
7426,28467,Macquarie Park-7426,2020-01-31T03:00:00+11:00,-33.765278,151.117806,co,ppm,0.3
7426,28467,Macquarie Park-7426,2020-01-31T04:00:00+11:00,-33.765278,151.117806,co,ppm,0.3
7426,28467,Macquarie Park-7426,2020-01-31T05:00:00+11:00,-33.765278,151.117806,co,ppm,0.3
7426,28467,Macquarie Park-7426,2020-01-31T06:00:00+11:00,-33.765278,151.117806,co,ppm,0.3
7426,28467,Macquarie Park-7426,2020-01-31T07:00:00+11:00,-33.765278,151.117806,co,ppm,0.3
7426,28467,Macquarie Park-7426,2020-01-31T08:00:00+11:00,-33.765278,151.117806,co,ppm,0.3
7426,28467,Macquarie Park-7426,2020-01-31T09:00:00+11:00,-33.765278,151.117806,co,ppm,0.3
7426,28467,Macquarie Park-7426,2020-01-31T10:00:00+11:00,-33.765278,151.117806,co,ppm,0.3
7426,28467,Macquarie Park-7426,2020-01-31T11:00:00+11:00,-33.765278,151.117806,co,ppm,0.3
7426,28467,Macquarie Park-7426,2020-01-31T12:00:00+11:00,-33.765278,151.117806,co,ppm,0.3
7426,28467,Macquarie Park-7426,2020-01-31T13:00:00+11:00,-33.765278,151.117806,co,ppm,0.3
7426,28467,Macquarie Park-7426,2020-01-31T14:00:00+11:00,-33.765278,151.117806,co,ppm,0.3
7426,28467,Macquarie Park-7426,2020-01-31T15:00:00+11:00,-33.765278,151.117806,co,ppm,0.3
7426,28467,Macquarie Park-7426,2020-01-31T16:00:00+11:00,-33.765278,151.117806,co,ppm,0.3
7426,28467,Macquarie Park-7426,2020-01-31T17:00:00+11:00,-33.765278,151.117806,co,ppm,0.3
7426,28467,Macquarie Park-7426,2020-01-31T18:00:00+11:00,-33.765278,151.117806,co,ppm,0.3
7426,28467,Macquarie Park-7426,2020-01-31T19:00:00+11:00,-33.765278,151.117806,co,ppm,0.3
7426,28467,Macquarie Park-7426,2020-01-31T20:00:00+11:00,-33.765278,151.117806,co,ppm,0.3
7426,28467,Macquarie Park-7426,2020-01-31T21:00:00+11:00,-33.765278,151.117806,co,ppm,0.3
7426,28467,Macquarie Park-7426,2020-01-31T22:00:00+11:00,-33.765278,151.117806,co,ppm,0.3
7426,28467,Macquarie Park-7426,2020-01-31T23:00:00+11:00,-33.765278,151.117806,co,ppm,0.3
7426,25237,Macquarie Park-7426,2020-01-31T01:00:00+11:00,-33.765278,151.117806,so2,ppm,0.0
7426,25237,Macquarie Park-7426,2020-01-31T03:00:00+11:00,-33.765278,151.117806,so2,ppm,0.0
7426,25237,Macquarie Park-7426,2020-01-31T04:00:00+11:00,-33.765278,151.117806,so2,ppm,0.0
7426,25237,Macquarie Park-7426,2020-01-31T05:00:00+11:00,-33.765278,151.117806,so2,ppm,0.001
7426,25237,Macquarie Park-7426,2020-01-31T06:00:00+11:00,-33.765278,151.117806,so2,ppm,0.004
7426,25237,Macquarie Park-7426,2020-01-31T07:00:00+11:00,-33.765278,151.117806,so2,ppm,0.005
7426,25237,Macquarie Park-7426,2020-01-31T08:00:00+11:00,-33.765278,151.117806,so2,ppm,0.007
7426,25237,Macquarie Park-7426,2020-01-31T09:00:00+11:00,-33.765278,151.117806,so2,ppm,0.006
7426,25237,Macquarie Park-7426,2020-01-31T10:00:00+11:00,-33.765278,151.117806,so2,ppm,0.005
7426,25237,Macquarie Park-7426,2020-01-31T11:00:00+11:00,-33.765278,151.117806,so2,ppm,0.008
7426,25237,Macquarie Park-7426,2020-01-31T12:00:00+11:00,-33.765278,151.117806,so2,ppm,0.011
7426,25237,Macquarie Park-7426,2020-01-31T13:00:00+11:00,-33.765278,151.117806,so2,ppm,0.005
7426,25237,Macquarie Park-7426,2020-01-31T14:00:00+11:00,-33.765278,151.117806,so2,ppm,0.005
7426,25237,Macquarie Park-7426,2020-01-31T15:00:00+11:00,-33.765278,151.117806,so2,ppm,0.007
7426,25237,Macquarie Park-7426,2020-01-31T16:00:00+11:00,-33.765278,151.117806,so2,ppm,0.005
7426,25237,Macquarie Park-7426,2020-01-31T17:00:00+11:00,-33.765278,151.117806,so2,ppm,0.002
7426,25237,Macquarie Park-7426,2020-01-31T18:00:00+11:00,-33.765278,151.117806,so2,ppm,0.0
7426,25237,Macquarie Park-7426,2020-01-31T19:00:00+11:00,-33.765278,151.117806,so2,ppm,0.0
7426,25237,Macquarie Park-7426,2020-01-31T20:00:00+11:00,-33.765278,151.117806,so2,ppm,0.0
7426,25237,Macquarie Park-7426,2020-01-31T21:00:00+11:00,-33.765278,151.117806,so2,ppm,0.001
7426,25237,Macquarie Park-7426,2020-01-31T22:00:00+11:00,-33.765278,151.117806,so2,ppm,0.003
7426,25237,Macquarie Park-7426,2020-01-31T23:00:00+11:00,-33.765278,151.117806,so2,ppm,0.001
7426,25235,Macquarie Park-7426,2020-01-31T01:00:00+11:00,-33.765278,151.117806,o3,ppm,0.006
7426,25235,Macquarie Park-7426,2020-01-31T02:00:00+11:00,-33.765278,151.117806,o3,ppm,0.012
7426,25235,Macquarie Park-7426,2020-01-31T03:00:00+11:00,-33.765278,151.117806,o3,ppm,0.001
7426,25235,Macquarie Park-7426,2020-01-31T04:00:00+11:00,-33.765278,151.117806,o3,ppm,0.0
7426,25235,Macquarie Park-7426,2020-01-31T05:00:00+11:00,-33.765278,151.117806,o3,ppm,0.006
7426,25235,Macquarie Park-7426,2020-01-31T06:00:00+11:00,-33.765278,151.117806,o3,ppm,0.009
7426,25235,Macquarie Park-7426,2020-01-31T07:00:00+11:00,-33.765278,151.117806,o3,ppm,0.007
7426,25235,Macquarie Park-7426,2020-01-31T08:00:00+11:00,-33.765278,151.117806,o3,ppm,0.008
7426,25235,Macquarie Park-7426,2020-01-31T09:00:00+11:00,-33.765278,151.117806,o3,ppm,0.016
7426,25235,Macquarie Park-7426,2020-01-31T10:00:00+11:00,-33.765278,151.117806,o3,ppm,0.027
7426,25235,Macquarie Park-7426,2020-01-31T11:00:00+11:00,-33.765278,151.117806,o3,ppm,0.056
7426,25235,Macquarie Park-7426,2020-01-31T12:00:00+11:00,-33.765278,151.117806,o3,ppm,0.058
7426,25235,Macquarie Park-7426,2020-01-31T13:00:00+11:00,-33.765278,151.117806,o3,ppm,0.051
7426,25235,Macquarie Park-7426,2020-01-31T14:00:00+11:00,-33.765278,151.117806,o3,ppm,0.057
7426,25235,Macquarie Park-7426,2020-01-31T15:00:00+11:00,-33.765278,151.117806,o3,ppm,0.068
7426,25235,Macquarie Park-7426,2020-01-31T16:00:00+11:00,-33.765278,151.117806,o3,ppm,0.062
7426,25235,Macquarie Park-7426,2020-01-31T17:00:00+11:00,-33.765278,151.117806,o3,ppm,0.048
7426,25235,Macquarie Park-7426,2020-01-31T18:00:00+11:00,-33.765278,151.117806,o3,ppm,0.037
7426,25235,Macquarie Park-7426,2020-01-31T19:00:00+11:00,-33.765278,151.117806,o3,ppm,0.029
7426,25235,Macquarie Park-7426,2020-01-31T20:00:00+11:00,-33.765278,151.117806,o3,ppm,0.024
7426,25235,Macquarie Park-7426,2020-01-31T21:00:00+11:00,-33.765278,151.117806,o3,ppm,0.02
7426,25235,Macquarie Park-7426,2020-01-31T22:00:00+11:00,-33.765278,151.117806,o3,ppm,0.013
7426,25235,Macquarie Park-7426,2020-01-31T23:00:00+11:00,-33.765278,151.117806,o3,ppm,0.009
