location_id,sensors_id,location,datetime,lat,lon,parameter,units,value
7428,21615,Cook And Phillip-7428,2020-04-01T03:00:00+11:00,-33.8725,151.213333,pm10,µg/m³,13.9
7428,21615,Cook And Phillip-7428,2020-04-01T05:00:00+11:00,-33.8725,151.213333,pm10,µg/m³,11.3
7428,21615,Cook And Phillip-7428,2020-04-01T06:00:00+11:00,-33.8725,151.213333,pm10,µg/m³,12.5
7428,21615,Cook And Phillip-7428,2020-04-01T07:00:00+11:00,-33.8725,151.213333,pm10,µg/m³,11.3
7428,21615,Cook And Phillip-7428,2020-04-01T08:00:00+11:00,-33.8725,151.213333,pm10,µg/m³,13.6
7428,21615,Cook And Phillip-7428,2020-04-01T09:00:00+11:00,-33.8725,151.213333,pm10,µg/m³,16.0
7428,21615,Cook And Phillip-7428,2020-04-01T10:00:00+11:00,-33.8725,151.213333,pm10,µg/m³,15.5
7428,21615,Cook And Phillip-7428,2020-04-01T11:00:00+11:00,-33.8725,151.213333,pm10,µg/m³,18.7
7428,21615,Cook And Phillip-7428,2020-04-01T12:00:00+11:00,-33.8725,151.213333,pm10,µg/m³,20.5
7428,21615,Cook And Phillip-7428,2020-04-01T13:00:00+11:00,-33.8725,151.213333,pm10,µg/m³,20.9
7428,21615,Cook And Phillip-7428,2020-04-01T14:00:00+11:00,-33.8725,151.213333,pm10,µg/m³,21.5
7428,21615,Cook And Phillip-7428,2020-04-01T15:00:00+11:00,-33.8725,151.213333,pm10,µg/m³,22.0
7428,21615,Cook And Phillip-7428,2020-04-01T16:00:00+11:00,-33.8725,151.213333,pm10,µg/m³,17.7
7428,21615,Cook And Phillip-7428,2020-04-01T17:00:00+11:00,-33.8725,151.213333,pm10,µg/m³,14.5
7428,21615,Cook And Phillip-7428,2020-04-01T18:00:00+11:00,-33.8725,151.213333,pm10,µg/m³,13.9
7428,21615,Cook And Phillip-7428,2020-04-01T19:00:00+11:00,-33.8725,151.213333,pm10,µg/m³,14.7
7428,21615,Cook And Phillip-7428,2020-04-01T20:00:00+11:00,-33.8725,151.213333,pm10,µg/m³,14.8
7428,21615,Cook And Phillip-7428,2020-04-01T21:00:00+11:00,-33.8725,151.213333,pm10,µg/m³,14.8
7428,21615,Cook And Phillip-7428,2020-04-01T22:00:00+11:00,-33.8725,151.213333,pm10,µg/m³,11.0
7428,21615,Cook And Phillip-7428,2020-04-01T23:00:00+11:00,-33.8725,151.213333,pm10,µg/m³,10.6
7428,21614,Cook And Phillip-7428,2020-04-01T03:00:00+11:00,-33.8725,151.213333,pm25,µg/m³,4.4
7428,21614,Cook And Phillip-7428,2020-04-01T05:00:00+11:00,-33.8725,151.213333,pm25,µg/m³,1.1
7428,21614,Cook And Phillip-7428,2020-04-01T06:00:00+11:00,-33.8725,151.213333,pm25,µg/m³,2.6
7428,21614,Cook And Phillip-7428,2020-04-01T07:00:00+11:00,-33.8725,151.213333,pm25,µg/m³,1.8
7428,21614,Cook And Phillip-7428,2020-04-01T08:00:00+11:00,-33.8725,151.213333,pm25,µg/m³,3.0
7428,21614,Cook And Phillip-7428,2020-04-01T09:00:00+11:00,-33.8725,151.213333,pm25,µg/m³,4.3
7428,21614,Cook And Phillip-7428,2020-04-01T10:00:00+11:00,-33.8725,151.213333,pm25,µg/m³,2.4
7428,21614,Cook And Phillip-7428,2020-04-01T11:00:00+11:00,-33.8725,151.213333,pm25,µg/m³,6.0
7428,21614,Cook And Phillip-7428,2020-04-01T12:00:00+11:00,-33.8725,151.213333,pm25,µg/m³,6.8
7428,21614,Cook And Phillip-7428,2020-04-01T13:00:00+11:00,-33.8725,151.213333,pm25,µg/m³,7.1
7428,21614,Cook And Phillip-7428,2020-04-01T14:00:00+11:00,-33.8725,151.213333,pm25,µg/m³,8.1
7428,21614,Cook And Phillip-7428,2020-04-01T15:00:00+11:00,-33.8725,151.213333,pm25,µg/m³,9.1
7428,21614,Cook And Phillip-7428,2020-04-01T16:00:00+11:00,-33.8725,151.213333,pm25,µg/m³,5.8
7428,21614,Cook And Phillip-7428,2020-04-01T17:00:00+11:00,-33.8725,151.213333,pm25,µg/m³,5.5
7428,21614,Cook And Phillip-7428,2020-04-01T18:00:00+11:00,-33.8725,151.213333,pm25,µg/m³,4.5
7428,21614,Cook And Phillip-7428,2020-04-01T19:00:00+11:00,-33.8725,151.213333,pm25,µg/m³,4.8
7428,21614,Cook And Phillip-7428,2020-04-01T20:00:00+11:00,-33.8725,151.213333,pm25,µg/m³,5.4
7428,21614,Cook And Phillip-7428,2020-04-01T21:00:00+11:00,-33.8725,151.213333,pm25,µg/m³,5.9
7428,21614,Cook And Phillip-7428,2020-04-01T22:00:00+11:00,-33.8725,151.213333,pm25,µg/m³,2.9
7428,21614,Cook And Phillip-7428,2020-04-01T23:00:00+11:00,-33.8725,151.213333,pm25,µg/m³,2.8
7428,25546,Cook And Phillip-7428,2020-04-01T03:00:00+11:00,-33.8725,151.213333,no2,ppm,0.005
7428,25546,Cook And Phillip-7428,2020-04-01T05:00:00+11:00,-33.8725,151.213333,no2,ppm,0.012
7428,25546,Cook And Phillip-7428,2020-04-01T06:00:00+11:00,-33.8725,151.213333,no2,ppm,0.013
7428,25546,Cook And Phillip-7428,2020-04-01T07:00:00+11:00,-33.8725,151.213333,no2,ppm,0.012
7428,25546,Cook And Phillip-7428,2020-04-01T08:00:00+11:00,-33.8725,151.213333,no2,ppm,0.01
7428,25546,Cook And Phillip-7428,2020-04-01T09:00:00+11:00,-33.8725,151.213333,no2,ppm,0.008
7428,25546,Cook And Phillip-7428,2020-04-01T10:00:00+11:00,-33.8725,151.213333,no2,ppm,0.005
7428,25546,Cook And Phillip-7428,2020-04-01T11:00:00+11:00,-33.8725,151.213333,no2,ppm,0.004
7428,25546,Cook And Phillip-7428,2020-04-01T12:00:00+11:00,-33.8725,151.213333,no2,ppm,0.004
7428,25546,Cook And Phillip-7428,2020-04-01T13:00:00+11:00,-33.8725,151.213333,no2,ppm,0.006
7428,25546,Cook And Phillip-7428,2020-04-01T14:00:00+11:00,-33.8725,151.213333,no2,ppm,0.009
7428,25546,Cook And Phillip-7428,2020-04-01T15:00:00+11:00,-33.8725,151.213333,no2,ppm,0.007
7428,25546,Cook And Phillip-7428,2020-04-01T16:00:00+11:00,-33.8725,151.213333,no2,ppm,0.006
7428,25546,Cook And Phillip-7428,2020-04-01T17:00:00+11:00,-33.8725,151.213333,no2,ppm,0.009
7428,25546,Cook And Phillip-7428,2020-04-01T18:00:00+11:00,-33.8725,151.213333,no2,ppm,0.008
7428,25546,Cook And Phillip-7428,2020-04-01T19:00:00+11:00,-33.8725,151.213333,no2,ppm,0.003
7428,25546,Cook And Phillip-7428,2020-04-01T20:00:00+11:00,-33.8725,151.213333,no2,ppm,0.003
7428,25546,Cook And Phillip-7428,2020-04-01T21:00:00+11:00,-33.8725,151.213333,no2,ppm,0.003
7428,25546,Cook And Phillip-7428,2020-04-01T22:00:00+11:00,-33.8725,151.213333,no2,ppm,0.001
7428,25546,Cook And Phillip-7428,2020-04-01T23:00:00+11:00,-33.8725,151.213333,no2,ppm,0.002
7428,28686,Cook And Phillip-7428,2020-04-01T03:00:00+11:00,-33.8725,151.213333,co,ppm,0.1
7428,28686,Cook And Phillip-7428,2020-04-01T05:00:00+11:00,-33.8725,151.213333,co,ppm,0.1
7428,28686,Cook And Phillip-7428,2020-04-01T06:00:00+11:00,-33.8725,151.213333,co,ppm,0.1
7428,28686,Cook And Phillip-7428,2020-04-01T07:00:00+11:00,-33.8725,151.213333,co,ppm,0.1
7428,28686,Cook And Phillip-7428,2020-04-01T08:00:00+11:00,-33.8725,151.213333,co,ppm,0.1
7428,28686,Cook And Phillip-7428,2020-04-01T09:00:00+11:00,-33.8725,151.213333,co,ppm,0.1
7428,28686,Cook And Phillip-7428,2020-04-01T10:00:00+11:00,-33.8725,151.213333,co,ppm,0.1
7428,28686,Cook And Phillip-7428,2020-04-01T11:00:00+11:00,-33.8725,151.213333,co,ppm,0.1
7428,28686,Cook And Phillip-7428,2020-04-01T12:00:00+11:00,-33.8725,151.213333,co,ppm,0.1
7428,28686,Cook And Phillip-7428,2020-04-01T13:00:00+11:00,-33.8725,151.213333,co,ppm,0.1
7428,28686,Cook And Phillip-7428,2020-04-01T14:00:00+11:00,-33.8725,151.213333,co,ppm,0.1
7428,28686,Cook And Phillip-7428,2020-04-01T15:00:00+11:00,-33.8725,151.213333,co,ppm,0.1
7428,28686,Cook And Phillip-7428,2020-04-01T16:00:00+11:00,-33.8725,151.213333,co,ppm,0.1
7428,28686,Cook And Phillip-7428,2020-04-01T17:00:00+11:00,-33.8725,151.213333,co,ppm,0.1
7428,28686,Cook And Phillip-7428,2020-04-01T18:00:00+11:00,-33.8725,151.213333,co,ppm,0.1
7428,28686,Cook And Phillip-7428,2020-04-01T19:00:00+11:00,-33.8725,151.213333,co,ppm,0.1
7428,28686,Cook And Phillip-7428,2020-04-01T20:00:00+11:00,-33.8725,151.213333,co,ppm,0.1
7428,28686,Cook And Phillip-7428,2020-04-01T21:00:00+11:00,-33.8725,151.213333,co,ppm,0.1
7428,28686,Cook And Phillip-7428,2020-04-01T22:00:00+11:00,-33.8725,151.213333,co,ppm,0.1
7428,28686,Cook And Phillip-7428,2020-04-01T23:00:00+11:00,-33.8725,151.213333,co,ppm,0.1
7428,25544,Cook And Phillip-7428,2020-04-01T03:00:00+11:00,-33.8725,151.213333,so2,ppm,0.0
7428,25544,Cook And Phillip-7428,2020-04-01T05:00:00+11:00,-33.8725,151.213333,so2,ppm,0.0
7428,25544,Cook And Phillip-7428,2020-04-01T06:00:00+11:00,-33.8725,151.213333,so2,ppm,0.0
7428,25544,Cook And Phillip-7428,2020-04-01T07:00:00+11:00,-33.8725,151.213333,so2,ppm,0.0
7428,25544,Cook And Phillip-7428,2020-04-01T08:00:00+11:00,-33.8725,151.213333,so2,ppm,0.0
7428,25544,Cook And Phillip-7428,2020-04-01T09:00:00+11:00,-33.8725,151.213333,so2,ppm,0.0
7428,25544,Cook And Phillip-7428,2020-04-01T10:00:00+11:00,-33.8725,151.213333,so2,ppm,0.0
7428,25544,Cook And Phillip-7428,2020-04-01T11:00:00+11:00,-33.8725,151.213333,so2,ppm,0.0
7428,25544,Cook And Phillip-7428,2020-04-01T12:00:00+11:00,-33.8725,151.213333,so2,ppm,0.0
7428,25544,Cook And Phillip-7428,2020-04-01T13:00:00+11:00,-33.8725,151.213333,so2,ppm,0.0
7428,25544,Cook And Phillip-7428,2020-04-01T14:00:00+11:00,-33.8725,151.213333,so2,ppm,0.0
7428,25544,Cook And Phillip-7428,2020-04-01T15:00:00+11:00,-33.8725,151.213333,so2,ppm,0.0
7428,25544,Cook And Phillip-7428,2020-04-01T16:00:00+11:00,-33.8725,151.213333,so2,ppm,0.0
7428,25544,Cook And Phillip-7428,2020-04-01T17:00:00+11:00,-33.8725,151.213333,so2,ppm,0.0
7428,25544,Cook And Phillip-7428,2020-04-01T18:00:00+11:00,-33.8725,151.213333,so2,ppm,0.0
7428,25544,Cook And Phillip-7428,2020-04-01T19:00:00+11:00,-33.8725,151.213333,so2,ppm,0.0
7428,25544,Cook And Phillip-7428,2020-04-01T20:00:00+11:00,-33.8725,151.213333,so2,ppm,0.0
7428,25544,Cook And Phillip-7428,2020-04-01T21:00:00+11:00,-33.8725,151.213333,so2,ppm,0.0
7428,25544,Cook And Phillip-7428,2020-04-01T22:00:00+11:00,-33.8725,151.213333,so2,ppm,0.0
7428,25544,Cook And Phillip-7428,2020-04-01T23:00:00+11:00,-33.8725,151.213333,so2,ppm,0.0
7428,25545,Cook And Phillip-7428,2020-04-01T03:00:00+11:00,-33.8725,151.213333,o3,ppm,0.017
7428,25545,Cook And Phillip-7428,2020-04-01T05:00:00+11:00,-33.8725,151.213333,o3,ppm,0.011
7428,25545,Cook And Phillip-7428,2020-04-01T06:00:00+11:00,-33.8725,151.213333,o3,ppm,0.01
7428,25545,Cook And Phillip-7428,2020-04-01T07:00:00+11:00,-33.8725,151.213333,o3,ppm,0.012
7428,25545,Cook And Phillip-7428,2020-04-01T08:00:00+11:00,-33.8725,151.213333,o3,ppm,0.015
7428,25545,Cook And Phillip-7428,2020-04-01T09:00:00+11:00,-33.8725,151.213333,o3,ppm,0.017
7428,25545,Cook And Phillip-7428,2020-04-01T10:00:00+11:00,-33.8725,151.213333,o3,ppm,0.019
7428,25545,Cook And Phillip-7428,2020-04-01T11:00:00+11:00,-33.8725,151.213333,o3,ppm,0.021
7428,25545,Cook And Phillip-7428,2020-04-01T12:00:00+11:00,-33.8725,151.213333,o3,ppm,0.02
7428,25545,Cook And Phillip-7428,2020-04-01T13:00:00+11:00,-33.8725,151.213333,o3,ppm,0.019
7428,25545,Cook And Phillip-7428,2020-04-01T14:00:00+11:00,-33.8725,151.213333,o3,ppm,0.017
7428,25545,Cook And Phillip-7428,2020-04-01T15:00:00+11:00,-33.8725,151.213333,o3,ppm,0.019
7428,25545,Cook And Phillip-7428,2020-04-01T16:00:00+11:00,-33.8725,151.213333,o3,ppm,0.019
7428,25545,Cook And Phillip-7428,2020-04-01T17:00:00+11:00,-33.8725,151.213333,o3,ppm,0.017
7428,25545,Cook And Phillip-7428,2020-04-01T18:00:00+11:00,-33.8725,151.213333,o3,ppm,0.016
7428,25545,Cook And Phillip-7428,2020-04-01T19:00:00+11:00,-33.8725,151.213333,o3,ppm,0.02
7428,25545,Cook And Phillip-7428,2020-04-01T20:00:00+11:00,-33.8725,151.213333,o3,ppm,0.02
7428,25545,Cook And Phillip-7428,2020-04-01T21:00:00+11:00,-33.8725,151.213333,o3,ppm,0.022
7428,25545,Cook And Phillip-7428,2020-04-01T22:00:00+11:00,-33.8725,151.213333,o3,ppm,0.022
7428,25545,Cook And Phillip-7428,2020-04-01T23:00:00+11:00,-33.8725,151.213333,o3,ppm,0.022
7428,21615,Cook And Phillip-7428,2020-04-02T01:00:00+11:00,-33.8725,151.213333,pm10,µg/m³,9.2
7428,21615,Cook And Phillip-7428,2020-04-02T02:00:00+11:00,-33.8725,151.213333,pm10,µg/m³,8.8
7428,21615,Cook And Phillip-7428,2020-04-02T03:00:00+11:00,-33.8725,151.213333,pm10,µg/m³,9.9
7428,21615,Cook And Phillip-7428,2020-04-02T04:00:00+11:00,-33.8725,151.213333,pm10,µg/m³,9.7
7428,21615,Cook And Phillip-7428,2020-04-02T06:00:00+11:00,-33.8725,151.213333,pm10,µg/m³,10.4
7428,21615,Cook And Phillip-7428,2020-04-02T07:00:00+11:00,-33.8725,151.213333,pm10,µg/m³,12.6
7428,21615,Cook And Phillip-7428,2020-04-02T08:00:00+11:00,-33.8725,151.213333,pm10,µg/m³,16.6
7428,21615,Cook And Phillip-7428,2020-04-02T09:00:00+11:00,-33.8725,151.213333,pm10,µg/m³,16.6
7428,21615,Cook And Phillip-7428,2020-04-02T10:00:00+11:00,-33.8725,151.213333,pm10,µg/m³,14.4
7428,21615,Cook And Phillip-7428,2020-04-02T11:00:00+11:00,-33.8725,151.213333,pm10,µg/m³,17.0
7428,21615,Cook And Phillip-7428,2020-04-02T12:00:00+11:00,-33.8725,151.213333,pm10,µg/m³,19.0
7428,21615,Cook And Phillip-7428,2020-04-02T13:00:00+11:00,-33.8725,151.213333,pm10,µg/m³,20.7
7428,21615,Cook And Phillip-7428,2020-04-02T14:00:00+11:00,-33.8725,151.213333,pm10,µg/m³,20.9
7428,21615,Cook And Phillip-7428,2020-04-02T15:00:00+11:00,-33.8725,151.213333,pm10,µg/m³,18.4
7428,21615,Cook And Phillip-7428,2020-04-02T16:00:00+11:00,-33.8725,151.213333,pm10,µg/m³,19.6
7428,21615,Cook And Phillip-7428,2020-04-02T17:00:00+11:00,-33.8725,151.213333,pm10,µg/m³,15.5
7428,21615,Cook And Phillip-7428,2020-04-02T18:00:00+11:00,-33.8725,151.213333,pm10,µg/m³,13.6
7428,21615,Cook And Phillip-7428,2020-04-02T19:00:00+11:00,-33.8725,151.213333,pm10,µg/m³,12.2
7428,21615,Cook And Phillip-7428,2020-04-02T20:00:00+11:00,-33.8725,151.213333,pm10,µg/m³,12.3
7428,21615,Cook And Phillip-7428,2020-04-02T21:00:00+11:00,-33.8725,151.213333,pm10,µg/m³,8.3
7428,21615,Cook And Phillip-7428,2020-04-02T22:00:00+11:00,-33.8725,151.213333,pm10,µg/m³,8.5
7428,21615,Cook And Phillip-7428,2020-04-02T23:00:00+11:00,-33.8725,151.213333,pm10,µg/m³,8.3
7428,21614,Cook And Phillip-7428,2020-04-02T01:00:00+11:00,-33.8725,151.213333,pm25,µg/m³,3.1
7428,21614,Cook And Phillip-7428,2020-04-02T02:00:00+11:00,-33.8725,151.213333,pm25,µg/m³,2.6
7428,21614,Cook And Phillip-7428,2020-04-02T03:00:00+11:00,-33.8725,151.213333,pm25,µg/m³,3.5
7428,21614,Cook And Phillip-7428,2020-04-02T04:00:00+11:00,-33.8725,151.213333,pm25,µg/m³,2.7
7428,21614,Cook And Phillip-7428,2020-04-02T06:00:00+11:00,-33.8725,151.213333,pm25,µg/m³,3.9
7428,21614,Cook And Phillip-7428,2020-04-02T07:00:00+11:00,-33.8725,151.213333,pm25,µg/m³,6.0
7428,21614,Cook And Phillip-7428,2020-04-02T08:00:00+11:00,-33.8725,151.213333,pm25,µg/m³,9.8
7428,21614,Cook And Phillip-7428,2020-04-02T09:00:00+11:00,-33.8725,151.213333,pm25,µg/m³,8.0
7428,21614,Cook And Phillip-7428,2020-04-02T10:00:00+11:00,-33.8725,151.213333,pm25,µg/m³,4.1
7428,21614,Cook And Phillip-7428,2020-04-02T11:00:00+11:00,-33.8725,151.213333,pm25,µg/m³,6.7
7428,21614,Cook And Phillip-7428,2020-04-02T12:00:00+11:00,-33.8725,151.213333,pm25,µg/m³,7.6
7428,21614,Cook And Phillip-7428,2020-04-02T13:00:00+11:00,-33.8725,151.213333,pm25,µg/m³,9.0
7428,21614,Cook And Phillip-7428,2020-04-02T14:00:00+11:00,-33.8725,151.213333,pm25,µg/m³,8.0
7428,21614,Cook And Phillip-7428,2020-04-02T15:00:00+11:00,-33.8725,151.213333,pm25,µg/m³,7.9
7428,21614,Cook And Phillip-7428,2020-04-02T16:00:00+11:00,-33.8725,151.213333,pm25,µg/m³,9.1
7428,21614,Cook And Phillip-7428,2020-04-02T17:00:00+11:00,-33.8725,151.213333,pm25,µg/m³,6.1
7428,21614,Cook And Phillip-7428,2020-04-02T18:00:00+11:00,-33.8725,151.213333,pm25,µg/m³,5.7
7428,21614,Cook And Phillip-7428,2020-04-02T19:00:00+11:00,-33.8725,151.213333,pm25,µg/m³,6.5
7428,21614,Cook And Phillip-7428,2020-04-02T20:00:00+11:00,-33.8725,151.213333,pm25,µg/m³,8.2
7428,21614,Cook And Phillip-7428,2020-04-02T21:00:00+11:00,-33.8725,151.213333,pm25,µg/m³,4.8
7428,21614,Cook And Phillip-7428,2020-04-02T22:00:00+11:00,-33.8725,151.213333,pm25,µg/m³,4.8
7428,21614,Cook And Phillip-7428,2020-04-02T23:00:00+11:00,-33.8725,151.213333,pm25,µg/m³,4.4
7428,25546,Cook And Phillip-7428,2020-04-02T01:00:00+11:00,-33.8725,151.213333,no2,ppm,0.002
7428,25546,Cook And Phillip-7428,2020-04-02T03:00:00+11:00,-33.8725,151.213333,no2,ppm,0.002
7428,25546,Cook And Phillip-7428,2020-04-02T04:00:00+11:00,-33.8725,151.213333,no2,ppm,0.002
7428,25546,Cook And Phillip-7428,2020-04-02T06:00:00+11:00,-33.8725,151.213333,no2,ppm,0.014
7428,25546,Cook And Phillip-7428,2020-04-02T07:00:00+11:00,-33.8725,151.213333,no2,ppm,0.023
7428,25546,Cook And Phillip-7428,2020-04-02T08:00:00+11:00,-33.8725,151.213333,no2,ppm,0.017
7428,25546,Cook And Phillip-7428,2020-04-02T09:00:00+11:00,-33.8725,151.213333,no2,ppm,0.01
7428,25546,Cook And Phillip-7428,2020-04-02T10:00:00+11:00,-33.8725,151.213333,no2,ppm,0.006
7428,25546,Cook And Phillip-7428,2020-04-02T11:00:00+11:00,-33.8725,151.213333,no2,ppm,0.007
7428,25546,Cook And Phillip-7428,2020-04-02T12:00:00+11:00,-33.8725,151.213333,no2,ppm,0.006
7428,25546,Cook And Phillip-7428,2020-04-02T13:00:00+11:00,-33.8725,151.213333,no2,ppm,0.01
7428,25546,Cook And Phillip-7428,2020-04-02T14:00:00+11:00,-33.8725,151.213333,no2,ppm,0.013
7428,25546,Cook And Phillip-7428,2020-04-02T15:00:00+11:00,-33.8725,151.213333,no2,ppm,0.019
7428,25546,Cook And Phillip-7428,2020-04-02T16:00:00+11:00,-33.8725,151.213333,no2,ppm,0.024
7428,25546,Cook And Phillip-7428,2020-04-02T17:00:00+11:00,-33.8725,151.213333,no2,ppm,0.023
7428,25546,Cook And Phillip-7428,2020-04-02T18:00:00+11:00,-33.8725,151.213333,no2,ppm,0.02
7428,25546,Cook And Phillip-7428,2020-04-02T19:00:00+11:00,-33.8725,151.213333,no2,ppm,0.012
7428,25546,Cook And Phillip-7428,2020-04-02T20:00:00+11:00,-33.8725,151.213333,no2,ppm,0.006
7428,25546,Cook And Phillip-7428,2020-04-02T21:00:00+11:00,-33.8725,151.213333,no2,ppm,0.006
7428,25546,Cook And Phillip-7428,2020-04-02T22:00:00+11:00,-33.8725,151.213333,no2,ppm,0.007
7428,25546,Cook And Phillip-7428,2020-04-02T23:00:00+11:00,-33.8725,151.213333,no2,ppm,0.006
7428,28686,Cook And Phillip-7428,2020-04-02T01:00:00+11:00,-33.8725,151.213333,co,ppm,0.1
7428,28686,Cook And Phillip-7428,2020-04-02T02:00:00+11:00,-33.8725,151.213333,co,ppm,0.1
7428,28686,Cook And Phillip-7428,2020-04-02T03:00:00+11:00,-33.8725,151.213333,co,ppm,0.1
7428,28686,Cook And Phillip-7428,2020-04-02T04:00:00+11:00,-33.8725,151.213333,co,ppm,0.1
7428,28686,Cook And Phillip-7428,2020-04-02T06:00:00+11:00,-33.8725,151.213333,co,ppm,0.1
7428,28686,Cook And Phillip-7428,2020-04-02T07:00:00+11:00,-33.8725,151.213333,co,ppm,0.1
7428,28686,Cook And Phillip-7428,2020-04-02T08:00:00+11:00,-33.8725,151.213333,co,ppm,0.1
7428,28686,Cook And Phillip-7428,2020-04-02T09:00:00+11:00,-33.8725,151.213333,co,ppm,0.1
7428,28686,Cook And Phillip-7428,2020-04-02T10:00:00+11:00,-33.8725,151.213333,co,ppm,0.1
7428,28686,Cook And Phillip-7428,2020-04-02T11:00:00+11:00,-33.8725,151.213333,co,ppm,0.1
7428,28686,Cook And Phillip-7428,2020-04-02T12:00:00+11:00,-33.8725,151.213333,co,ppm,0.1
7428,28686,Cook And Phillip-7428,2020-04-02T13:00:00+11:00,-33.8725,151.213333,co,ppm,0.1
7428,28686,Cook And Phillip-7428,2020-04-02T14:00:00+11:00,-33.8725,151.213333,co,ppm,0.1
7428,28686,Cook And Phillip-7428,2020-04-02T15:00:00+11:00,-33.8725,151.213333,co,ppm,0.1
7428,28686,Cook And Phillip-7428,2020-04-02T16:00:00+11:00,-33.8725,151.213333,co,ppm,0.1
7428,28686,Cook And Phillip-7428,2020-04-02T17:00:00+11:00,-33.8725,151.213333,co,ppm,0.1
7428,28686,Cook And Phillip-7428,2020-04-02T18:00:00+11:00,-33.8725,151.213333,co,ppm,0.1
7428,28686,Cook And Phillip-7428,2020-04-02T19:00:00+11:00,-33.8725,151.213333,co,ppm,0.1
7428,28686,Cook And Phillip-7428,2020-04-02T20:00:00+11:00,-33.8725,151.213333,co,ppm,0.1
7428,28686,Cook And Phillip-7428,2020-04-02T21:00:00+11:00,-33.8725,151.213333,co,ppm,0.1
7428,28686,Cook And Phillip-7428,2020-04-02T22:00:00+11:00,-33.8725,151.213333,co,ppm,0.1
7428,28686,Cook And Phillip-7428,2020-04-02T23:00:00+11:00,-33.8725,151.213333,co,ppm,0.1
7428,25544,Cook And Phillip-7428,2020-04-02T01:00:00+11:00,-33.8725,151.213333,so2,ppm,0.0
7428,25544,Cook And Phillip-7428,2020-04-02T03:00:00+11:00,-33.8725,151.213333,so2,ppm,0.0
7428,25544,Cook And Phillip-7428,2020-04-02T04:00:00+11:00,-33.8725,151.213333,so2,ppm,0.0
7428,25544,Cook And Phillip-7428,2020-04-02T06:00:00+11:00,-33.8725,151.213333,so2,ppm,0.0
7428,25544,Cook And Phillip-7428,2020-04-02T07:00:00+11:00,-33.8725,151.213333,so2,ppm,0.0
7428,25544,Cook And Phillip-7428,2020-04-02T08:00:00+11:00,-33.8725,151.213333,so2,ppm,0.0
7428,25544,Cook And Phillip-7428,2020-04-02T09:00:00+11:00,-33.8725,151.213333,so2,ppm,0.0
7428,25544,Cook And Phillip-7428,2020-04-02T10:00:00+11:00,-33.8725,151.213333,so2,ppm,0.0
7428,25544,Cook And Phillip-7428,2020-04-02T11:00:00+11:00,-33.8725,151.213333,so2,ppm,0.0
7428,25544,Cook And Phillip-7428,2020-04-02T12:00:00+11:00,-33.8725,151.213333,so2,ppm,0.0
7428,25544,Cook And Phillip-7428,2020-04-02T13:00:00+11:00,-33.8725,151.213333,so2,ppm,0.0
7428,25544,Cook And Phillip-7428,2020-04-02T14:00:00+11:00,-33.8725,151.213333,so2,ppm,0.001
7428,25544,Cook And Phillip-7428,2020-04-02T15:00:00+11:00,-33.8725,151.213333,so2,ppm,0.0
7428,25544,Cook And Phillip-7428,2020-04-02T16:00:00+11:00,-33.8725,151.213333,so2,ppm,0.0
7428,25544,Cook And Phillip-7428,2020-04-02T17:00:00+11:00,-33.8725,151.213333,so2,ppm,0.001
7428,25544,Cook And Phillip-7428,2020-04-02T18:00:00+11:00,-33.8725,151.213333,so2,ppm,0.0
7428,25544,Cook And Phillip-7428,2020-04-02T19:00:00+11:00,-33.8725,151.213333,so2,ppm,0.0
7428,25544,Cook And Phillip-7428,2020-04-02T20:00:00+11:00,-33.8725,151.213333,so2,ppm,0.0
7428,25544,Cook And Phillip-7428,2020-04-02T21:00:00+11:00,-33.8725,151.213333,so2,ppm,0.0
7428,25544,Cook And Phillip-7428,2020-04-02T22:00:00+11:00,-33.8725,151.213333,so2,ppm,0.0
7428,25544,Cook And Phillip-7428,2020-04-02T23:00:00+11:00,-33.8725,151.213333,so2,ppm,0.0
7428,25545,Cook And Phillip-7428,2020-04-02T01:00:00+11:00,-33.8725,151.213333,o3,ppm,0.022
7428,25545,Cook And Phillip-7428,2020-04-02T02:00:00+11:00,-33.8725,151.213333,o3,ppm,0.022
7428,25545,Cook And Phillip-7428,2020-04-02T03:00:00+11:00,-33.8725,151.213333,o3,ppm,0.021
7428,25545,Cook And Phillip-7428,2020-04-02T04:00:00+11:00,-33.8725,151.213333,o3,ppm,0.023
7428,25545,Cook And Phillip-7428,2020-04-02T06:00:00+11:00,-33.8725,151.213333,o3,ppm,0.01
7428,25545,Cook And Phillip-7428,2020-04-02T07:00:00+11:00,-33.8725,151.213333,o3,ppm,0.001
7428,25545,Cook And Phillip-7428,2020-04-02T08:00:00+11:00,-33.8725,151.213333,o3,ppm,0.007
7428,25545,Cook And Phillip-7428,2020-04-02T09:00:00+11:00,-33.8725,151.213333,o3,ppm,0.014
7428,25545,Cook And Phillip-7428,2020-04-02T10:00:00+11:00,-33.8725,151.213333,o3,ppm,0.02
7428,25545,Cook And Phillip-7428,2020-04-02T11:00:00+11:00,-33.8725,151.213333,o3,ppm,0.021
7428,25545,Cook And Phillip-7428,2020-04-02T12:00:00+11:00,-33.8725,151.213333,o3,ppm,0.024
7428,25545,Cook And Phillip-7428,2020-04-02T13:00:00+11:00,-33.8725,151.213333,o3,ppm,0.021
7428,25545,Cook And Phillip-7428,2020-04-02T14:00:00+11:00,-33.8725,151.213333,o3,ppm,0.018
7428,25545,Cook And Phillip-7428,2020-04-02T15:00:00+11:00,-33.8725,151.213333,o3,ppm,0.01
7428,25545,Cook And Phillip-7428,2020-04-02T16:00:00+11:00,-33.8725,151.213333,o3,ppm,0.004
7428,25545,Cook And Phillip-7428,2020-04-02T17:00:00+11:00,-33.8725,151.213333,o3,ppm,0.003
7428,25545,Cook And Phillip-7428,2020-04-02T18:00:00+11:00,-33.8725,151.213333,o3,ppm,0.006
7428,25545,Cook And Phillip-7428,2020-04-02T19:00:00+11:00,-33.8725,151.213333,o3,ppm,0.011
7428,25545,Cook And Phillip-7428,2020-04-02T20:00:00+11:00,-33.8725,151.213333,o3,ppm,0.014
7428,25545,Cook And Phillip-7428,2020-04-02T21:00:00+11:00,-33.8725,151.213333,o3,ppm,0.013
7428,25545,Cook And Phillip-7428,2020-04-02T22:00:00+11:00,-33.8725,151.213333,o3,ppm,0.012
7428,25545,Cook And Phillip-7428,2020-04-02T23:00:00+11:00,-33.8725,151.213333,o3,ppm,0.013
7428,21615,Cook And Phillip-7428,2020-04-03T02:00:00+11:00,-33.8725,151.213333,pm10,µg/m³,6.5
7428,21615,Cook And Phillip-7428,2020-04-03T03:00:00+11:00,-33.8725,151.213333,pm10,µg/m³,5.5
7428,21615,Cook And Phillip-7428,2020-04-03T04:00:00+11:00,-33.8725,151.213333,pm10,µg/m³,7.7
7428,21615,Cook And Phillip-7428,2020-04-03T05:00:00+11:00,-33.8725,151.213333,pm10,µg/m³,9.5
7428,21615,Cook And Phillip-7428,2020-04-03T06:00:00+11:00,-33.8725,151.213333,pm10,µg/m³,6.8
7428,21615,Cook And Phillip-7428,2020-04-03T07:00:00+11:00,-33.8725,151.213333,pm10,µg/m³,8.4
7428,21615,Cook And Phillip-7428,2020-04-03T08:00:00+11:00,-33.8725,151.213333,pm10,µg/m³,15.9
7428,21615,Cook And Phillip-7428,2020-04-03T09:00:00+11:00,-33.8725,151.213333,pm10,µg/m³,17.2
7428,21615,Cook And Phillip-7428,2020-04-03T10:00:00+11:00,-33.8725,151.213333,pm10,µg/m³,18.1
7428,21615,Cook And Phillip-7428,2020-04-03T11:00:00+11:00,-33.8725,151.213333,pm10,µg/m³,16.6
7428,21615,Cook And Phillip-7428,2020-04-03T12:00:00+11:00,-33.8725,151.213333,pm10,µg/m³,15.9
7428,21615,Cook And Phillip-7428,2020-04-03T13:00:00+11:00,-33.8725,151.213333,pm10,µg/m³,12.6
7428,21615,Cook And Phillip-7428,2020-04-03T14:00:00+11:00,-33.8725,151.213333,pm10,µg/m³,12.9
7428,21615,Cook And Phillip-7428,2020-04-03T15:00:00+11:00,-33.8725,151.213333,pm10,µg/m³,10.6
7428,21615,Cook And Phillip-7428,2020-04-03T16:00:00+11:00,-33.8725,151.213333,pm10,µg/m³,13.4
7428,21615,Cook And Phillip-7428,2020-04-03T17:00:00+11:00,-33.8725,151.213333,pm10,µg/m³,13.6
7428,21615,Cook And Phillip-7428,2020-04-03T18:00:00+11:00,-33.8725,151.213333,pm10,µg/m³,10.4
7428,21615,Cook And Phillip-7428,2020-04-03T19:00:00+11:00,-33.8725,151.213333,pm10,µg/m³,8.4
7428,21615,Cook And Phillip-7428,2020-04-03T21:00:00+11:00,-33.8725,151.213333,pm10,µg/m³,8.2
7428,21615,Cook And Phillip-7428,2020-04-03T23:00:00+11:00,-33.8725,151.213333,pm10,µg/m³,7.2
7428,21614,Cook And Phillip-7428,2020-04-03T02:00:00+11:00,-33.8725,151.213333,pm25,µg/m³,3.1
7428,21614,Cook And Phillip-7428,2020-04-03T03:00:00+11:00,-33.8725,151.213333,pm25,µg/m³,2.2
7428,21614,Cook And Phillip-7428,2020-04-03T04:00:00+11:00,-33.8725,151.213333,pm25,µg/m³,4.0
7428,21614,Cook And Phillip-7428,2020-04-03T05:00:00+11:00,-33.8725,151.213333,pm25,µg/m³,4.7
7428,21614,Cook And Phillip-7428,2020-04-03T06:00:00+11:00,-33.8725,151.213333,pm25,µg/m³,2.5
7428,21614,Cook And Phillip-7428,2020-04-03T07:00:00+11:00,-33.8725,151.213333,pm25,µg/m³,2.4
7428,21614,Cook And Phillip-7428,2020-04-03T08:00:00+11:00,-33.8725,151.213333,pm25,µg/m³,8.0
7428,21614,Cook And Phillip-7428,2020-04-03T09:00:00+11:00,-33.8725,151.213333,pm25,µg/m³,7.6
7428,21614,Cook And Phillip-7428,2020-04-03T10:00:00+11:00,-33.8725,151.213333,pm25,µg/m³,10.2
7428,21614,Cook And Phillip-7428,2020-04-03T11:00:00+11:00,-33.8725,151.213333,pm25,µg/m³,9.2
7428,21614,Cook And Phillip-7428,2020-04-03T12:00:00+11:00,-33.8725,151.213333,pm25,µg/m³,7.3
7428,21614,Cook And Phillip-7428,2020-04-03T13:00:00+11:00,-33.8725,151.213333,pm25,µg/m³,5.6
7428,21614,Cook And Phillip-7428,2020-04-03T14:00:00+11:00,-33.8725,151.213333,pm25,µg/m³,5.8
7428,21614,Cook And Phillip-7428,2020-04-03T15:00:00+11:00,-33.8725,151.213333,pm25,µg/m³,4.1
7428,21614,Cook And Phillip-7428,2020-04-03T16:00:00+11:00,-33.8725,151.213333,pm25,µg/m³,5.6
7428,21614,Cook And Phillip-7428,2020-04-03T17:00:00+11:00,-33.8725,151.213333,pm25,µg/m³,8.0
7428,21614,Cook And Phillip-7428,2020-04-03T18:00:00+11:00,-33.8725,151.213333,pm25,µg/m³,5.9
7428,21614,Cook And Phillip-7428,2020-04-03T19:00:00+11:00,-33.8725,151.213333,pm25,µg/m³,3.7
7428,21614,Cook And Phillip-7428,2020-04-03T21:00:00+11:00,-33.8725,151.213333,pm25,µg/m³,4.3
7428,21614,Cook And Phillip-7428,2020-04-03T23:00:00+11:00,-33.8725,151.213333,pm25,µg/m³,4.1
7428,25546,Cook And Phillip-7428,2020-04-03T03:00:00+11:00,-33.8725,151.213333,no2,ppm,0.015
7428,25546,Cook And Phillip-7428,2020-04-03T04:00:00+11:00,-33.8725,151.213333,no2,ppm,0.016
7428,25546,Cook And Phillip-7428,2020-04-03T05:00:00+11:00,-33.8725,151.213333,no2,ppm,0.016
7428,25546,Cook And Phillip-7428,2020-04-03T06:00:00+11:00,-33.8725,151.213333,no2,ppm,0.02
7428,25546,Cook And Phillip-7428,2020-04-03T07:00:00+11:00,-33.8725,151.213333,no2,ppm,0.024
7428,25546,Cook And Phillip-7428,2020-04-03T08:00:00+11:00,-33.8725,151.213333,no2,ppm,0.022
7428,25546,Cook And Phillip-7428,2020-04-03T09:00:00+11:00,-33.8725,151.213333,no2,ppm,0.02
7428,25546,Cook And Phillip-7428,2020-04-03T10:00:00+11:00,-33.8725,151.213333,no2,ppm,0.017
7428,25546,Cook And Phillip-7428,2020-04-03T11:00:00+11:00,-33.8725,151.213333,no2,ppm,0.015
7428,25546,Cook And Phillip-7428,2020-04-03T12:00:00+11:00,-33.8725,151.213333,no2,ppm,0.013
7428,25546,Cook And Phillip-7428,2020-04-03T13:00:00+11:00,-33.8725,151.213333,no2,ppm,0.01
7428,25546,Cook And Phillip-7428,2020-04-03T14:00:00+11:00,-33.8725,151.213333,no2,ppm,0.01
7428,25546,Cook And Phillip-7428,2020-04-03T15:00:00+11:00,-33.8725,151.213333,no2,ppm,0.012
7428,25546,Cook And Phillip-7428,2020-04-03T16:00:00+11:00,-33.8725,151.213333,no2,ppm,0.011
7428,25546,Cook And Phillip-7428,2020-04-03T17:00:00+11:00,-33.8725,151.213333,no2,ppm,0.012
7428,25546,Cook And Phillip-7428,2020-04-03T18:00:00+11:00,-33.8725,151.213333,no2,ppm,0.011
7428,25546,Cook And Phillip-7428,2020-04-03T19:00:00+11:00,-33.8725,151.213333,no2,ppm,0.01
7428,25546,Cook And Phillip-7428,2020-04-03T21:00:00+11:00,-33.8725,151.213333,no2,ppm,0.007
7428,25546,Cook And Phillip-7428,2020-04-03T23:00:00+11:00,-33.8725,151.213333,no2,ppm,0.007
7428,28686,Cook And Phillip-7428,2020-04-03T02:00:00+11:00,-33.8725,151.213333,co,ppm,0.1
7428,28686,Cook And Phillip-7428,2020-04-03T03:00:00+11:00,-33.8725,151.213333,co,ppm,0.1
7428,28686,Cook And Phillip-7428,2020-04-03T04:00:00+11:00,-33.8725,151.213333,co,ppm,0.1
7428,28686,Cook And Phillip-7428,2020-04-03T05:00:00+11:00,-33.8725,151.213333,co,ppm,0.1
7428,28686,Cook And Phillip-7428,2020-04-03T06:00:00+11:00,-33.8725,151.213333,co,ppm,0.1
7428,28686,Cook And Phillip-7428,2020-04-03T07:00:00+11:00,-33.8725,151.213333,co,ppm,0.1
7428,28686,Cook And Phillip-7428,2020-04-03T08:00:00+11:00,-33.8725,151.213333,co,ppm,0.2
7428,28686,Cook And Phillip-7428,2020-04-03T09:00:00+11:00,-33.8725,151.213333,co,ppm,0.2
7428,28686,Cook And Phillip-7428,2020-04-03T10:00:00+11:00,-33.8725,151.213333,co,ppm,0.2
7428,28686,Cook And Phillip-7428,2020-04-03T11:00:00+11:00,-33.8725,151.213333,co,ppm,0.2
7428,28686,Cook And Phillip-7428,2020-04-03T12:00:00+11:00,-33.8725,151.213333,co,ppm,0.2
7428,28686,Cook And Phillip-7428,2020-04-03T13:00:00+11:00,-33.8725,151.213333,co,ppm,0.2
7428,28686,Cook And Phillip-7428,2020-04-03T14:00:00+11:00,-33.8725,151.213333,co,ppm,0.2
7428,28686,Cook And Phillip-7428,2020-04-03T15:00:00+11:00,-33.8725,151.213333,co,ppm,0.2
7428,28686,Cook And Phillip-7428,2020-04-03T16:00:00+11:00,-33.8725,151.213333,co,ppm,0.1
7428,28686,Cook And Phillip-7428,2020-04-03T17:00:00+11:00,-33.8725,151.213333,co,ppm,0.1
7428,28686,Cook And Phillip-7428,2020-04-03T18:00:00+11:00,-33.8725,151.213333,co,ppm,0.1
7428,28686,Cook And Phillip-7428,2020-04-03T19:00:00+11:00,-33.8725,151.213333,co,ppm,0.1
7428,28686,Cook And Phillip-7428,2020-04-03T21:00:00+11:00,-33.8725,151.213333,co,ppm,0.1
7428,28686,Cook And Phillip-7428,2020-04-03T23:00:00+11:00,-33.8725,151.213333,co,ppm,0.1
7428,25544,Cook And Phillip-7428,2020-04-03T03:00:00+11:00,-33.8725,151.213333,so2,ppm,0.0
7428,25544,Cook And Phillip-7428,2020-04-03T04:00:00+11:00,-33.8725,151.213333,so2,ppm,0.0
7428,25544,Cook And Phillip-7428,2020-04-03T05:00:00+11:00,-33.8725,151.213333,so2,ppm,0.0
7428,25544,Cook And Phillip-7428,2020-04-03T06:00:00+11:00,-33.8725,151.213333,so2,ppm,0.0
7428,25544,Cook And Phillip-7428,2020-04-03T07:00:00+11:00,-33.8725,151.213333,so2,ppm,0.001
7428,25544,Cook And Phillip-7428,2020-04-03T08:00:00+11:00,-33.8725,151.213333,so2,ppm,0.001
7428,25544,Cook And Phillip-7428,2020-04-03T09:00:00+11:00,-33.8725,151.213333,so2,ppm,0.0
7428,25544,Cook And Phillip-7428,2020-04-03T10:00:00+11:00,-33.8725,151.213333,so2,ppm,0.0
7428,25544,Cook And Phillip-7428,2020-04-03T11:00:00+11:00,-33.8725,151.213333,so2,ppm,0.0
7428,25544,Cook And Phillip-7428,2020-04-03T12:00:00+11:00,-33.8725,151.213333,so2,ppm,0.0
7428,25544,Cook And Phillip-7428,2020-04-03T13:00:00+11:00,-33.8725,151.213333,so2,ppm,0.0
7428,25544,Cook And Phillip-7428,2020-04-03T14:00:00+11:00,-33.8725,151.213333,so2,ppm,0.0
7428,25544,Cook And Phillip-7428,2020-04-03T15:00:00+11:00,-33.8725,151.213333,so2,ppm,0.0
7428,25544,Cook And Phillip-7428,2020-04-03T16:00:00+11:00,-33.8725,151.213333,so2,ppm,0.0
7428,25544,Cook And Phillip-7428,2020-04-03T17:00:00+11:00,-33.8725,151.213333,so2,ppm,0.0
7428,25544,Cook And Phillip-7428,2020-04-03T18:00:00+11:00,-33.8725,151.213333,so2,ppm,0.0
7428,25544,Cook And Phillip-7428,2020-04-03T19:00:00+11:00,-33.8725,151.213333,so2,ppm,0.0
7428,25544,Cook And Phillip-7428,2020-04-03T21:00:00+11:00,-33.8725,151.213333,so2,ppm,0.001
7428,25544,Cook And Phillip-7428,2020-04-03T23:00:00+11:00,-33.8725,151.213333,so2,ppm,0.001
7428,25545,Cook And Phillip-7428,2020-04-03T02:00:00+11:00,-33.8725,151.213333,o3,ppm,0.012
7428,25545,Cook And Phillip-7428,2020-04-03T03:00:00+11:00,-33.8725,151.213333,o3,ppm,0.0
7428,25545,Cook And Phillip-7428,2020-04-03T04:00:00+11:00,-33.8725,151.213333,o3,ppm,0.001
7428,25545,Cook And Phillip-7428,2020-04-03T05:00:00+11:00,-33.8725,151.213333,o3,ppm,0.001
7428,25545,Cook And Phillip-7428,2020-04-03T06:00:00+11:00,-33.8725,151.213333,o3,ppm,0.002
7428,25545,Cook And Phillip-7428,2020-04-03T07:00:00+11:00,-33.8725,151.213333,o3,ppm,0.001
7428,25545,Cook And Phillip-7428,2020-04-03T08:00:00+11:00,-33.8725,151.213333,o3,ppm,0.003
7428,25545,Cook And Phillip-7428,2020-04-03T09:00:00+11:00,-33.8725,151.213333,o3,ppm,0.006
7428,25545,Cook And Phillip-7428,2020-04-03T10:00:00+11:00,-33.8725,151.213333,o3,ppm,0.009
7428,25545,Cook And Phillip-7428,2020-04-03T11:00:00+11:00,-33.8725,151.213333,o3,ppm,0.01
7428,25545,Cook And Phillip-7428,2020-04-03T12:00:00+11:00,-33.8725,151.213333,o3,ppm,0.014
7428,25545,Cook And Phillip-7428,2020-04-03T13:00:00+11:00,-33.8725,151.213333,o3,ppm,0.02
7428,25545,Cook And Phillip-7428,2020-04-03T14:00:00+11:00,-33.8725,151.213333,o3,ppm,0.023
7428,25545,Cook And Phillip-7428,2020-04-03T15:00:00+11:00,-33.8725,151.213333,o3,ppm,0.021
7428,25545,Cook And Phillip-7428,2020-04-03T16:00:00+11:00,-33.8725,151.213333,o3,ppm,0.022
7428,25545,Cook And Phillip-7428,2020-04-03T17:00:00+11:00,-33.8725,151.213333,o3,ppm,0.019
7428,25545,Cook And Phillip-7428,2020-04-03T18:00:00+11:00,-33.8725,151.213333,o3,ppm,0.022
7428,25545,Cook And Phillip-7428,2020-04-03T19:00:00+11:00,-33.8725,151.213333,o3,ppm,0.016
7428,25545,Cook And Phillip-7428,2020-04-03T21:00:00+11:00,-33.8725,151.213333,o3,ppm,0.019
7428,25545,Cook And Phillip-7428,2020-04-03T23:00:00+11:00,-33.8725,151.213333,o3,ppm,0.013
7428,21615,Cook And Phillip-7428,2020-04-04T01:00:00+11:00,-33.8725,151.213333,pm10,µg/m³,9.8
7428,21615,Cook And Phillip-7428,2020-04-04T03:00:00+11:00,-33.8725,151.213333,pm10,µg/m³,5.9
7428,21615,Cook And Phillip-7428,2020-04-04T04:00:00+11:00,-33.8725,151.213333,pm10,µg/m³,5.1
7428,21615,Cook And Phillip-7428,2020-04-04T06:00:00+11:00,-33.8725,151.213333,pm10,µg/m³,3.3
7428,21615,Cook And Phillip-7428,2020-04-04T07:00:00+11:00,-33.8725,151.213333,pm10,µg/m³,7.0
7428,21615,Cook And Phillip-7428,2020-04-04T08:00:00+11:00,-33.8725,151.213333,pm10,µg/m³,3.0
7428,21615,Cook And Phillip-7428,2020-04-04T09:00:00+11:00,-33.8725,151.213333,pm10,µg/m³,3.6
7428,21615,Cook And Phillip-7428,2020-04-04T10:00:00+11:00,-33.8725,151.213333,pm10,µg/m³,3.8
7428,21615,Cook And Phillip-7428,2020-04-04T11:00:00+11:00,-33.8725,151.213333,pm10,µg/m³,8.4
7428,21615,Cook And Phillip-7428,2020-04-04T12:00:00+11:00,-33.8725,151.213333,pm10,µg/m³,26.9
7428,21615,Cook And Phillip-7428,2020-04-04T13:00:00+11:00,-33.8725,151.213333,pm10,µg/m³,26.9
7428,21615,Cook And Phillip-7428,2020-04-04T14:00:00+11:00,-33.8725,151.213333,pm10,µg/m³,12.4
7428,21615,Cook And Phillip-7428,2020-04-04T15:00:00+11:00,-33.8725,151.213333,pm10,µg/m³,9.7
7428,21615,Cook And Phillip-7428,2020-04-04T16:00:00+11:00,-33.8725,151.213333,pm10,µg/m³,6.5
7428,21615,Cook And Phillip-7428,2020-04-04T17:00:00+11:00,-33.8725,151.213333,pm10,µg/m³,8.3
7428,21615,Cook And Phillip-7428,2020-04-04T18:00:00+11:00,-33.8725,151.213333,pm10,µg/m³,9.2
7428,21615,Cook And Phillip-7428,2020-04-04T19:00:00+11:00,-33.8725,151.213333,pm10,µg/m³,5.4
7428,21615,Cook And Phillip-7428,2020-04-04T20:00:00+11:00,-33.8725,151.213333,pm10,µg/m³,3.8
7428,21615,Cook And Phillip-7428,2020-04-04T21:00:00+11:00,-33.8725,151.213333,pm10,µg/m³,1.3
7428,21615,Cook And Phillip-7428,2020-04-04T23:00:00+11:00,-33.8725,151.213333,pm10,µg/m³,0.0
7428,21614,Cook And Phillip-7428,2020-04-04T01:00:00+11:00,-33.8725,151.213333,pm25,µg/m³,6.3
7428,21614,Cook And Phillip-7428,2020-04-04T03:00:00+11:00,-33.8725,151.213333,pm25,µg/m³,2.2
7428,21614,Cook And Phillip-7428,2020-04-04T04:00:00+11:00,-33.8725,151.213333,pm25,µg/m³,2.6
7428,21614,Cook And Phillip-7428,2020-04-04T06:00:00+11:00,-33.8725,151.213333,pm25,µg/m³,0.0
7428,21614,Cook And Phillip-7428,2020-04-04T07:00:00+11:00,-33.8725,151.213333,pm25,µg/m³,2.3
7428,21614,Cook And Phillip-7428,2020-04-04T08:00:00+11:00,-33.8725,151.213333,pm25,µg/m³,0.0
7428,21614,Cook And Phillip-7428,2020-04-04T09:00:00+11:00,-33.8725,151.213333,pm25,µg/m³,0.0
7428,21614,Cook And Phillip-7428,2020-04-04T10:00:00+11:00,-33.8725,151.213333,pm25,µg/m³,0.1
7428,21614,Cook And Phillip-7428,2020-04-04T11:00:00+11:00,-33.8725,151.213333,pm25,µg/m³,1.1
7428,21614,Cook And Phillip-7428,2020-04-04T12:00:00+11:00,-33.8725,151.213333,pm25,µg/m³,5.1
7428,21614,Cook And Phillip-7428,2020-04-04T13:00:00+11:00,-33.8725,151.213333,pm25,µg/m³,4.8
7428,21614,Cook And Phillip-7428,2020-04-04T14:00:00+11:00,-33.8725,151.213333,pm25,µg/m³,4.9
7428,21614,Cook And Phillip-7428,2020-04-04T15:00:00+11:00,-33.8725,151.213333,pm25,µg/m³,4.5
7428,21614,Cook And Phillip-7428,2020-04-04T16:00:00+11:00,-33.8725,151.213333,pm25,µg/m³,2.5
7428,21614,Cook And Phillip-7428,2020-04-04T17:00:00+11:00,-33.8725,151.213333,pm25,µg/m³,4.0
7428,21614,Cook And Phillip-7428,2020-04-04T18:00:00+11:00,-33.8725,151.213333,pm25,µg/m³,4.9
7428,21614,Cook And Phillip-7428,2020-04-04T19:00:00+11:00,-33.8725,151.213333,pm25,µg/m³,2.8
7428,21614,Cook And Phillip-7428,2020-04-04T20:00:00+11:00,-33.8725,151.213333,pm25,µg/m³,0.7
7428,21614,Cook And Phillip-7428,2020-04-04T21:00:00+11:00,-33.8725,151.213333,pm25,µg/m³,0.0
7428,21614,Cook And Phillip-7428,2020-04-04T23:00:00+11:00,-33.8725,151.213333,pm25,µg/m³,0.0
7428,25546,Cook And Phillip-7428,2020-04-04T01:00:00+11:00,-33.8725,151.213333,no2,ppm,0.006
7428,25546,Cook And Phillip-7428,2020-04-04T03:00:00+11:00,-33.8725,151.213333,no2,ppm,0.001
7428,25546,Cook And Phillip-7428,2020-04-04T04:00:00+11:00,-33.8725,151.213333,no2,ppm,0.001
7428,25546,Cook And Phillip-7428,2020-04-04T06:00:00+11:00,-33.8725,151.213333,no2,ppm,0.003
7428,25546,Cook And Phillip-7428,2020-04-04T07:00:00+11:00,-33.8725,151.213333,no2,ppm,0.006
7428,25546,Cook And Phillip-7428,2020-04-04T08:00:00+11:00,-33.8725,151.213333,no2,ppm,0.008
7428,25546,Cook And Phillip-7428,2020-04-04T09:00:00+11:00,-33.8725,151.213333,no2,ppm,0.01
7428,25546,Cook And Phillip-7428,2020-04-04T10:00:00+11:00,-33.8725,151.213333,no2,ppm,0.008
7428,25546,Cook And Phillip-7428,2020-04-04T11:00:00+11:00,-33.8725,151.213333,no2,ppm,0.005
7428,25546,Cook And Phillip-7428,2020-04-04T12:00:00+11:00,-33.8725,151.213333,no2,ppm,0.004
7428,25546,Cook And Phillip-7428,2020-04-04T13:00:00+11:00,-33.8725,151.213333,no2,ppm,0.005
7428,25546,Cook And Phillip-7428,2020-04-04T14:00:00+11:00,-33.8725,151.213333,no2,ppm,0.004
7428,25546,Cook And Phillip-7428,2020-04-04T15:00:00+11:00,-33.8725,151.213333,no2,ppm,0.004
7428,25546,Cook And Phillip-7428,2020-04-04T16:00:00+11:00,-33.8725,151.213333,no2,ppm,0.004
7428,25546,Cook And Phillip-7428,2020-04-04T17:00:00+11:00,-33.8725,151.213333,no2,ppm,0.005
7428,25546,Cook And Phillip-7428,2020-04-04T18:00:00+11:00,-33.8725,151.213333,no2,ppm,0.004
7428,25546,Cook And Phillip-7428,2020-04-04T19:00:00+11:00,-33.8725,151.213333,no2,ppm,0.005
7428,25546,Cook And Phillip-7428,2020-04-04T20:00:00+11:00,-33.8725,151.213333,no2,ppm,0.005
7428,25546,Cook And Phillip-7428,2020-04-04T21:00:00+11:00,-33.8725,151.213333,no2,ppm,0.004
7428,25546,Cook And Phillip-7428,2020-04-04T23:00:00+11:00,-33.8725,151.213333,no2,ppm,0.008
7428,28686,Cook And Phillip-7428,2020-04-04T01:00:00+11:00,-33.8725,151.213333,co,ppm,0.1
7428,28686,Cook And Phillip-7428,2020-04-04T03:00:00+11:00,-33.8725,151.213333,co,ppm,0.1
7428,28686,Cook And Phillip-7428,2020-04-04T04:00:00+11:00,-33.8725,151.213333,co,ppm,0.1
7428,28686,Cook And Phillip-7428,2020-04-04T06:00:00+11:00,-33.8725,151.213333,co,ppm,0.1
7428,28686,Cook And Phillip-7428,2020-04-04T07:00:00+11:00,-33.8725,151.213333,co,ppm,0.1
7428,28686,Cook And Phillip-7428,2020-04-04T08:00:00+11:00,-33.8725,151.213333,co,ppm,0.1
7428,28686,Cook And Phillip-7428,2020-04-04T09:00:00+11:00,-33.8725,151.213333,co,ppm,0.1
7428,28686,Cook And Phillip-7428,2020-04-04T10:00:00+11:00,-33.8725,151.213333,co,ppm,0.1
7428,28686,Cook And Phillip-7428,2020-04-04T11:00:00+11:00,-33.8725,151.213333,co,ppm,0.1
7428,28686,Cook And Phillip-7428,2020-04-04T12:00:00+11:00,-33.8725,151.213333,co,ppm,0.0
7428,28686,Cook And Phillip-7428,2020-04-04T13:00:00+11:00,-33.8725,151.213333,co,ppm,0.0
7428,28686,Cook And Phillip-7428,2020-04-04T14:00:00+11:00,-33.8725,151.213333,co,ppm,0.0
7428,28686,Cook And Phillip-7428,2020-04-04T15:00:00+11:00,-33.8725,151.213333,co,ppm,0.0
7428,28686,Cook And Phillip-7428,2020-04-04T16:00:00+11:00,-33.8725,151.213333,co,ppm,0.0
7428,28686,Cook And Phillip-7428,2020-04-04T17:00:00+11:00,-33.8725,151.213333,co,ppm,0.0
7428,28686,Cook And Phillip-7428,2020-04-04T18:00:00+11:00,-33.8725,151.213333,co,ppm,0.0
7428,28686,Cook And Phillip-7428,2020-04-04T19:00:00+11:00,-33.8725,151.213333,co,ppm,0.0
7428,28686,Cook And Phillip-7428,2020-04-04T20:00:00+11:00,-33.8725,151.213333,co,ppm,0.0
7428,28686,Cook And Phillip-7428,2020-04-04T21:00:00+11:00,-33.8725,151.213333,co,ppm,0.0
7428,28686,Cook And Phillip-7428,2020-04-04T23:00:00+11:00,-33.8725,151.213333,co,ppm,0.0
7428,25544,Cook And Phillip-7428,2020-04-04T01:00:00+11:00,-33.8725,151.213333,so2,ppm,0.001
7428,25544,Cook And Phillip-7428,2020-04-04T03:00:00+11:00,-33.8725,151.213333,so2,ppm,0.0
7428,25544,Cook And Phillip-7428,2020-04-04T04:00:00+11:00,-33.8725,151.213333,so2,ppm,0.0
7428,25544,Cook And Phillip-7428,2020-04-04T06:00:00+11:00,-33.8725,151.213333,so2,ppm,0.0
7428,25544,Cook And Phillip-7428,2020-04-04T07:00:00+11:00,-33.8725,151.213333,so2,ppm,0.0
7428,25544,Cook And Phillip-7428,2020-04-04T08:00:00+11:00,-33.8725,151.213333,so2,ppm,0.0
7428,25544,Cook And Phillip-7428,2020-04-04T09:00:00+11:00,-33.8725,151.213333,so2,ppm,0.0
7428,25544,Cook And Phillip-7428,2020-04-04T10:00:00+11:00,-33.8725,151.213333,so2,ppm,0.0
7428,25544,Cook And Phillip-7428,2020-04-04T11:00:00+11:00,-33.8725,151.213333,so2,ppm,0.0
7428,25544,Cook And Phillip-7428,2020-04-04T12:00:00+11:00,-33.8725,151.213333,so2,ppm,0.0
7428,25544,Cook And Phillip-7428,2020-04-04T13:00:00+11:00,-33.8725,151.213333,so2,ppm,0.0
7428,25544,Cook And Phillip-7428,2020-04-04T14:00:00+11:00,-33.8725,151.213333,so2,ppm,0.0
7428,25544,Cook And Phillip-7428,2020-04-04T15:00:00+11:00,-33.8725,151.213333,so2,ppm,0.0
7428,25544,Cook And Phillip-7428,2020-04-04T16:00:00+11:00,-33.8725,151.213333,so2,ppm,0.0
7428,25544,Cook And Phillip-7428,2020-04-04T17:00:00+11:00,-33.8725,151.213333,so2,ppm,0.0
7428,25544,Cook And Phillip-7428,2020-04-04T18:00:00+11:00,-33.8725,151.213333,so2,ppm,0.0
7428,25544,Cook And Phillip-7428,2020-04-04T19:00:00+11:00,-33.8725,151.213333,so2,ppm,0.0
7428,25544,Cook And Phillip-7428,2020-04-04T20:00:00+11:00,-33.8725,151.213333,so2,ppm,0.0
7428,25544,Cook And Phillip-7428,2020-04-04T21:00:00+11:00,-33.8725,151.213333,so2,ppm,0.0
7428,25544,Cook And Phillip-7428,2020-04-04T23:00:00+11:00,-33.8725,151.213333,so2,ppm,0.0
7428,25545,Cook And Phillip-7428,2020-04-04T01:00:00+11:00,-33.8725,151.213333,o3,ppm,0.012
7428,25545,Cook And Phillip-7428,2020-04-04T03:00:00+11:00,-33.8725,151.213333,o3,ppm,0.014
7428,25545,Cook And Phillip-7428,2020-04-04T04:00:00+11:00,-33.8725,151.213333,o3,ppm,0.015
7428,25545,Cook And Phillip-7428,2020-04-04T06:00:00+11:00,-33.8725,151.213333,o3,ppm,0.015
7428,25545,Cook And Phillip-7428,2020-04-04T07:00:00+11:00,-33.8725,151.213333,o3,ppm,0.015
7428,25545,Cook And Phillip-7428,2020-04-04T08:00:00+11:00,-33.8725,151.213333,o3,ppm,0.013
7428,25545,Cook And Phillip-7428,2020-04-04T09:00:00+11:00,-33.8725,151.213333,o3,ppm,0.012
7428,25545,Cook And Phillip-7428,2020-04-04T10:00:00+11:00,-33.8725,151.213333,o3,ppm,0.015
7428,25545,Cook And Phillip-7428,2020-04-04T11:00:00+11:00,-33.8725,151.213333,o3,ppm,0.02
7428,25545,Cook And Phillip-7428,2020-04-04T12:00:00+11:00,-33.8725,151.213333,o3,ppm,0.021
7428,25545,Cook And Phillip-7428,2020-04-04T13:00:00+11:00,-33.8725,151.213333,o3,ppm,0.022
7428,25545,Cook And Phillip-7428,2020-04-04T14:00:00+11:00,-33.8725,151.213333,o3,ppm,0.023
7428,25545,Cook And Phillip-7428,2020-04-04T15:00:00+11:00,-33.8725,151.213333,o3,ppm,0.022
7428,25545,Cook And Phillip-7428,2020-04-04T16:00:00+11:00,-33.8725,151.213333,o3,ppm,0.021
7428,25545,Cook And Phillip-7428,2020-04-04T17:00:00+11:00,-33.8725,151.213333,o3,ppm,0.019
7428,25545,Cook And Phillip-7428,2020-04-04T18:00:00+11:00,-33.8725,151.213333,o3,ppm,0.018
7428,25545,Cook And Phillip-7428,2020-04-04T19:00:00+11:00,-33.8725,151.213333,o3,ppm,0.016
7428,25545,Cook And Phillip-7428,2020-04-04T20:00:00+11:00,-33.8725,151.213333,o3,ppm,0.017
7428,25545,Cook And Phillip-7428,2020-04-04T21:00:00+11:00,-33.8725,151.213333,o3,ppm,0.016
7428,25545,Cook And Phillip-7428,2020-04-04T23:00:00+11:00,-33.8725,151.213333,o3,ppm,0.013
7428,21615,Cook And Phillip-7428,2020-04-05T01:00:00+11:00,-33.8725,151.213333,pm10,µg/m³,0.0
7428,21615,Cook And Phillip-7428,2020-04-05T03:00:00+10:00,-33.8725,151.213333,pm10,µg/m³,3.3
7428,21615,Cook And Phillip-7428,2020-04-05T04:00:00+10:00,-33.8725,151.213333,pm10,µg/m³,0.0
7428,21615,Cook And Phillip-7428,2020-04-05T05:00:00+10:00,-33.8725,151.213333,pm10,µg/m³,2.8
7428,21615,Cook And Phillip-7428,2020-04-05T07:00:00+10:00,-33.8725,151.213333,pm10,µg/m³,2.2
7428,21615,Cook And Phillip-7428,2020-04-05T08:00:00+10:00,-33.8725,151.213333,pm10,µg/m³,3.2
7428,21615,Cook And Phillip-7428,2020-04-05T10:00:00+10:00,-33.8725,151.213333,pm10,µg/m³,25.4
7428,21615,Cook And Phillip-7428,2020-04-05T11:00:00+10:00,-33.8725,151.213333,pm10,µg/m³,25.8
7428,21615,Cook And Phillip-7428,2020-04-05T12:00:00+10:00,-33.8725,151.213333,pm10,µg/m³,18.8
7428,21615,Cook And Phillip-7428,2020-04-05T13:00:00+10:00,-33.8725,151.213333,pm10,µg/m³,11.1
7428,21615,Cook And Phillip-7428,2020-04-05T14:00:00+10:00,-33.8725,151.213333,pm10,µg/m³,14.1
7428,21615,Cook And Phillip-7428,2020-04-05T16:00:00+10:00,-33.8725,151.213333,pm10,µg/m³,9.0
7428,21615,Cook And Phillip-7428,2020-04-05T18:00:00+10:00,-33.8725,151.213333,pm10,µg/m³,5.5
7428,21615,Cook And Phillip-7428,2020-04-05T19:00:00+10:00,-33.8725,151.213333,pm10,µg/m³,2.3
7428,21615,Cook And Phillip-7428,2020-04-05T20:00:00+10:00,-33.8725,151.213333,pm10,µg/m³,1.8
7428,21615,Cook And Phillip-7428,2020-04-05T21:00:00+10:00,-33.8725,151.213333,pm10,µg/m³,3.7
7428,21615,Cook And Phillip-7428,2020-04-05T22:00:00+10:00,-33.8725,151.213333,pm10,µg/m³,7.6
7428,21614,Cook And Phillip-7428,2020-04-05T01:00:00+11:00,-33.8725,151.213333,pm25,µg/m³,0.0
7428,21614,Cook And Phillip-7428,2020-04-05T03:00:00+10:00,-33.8725,151.213333,pm25,µg/m³,0.0
7428,21614,Cook And Phillip-7428,2020-04-05T04:00:00+10:00,-33.8725,151.213333,pm25,µg/m³,0.0
7428,21614,Cook And Phillip-7428,2020-04-05T05:00:00+10:00,-33.8725,151.213333,pm25,µg/m³,0.0
7428,21614,Cook And Phillip-7428,2020-04-05T07:00:00+10:00,-33.8725,151.213333,pm25,µg/m³,0.0
7428,21614,Cook And Phillip-7428,2020-04-05T08:00:00+10:00,-33.8725,151.213333,pm25,µg/m³,0.0
7428,21614,Cook And Phillip-7428,2020-04-05T10:00:00+10:00,-33.8725,151.213333,pm25,µg/m³,2.9
7428,21614,Cook And Phillip-7428,2020-04-05T11:00:00+10:00,-33.8725,151.213333,pm25,µg/m³,5.3
7428,21614,Cook And Phillip-7428,2020-04-05T12:00:00+10:00,-33.8725,151.213333,pm25,µg/m³,4.2
7428,21614,Cook And Phillip-7428,2020-04-05T13:00:00+10:00,-33.8725,151.213333,pm25,µg/m³,2.9
7428,21614,Cook And Phillip-7428,2020-04-05T14:00:00+10:00,-33.8725,151.213333,pm25,µg/m³,6.4
7428,21614,Cook And Phillip-7428,2020-04-05T16:00:00+10:00,-33.8725,151.213333,pm25,µg/m³,5.0
7428,21614,Cook And Phillip-7428,2020-04-05T18:00:00+10:00,-33.8725,151.213333,pm25,µg/m³,2.3
7428,21614,Cook And Phillip-7428,2020-04-05T19:00:00+10:00,-33.8725,151.213333,pm25,µg/m³,0.0
7428,21614,Cook And Phillip-7428,2020-04-05T20:00:00+10:00,-33.8725,151.213333,pm25,µg/m³,0.0
7428,21614,Cook And Phillip-7428,2020-04-05T21:00:00+10:00,-33.8725,151.213333,pm25,µg/m³,1.2
7428,21614,Cook And Phillip-7428,2020-04-05T22:00:00+10:00,-33.8725,151.213333,pm25,µg/m³,4.1
7428,25546,Cook And Phillip-7428,2020-04-05T01:00:00+11:00,-33.8725,151.213333,no2,ppm,0.004
7428,25546,Cook And Phillip-7428,2020-04-05T03:00:00+10:00,-33.8725,151.213333,no2,ppm,0.005
7428,25546,Cook And Phillip-7428,2020-04-05T04:00:00+10:00,-33.8725,151.213333,no2,ppm,0.004
7428,25546,Cook And Phillip-7428,2020-04-05T05:00:00+10:00,-33.8725,151.213333,no2,ppm,0.003
7428,25546,Cook And Phillip-7428,2020-04-05T07:00:00+10:00,-33.8725,151.213333,no2,ppm,0.005
7428,25546,Cook And Phillip-7428,2020-04-05T08:00:00+10:00,-33.8725,151.213333,no2,ppm,0.004
7428,25546,Cook And Phillip-7428,2020-04-05T10:00:00+10:00,-33.8725,151.213333,no2,ppm,0.002
7428,25546,Cook And Phillip-7428,2020-04-05T11:00:00+10:00,-33.8725,151.213333,no2,ppm,0.004
7428,25546,Cook And Phillip-7428,2020-04-05T12:00:00+10:00,-33.8725,151.213333,no2,ppm,0.003
7428,25546,Cook And Phillip-7428,2020-04-05T13:00:00+10:00,-33.8725,151.213333,no2,ppm,0.004
7428,25546,Cook And Phillip-7428,2020-04-05T14:00:00+10:00,-33.8725,151.213333,no2,ppm,0.004
7428,25546,Cook And Phillip-7428,2020-04-05T16:00:00+10:00,-33.8725,151.213333,no2,ppm,0.005
7428,25546,Cook And Phillip-7428,2020-04-05T18:00:00+10:00,-33.8725,151.213333,no2,ppm,0.013
7428,25546,Cook And Phillip-7428,2020-04-05T19:00:00+10:00,-33.8725,151.213333,no2,ppm,0.014
7428,25546,Cook And Phillip-7428,2020-04-05T20:00:00+10:00,-33.8725,151.213333,no2,ppm,0.013
7428,25546,Cook And Phillip-7428,2020-04-05T21:00:00+10:00,-33.8725,151.213333,no2,ppm,0.011
7428,25546,Cook And Phillip-7428,2020-04-05T22:00:00+10:00,-33.8725,151.213333,no2,ppm,0.01
7428,28686,Cook And Phillip-7428,2020-04-05T01:00:00+11:00,-33.8725,151.213333,co,ppm,0.0
7428,28686,Cook And Phillip-7428,2020-04-05T03:00:00+10:00,-33.8725,151.213333,co,ppm,0.0
7428,28686,Cook And Phillip-7428,2020-04-05T04:00:00+10:00,-33.8725,151.213333,co,ppm,0.0
7428,28686,Cook And Phillip-7428,2020-04-05T05:00:00+10:00,-33.8725,151.213333,co,ppm,0.0
7428,28686,Cook And Phillip-7428,2020-04-05T07:00:00+10:00,-33.8725,151.213333,co,ppm,0.0
7428,28686,Cook And Phillip-7428,2020-04-05T08:00:00+10:00,-33.8725,151.213333,co,ppm,0.0
7428,28686,Cook And Phillip-7428,2020-04-05T10:00:00+10:00,-33.8725,151.213333,co,ppm,0.0
7428,28686,Cook And Phillip-7428,2020-04-05T11:00:00+10:00,-33.8725,151.213333,co,ppm,0.0
7428,28686,Cook And Phillip-7428,2020-04-05T12:00:00+10:00,-33.8725,151.213333,co,ppm,0.0
7428,28686,Cook And Phillip-7428,2020-04-05T13:00:00+10:00,-33.8725,151.213333,co,ppm,0.0
7428,28686,Cook And Phillip-7428,2020-04-05T14:00:00+10:00,-33.8725,151.213333,co,ppm,0.0
7428,28686,Cook And Phillip-7428,2020-04-05T16:00:00+10:00,-33.8725,151.213333,co,ppm,0.0
7428,28686,Cook And Phillip-7428,2020-04-05T18:00:00+10:00,-33.8725,151.213333,co,ppm,0.0
7428,28686,Cook And Phillip-7428,2020-04-05T19:00:00+10:00,-33.8725,151.213333,co,ppm,0.0
7428,28686,Cook And Phillip-7428,2020-04-05T20:00:00+10:00,-33.8725,151.213333,co,ppm,0.0
7428,28686,Cook And Phillip-7428,2020-04-05T21:00:00+10:00,-33.8725,151.213333,co,ppm,0.0
7428,28686,Cook And Phillip-7428,2020-04-05T22:00:00+10:00,-33.8725,151.213333,co,ppm,0.0
7428,25544,Cook And Phillip-7428,2020-04-05T01:00:00+11:00,-33.8725,151.213333,so2,ppm,0.0
7428,25544,Cook And Phillip-7428,2020-04-05T03:00:00+10:00,-33.8725,151.213333,so2,ppm,0.0
7428,25544,Cook And Phillip-7428,2020-04-05T04:00:00+10:00,-33.8725,151.213333,so2,ppm,0.0
7428,25544,Cook And Phillip-7428,2020-04-05T05:00:00+10:00,-33.8725,151.213333,so2,ppm,0.0
7428,25544,Cook And Phillip-7428,2020-04-05T07:00:00+10:00,-33.8725,151.213333,so2,ppm,0.0
7428,25544,Cook And Phillip-7428,2020-04-05T08:00:00+10:00,-33.8725,151.213333,so2,ppm,0.0
7428,25544,Cook And Phillip-7428,2020-04-05T10:00:00+10:00,-33.8725,151.213333,so2,ppm,0.0
7428,25544,Cook And Phillip-7428,2020-04-05T11:00:00+10:00,-33.8725,151.213333,so2,ppm,0.0
7428,25544,Cook And Phillip-7428,2020-04-05T12:00:00+10:00,-33.8725,151.213333,so2,ppm,0.0
7428,25544,Cook And Phillip-7428,2020-04-05T13:00:00+10:00,-33.8725,151.213333,so2,ppm,0.0
7428,25544,Cook And Phillip-7428,2020-04-05T14:00:00+10:00,-33.8725,151.213333,so2,ppm,0.0
7428,25544,Cook And Phillip-7428,2020-04-05T16:00:00+10:00,-33.8725,151.213333,so2,ppm,0.0
7428,25544,Cook And Phillip-7428,2020-04-05T18:00:00+10:00,-33.8725,151.213333,so2,ppm,0.0
7428,25544,Cook And Phillip-7428,2020-04-05T19:00:00+10:00,-33.8725,151.213333,so2,ppm,0.0
7428,25544,Cook And Phillip-7428,2020-04-05T20:00:00+10:00,-33.8725,151.213333,so2,ppm,0.0
7428,25544,Cook And Phillip-7428,2020-04-05T21:00:00+10:00,-33.8725,151.213333,so2,ppm,0.0
7428,25544,Cook And Phillip-7428,2020-04-05T22:00:00+10:00,-33.8725,151.213333,so2,ppm,0.0
7428,25545,Cook And Phillip-7428,2020-04-05T01:00:00+11:00,-33.8725,151.213333,o3,ppm,0.016
7428,25545,Cook And Phillip-7428,2020-04-05T03:00:00+10:00,-33.8725,151.213333,o3,ppm,0.013
7428,25545,Cook And Phillip-7428,2020-04-05T04:00:00+10:00,-33.8725,151.213333,o3,ppm,0.016
7428,25545,Cook And Phillip-7428,2020-04-05T05:00:00+10:00,-33.8725,151.213333,o3,ppm,0.016
7428,25545,Cook And Phillip-7428,2020-04-05T07:00:00+10:00,-33.8725,151.213333,o3,ppm,0.013
7428,25545,Cook And Phillip-7428,2020-04-05T08:00:00+10:00,-33.8725,151.213333,o3,ppm,0.014
7428,25545,Cook And Phillip-7428,2020-04-05T10:00:00+10:00,-33.8725,151.213333,o3,ppm,0.02
7428,25545,Cook And Phillip-7428,2020-04-05T11:00:00+10:00,-33.8725,151.213333,o3,ppm,0.02
7428,25545,Cook And Phillip-7428,2020-04-05T12:00:00+10:00,-33.8725,151.213333,o3,ppm,0.022
7428,25545,Cook And Phillip-7428,2020-04-05T13:00:00+10:00,-33.8725,151.213333,o3,ppm,0.023
7428,25545,Cook And Phillip-7428,2020-04-05T14:00:00+10:00,-33.8725,151.213333,o3,ppm,0.022
7428,25545,Cook And Phillip-7428,2020-04-05T16:00:00+10:00,-33.8725,151.213333,o3,ppm,0.019
7428,25545,Cook And Phillip-7428,2020-04-05T18:00:00+10:00,-33.8725,151.213333,o3,ppm,0.009
7428,25545,Cook And Phillip-7428,2020-04-05T19:00:00+10:00,-33.8725,151.213333,o3,ppm,0.007
7428,25545,Cook And Phillip-7428,2020-04-05T20:00:00+10:00,-33.8725,151.213333,o3,ppm,0.008
7428,25545,Cook And Phillip-7428,2020-04-05T21:00:00+10:00,-33.8725,151.213333,o3,ppm,0.01
7428,25545,Cook And Phillip-7428,2020-04-05T22:00:00+10:00,-33.8725,151.213333,o3,ppm,0.009
7428,21615,Cook And Phillip-7428,2020-04-06T01:00:00+10:00,-33.8725,151.213333,pm10,µg/m³,3.0
7428,21615,Cook And Phillip-7428,2020-04-06T02:00:00+10:00,-33.8725,151.213333,pm10,µg/m³,1.6
7428,21615,Cook And Phillip-7428,2020-04-06T03:00:00+10:00,-33.8725,151.213333,pm10,µg/m³,0.0
7428,21615,Cook And Phillip-7428,2020-04-06T04:00:00+10:00,-33.8725,151.213333,pm10,µg/m³,3.2
7428,21615,Cook And Phillip-7428,2020-04-06T05:00:00+10:00,-33.8725,151.213333,pm10,µg/m³,4.5
7428,21615,Cook And Phillip-7428,2020-04-06T06:00:00+10:00,-33.8725,151.213333,pm10,µg/m³,2.1
7428,21615,Cook And Phillip-7428,2020-04-06T07:00:00+10:00,-33.8725,151.213333,pm10,µg/m³,0.0
7428,21615,Cook And Phillip-7428,2020-04-06T08:00:00+10:00,-33.8725,151.213333,pm10,µg/m³,9.8
7428,21615,Cook And Phillip-7428,2020-04-06T09:00:00+10:00,-33.8725,151.213333,pm10,µg/m³,16.2
7428,21615,Cook And Phillip-7428,2020-04-06T10:00:00+10:00,-33.8725,151.213333,pm10,µg/m³,13.4
7428,21615,Cook And Phillip-7428,2020-04-06T11:00:00+10:00,-33.8725,151.213333,pm10,µg/m³,12.0
7428,21615,Cook And Phillip-7428,2020-04-06T12:00:00+10:00,-33.8725,151.213333,pm10,µg/m³,12.6
7428,21615,Cook And Phillip-7428,2020-04-06T13:00:00+10:00,-33.8725,151.213333,pm10,µg/m³,11.2
7428,21615,Cook And Phillip-7428,2020-04-06T14:00:00+10:00,-33.8725,151.213333,pm10,µg/m³,13.3
7428,21615,Cook And Phillip-7428,2020-04-06T15:00:00+10:00,-33.8725,151.213333,pm10,µg/m³,13.9
7428,21615,Cook And Phillip-7428,2020-04-06T16:00:00+10:00,-33.8725,151.213333,pm10,µg/m³,11.5
7428,21615,Cook And Phillip-7428,2020-04-06T17:00:00+10:00,-33.8725,151.213333,pm10,µg/m³,9.5
7428,21615,Cook And Phillip-7428,2020-04-06T18:00:00+10:00,-33.8725,151.213333,pm10,µg/m³,8.0
7428,21615,Cook And Phillip-7428,2020-04-06T20:00:00+10:00,-33.8725,151.213333,pm10,µg/m³,6.0
7428,21615,Cook And Phillip-7428,2020-04-06T21:00:00+10:00,-33.8725,151.213333,pm10,µg/m³,10.2
7428,21615,Cook And Phillip-7428,2020-04-06T22:00:00+10:00,-33.8725,151.213333,pm10,µg/m³,10.1
7428,21614,Cook And Phillip-7428,2020-04-06T01:00:00+10:00,-33.8725,151.213333,pm25,µg/m³,0.4
7428,21614,Cook And Phillip-7428,2020-04-06T02:00:00+10:00,-33.8725,151.213333,pm25,µg/m³,0.0
7428,21614,Cook And Phillip-7428,2020-04-06T03:00:00+10:00,-33.8725,151.213333,pm25,µg/m³,0.0
7428,21614,Cook And Phillip-7428,2020-04-06T04:00:00+10:00,-33.8725,151.213333,pm25,µg/m³,1.2
7428,21614,Cook And Phillip-7428,2020-04-06T05:00:00+10:00,-33.8725,151.213333,pm25,µg/m³,0.4
7428,21614,Cook And Phillip-7428,2020-04-06T06:00:00+10:00,-33.8725,151.213333,pm25,µg/m³,0.0
7428,21614,Cook And Phillip-7428,2020-04-06T07:00:00+10:00,-33.8725,151.213333,pm25,µg/m³,0.0
7428,21614,Cook And Phillip-7428,2020-04-06T08:00:00+10:00,-33.8725,151.213333,pm25,µg/m³,4.7
7428,21614,Cook And Phillip-7428,2020-04-06T09:00:00+10:00,-33.8725,151.213333,pm25,µg/m³,6.9
7428,21614,Cook And Phillip-7428,2020-04-06T10:00:00+10:00,-33.8725,151.213333,pm25,µg/m³,5.1
7428,21614,Cook And Phillip-7428,2020-04-06T11:00:00+10:00,-33.8725,151.213333,pm25,µg/m³,4.0
7428,21614,Cook And Phillip-7428,2020-04-06T12:00:00+10:00,-33.8725,151.213333,pm25,µg/m³,4.2
7428,21614,Cook And Phillip-7428,2020-04-06T13:00:00+10:00,-33.8725,151.213333,pm25,µg/m³,4.6
7428,21614,Cook And Phillip-7428,2020-04-06T14:00:00+10:00,-33.8725,151.213333,pm25,µg/m³,6.7
7428,21614,Cook And Phillip-7428,2020-04-06T15:00:00+10:00,-33.8725,151.213333,pm25,µg/m³,6.1
7428,21614,Cook And Phillip-7428,2020-04-06T16:00:00+10:00,-33.8725,151.213333,pm25,µg/m³,4.0
7428,21614,Cook And Phillip-7428,2020-04-06T17:00:00+10:00,-33.8725,151.213333,pm25,µg/m³,3.3
7428,21614,Cook And Phillip-7428,2020-04-06T18:00:00+10:00,-33.8725,151.213333,pm25,µg/m³,3.6
7428,21614,Cook And Phillip-7428,2020-04-06T20:00:00+10:00,-33.8725,151.213333,pm25,µg/m³,1.3
7428,21614,Cook And Phillip-7428,2020-04-06T21:00:00+10:00,-33.8725,151.213333,pm25,µg/m³,1.3
7428,21614,Cook And Phillip-7428,2020-04-06T22:00:00+10:00,-33.8725,151.213333,pm25,µg/m³,2.0
7428,25546,Cook And Phillip-7428,2020-04-06T01:00:00+10:00,-33.8725,151.213333,no2,ppm,0.011
7428,25546,Cook And Phillip-7428,2020-04-06T03:00:00+10:00,-33.8725,151.213333,no2,ppm,0.003
7428,25546,Cook And Phillip-7428,2020-04-06T04:00:00+10:00,-33.8725,151.213333,no2,ppm,0.004
7428,25546,Cook And Phillip-7428,2020-04-06T05:00:00+10:00,-33.8725,151.213333,no2,ppm,0.004
7428,25546,Cook And Phillip-7428,2020-04-06T06:00:00+10:00,-33.8725,151.213333,no2,ppm,0.008
7428,25546,Cook And Phillip-7428,2020-04-06T07:00:00+10:00,-33.8725,151.213333,no2,ppm,0.018
7428,25546,Cook And Phillip-7428,2020-04-06T08:00:00+10:00,-33.8725,151.213333,no2,ppm,0.02
7428,25546,Cook And Phillip-7428,2020-04-06T09:00:00+10:00,-33.8725,151.213333,no2,ppm,0.021
7428,25546,Cook And Phillip-7428,2020-04-06T10:00:00+10:00,-33.8725,151.213333,no2,ppm,0.015
7428,25546,Cook And Phillip-7428,2020-04-06T11:00:00+10:00,-33.8725,151.213333,no2,ppm,0.01
7428,25546,Cook And Phillip-7428,2020-04-06T12:00:00+10:00,-33.8725,151.213333,no2,ppm,0.007
7428,25546,Cook And Phillip-7428,2020-04-06T13:00:00+10:00,-33.8725,151.213333,no2,ppm,0.006
7428,25546,Cook And Phillip-7428,2020-04-06T14:00:00+10:00,-33.8725,151.213333,no2,ppm,0.007
7428,25546,Cook And Phillip-7428,2020-04-06T15:00:00+10:00,-33.8725,151.213333,no2,ppm,0.004
7428,25546,Cook And Phillip-7428,2020-04-06T16:00:00+10:00,-33.8725,151.213333,no2,ppm,0.006
7428,25546,Cook And Phillip-7428,2020-04-06T17:00:00+10:00,-33.8725,151.213333,no2,ppm,0.005
7428,25546,Cook And Phillip-7428,2020-04-06T18:00:00+10:00,-33.8725,151.213333,no2,ppm,0.007
7428,25546,Cook And Phillip-7428,2020-04-06T20:00:00+10:00,-33.8725,151.213333,no2,ppm,0.006
7428,25546,Cook And Phillip-7428,2020-04-06T21:00:00+10:00,-33.8725,151.213333,no2,ppm,0.006
7428,25546,Cook And Phillip-7428,2020-04-06T22:00:00+10:00,-33.8725,151.213333,no2,ppm,0.008
7428,28686,Cook And Phillip-7428,2020-04-06T01:00:00+10:00,-33.8725,151.213333,co,ppm,0.0
7428,28686,Cook And Phillip-7428,2020-04-06T02:00:00+10:00,-33.8725,151.213333,co,ppm,0.0
7428,28686,Cook And Phillip-7428,2020-04-06T03:00:00+10:00,-33.8725,151.213333,co,ppm,0.0
7428,28686,Cook And Phillip-7428,2020-04-06T04:00:00+10:00,-33.8725,151.213333,co,ppm,0.0
7428,28686,Cook And Phillip-7428,2020-04-06T05:00:00+10:00,-33.8725,151.213333,co,ppm,0.0
7428,28686,Cook And Phillip-7428,2020-04-06T06:00:00+10:00,-33.8725,151.213333,co,ppm,0.0
7428,28686,Cook And Phillip-7428,2020-04-06T07:00:00+10:00,-33.8725,151.213333,co,ppm,0.0
7428,28686,Cook And Phillip-7428,2020-04-06T08:00:00+10:00,-33.8725,151.213333,co,ppm,0.0
7428,28686,Cook And Phillip-7428,2020-04-06T09:00:00+10:00,-33.8725,151.213333,co,ppm,0.1
7428,28686,Cook And Phillip-7428,2020-04-06T10:00:00+10:00,-33.8725,151.213333,co,ppm,0.1
7428,28686,Cook And Phillip-7428,2020-04-06T11:00:00+10:00,-33.8725,151.213333,co,ppm,0.1
7428,28686,Cook And Phillip-7428,2020-04-06T12:00:00+10:00,-33.8725,151.213333,co,ppm,0.1
7428,28686,Cook And Phillip-7428,2020-04-06T13:00:00+10:00,-33.8725,151.213333,co,ppm,0.1
7428,28686,Cook And Phillip-7428,2020-04-06T14:00:00+10:00,-33.8725,151.213333,co,ppm,0.1
7428,28686,Cook And Phillip-7428,2020-04-06T15:00:00+10:00,-33.8725,151.213333,co,ppm,0.1
7428,28686,Cook And Phillip-7428,2020-04-06T16:00:00+10:00,-33.8725,151.213333,co,ppm,0.1
7428,28686,Cook And Phillip-7428,2020-04-06T17:00:00+10:00,-33.8725,151.213333,co,ppm,0.0
7428,28686,Cook And Phillip-7428,2020-04-06T18:00:00+10:00,-33.8725,151.213333,co,ppm,0.0
7428,28686,Cook And Phillip-7428,2020-04-06T20:00:00+10:00,-33.8725,151.213333,co,ppm,0.0
7428,28686,Cook And Phillip-7428,2020-04-06T21:00:00+10:00,-33.8725,151.213333,co,ppm,0.0
7428,28686,Cook And Phillip-7428,2020-04-06T22:00:00+10:00,-33.8725,151.213333,co,ppm,0.0
7428,25544,Cook And Phillip-7428,2020-04-06T01:00:00+10:00,-33.8725,151.213333,so2,ppm,0.0
7428,25544,Cook And Phillip-7428,2020-04-06T03:00:00+10:00,-33.8725,151.213333,so2,ppm,0.0
7428,25544,Cook And Phillip-7428,2020-04-06T04:00:00+10:00,-33.8725,151.213333,so2,ppm,0.0
7428,25544,Cook And Phillip-7428,2020-04-06T05:00:00+10:00,-33.8725,151.213333,so2,ppm,0.0
7428,25544,Cook And Phillip-7428,2020-04-06T06:00:00+10:00,-33.8725,151.213333,so2,ppm,0.0
7428,25544,Cook And Phillip-7428,2020-04-06T07:00:00+10:00,-33.8725,151.213333,so2,ppm,0.0
7428,25544,Cook And Phillip-7428,2020-04-06T08:00:00+10:00,-33.8725,151.213333,so2,ppm,0.001
7428,25544,Cook And Phillip-7428,2020-04-06T09:00:00+10:00,-33.8725,151.213333,so2,ppm,0.0
7428,25544,Cook And Phillip-7428,2020-04-06T10:00:00+10:00,-33.8725,151.213333,so2,ppm,0.0
7428,25544,Cook And Phillip-7428,2020-04-06T11:00:00+10:00,-33.8725,151.213333,so2,ppm,0.0
7428,25544,Cook And Phillip-7428,2020-04-06T12:00:00+10:00,-33.8725,151.213333,so2,ppm,0.0
7428,25544,Cook And Phillip-7428,2020-04-06T13:00:00+10:00,-33.8725,151.213333,so2,ppm,0.0
7428,25544,Cook And Phillip-7428,2020-04-06T14:00:00+10:00,-33.8725,151.213333,so2,ppm,0.0
7428,25544,Cook And Phillip-7428,2020-04-06T15:00:00+10:00,-33.8725,151.213333,so2,ppm,0.0
7428,25544,Cook And Phillip-7428,2020-04-06T16:00:00+10:00,-33.8725,151.213333,so2,ppm,0.0
7428,25544,Cook And Phillip-7428,2020-04-06T17:00:00+10:00,-33.8725,151.213333,so2,ppm,0.0
7428,25544,Cook And Phillip-7428,2020-04-06T18:00:00+10:00,-33.8725,151.213333,so2,ppm,0.0
7428,25544,Cook And Phillip-7428,2020-04-06T20:00:00+10:00,-33.8725,151.213333,so2,ppm,0.0
7428,25544,Cook And Phillip-7428,2020-04-06T21:00:00+10:00,-33.8725,151.213333,so2,ppm,0.0
7428,25544,Cook And Phillip-7428,2020-04-06T22:00:00+10:00,-33.8725,151.213333,so2,ppm,0.0
7428,25545,Cook And Phillip-7428,2020-04-06T01:00:00+10:00,-33.8725,151.213333,o3,ppm,0.008
7428,25545,Cook And Phillip-7428,2020-04-06T02:00:00+10:00,-33.8725,151.213333,o3,ppm,0.007
7428,25545,Cook And Phillip-7428,2020-04-06T03:00:00+10:00,-33.8725,151.213333,o3,ppm,0.014
7428,25545,Cook And Phillip-7428,2020-04-06T04:00:00+10:00,-33.8725,151.213333,o3,ppm,0.014
7428,25545,Cook And Phillip-7428,2020-04-06T05:00:00+10:00,-33.8725,151.213333,o3,ppm,0.013
7428,25545,Cook And Phillip-7428,2020-04-06T06:00:00+10:00,-33.8725,151.213333,o3,ppm,0.01
7428,25545,Cook And Phillip-7428,2020-04-06T07:00:00+10:00,-33.8725,151.213333,o3,ppm,0.002
7428,25545,Cook And Phillip-7428,2020-04-06T08:00:00+10:00,-33.8725,151.213333,o3,ppm,0.002
7428,25545,Cook And Phillip-7428,2020-04-06T09:00:00+10:00,-33.8725,151.213333,o3,ppm,0.004
7428,25545,Cook And Phillip-7428,2020-04-06T10:00:00+10:00,-33.8725,151.213333,o3,ppm,0.009
7428,25545,Cook And Phillip-7428,2020-04-06T11:00:00+10:00,-33.8725,151.213333,o3,ppm,0.013
7428,25545,Cook And Phillip-7428,2020-04-06T12:00:00+10:00,-33.8725,151.213333,o3,ppm,0.019
7428,25545,Cook And Phillip-7428,2020-04-06T13:00:00+10:00,-33.8725,151.213333,o3,ppm,0.02
7428,25545,Cook And Phillip-7428,2020-04-06T14:00:00+10:00,-33.8725,151.213333,o3,ppm,0.02
7428,25545,Cook And Phillip-7428,2020-04-06T15:00:00+10:00,-33.8725,151.213333,o3,ppm,0.02
7428,25545,Cook And Phillip-7428,2020-04-06T16:00:00+10:00,-33.8725,151.213333,o3,ppm,0.017
7428,25545,Cook And Phillip-7428,2020-04-06T17:00:00+10:00,-33.8725,151.213333,o3,ppm,0.016
7428,25545,Cook And Phillip-7428,2020-04-06T18:00:00+10:00,-33.8725,151.213333,o3,ppm,0.014
7428,25545,Cook And Phillip-7428,2020-04-06T20:00:00+10:00,-33.8725,151.213333,o3,ppm,0.015
7428,25545,Cook And Phillip-7428,2020-04-06T21:00:00+10:00,-33.8725,151.213333,o3,ppm,0.015
7428,25545,Cook And Phillip-7428,2020-04-06T22:00:00+10:00,-33.8725,151.213333,o3,ppm,0.012
7428,21615,Cook And Phillip-7428,2020-04-07T01:00:00+10:00,-33.8725,151.213333,pm10,µg/m³,5.6
7428,21615,Cook And Phillip-7428,2020-04-07T02:00:00+10:00,-33.8725,151.213333,pm10,µg/m³,2.5
7428,21615,Cook And Phillip-7428,2020-04-07T03:00:00+10:00,-33.8725,151.213333,pm10,µg/m³,7.1
7428,21615,Cook And Phillip-7428,2020-04-07T04:00:00+10:00,-33.8725,151.213333,pm10,µg/m³,8.7
7428,21615,Cook And Phillip-7428,2020-04-07T05:00:00+10:00,-33.8725,151.213333,pm10,µg/m³,3.6
7428,21615,Cook And Phillip-7428,2020-04-07T07:00:00+10:00,-33.8725,151.213333,pm10,µg/m³,9.3
7428,21615,Cook And Phillip-7428,2020-04-07T08:00:00+10:00,-33.8725,151.213333,pm10,µg/m³,9.0
7428,21615,Cook And Phillip-7428,2020-04-07T09:00:00+10:00,-33.8725,151.213333,pm10,µg/m³,17.3
7428,21615,Cook And Phillip-7428,2020-04-07T10:00:00+10:00,-33.8725,151.213333,pm10,µg/m³,13.4
7428,21615,Cook And Phillip-7428,2020-04-07T11:00:00+10:00,-33.8725,151.213333,pm10,µg/m³,7.9
7428,21615,Cook And Phillip-7428,2020-04-07T12:00:00+10:00,-33.8725,151.213333,pm10,µg/m³,16.2
7428,21615,Cook And Phillip-7428,2020-04-07T13:00:00+10:00,-33.8725,151.213333,pm10,µg/m³,8.9
7428,21615,Cook And Phillip-7428,2020-04-07T14:00:00+10:00,-33.8725,151.213333,pm10,µg/m³,4.0
7428,21615,Cook And Phillip-7428,2020-04-07T15:00:00+10:00,-33.8725,151.213333,pm10,µg/m³,3.9
7428,21615,Cook And Phillip-7428,2020-04-07T16:00:00+10:00,-33.8725,151.213333,pm10,µg/m³,7.1
7428,21615,Cook And Phillip-7428,2020-04-07T17:00:00+10:00,-33.8725,151.213333,pm10,µg/m³,7.3
7428,21615,Cook And Phillip-7428,2020-04-07T18:00:00+10:00,-33.8725,151.213333,pm10,µg/m³,9.0
7428,21615,Cook And Phillip-7428,2020-04-07T19:00:00+10:00,-33.8725,151.213333,pm10,µg/m³,8.5
7428,21615,Cook And Phillip-7428,2020-04-07T21:00:00+10:00,-33.8725,151.213333,pm10,µg/m³,10.9
7428,21615,Cook And Phillip-7428,2020-04-07T22:00:00+10:00,-33.8725,151.213333,pm10,µg/m³,6.1
7428,21614,Cook And Phillip-7428,2020-04-07T01:00:00+10:00,-33.8725,151.213333,pm25,µg/m³,1.9
7428,21614,Cook And Phillip-7428,2020-04-07T02:00:00+10:00,-33.8725,151.213333,pm25,µg/m³,0.0
7428,21614,Cook And Phillip-7428,2020-04-07T03:00:00+10:00,-33.8725,151.213333,pm25,µg/m³,2.0
7428,21614,Cook And Phillip-7428,2020-04-07T04:00:00+10:00,-33.8725,151.213333,pm25,µg/m³,2.1
7428,21614,Cook And Phillip-7428,2020-04-07T05:00:00+10:00,-33.8725,151.213333,pm25,µg/m³,0.0
7428,21614,Cook And Phillip-7428,2020-04-07T07:00:00+10:00,-33.8725,151.213333,pm25,µg/m³,2.7
7428,21614,Cook And Phillip-7428,2020-04-07T08:00:00+10:00,-33.8725,151.213333,pm25,µg/m³,2.5
7428,21614,Cook And Phillip-7428,2020-04-07T09:00:00+10:00,-33.8725,151.213333,pm25,µg/m³,5.0
7428,21614,Cook And Phillip-7428,2020-04-07T10:00:00+10:00,-33.8725,151.213333,pm25,µg/m³,3.1
7428,21614,Cook And Phillip-7428,2020-04-07T11:00:00+10:00,-33.8725,151.213333,pm25,µg/m³,0.0
7428,21614,Cook And Phillip-7428,2020-04-07T12:00:00+10:00,-33.8725,151.213333,pm25,µg/m³,5.9
7428,21614,Cook And Phillip-7428,2020-04-07T13:00:00+10:00,-33.8725,151.213333,pm25,µg/m³,2.0
7428,21614,Cook And Phillip-7428,2020-04-07T14:00:00+10:00,-33.8725,151.213333,pm25,µg/m³,0.0
7428,21614,Cook And Phillip-7428,2020-04-07T15:00:00+10:00,-33.8725,151.213333,pm25,µg/m³,0.0
7428,21614,Cook And Phillip-7428,2020-04-07T16:00:00+10:00,-33.8725,151.213333,pm25,µg/m³,1.4
7428,21614,Cook And Phillip-7428,2020-04-07T17:00:00+10:00,-33.8725,151.213333,pm25,µg/m³,2.3
7428,21614,Cook And Phillip-7428,2020-04-07T18:00:00+10:00,-33.8725,151.213333,pm25,µg/m³,1.7
7428,21614,Cook And Phillip-7428,2020-04-07T19:00:00+10:00,-33.8725,151.213333,pm25,µg/m³,1.9
7428,21614,Cook And Phillip-7428,2020-04-07T21:00:00+10:00,-33.8725,151.213333,pm25,µg/m³,2.8
7428,21614,Cook And Phillip-7428,2020-04-07T22:00:00+10:00,-33.8725,151.213333,pm25,µg/m³,0.0
7428,25546,Cook And Phillip-7428,2020-04-07T01:00:00+10:00,-33.8725,151.213333,no2,ppm,0.01
7428,25546,Cook And Phillip-7428,2020-04-07T03:00:00+10:00,-33.8725,151.213333,no2,ppm,0.006
7428,25546,Cook And Phillip-7428,2020-04-07T04:00:00+10:00,-33.8725,151.213333,no2,ppm,0.009
7428,25546,Cook And Phillip-7428,2020-04-07T05:00:00+10:00,-33.8725,151.213333,no2,ppm,0.011
7428,25546,Cook And Phillip-7428,2020-04-07T07:00:00+10:00,-33.8725,151.213333,no2,ppm,0.02
7428,25546,Cook And Phillip-7428,2020-04-07T08:00:00+10:00,-33.8725,151.213333,no2,ppm,0.023
7428,25546,Cook And Phillip-7428,2020-04-07T09:00:00+10:00,-33.8725,151.213333,no2,ppm,0.019
7428,25546,Cook And Phillip-7428,2020-04-07T10:00:00+10:00,-33.8725,151.213333,no2,ppm,0.01
7428,25546,Cook And Phillip-7428,2020-04-07T11:00:00+10:00,-33.8725,151.213333,no2,ppm,0.008
7428,25546,Cook And Phillip-7428,2020-04-07T12:00:00+10:00,-33.8725,151.213333,no2,ppm,0.005
7428,25546,Cook And Phillip-7428,2020-04-07T13:00:00+10:00,-33.8725,151.213333,no2,ppm,0.005
7428,25546,Cook And Phillip-7428,2020-04-07T14:00:00+10:00,-33.8725,151.213333,no2,ppm,0.005
7428,25546,Cook And Phillip-7428,2020-04-07T15:00:00+10:00,-33.8725,151.213333,no2,ppm,0.005
7428,25546,Cook And Phillip-7428,2020-04-07T16:00:00+10:00,-33.8725,151.213333,no2,ppm,0.007
7428,25546,Cook And Phillip-7428,2020-04-07T17:00:00+10:00,-33.8725,151.213333,no2,ppm,0.01
7428,25546,Cook And Phillip-7428,2020-04-07T18:00:00+10:00,-33.8725,151.213333,no2,ppm,0.018
7428,25546,Cook And Phillip-7428,2020-04-07T19:00:00+10:00,-33.8725,151.213333,no2,ppm,0.02
7428,25546,Cook And Phillip-7428,2020-04-07T21:00:00+10:00,-33.8725,151.213333,no2,ppm,0.014
7428,25546,Cook And Phillip-7428,2020-04-07T22:00:00+10:00,-33.8725,151.213333,no2,ppm,0.015
7428,28686,Cook And Phillip-7428,2020-04-07T01:00:00+10:00,-33.8725,151.213333,co,ppm,0.0
7428,28686,Cook And Phillip-7428,2020-04-07T02:00:00+10:00,-33.8725,151.213333,co,ppm,0.0
7428,28686,Cook And Phillip-7428,2020-04-07T03:00:00+10:00,-33.8725,151.213333,co,ppm,0.0
7428,28686,Cook And Phillip-7428,2020-04-07T04:00:00+10:00,-33.8725,151.213333,co,ppm,0.0
7428,28686,Cook And Phillip-7428,2020-04-07T05:00:00+10:00,-33.8725,151.213333,co,ppm,0.0
7428,28686,Cook And Phillip-7428,2020-04-07T07:00:00+10:00,-33.8725,151.213333,co,ppm,0.0
7428,28686,Cook And Phillip-7428,2020-04-07T08:00:00+10:00,-33.8725,151.213333,co,ppm,0.1
7428,28686,Cook And Phillip-7428,2020-04-07T09:00:00+10:00,-33.8725,151.213333,co,ppm,0.1
7428,28686,Cook And Phillip-7428,2020-04-07T10:00:00+10:00,-33.8725,151.213333,co,ppm,0.1
7428,28686,Cook And Phillip-7428,2020-04-07T11:00:00+10:00,-33.8725,151.213333,co,ppm,0.1
7428,28686,Cook And Phillip-7428,2020-04-07T12:00:00+10:00,-33.8725,151.213333,co,ppm,0.1
7428,28686,Cook And Phillip-7428,2020-04-07T13:00:00+10:00,-33.8725,151.213333,co,ppm,0.1
7428,28686,Cook And Phillip-7428,2020-04-07T14:00:00+10:00,-33.8725,151.213333,co,ppm,0.1
7428,28686,Cook And Phillip-7428,2020-04-07T15:00:00+10:00,-33.8725,151.213333,co,ppm,0.1
7428,28686,Cook And Phillip-7428,2020-04-07T16:00:00+10:00,-33.8725,151.213333,co,ppm,0.0
7428,28686,Cook And Phillip-7428,2020-04-07T17:00:00+10:00,-33.8725,151.213333,co,ppm,0.0
7428,28686,Cook And Phillip-7428,2020-04-07T18:00:00+10:00,-33.8725,151.213333,co,ppm,0.0
7428,28686,Cook And Phillip-7428,2020-04-07T19:00:00+10:00,-33.8725,151.213333,co,ppm,0.0
7428,28686,Cook And Phillip-7428,2020-04-07T21:00:00+10:00,-33.8725,151.213333,co,ppm,0.1
7428,28686,Cook And Phillip-7428,2020-04-07T22:00:00+10:00,-33.8725,151.213333,co,ppm,0.1
7428,25544,Cook And Phillip-7428,2020-04-07T01:00:00+10:00,-33.8725,151.213333,so2,ppm,0.0
7428,25544,Cook And Phillip-7428,2020-04-07T03:00:00+10:00,-33.8725,151.213333,so2,ppm,0.0
7428,25544,Cook And Phillip-7428,2020-04-07T04:00:00+10:00,-33.8725,151.213333,so2,ppm,0.0
7428,25544,Cook And Phillip-7428,2020-04-07T05:00:00+10:00,-33.8725,151.213333,so2,ppm,0.0
7428,25544,Cook And Phillip-7428,2020-04-07T07:00:00+10:00,-33.8725,151.213333,so2,ppm,0.0
7428,25544,Cook And Phillip-7428,2020-04-07T08:00:00+10:00,-33.8725,151.213333,so2,ppm,0.001
7428,25544,Cook And Phillip-7428,2020-04-07T09:00:00+10:00,-33.8725,151.213333,so2,ppm,0.0
7428,25544,Cook And Phillip-7428,2020-04-07T10:00:00+10:00,-33.8725,151.213333,so2,ppm,0.0
7428,25544,Cook And Phillip-7428,2020-04-07T11:00:00+10:00,-33.8725,151.213333,so2,ppm,0.0
7428,25544,Cook And Phillip-7428,2020-04-07T12:00:00+10:00,-33.8725,151.213333,so2,ppm,0.0
7428,25544,Cook And Phillip-7428,2020-04-07T13:00:00+10:00,-33.8725,151.213333,so2,ppm,0.0
7428,25544,Cook And Phillip-7428,2020-04-07T14:00:00+10:00,-33.8725,151.213333,so2,ppm,0.0
7428,25544,Cook And Phillip-7428,2020-04-07T15:00:00+10:00,-33.8725,151.213333,so2,ppm,0.0
7428,25544,Cook And Phillip-7428,2020-04-07T16:00:00+10:00,-33.8725,151.213333,so2,ppm,0.0
7428,25544,Cook And Phillip-7428,2020-04-07T17:00:00+10:00,-33.8725,151.213333,so2,ppm,0.0
7428,25544,Cook And Phillip-7428,2020-04-07T18:00:00+10:00,-33.8725,151.213333,so2,ppm,0.0
7428,25544,Cook And Phillip-7428,2020-04-07T19:00:00+10:00,-33.8725,151.213333,so2,ppm,0.0
7428,25544,Cook And Phillip-7428,2020-04-07T21:00:00+10:00,-33.8725,151.213333,so2,ppm,0.0
7428,25544,Cook And Phillip-7428,2020-04-07T22:00:00+10:00,-33.8725,151.213333,so2,ppm,0.0
7428,25545,Cook And Phillip-7428,2020-04-07T01:00:00+10:00,-33.8725,151.213333,o3,ppm,0.013
7428,25545,Cook And Phillip-7428,2020-04-07T02:00:00+10:00,-33.8725,151.213333,o3,ppm,0.013
7428,25545,Cook And Phillip-7428,2020-04-07T03:00:00+10:00,-33.8725,151.213333,o3,ppm,0.015
7428,25545,Cook And Phillip-7428,2020-04-07T04:00:00+10:00,-33.8725,151.213333,o3,ppm,0.011
7428,25545,Cook And Phillip-7428,2020-04-07T05:00:00+10:00,-33.8725,151.213333,o3,ppm,0.008
7428,25545,Cook And Phillip-7428,2020-04-07T07:00:00+10:00,-33.8725,151.213333,o3,ppm,0.0
7428,25545,Cook And Phillip-7428,2020-04-07T08:00:00+10:00,-33.8725,151.213333,o3,ppm,0.0
7428,25545,Cook And Phillip-7428,2020-04-07T09:00:00+10:00,-33.8725,151.213333,o3,ppm,0.007
7428,25545,Cook And Phillip-7428,2020-04-07T10:00:00+10:00,-33.8725,151.213333,o3,ppm,0.014
7428,25545,Cook And Phillip-7428,2020-04-07T11:00:00+10:00,-33.8725,151.213333,o3,ppm,0.016
7428,25545,Cook And Phillip-7428,2020-04-07T12:00:00+10:00,-33.8725,151.213333,o3,ppm,0.019
7428,25545,Cook And Phillip-7428,2020-04-07T13:00:00+10:00,-33.8725,151.213333,o3,ppm,0.019
7428,25545,Cook And Phillip-7428,2020-04-07T14:00:00+10:00,-33.8725,151.213333,o3,ppm,0.019
7428,25545,Cook And Phillip-7428,2020-04-07T15:00:00+10:00,-33.8725,151.213333,o3,ppm,0.019
7428,25545,Cook And Phillip-7428,2020-04-07T16:00:00+10:00,-33.8725,151.213333,o3,ppm,0.018
7428,25545,Cook And Phillip-7428,2020-04-07T17:00:00+10:00,-33.8725,151.213333,o3,ppm,0.014
7428,25545,Cook And Phillip-7428,2020-04-07T18:00:00+10:00,-33.8725,151.213333,o3,ppm,0.007
7428,25545,Cook And Phillip-7428,2020-04-07T19:00:00+10:00,-33.8725,151.213333,o3,ppm,0.005
7428,25545,Cook And Phillip-7428,2020-04-07T21:00:00+10:00,-33.8725,151.213333,o3,ppm,0.009
7428,25545,Cook And Phillip-7428,2020-04-07T22:00:00+10:00,-33.8725,151.213333,o3,ppm,0.007
7428,21615,Cook And Phillip-7428,2020-04-08T02:00:00+10:00,-33.8725,151.213333,pm10,µg/m³,0.0
7428,21615,Cook And Phillip-7428,2020-04-08T03:00:00+10:00,-33.8725,151.213333,pm10,µg/m³,0.0
7428,21615,Cook And Phillip-7428,2020-04-08T06:00:00+10:00,-33.8725,151.213333,pm10,µg/m³,3.6
7428,21615,Cook And Phillip-7428,2020-04-08T07:00:00+10:00,-33.8725,151.213333,pm10,µg/m³,1.5
7428,21615,Cook And Phillip-7428,2020-04-08T08:00:00+10:00,-33.8725,151.213333,pm10,µg/m³,1.8
7428,21615,Cook And Phillip-7428,2020-04-08T09:00:00+10:00,-33.8725,151.213333,pm10,µg/m³,5.3
7428,21615,Cook And Phillip-7428,2020-04-08T10:00:00+10:00,-33.8725,151.213333,pm10,µg/m³,11.1
7428,21615,Cook And Phillip-7428,2020-04-08T11:00:00+10:00,-33.8725,151.213333,pm10,µg/m³,8.5
7428,21615,Cook And Phillip-7428,2020-04-08T12:00:00+10:00,-33.8725,151.213333,pm10,µg/m³,6.7
7428,21615,Cook And Phillip-7428,2020-04-08T13:00:00+10:00,-33.8725,151.213333,pm10,µg/m³,7.4
7428,21615,Cook And Phillip-7428,2020-04-08T14:00:00+10:00,-33.8725,151.213333,pm10,µg/m³,8.1
7428,21615,Cook And Phillip-7428,2020-04-08T15:00:00+10:00,-33.8725,151.213333,pm10,µg/m³,7.8
7428,21615,Cook And Phillip-7428,2020-04-08T16:00:00+10:00,-33.8725,151.213333,pm10,µg/m³,8.9
7428,21615,Cook And Phillip-7428,2020-04-08T18:00:00+10:00,-33.8725,151.213333,pm10,µg/m³,5.7
7428,21615,Cook And Phillip-7428,2020-04-08T19:00:00+10:00,-33.8725,151.213333,pm10,µg/m³,10.8
7428,21615,Cook And Phillip-7428,2020-04-08T20:00:00+10:00,-33.8725,151.213333,pm10,µg/m³,7.7
7428,21615,Cook And Phillip-7428,2020-04-08T22:00:00+10:00,-33.8725,151.213333,pm10,µg/m³,8.8
7428,21615,Cook And Phillip-7428,2020-04-08T23:00:00+10:00,-33.8725,151.213333,pm10,µg/m³,11.4
7428,21614,Cook And Phillip-7428,2020-04-08T02:00:00+10:00,-33.8725,151.213333,pm25,µg/m³,0.0
7428,21614,Cook And Phillip-7428,2020-04-08T03:00:00+10:00,-33.8725,151.213333,pm25,µg/m³,0.0
7428,21614,Cook And Phillip-7428,2020-04-08T06:00:00+10:00,-33.8725,151.213333,pm25,µg/m³,0.2
7428,21614,Cook And Phillip-7428,2020-04-08T07:00:00+10:00,-33.8725,151.213333,pm25,µg/m³,0.0
7428,21614,Cook And Phillip-7428,2020-04-08T08:00:00+10:00,-33.8725,151.213333,pm25,µg/m³,1.4
7428,21614,Cook And Phillip-7428,2020-04-08T09:00:00+10:00,-33.8725,151.213333,pm25,µg/m³,1.8
7428,21614,Cook And Phillip-7428,2020-04-08T10:00:00+10:00,-33.8725,151.213333,pm25,µg/m³,3.2
7428,21614,Cook And Phillip-7428,2020-04-08T11:00:00+10:00,-33.8725,151.213333,pm25,µg/m³,3.9
7428,21614,Cook And Phillip-7428,2020-04-08T12:00:00+10:00,-33.8725,151.213333,pm25,µg/m³,2.9
7428,21614,Cook And Phillip-7428,2020-04-08T13:00:00+10:00,-33.8725,151.213333,pm25,µg/m³,2.6
7428,21614,Cook And Phillip-7428,2020-04-08T14:00:00+10:00,-33.8725,151.213333,pm25,µg/m³,2.0
7428,21614,Cook And Phillip-7428,2020-04-08T15:00:00+10:00,-33.8725,151.213333,pm25,µg/m³,2.4
7428,21614,Cook And Phillip-7428,2020-04-08T16:00:00+10:00,-33.8725,151.213333,pm25,µg/m³,3.4
7428,21614,Cook And Phillip-7428,2020-04-08T18:00:00+10:00,-33.8725,151.213333,pm25,µg/m³,1.3
7428,21614,Cook And Phillip-7428,2020-04-08T19:00:00+10:00,-33.8725,151.213333,pm25,µg/m³,5.0
7428,21614,Cook And Phillip-7428,2020-04-08T20:00:00+10:00,-33.8725,151.213333,pm25,µg/m³,1.9
7428,21614,Cook And Phillip-7428,2020-04-08T22:00:00+10:00,-33.8725,151.213333,pm25,µg/m³,3.5
7428,21614,Cook And Phillip-7428,2020-04-08T23:00:00+10:00,-33.8725,151.213333,pm25,µg/m³,5.6
7428,25546,Cook And Phillip-7428,2020-04-08T03:00:00+10:00,-33.8725,151.213333,no2,ppm,0.004
7428,25546,Cook And Phillip-7428,2020-04-08T06:00:00+10:00,-33.8725,151.213333,no2,ppm,0.012
7428,25546,Cook And Phillip-7428,2020-04-08T07:00:00+10:00,-33.8725,151.213333,no2,ppm,0.009
7428,25546,Cook And Phillip-7428,2020-04-08T08:00:00+10:00,-33.8725,151.213333,no2,ppm,0.013
7428,25546,Cook And Phillip-7428,2020-04-08T09:00:00+10:00,-33.8725,151.213333,no2,ppm,0.014
7428,25546,Cook And Phillip-7428,2020-04-08T10:00:00+10:00,-33.8725,151.213333,no2,ppm,0.006
7428,25546,Cook And Phillip-7428,2020-04-08T11:00:00+10:00,-33.8725,151.213333,no2,ppm,0.006
7428,25546,Cook And Phillip-7428,2020-04-08T12:00:00+10:00,-33.8725,151.213333,no2,ppm,0.005
7428,25546,Cook And Phillip-7428,2020-04-08T13:00:00+10:00,-33.8725,151.213333,no2,ppm,0.01
7428,25546,Cook And Phillip-7428,2020-04-08T14:00:00+10:00,-33.8725,151.213333,no2,ppm,0.008
7428,25546,Cook And Phillip-7428,2020-04-08T15:00:00+10:00,-33.8725,151.213333,no2,ppm,0.006
7428,25546,Cook And Phillip-7428,2020-04-08T16:00:00+10:00,-33.8725,151.213333,no2,ppm,0.009
7428,25546,Cook And Phillip-7428,2020-04-08T18:00:00+10:00,-33.8725,151.213333,no2,ppm,0.013
7428,25546,Cook And Phillip-7428,2020-04-08T19:00:00+10:00,-33.8725,151.213333,no2,ppm,0.014
7428,25546,Cook And Phillip-7428,2020-04-08T20:00:00+10:00,-33.8725,151.213333,no2,ppm,0.013
7428,25546,Cook And Phillip-7428,2020-04-08T22:00:00+10:00,-33.8725,151.213333,no2,ppm,0.015
7428,25546,Cook And Phillip-7428,2020-04-08T23:00:00+10:00,-33.8725,151.213333,no2,ppm,0.012
7428,28686,Cook And Phillip-7428,2020-04-08T02:00:00+10:00,-33.8725,151.213333,co,ppm,0.0
7428,28686,Cook And Phillip-7428,2020-04-08T03:00:00+10:00,-33.8725,151.213333,co,ppm,0.0
7428,28686,Cook And Phillip-7428,2020-04-08T06:00:00+10:00,-33.8725,151.213333,co,ppm,0.0
7428,28686,Cook And Phillip-7428,2020-04-08T07:00:00+10:00,-33.8725,151.213333,co,ppm,0.0
7428,28686,Cook And Phillip-7428,2020-04-08T08:00:00+10:00,-33.8725,151.213333,co,ppm,0.0
7428,28686,Cook And Phillip-7428,2020-04-08T09:00:00+10:00,-33.8725,151.213333,co,ppm,0.1
7428,28686,Cook And Phillip-7428,2020-04-08T10:00:00+10:00,-33.8725,151.213333,co,ppm,0.1
7428,28686,Cook And Phillip-7428,2020-04-08T11:00:00+10:00,-33.8725,151.213333,co,ppm,0.1
7428,28686,Cook And Phillip-7428,2020-04-08T12:00:00+10:00,-33.8725,151.213333,co,ppm,0.1
7428,28686,Cook And Phillip-7428,2020-04-08T13:00:00+10:00,-33.8725,151.213333,co,ppm,0.1
7428,28686,Cook And Phillip-7428,2020-04-08T14:00:00+10:00,-33.8725,151.213333,co,ppm,0.1
7428,28686,Cook And Phillip-7428,2020-04-08T15:00:00+10:00,-33.8725,151.213333,co,ppm,0.1
7428,28686,Cook And Phillip-7428,2020-04-08T16:00:00+10:00,-33.8725,151.213333,co,ppm,0.1
7428,28686,Cook And Phillip-7428,2020-04-08T18:00:00+10:00,-33.8725,151.213333,co,ppm,0.1
7428,28686,Cook And Phillip-7428,2020-04-08T19:00:00+10:00,-33.8725,151.213333,co,ppm,0.1
7428,28686,Cook And Phillip-7428,2020-04-08T20:00:00+10:00,-33.8725,151.213333,co,ppm,0.1
7428,28686,Cook And Phillip-7428,2020-04-08T22:00:00+10:00,-33.8725,151.213333,co,ppm,0.1
7428,28686,Cook And Phillip-7428,2020-04-08T23:00:00+10:00,-33.8725,151.213333,co,ppm,0.1
7428,25544,Cook And Phillip-7428,2020-04-08T03:00:00+10:00,-33.8725,151.213333,so2,ppm,0.0
7428,25544,Cook And Phillip-7428,2020-04-08T06:00:00+10:00,-33.8725,151.213333,so2,ppm,0.0
7428,25544,Cook And Phillip-7428,2020-04-08T07:00:00+10:00,-33.8725,151.213333,so2,ppm,0.0
7428,25544,Cook And Phillip-7428,2020-04-08T08:00:00+10:00,-33.8725,151.213333,so2,ppm,0.0
7428,25544,Cook And Phillip-7428,2020-04-08T09:00:00+10:00,-33.8725,151.213333,so2,ppm,0.0
7428,25544,Cook And Phillip-7428,2020-04-08T10:00:00+10:00,-33.8725,151.213333,so2,ppm,0.0
7428,25544,Cook And Phillip-7428,2020-04-08T11:00:00+10:00,-33.8725,151.213333,so2,ppm,0.0
7428,25544,Cook And Phillip-7428,2020-04-08T12:00:00+10:00,-33.8725,151.213333,so2,ppm,0.0
7428,25544,Cook And Phillip-7428,2020-04-08T13:00:00+10:00,-33.8725,151.213333,so2,ppm,0.0
7428,25544,Cook And Phillip-7428,2020-04-08T14:00:00+10:00,-33.8725,151.213333,so2,ppm,0.0
7428,25544,Cook And Phillip-7428,2020-04-08T15:00:00+10:00,-33.8725,151.213333,so2,ppm,0.0
7428,25544,Cook And Phillip-7428,2020-04-08T16:00:00+10:00,-33.8725,151.213333,so2,ppm,0.0
7428,25544,Cook And Phillip-7428,2020-04-08T18:00:00+10:00,-33.8725,151.213333,so2,ppm,0.0
7428,25544,Cook And Phillip-7428,2020-04-08T19:00:00+10:00,-33.8725,151.213333,so2,ppm,0.0
7428,25544,Cook And Phillip-7428,2020-04-08T20:00:00+10:00,-33.8725,151.213333,so2,ppm,0.0
7428,25544,Cook And Phillip-7428,2020-04-08T22:00:00+10:00,-33.8725,151.213333,so2,ppm,0.0
7428,25544,Cook And Phillip-7428,2020-04-08T23:00:00+10:00,-33.8725,151.213333,so2,ppm,0.0
7428,25545,Cook And Phillip-7428,2020-04-08T02:00:00+10:00,-33.8725,151.213333,o3,ppm,0.013
7428,25545,Cook And Phillip-7428,2020-04-08T03:00:00+10:00,-33.8725,151.213333,o3,ppm,0.016
7428,25545,Cook And Phillip-7428,2020-04-08T06:00:00+10:00,-33.8725,151.213333,o3,ppm,0.011
7428,25545,Cook And Phillip-7428,2020-04-08T07:00:00+10:00,-33.8725,151.213333,o3,ppm,0.016
7428,25545,Cook And Phillip-7428,2020-04-08T08:00:00+10:00,-33.8725,151.213333,o3,ppm,0.013
7428,25545,Cook And Phillip-7428,2020-04-08T09:00:00+10:00,-33.8725,151.213333,o3,ppm,0.014
7428,25545,Cook And Phillip-7428,2020-04-08T10:00:00+10:00,-33.8725,151.213333,o3,ppm,0.021
7428,25545,Cook And Phillip-7428,2020-04-08T11:00:00+10:00,-33.8725,151.213333,o3,ppm,0.021
7428,25545,Cook And Phillip-7428,2020-04-08T12:00:00+10:00,-33.8725,151.213333,o3,ppm,0.021
7428,25545,Cook And Phillip-7428,2020-04-08T13:00:00+10:00,-33.8725,151.213333,o3,ppm,0.017
7428,25545,Cook And Phillip-7428,2020-04-08T14:00:00+10:00,-33.8725,151.213333,o3,ppm,0.019
7428,25545,Cook And Phillip-7428,2020-04-08T15:00:00+10:00,-33.8725,151.213333,o3,ppm,0.021
7428,25545,Cook And Phillip-7428,2020-04-08T16:00:00+10:00,-33.8725,151.213333,o3,ppm,0.019
7428,25545,Cook And Phillip-7428,2020-04-08T18:00:00+10:00,-33.8725,151.213333,o3,ppm,0.013
7428,25545,Cook And Phillip-7428,2020-04-08T19:00:00+10:00,-33.8725,151.213333,o3,ppm,0.011
7428,25545,Cook And Phillip-7428,2020-04-08T20:00:00+10:00,-33.8725,151.213333,o3,ppm,0.01
7428,25545,Cook And Phillip-7428,2020-04-08T22:00:00+10:00,-33.8725,151.213333,o3,ppm,0.01
7428,25545,Cook And Phillip-7428,2020-04-08T23:00:00+10:00,-33.8725,151.213333,o3,ppm,0.013
7428,21615,Cook And Phillip-7428,2020-04-09T03:00:00+10:00,-33.8725,151.213333,pm10,µg/m³,3.9
7428,21615,Cook And Phillip-7428,2020-04-09T06:00:00+10:00,-33.8725,151.213333,pm10,µg/m³,2.3
7428,21615,Cook And Phillip-7428,2020-04-09T07:00:00+10:00,-33.8725,151.213333,pm10,µg/m³,7.5
7428,21615,Cook And Phillip-7428,2020-04-09T08:00:00+10:00,-33.8725,151.213333,pm10,µg/m³,6.6
7428,21615,Cook And Phillip-7428,2020-04-09T09:00:00+10:00,-33.8725,151.213333,pm10,µg/m³,12.1
7428,21615,Cook And Phillip-7428,2020-04-09T10:00:00+10:00,-33.8725,151.213333,pm10,µg/m³,16.6
7428,21615,Cook And Phillip-7428,2020-04-09T11:00:00+10:00,-33.8725,151.213333,pm10,µg/m³,12.0
7428,21615,Cook And Phillip-7428,2020-04-09T12:00:00+10:00,-33.8725,151.213333,pm10,µg/m³,14.1
7428,21615,Cook And Phillip-7428,2020-04-09T13:00:00+10:00,-33.8725,151.213333,pm10,µg/m³,14.4
7428,21615,Cook And Phillip-7428,2020-04-09T14:00:00+10:00,-33.8725,151.213333,pm10,µg/m³,9.6
7428,21615,Cook And Phillip-7428,2020-04-09T15:00:00+10:00,-33.8725,151.213333,pm10,µg/m³,9.3
7428,21615,Cook And Phillip-7428,2020-04-09T16:00:00+10:00,-33.8725,151.213333,pm10,µg/m³,9.0
7428,21615,Cook And Phillip-7428,2020-04-09T18:00:00+10:00,-33.8725,151.213333,pm10,µg/m³,8.2
7428,21615,Cook And Phillip-7428,2020-04-09T19:00:00+10:00,-33.8725,151.213333,pm10,µg/m³,7.9
7428,21615,Cook And Phillip-7428,2020-04-09T20:00:00+10:00,-33.8725,151.213333,pm10,µg/m³,5.8
7428,21615,Cook And Phillip-7428,2020-04-09T21:00:00+10:00,-33.8725,151.213333,pm10,µg/m³,9.6
7428,21615,Cook And Phillip-7428,2020-04-09T22:00:00+10:00,-33.8725,151.213333,pm10,µg/m³,5.5
7428,21615,Cook And Phillip-7428,2020-04-09T23:00:00+10:00,-33.8725,151.213333,pm10,µg/m³,6.2
7428,21614,Cook And Phillip-7428,2020-04-09T03:00:00+10:00,-33.8725,151.213333,pm25,µg/m³,0.0
7428,21614,Cook And Phillip-7428,2020-04-09T06:00:00+10:00,-33.8725,151.213333,pm25,µg/m³,0.0
7428,21614,Cook And Phillip-7428,2020-04-09T07:00:00+10:00,-33.8725,151.213333,pm25,µg/m³,1.8
7428,21614,Cook And Phillip-7428,2020-04-09T08:00:00+10:00,-33.8725,151.213333,pm25,µg/m³,1.3
7428,21614,Cook And Phillip-7428,2020-04-09T09:00:00+10:00,-33.8725,151.213333,pm25,µg/m³,4.1
7428,21614,Cook And Phillip-7428,2020-04-09T10:00:00+10:00,-33.8725,151.213333,pm25,µg/m³,6.5
7428,21614,Cook And Phillip-7428,2020-04-09T11:00:00+10:00,-33.8725,151.213333,pm25,µg/m³,3.6
7428,21614,Cook And Phillip-7428,2020-04-09T12:00:00+10:00,-33.8725,151.213333,pm25,µg/m³,5.2
7428,21614,Cook And Phillip-7428,2020-04-09T13:00:00+10:00,-33.8725,151.213333,pm25,µg/m³,5.0
7428,21614,Cook And Phillip-7428,2020-04-09T14:00:00+10:00,-33.8725,151.213333,pm25,µg/m³,2.5
7428,21614,Cook And Phillip-7428,2020-04-09T15:00:00+10:00,-33.8725,151.213333,pm25,µg/m³,2.6
7428,21614,Cook And Phillip-7428,2020-04-09T16:00:00+10:00,-33.8725,151.213333,pm25,µg/m³,3.1
7428,21614,Cook And Phillip-7428,2020-04-09T18:00:00+10:00,-33.8725,151.213333,pm25,µg/m³,3.4
7428,21614,Cook And Phillip-7428,2020-04-09T19:00:00+10:00,-33.8725,151.213333,pm25,µg/m³,3.4
7428,21614,Cook And Phillip-7428,2020-04-09T20:00:00+10:00,-33.8725,151.213333,pm25,µg/m³,2.5
7428,21614,Cook And Phillip-7428,2020-04-09T21:00:00+10:00,-33.8725,151.213333,pm25,µg/m³,5.6
7428,21614,Cook And Phillip-7428,2020-04-09T22:00:00+10:00,-33.8725,151.213333,pm25,µg/m³,0.3
7428,21614,Cook And Phillip-7428,2020-04-09T23:00:00+10:00,-33.8725,151.213333,pm25,µg/m³,0.0
7428,25546,Cook And Phillip-7428,2020-04-09T03:00:00+10:00,-33.8725,151.213333,no2,ppm,0.006
7428,25546,Cook And Phillip-7428,2020-04-09T06:00:00+10:00,-33.8725,151.213333,no2,ppm,0.011
7428,25546,Cook And Phillip-7428,2020-04-09T07:00:00+10:00,-33.8725,151.213333,no2,ppm,0.018
7428,25546,Cook And Phillip-7428,2020-04-09T08:00:00+10:00,-33.8725,151.213333,no2,ppm,0.02
7428,25546,Cook And Phillip-7428,2020-04-09T09:00:00+10:00,-33.8725,151.213333,no2,ppm,0.02
7428,25546,Cook And Phillip-7428,2020-04-09T10:00:00+10:00,-33.8725,151.213333,no2,ppm,0.015
7428,25546,Cook And Phillip-7428,2020-04-09T11:00:00+10:00,-33.8725,151.213333,no2,ppm,0.009
7428,25546,Cook And Phillip-7428,2020-04-09T12:00:00+10:00,-33.8725,151.213333,no2,ppm,0.008
7428,25546,Cook And Phillip-7428,2020-04-09T13:00:00+10:00,-33.8725,151.213333,no2,ppm,0.008
7428,25546,Cook And Phillip-7428,2020-04-09T14:00:00+10:00,-33.8725,151.213333,no2,ppm,0.009
7428,25546,Cook And Phillip-7428,2020-04-09T15:00:00+10:00,-33.8725,151.213333,no2,ppm,0.01
7428,25546,Cook And Phillip-7428,2020-04-09T16:00:00+10:00,-33.8725,151.213333,no2,ppm,0.011
7428,25546,Cook And Phillip-7428,2020-04-09T18:00:00+10:00,-33.8725,151.213333,no2,ppm,0.016
7428,25546,Cook And Phillip-7428,2020-04-09T19:00:00+10:00,-33.8725,151.213333,no2,ppm,0.019
7428,25546,Cook And Phillip-7428,2020-04-09T20:00:00+10:00,-33.8725,151.213333,no2,ppm,0.017
7428,25546,Cook And Phillip-7428,2020-04-09T21:00:00+10:00,-33.8725,151.213333,no2,ppm,0.016
7428,25546,Cook And Phillip-7428,2020-04-09T22:00:00+10:00,-33.8725,151.213333,no2,ppm,0.021
7428,25546,Cook And Phillip-7428,2020-04-09T23:00:00+10:00,-33.8725,151.213333,no2,ppm,0.017
7428,28686,Cook And Phillip-7428,2020-04-09T03:00:00+10:00,-33.8725,151.213333,co,ppm,0.0
7428,28686,Cook And Phillip-7428,2020-04-09T06:00:00+10:00,-33.8725,151.213333,co,ppm,0.0
7428,28686,Cook And Phillip-7428,2020-04-09T07:00:00+10:00,-33.8725,151.213333,co,ppm,0.0
7428,28686,Cook And Phillip-7428,2020-04-09T08:00:00+10:00,-33.8725,151.213333,co,ppm,0.1
7428,28686,Cook And Phillip-7428,2020-04-09T09:00:00+10:00,-33.8725,151.213333,co,ppm,0.1
7428,28686,Cook And Phillip-7428,2020-04-09T10:00:00+10:00,-33.8725,151.213333,co,ppm,0.1
7428,28686,Cook And Phillip-7428,2020-04-09T11:00:00+10:00,-33.8725,151.213333,co,ppm,0.1
7428,28686,Cook And Phillip-7428,2020-04-09T12:00:00+10:00,-33.8725,151.213333,co,ppm,0.1
7428,28686,Cook And Phillip-7428,2020-04-09T13:00:00+10:00,-33.8725,151.213333,co,ppm,0.1
7428,28686,Cook And Phillip-7428,2020-04-09T14:00:00+10:00,-33.8725,151.213333,co,ppm,0.1
7428,28686,Cook And Phillip-7428,2020-04-09T15:00:00+10:00,-33.8725,151.213333,co,ppm,0.1
7428,28686,Cook And Phillip-7428,2020-04-09T16:00:00+10:00,-33.8725,151.213333,co,ppm,0.1
7428,28686,Cook And Phillip-7428,2020-04-09T18:00:00+10:00,-33.8725,151.213333,co,ppm,0.1
7428,28686,Cook And Phillip-7428,2020-04-09T19:00:00+10:00,-33.8725,151.213333,co,ppm,0.1
7428,28686,Cook And Phillip-7428,2020-04-09T20:00:00+10:00,-33.8725,151.213333,co,ppm,0.1
7428,28686,Cook And Phillip-7428,2020-04-09T21:00:00+10:00,-33.8725,151.213333,co,ppm,0.1
7428,28686,Cook And Phillip-7428,2020-04-09T22:00:00+10:00,-33.8725,151.213333,co,ppm,0.1
7428,28686,Cook And Phillip-7428,2020-04-09T23:00:00+10:00,-33.8725,151.213333,co,ppm,0.1
7428,25544,Cook And Phillip-7428,2020-04-09T03:00:00+10:00,-33.8725,151.213333,so2,ppm,0.0
7428,25544,Cook And Phillip-7428,2020-04-09T06:00:00+10:00,-33.8725,151.213333,so2,ppm,0.0
7428,25544,Cook And Phillip-7428,2020-04-09T07:00:00+10:00,-33.8725,151.213333,so2,ppm,0.0
7428,25544,Cook And Phillip-7428,2020-04-09T08:00:00+10:00,-33.8725,151.213333,so2,ppm,0.001
7428,25544,Cook And Phillip-7428,2020-04-09T09:00:00+10:00,-33.8725,151.213333,so2,ppm,0.001
7428,25544,Cook And Phillip-7428,2020-04-09T10:00:00+10:00,-33.8725,151.213333,so2,ppm,0.001
7428,25544,Cook And Phillip-7428,2020-04-09T11:00:00+10:00,-33.8725,151.213333,so2,ppm,0.0
7428,25544,Cook And Phillip-7428,2020-04-09T12:00:00+10:00,-33.8725,151.213333,so2,ppm,0.0
7428,25544,Cook And Phillip-7428,2020-04-09T13:00:00+10:00,-33.8725,151.213333,so2,ppm,0.001
7428,25544,Cook And Phillip-7428,2020-04-09T14:00:00+10:00,-33.8725,151.213333,so2,ppm,0.0
7428,25544,Cook And Phillip-7428,2020-04-09T15:00:00+10:00,-33.8725,151.213333,so2,ppm,0.0
7428,25544,Cook And Phillip-7428,2020-04-09T16:00:00+10:00,-33.8725,151.213333,so2,ppm,0.001
7428,25544,Cook And Phillip-7428,2020-04-09T18:00:00+10:00,-33.8725,151.213333,so2,ppm,0.0
7428,25544,Cook And Phillip-7428,2020-04-09T19:00:00+10:00,-33.8725,151.213333,so2,ppm,0.0
7428,25544,Cook And Phillip-7428,2020-04-09T20:00:00+10:00,-33.8725,151.213333,so2,ppm,0.0
7428,25544,Cook And Phillip-7428,2020-04-09T21:00:00+10:00,-33.8725,151.213333,so2,ppm,0.0
7428,25544,Cook And Phillip-7428,2020-04-09T22:00:00+10:00,-33.8725,151.213333,so2,ppm,0.0
7428,25544,Cook And Phillip-7428,2020-04-09T23:00:00+10:00,-33.8725,151.213333,so2,ppm,0.0
7428,25545,Cook And Phillip-7428,2020-04-09T03:00:00+10:00,-33.8725,151.213333,o3,ppm,0.016
7428,25545,Cook And Phillip-7428,2020-04-09T06:00:00+10:00,-33.8725,151.213333,o3,ppm,0.009
7428,25545,Cook And Phillip-7428,2020-04-09T07:00:00+10:00,-33.8725,151.213333,o3,ppm,0.0
7428,25545,Cook And Phillip-7428,2020-04-09T08:00:00+10:00,-33.8725,151.213333,o3,ppm,0.0
7428,25545,Cook And Phillip-7428,2020-04-09T09:00:00+10:00,-33.8725,151.213333,o3,ppm,0.001
7428,25545,Cook And Phillip-7428,2020-04-09T10:00:00+10:00,-33.8725,151.213333,o3,ppm,0.007
7428,25545,Cook And Phillip-7428,2020-04-09T11:00:00+10:00,-33.8725,151.213333,o3,ppm,0.014
7428,25545,Cook And Phillip-7428,2020-04-09T12:00:00+10:00,-33.8725,151.213333,o3,ppm,0.017
7428,25545,Cook And Phillip-7428,2020-04-09T13:00:00+10:00,-33.8725,151.213333,o3,ppm,0.017
7428,25545,Cook And Phillip-7428,2020-04-09T14:00:00+10:00,-33.8725,151.213333,o3,ppm,0.016
7428,25545,Cook And Phillip-7428,2020-04-09T15:00:00+10:00,-33.8725,151.213333,o3,ppm,0.015
7428,25545,Cook And Phillip-7428,2020-04-09T16:00:00+10:00,-33.8725,151.213333,o3,ppm,0.012
7428,25545,Cook And Phillip-7428,2020-04-09T18:00:00+10:00,-33.8725,151.213333,o3,ppm,0.007
7428,25545,Cook And Phillip-7428,2020-04-09T19:00:00+10:00,-33.8725,151.213333,o3,ppm,0.003
7428,25545,Cook And Phillip-7428,2020-04-09T20:00:00+10:00,-33.8725,151.213333,o3,ppm,0.005
7428,25545,Cook And Phillip-7428,2020-04-09T21:00:00+10:00,-33.8725,151.213333,o3,ppm,0.003
7428,25545,Cook And Phillip-7428,2020-04-09T22:00:00+10:00,-33.8725,151.213333,o3,ppm,0.0
7428,25545,Cook And Phillip-7428,2020-04-09T23:00:00+10:00,-33.8725,151.213333,o3,ppm,0.0
7428,21615,Cook And Phillip-7428,2020-04-10T01:00:00+10:00,-33.8725,151.213333,pm10,µg/m³,7.9
7428,21615,Cook And Phillip-7428,2020-04-10T04:00:00+10:00,-33.8725,151.213333,pm10,µg/m³,6.0
7428,21615,Cook And Phillip-7428,2020-04-10T05:00:00+10:00,-33.8725,151.213333,pm10,µg/m³,6.6
7428,21615,Cook And Phillip-7428,2020-04-10T07:00:00+10:00,-33.8725,151.213333,pm10,µg/m³,3.0
7428,21615,Cook And Phillip-7428,2020-04-10T08:00:00+10:00,-33.8725,151.213333,pm10,µg/m³,3.3
7428,21615,Cook And Phillip-7428,2020-04-10T09:00:00+10:00,-33.8725,151.213333,pm10,µg/m³,2.7
7428,21615,Cook And Phillip-7428,2020-04-10T10:00:00+10:00,-33.8725,151.213333,pm10,µg/m³,3.8
7428,21615,Cook And Phillip-7428,2020-04-10T11:00:00+10:00,-33.8725,151.213333,pm10,µg/m³,2.1
7428,21615,Cook And Phillip-7428,2020-04-10T12:00:00+10:00,-33.8725,151.213333,pm10,µg/m³,2.5
7428,21615,Cook And Phillip-7428,2020-04-10T13:00:00+10:00,-33.8725,151.213333,pm10,µg/m³,6.5
7428,21615,Cook And Phillip-7428,2020-04-10T14:00:00+10:00,-33.8725,151.213333,pm10,µg/m³,6.0
7428,21615,Cook And Phillip-7428,2020-04-10T15:00:00+10:00,-33.8725,151.213333,pm10,µg/m³,6.3
7428,21615,Cook And Phillip-7428,2020-04-10T16:00:00+10:00,-33.8725,151.213333,pm10,µg/m³,4.4
7428,21615,Cook And Phillip-7428,2020-04-10T17:00:00+10:00,-33.8725,151.213333,pm10,µg/m³,4.4
7428,21615,Cook And Phillip-7428,2020-04-10T18:00:00+10:00,-33.8725,151.213333,pm10,µg/m³,5.0
7428,21615,Cook And Phillip-7428,2020-04-10T19:00:00+10:00,-33.8725,151.213333,pm10,µg/m³,7.2
7428,21615,Cook And Phillip-7428,2020-04-10T20:00:00+10:00,-33.8725,151.213333,pm10,µg/m³,1.6
7428,21615,Cook And Phillip-7428,2020-04-10T21:00:00+10:00,-33.8725,151.213333,pm10,µg/m³,4.2
7428,21615,Cook And Phillip-7428,2020-04-10T22:00:00+10:00,-33.8725,151.213333,pm10,µg/m³,4.1
7428,21615,Cook And Phillip-7428,2020-04-10T23:00:00+10:00,-33.8725,151.213333,pm10,µg/m³,0.0
7428,21614,Cook And Phillip-7428,2020-04-10T01:00:00+10:00,-33.8725,151.213333,pm25,µg/m³,2.5
7428,21614,Cook And Phillip-7428,2020-04-10T04:00:00+10:00,-33.8725,151.213333,pm25,µg/m³,0.2
7428,21614,Cook And Phillip-7428,2020-04-10T05:00:00+10:00,-33.8725,151.213333,pm25,µg/m³,0.3
7428,21614,Cook And Phillip-7428,2020-04-10T07:00:00+10:00,-33.8725,151.213333,pm25,µg/m³,1.0
7428,21614,Cook And Phillip-7428,2020-04-10T08:00:00+10:00,-33.8725,151.213333,pm25,µg/m³,1.3
7428,21614,Cook And Phillip-7428,2020-04-10T09:00:00+10:00,-33.8725,151.213333,pm25,µg/m³,0.4
7428,21614,Cook And Phillip-7428,2020-04-10T10:00:00+10:00,-33.8725,151.213333,pm25,µg/m³,0.0
7428,21614,Cook And Phillip-7428,2020-04-10T11:00:00+10:00,-33.8725,151.213333,pm25,µg/m³,0.0
7428,21614,Cook And Phillip-7428,2020-04-10T12:00:00+10:00,-33.8725,151.213333,pm25,µg/m³,0.0
7428,21614,Cook And Phillip-7428,2020-04-10T13:00:00+10:00,-33.8725,151.213333,pm25,µg/m³,3.5
7428,21614,Cook And Phillip-7428,2020-04-10T14:00:00+10:00,-33.8725,151.213333,pm25,µg/m³,3.2
7428,21614,Cook And Phillip-7428,2020-04-10T15:00:00+10:00,-33.8725,151.213333,pm25,µg/m³,3.7
7428,21614,Cook And Phillip-7428,2020-04-10T16:00:00+10:00,-33.8725,151.213333,pm25,µg/m³,2.1
7428,21614,Cook And Phillip-7428,2020-04-10T17:00:00+10:00,-33.8725,151.213333,pm25,µg/m³,2.8
7428,21614,Cook And Phillip-7428,2020-04-10T18:00:00+10:00,-33.8725,151.213333,pm25,µg/m³,2.6
7428,21614,Cook And Phillip-7428,2020-04-10T19:00:00+10:00,-33.8725,151.213333,pm25,µg/m³,4.4
7428,21614,Cook And Phillip-7428,2020-04-10T20:00:00+10:00,-33.8725,151.213333,pm25,µg/m³,0.0
7428,21614,Cook And Phillip-7428,2020-04-10T21:00:00+10:00,-33.8725,151.213333,pm25,µg/m³,2.0
7428,21614,Cook And Phillip-7428,2020-04-10T22:00:00+10:00,-33.8725,151.213333,pm25,µg/m³,0.4
7428,21614,Cook And Phillip-7428,2020-04-10T23:00:00+10:00,-33.8725,151.213333,pm25,µg/m³,0.0
7428,25546,Cook And Phillip-7428,2020-04-10T01:00:00+10:00,-33.8725,151.213333,no2,ppm,0.009
7428,25546,Cook And Phillip-7428,2020-04-10T04:00:00+10:00,-33.8725,151.213333,no2,ppm,0.002
7428,25546,Cook And Phillip-7428,2020-04-10T05:00:00+10:00,-33.8725,151.213333,no2,ppm,0.002
7428,25546,Cook And Phillip-7428,2020-04-10T07:00:00+10:00,-33.8725,151.213333,no2,ppm,0.007
7428,25546,Cook And Phillip-7428,2020-04-10T08:00:00+10:00,-33.8725,151.213333,no2,ppm,0.007
7428,25546,Cook And Phillip-7428,2020-04-10T09:00:00+10:00,-33.8725,151.213333,no2,ppm,0.009
7428,25546,Cook And Phillip-7428,2020-04-10T10:00:00+10:00,-33.8725,151.213333,no2,ppm,0.008
7428,25546,Cook And Phillip-7428,2020-04-10T11:00:00+10:00,-33.8725,151.213333,no2,ppm,0.005
7428,25546,Cook And Phillip-7428,2020-04-10T12:00:00+10:00,-33.8725,151.213333,no2,ppm,0.004
7428,25546,Cook And Phillip-7428,2020-04-10T13:00:00+10:00,-33.8725,151.213333,no2,ppm,0.003
7428,25546,Cook And Phillip-7428,2020-04-10T14:00:00+10:00,-33.8725,151.213333,no2,ppm,0.003
7428,25546,Cook And Phillip-7428,2020-04-10T15:00:00+10:00,-33.8725,151.213333,no2,ppm,0.003
7428,25546,Cook And Phillip-7428,2020-04-10T16:00:00+10:00,-33.8725,151.213333,no2,ppm,0.002
7428,25546,Cook And Phillip-7428,2020-04-10T17:00:00+10:00,-33.8725,151.213333,no2,ppm,0.003
7428,25546,Cook And Phillip-7428,2020-04-10T18:00:00+10:00,-33.8725,151.213333,no2,ppm,0.008
7428,25546,Cook And Phillip-7428,2020-04-10T19:00:00+10:00,-33.8725,151.213333,no2,ppm,0.007
7428,25546,Cook And Phillip-7428,2020-04-10T20:00:00+10:00,-33.8725,151.213333,no2,ppm,0.008
7428,25546,Cook And Phillip-7428,2020-04-10T21:00:00+10:00,-33.8725,151.213333,no2,ppm,0.009
7428,25546,Cook And Phillip-7428,2020-04-10T22:00:00+10:00,-33.8725,151.213333,no2,ppm,0.009
7428,25546,Cook And Phillip-7428,2020-04-10T23:00:00+10:00,-33.8725,151.213333,no2,ppm,0.012
7428,28686,Cook And Phillip-7428,2020-04-10T01:00:00+10:00,-33.8725,151.213333,co,ppm,0.1
7428,28686,Cook And Phillip-7428,2020-04-10T04:00:00+10:00,-33.8725,151.213333,co,ppm,0.1
7428,28686,Cook And Phillip-7428,2020-04-10T05:00:00+10:00,-33.8725,151.213333,co,ppm,0.1
7428,28686,Cook And Phillip-7428,2020-04-10T07:00:00+10:00,-33.8725,151.213333,co,ppm,0.1
7428,28686,Cook And Phillip-7428,2020-04-10T08:00:00+10:00,-33.8725,151.213333,co,ppm,0.1
7428,28686,Cook And Phillip-7428,2020-04-10T09:00:00+10:00,-33.8725,151.213333,co,ppm,0.1
7428,28686,Cook And Phillip-7428,2020-04-10T10:00:00+10:00,-33.8725,151.213333,co,ppm,0.1
7428,28686,Cook And Phillip-7428,2020-04-10T11:00:00+10:00,-33.8725,151.213333,co,ppm,0.1
7428,28686,Cook And Phillip-7428,2020-04-10T12:00:00+10:00,-33.8725,151.213333,co,ppm,0.1
7428,28686,Cook And Phillip-7428,2020-04-10T13:00:00+10:00,-33.8725,151.213333,co,ppm,0.1
7428,28686,Cook And Phillip-7428,2020-04-10T14:00:00+10:00,-33.8725,151.213333,co,ppm,0.1
7428,28686,Cook And Phillip-7428,2020-04-10T15:00:00+10:00,-33.8725,151.213333,co,ppm,0.1
7428,28686,Cook And Phillip-7428,2020-04-10T16:00:00+10:00,-33.8725,151.213333,co,ppm,0.1
7428,28686,Cook And Phillip-7428,2020-04-10T17:00:00+10:00,-33.8725,151.213333,co,ppm,0.1
7428,28686,Cook And Phillip-7428,2020-04-10T18:00:00+10:00,-33.8725,151.213333,co,ppm,0.1
7428,28686,Cook And Phillip-7428,2020-04-10T19:00:00+10:00,-33.8725,151.213333,co,ppm,0.1
7428,28686,Cook And Phillip-7428,2020-04-10T20:00:00+10:00,-33.8725,151.213333,co,ppm,0.1
7428,28686,Cook And Phillip-7428,2020-04-10T21:00:00+10:00,-33.8725,151.213333,co,ppm,0.1
7428,28686,Cook And Phillip-7428,2020-04-10T22:00:00+10:00,-33.8725,151.213333,co,ppm,0.1
7428,28686,Cook And Phillip-7428,2020-04-10T23:00:00+10:00,-33.8725,151.213333,co,ppm,0.1
7428,25544,Cook And Phillip-7428,2020-04-10T01:00:00+10:00,-33.8725,151.213333,so2,ppm,0.0
7428,25544,Cook And Phillip-7428,2020-04-10T04:00:00+10:00,-33.8725,151.213333,so2,ppm,0.0
7428,25544,Cook And Phillip-7428,2020-04-10T05:00:00+10:00,-33.8725,151.213333,so2,ppm,0.0
7428,25544,Cook And Phillip-7428,2020-04-10T07:00:00+10:00,-33.8725,151.213333,so2,ppm,0.001
7428,25544,Cook And Phillip-7428,2020-04-10T08:00:00+10:00,-33.8725,151.213333,so2,ppm,0.001
7428,25544,Cook And Phillip-7428,2020-04-10T09:00:00+10:00,-33.8725,151.213333,so2,ppm,0.002
7428,25544,Cook And Phillip-7428,2020-04-10T10:00:00+10:00,-33.8725,151.213333,so2,ppm,0.002
7428,25544,Cook And Phillip-7428,2020-04-10T11:00:00+10:00,-33.8725,151.213333,so2,ppm,0.001
7428,25544,Cook And Phillip-7428,2020-04-10T12:00:00+10:00,-33.8725,151.213333,so2,ppm,0.003
7428,25544,Cook And Phillip-7428,2020-04-10T13:00:00+10:00,-33.8725,151.213333,so2,ppm,0.001
7428,25544,Cook And Phillip-7428,2020-04-10T14:00:00+10:00,-33.8725,151.213333,so2,ppm,0.001
7428,25544,Cook And Phillip-7428,2020-04-10T15:00:00+10:00,-33.8725,151.213333,so2,ppm,0.002
7428,25544,Cook And Phillip-7428,2020-04-10T16:00:00+10:00,-33.8725,151.213333,so2,ppm,0.001
7428,25544,Cook And Phillip-7428,2020-04-10T17:00:00+10:00,-33.8725,151.213333,so2,ppm,0.001
7428,25544,Cook And Phillip-7428,2020-04-10T18:00:00+10:00,-33.8725,151.213333,so2,ppm,0.0
7428,25544,Cook And Phillip-7428,2020-04-10T19:00:00+10:00,-33.8725,151.213333,so2,ppm,0.0
7428,25544,Cook And Phillip-7428,2020-04-10T20:00:00+10:00,-33.8725,151.213333,so2,ppm,0.0
7428,25544,Cook And Phillip-7428,2020-04-10T21:00:00+10:00,-33.8725,151.213333,so2,ppm,0.0
7428,25544,Cook And Phillip-7428,2020-04-10T22:00:00+10:00,-33.8725,151.213333,so2,ppm,0.0
7428,25544,Cook And Phillip-7428,2020-04-10T23:00:00+10:00,-33.8725,151.213333,so2,ppm,0.0
7428,25545,Cook And Phillip-7428,2020-04-10T01:00:00+10:00,-33.8725,151.213333,o3,ppm,0.006
7428,25545,Cook And Phillip-7428,2020-04-10T04:00:00+10:00,-33.8725,151.213333,o3,ppm,0.014
7428,25545,Cook And Phillip-7428,2020-04-10T05:00:00+10:00,-33.8725,151.213333,o3,ppm,0.014
7428,25545,Cook And Phillip-7428,2020-04-10T07:00:00+10:00,-33.8725,151.213333,o3,ppm,0.007
7428,25545,Cook And Phillip-7428,2020-04-10T08:00:00+10:00,-33.8725,151.213333,o3,ppm,0.007
7428,25545,Cook And Phillip-7428,2020-04-10T09:00:00+10:00,-33.8725,151.213333,o3,ppm,0.007
7428,25545,Cook And Phillip-7428,2020-04-10T10:00:00+10:00,-33.8725,151.213333,o3,ppm,0.007
7428,25545,Cook And Phillip-7428,2020-04-10T11:00:00+10:00,-33.8725,151.213333,o3,ppm,0.01
7428,25545,Cook And Phillip-7428,2020-04-10T12:00:00+10:00,-33.8725,151.213333,o3,ppm,0.011
7428,25545,Cook And Phillip-7428,2020-04-10T13:00:00+10:00,-33.8725,151.213333,o3,ppm,0.012
7428,25545,Cook And Phillip-7428,2020-04-10T14:00:00+10:00,-33.8725,151.213333,o3,ppm,0.013
7428,25545,Cook And Phillip-7428,2020-04-10T15:00:00+10:00,-33.8725,151.213333,o3,ppm,0.013
7428,25545,Cook And Phillip-7428,2020-04-10T16:00:00+10:00,-33.8725,151.213333,o3,ppm,0.018
7428,25545,Cook And Phillip-7428,2020-04-10T17:00:00+10:00,-33.8725,151.213333,o3,ppm,0.015
7428,25545,Cook And Phillip-7428,2020-04-10T18:00:00+10:00,-33.8725,151.213333,o3,ppm,0.013
7428,25545,Cook And Phillip-7428,2020-04-10T19:00:00+10:00,-33.8725,151.213333,o3,ppm,0.018
7428,25545,Cook And Phillip-7428,2020-04-10T20:00:00+10:00,-33.8725,151.213333,o3,ppm,0.015
7428,25545,Cook And Phillip-7428,2020-04-10T21:00:00+10:00,-33.8725,151.213333,o3,ppm,0.012
7428,25545,Cook And Phillip-7428,2020-04-10T22:00:00+10:00,-33.8725,151.213333,o3,ppm,0.01
7428,25545,Cook And Phillip-7428,2020-04-10T23:00:00+10:00,-33.8725,151.213333,o3,ppm,0.006
7428,21615,Cook And Phillip-7428,2020-04-11T01:00:00+10:00,-33.8725,151.213333,pm10,µg/m³,2.3
7428,21615,Cook And Phillip-7428,2020-04-11T03:00:00+10:00,-33.8725,151.213333,pm10,µg/m³,5.7
7428,21615,Cook And Phillip-7428,2020-04-11T04:00:00+10:00,-33.8725,151.213333,pm10,µg/m³,3.5
7428,21615,Cook And Phillip-7428,2020-04-11T05:00:00+10:00,-33.8725,151.213333,pm10,µg/m³,4.5
7428,21615,Cook And Phillip-7428,2020-04-11T07:00:00+10:00,-33.8725,151.213333,pm10,µg/m³,4.7
7428,21615,Cook And Phillip-7428,2020-04-11T09:00:00+10:00,-33.8725,151.213333,pm10,µg/m³,4.4
7428,21615,Cook And Phillip-7428,2020-04-11T10:00:00+10:00,-33.8725,151.213333,pm10,µg/m³,5.6
7428,21615,Cook And Phillip-7428,2020-04-11T11:00:00+10:00,-33.8725,151.213333,pm10,µg/m³,4.6
7428,21615,Cook And Phillip-7428,2020-04-11T12:00:00+10:00,-33.8725,151.213333,pm10,µg/m³,12.6
7428,21615,Cook And Phillip-7428,2020-04-11T13:00:00+10:00,-33.8725,151.213333,pm10,µg/m³,11.7
7428,21615,Cook And Phillip-7428,2020-04-11T14:00:00+10:00,-33.8725,151.213333,pm10,µg/m³,15.0
7428,21615,Cook And Phillip-7428,2020-04-11T15:00:00+10:00,-33.8725,151.213333,pm10,µg/m³,13.9
7428,21615,Cook And Phillip-7428,2020-04-11T16:00:00+10:00,-33.8725,151.213333,pm10,µg/m³,12.6
7428,21615,Cook And Phillip-7428,2020-04-11T17:00:00+10:00,-33.8725,151.213333,pm10,µg/m³,10.7
7428,21615,Cook And Phillip-7428,2020-04-11T18:00:00+10:00,-33.8725,151.213333,pm10,µg/m³,8.7
7428,21615,Cook And Phillip-7428,2020-04-11T19:00:00+10:00,-33.8725,151.213333,pm10,µg/m³,9.9
7428,21615,Cook And Phillip-7428,2020-04-11T20:00:00+10:00,-33.8725,151.213333,pm10,µg/m³,6.6
7428,21615,Cook And Phillip-7428,2020-04-11T21:00:00+10:00,-33.8725,151.213333,pm10,µg/m³,6.6
7428,21615,Cook And Phillip-7428,2020-04-11T22:00:00+10:00,-33.8725,151.213333,pm10,µg/m³,8.8
7428,21615,Cook And Phillip-7428,2020-04-11T23:00:00+10:00,-33.8725,151.213333,pm10,µg/m³,13.6
7428,21614,Cook And Phillip-7428,2020-04-11T01:00:00+10:00,-33.8725,151.213333,pm25,µg/m³,0.0
7428,21614,Cook And Phillip-7428,2020-04-11T03:00:00+10:00,-33.8725,151.213333,pm25,µg/m³,3.3
7428,21614,Cook And Phillip-7428,2020-04-11T04:00:00+10:00,-33.8725,151.213333,pm25,µg/m³,2.2
7428,21614,Cook And Phillip-7428,2020-04-11T05:00:00+10:00,-33.8725,151.213333,pm25,µg/m³,1.9
7428,21614,Cook And Phillip-7428,2020-04-11T07:00:00+10:00,-33.8725,151.213333,pm25,µg/m³,1.9
7428,21614,Cook And Phillip-7428,2020-04-11T09:00:00+10:00,-33.8725,151.213333,pm25,µg/m³,3.2
7428,21614,Cook And Phillip-7428,2020-04-11T10:00:00+10:00,-33.8725,151.213333,pm25,µg/m³,3.0
7428,21614,Cook And Phillip-7428,2020-04-11T11:00:00+10:00,-33.8725,151.213333,pm25,µg/m³,1.1
7428,21614,Cook And Phillip-7428,2020-04-11T12:00:00+10:00,-33.8725,151.213333,pm25,µg/m³,7.7
7428,21614,Cook And Phillip-7428,2020-04-11T13:00:00+10:00,-33.8725,151.213333,pm25,µg/m³,6.9
7428,21614,Cook And Phillip-7428,2020-04-11T14:00:00+10:00,-33.8725,151.213333,pm25,µg/m³,8.6
7428,21614,Cook And Phillip-7428,2020-04-11T15:00:00+10:00,-33.8725,151.213333,pm25,µg/m³,7.2
7428,21614,Cook And Phillip-7428,2020-04-11T16:00:00+10:00,-33.8725,151.213333,pm25,µg/m³,6.6
7428,21614,Cook And Phillip-7428,2020-04-11T17:00:00+10:00,-33.8725,151.213333,pm25,µg/m³,2.2
7428,21614,Cook And Phillip-7428,2020-04-11T18:00:00+10:00,-33.8725,151.213333,pm25,µg/m³,2.7
7428,21614,Cook And Phillip-7428,2020-04-11T19:00:00+10:00,-33.8725,151.213333,pm25,µg/m³,3.9
7428,21614,Cook And Phillip-7428,2020-04-11T20:00:00+10:00,-33.8725,151.213333,pm25,µg/m³,2.3
7428,21614,Cook And Phillip-7428,2020-04-11T21:00:00+10:00,-33.8725,151.213333,pm25,µg/m³,3.3
7428,21614,Cook And Phillip-7428,2020-04-11T22:00:00+10:00,-33.8725,151.213333,pm25,µg/m³,0.8
7428,21614,Cook And Phillip-7428,2020-04-11T23:00:00+10:00,-33.8725,151.213333,pm25,µg/m³,3.3
7428,25546,Cook And Phillip-7428,2020-04-11T01:00:00+10:00,-33.8725,151.213333,no2,ppm,0.004
7428,25546,Cook And Phillip-7428,2020-04-11T03:00:00+10:00,-33.8725,151.213333,no2,ppm,0.006
7428,25546,Cook And Phillip-7428,2020-04-11T04:00:00+10:00,-33.8725,151.213333,no2,ppm,0.008
7428,25546,Cook And Phillip-7428,2020-04-11T05:00:00+10:00,-33.8725,151.213333,no2,ppm,0.008
7428,25546,Cook And Phillip-7428,2020-04-11T07:00:00+10:00,-33.8725,151.213333,no2,ppm,0.017
7428,25546,Cook And Phillip-7428,2020-04-11T09:00:00+10:00,-33.8725,151.213333,no2,ppm,0.009
7428,25546,Cook And Phillip-7428,2020-04-11T10:00:00+10:00,-33.8725,151.213333,no2,ppm,0.007
7428,25546,Cook And Phillip-7428,2020-04-11T11:00:00+10:00,-33.8725,151.213333,no2,ppm,0.005
7428,25546,Cook And Phillip-7428,2020-04-11T12:00:00+10:00,-33.8725,151.213333,no2,ppm,0.004
7428,25546,Cook And Phillip-7428,2020-04-11T13:00:00+10:00,-33.8725,151.213333,no2,ppm,0.006
7428,25546,Cook And Phillip-7428,2020-04-11T14:00:00+10:00,-33.8725,151.213333,no2,ppm,0.005
7428,25546,Cook And Phillip-7428,2020-04-11T15:00:00+10:00,-33.8725,151.213333,no2,ppm,0.006
7428,25546,Cook And Phillip-7428,2020-04-11T16:00:00+10:00,-33.8725,151.213333,no2,ppm,0.006
7428,25546,Cook And Phillip-7428,2020-04-11T17:00:00+10:00,-33.8725,151.213333,no2,ppm,0.006
7428,25546,Cook And Phillip-7428,2020-04-11T18:00:00+10:00,-33.8725,151.213333,no2,ppm,0.007
7428,25546,Cook And Phillip-7428,2020-04-11T19:00:00+10:00,-33.8725,151.213333,no2,ppm,0.008
7428,25546,Cook And Phillip-7428,2020-04-11T20:00:00+10:00,-33.8725,151.213333,no2,ppm,0.008
7428,25546,Cook And Phillip-7428,2020-04-11T21:00:00+10:00,-33.8725,151.213333,no2,ppm,0.005
7428,25546,Cook And Phillip-7428,2020-04-11T22:00:00+10:00,-33.8725,151.213333,no2,ppm,0.004
7428,25546,Cook And Phillip-7428,2020-04-11T23:00:00+10:00,-33.8725,151.213333,no2,ppm,0.005
7428,28686,Cook And Phillip-7428,2020-04-11T01:00:00+10:00,-33.8725,151.213333,co,ppm,0.1
7428,28686,Cook And Phillip-7428,2020-04-11T03:00:00+10:00,-33.8725,151.213333,co,ppm,0.1
7428,28686,Cook And Phillip-7428,2020-04-11T04:00:00+10:00,-33.8725,151.213333,co,ppm,0.1
7428,28686,Cook And Phillip-7428,2020-04-11T05:00:00+10:00,-33.8725,151.213333,co,ppm,0.1
7428,28686,Cook And Phillip-7428,2020-04-11T07:00:00+10:00,-33.8725,151.213333,co,ppm,0.0
7428,28686,Cook And Phillip-7428,2020-04-11T09:00:00+10:00,-33.8725,151.213333,co,ppm,0.0
7428,28686,Cook And Phillip-7428,2020-04-11T10:00:00+10:00,-33.8725,151.213333,co,ppm,0.0
7428,28686,Cook And Phillip-7428,2020-04-11T11:00:00+10:00,-33.8725,151.213333,co,ppm,0.0
7428,28686,Cook And Phillip-7428,2020-04-11T12:00:00+10:00,-33.8725,151.213333,co,ppm,0.0
7428,28686,Cook And Phillip-7428,2020-04-11T13:00:00+10:00,-33.8725,151.213333,co,ppm,0.0
7428,28686,Cook And Phillip-7428,2020-04-11T14:00:00+10:00,-33.8725,151.213333,co,ppm,0.1
7428,28686,Cook And Phillip-7428,2020-04-11T15:00:00+10:00,-33.8725,151.213333,co,ppm,0.0
7428,28686,Cook And Phillip-7428,2020-04-11T16:00:00+10:00,-33.8725,151.213333,co,ppm,0.0
7428,28686,Cook And Phillip-7428,2020-04-11T17:00:00+10:00,-33.8725,151.213333,co,ppm,0.0
7428,28686,Cook And Phillip-7428,2020-04-11T18:00:00+10:00,-33.8725,151.213333,co,ppm,0.0
7428,28686,Cook And Phillip-7428,2020-04-11T19:00:00+10:00,-33.8725,151.213333,co,ppm,0.0
7428,28686,Cook And Phillip-7428,2020-04-11T20:00:00+10:00,-33.8725,151.213333,co,ppm,0.0
7428,28686,Cook And Phillip-7428,2020-04-11T21:00:00+10:00,-33.8725,151.213333,co,ppm,0.0
7428,28686,Cook And Phillip-7428,2020-04-11T22:00:00+10:00,-33.8725,151.213333,co,ppm,0.0
7428,28686,Cook And Phillip-7428,2020-04-11T23:00:00+10:00,-33.8725,151.213333,co,ppm,0.0
7428,25544,Cook And Phillip-7428,2020-04-11T01:00:00+10:00,-33.8725,151.213333,so2,ppm,0.0
7428,25544,Cook And Phillip-7428,2020-04-11T03:00:00+10:00,-33.8725,151.213333,so2,ppm,0.0
7428,25544,Cook And Phillip-7428,2020-04-11T04:00:00+10:00,-33.8725,151.213333,so2,ppm,0.0
7428,25544,Cook And Phillip-7428,2020-04-11T05:00:00+10:00,-33.8725,151.213333,so2,ppm,0.0
7428,25544,Cook And Phillip-7428,2020-04-11T07:00:00+10:00,-33.8725,151.213333,so2,ppm,0.0
7428,25544,Cook And Phillip-7428,2020-04-11T09:00:00+10:00,-33.8725,151.213333,so2,ppm,0.0
7428,25544,Cook And Phillip-7428,2020-04-11T10:00:00+10:00,-33.8725,151.213333,so2,ppm,0.0
7428,25544,Cook And Phillip-7428,2020-04-11T11:00:00+10:00,-33.8725,151.213333,so2,ppm,0.0
7428,25544,Cook And Phillip-7428,2020-04-11T12:00:00+10:00,-33.8725,151.213333,so2,ppm,0.0
7428,25544,Cook And Phillip-7428,2020-04-11T13:00:00+10:00,-33.8725,151.213333,so2,ppm,0.0
7428,25544,Cook And Phillip-7428,2020-04-11T14:00:00+10:00,-33.8725,151.213333,so2,ppm,0.0
7428,25544,Cook And Phillip-7428,2020-04-11T15:00:00+10:00,-33.8725,151.213333,so2,ppm,0.0
7428,25544,Cook And Phillip-7428,2020-04-11T16:00:00+10:00,-33.8725,151.213333,so2,ppm,0.0
7428,25544,Cook And Phillip-7428,2020-04-11T17:00:00+10:00,-33.8725,151.213333,so2,ppm,0.0
7428,25544,Cook And Phillip-7428,2020-04-11T18:00:00+10:00,-33.8725,151.213333,so2,ppm,0.0
7428,25544,Cook And Phillip-7428,2020-04-11T19:00:00+10:00,-33.8725,151.213333,so2,ppm,0.0
7428,25544,Cook And Phillip-7428,2020-04-11T20:00:00+10:00,-33.8725,151.213333,so2,ppm,0.0
7428,25544,Cook And Phillip-7428,2020-04-11T21:00:00+10:00,-33.8725,151.213333,so2,ppm,0.0
7428,25544,Cook And Phillip-7428,2020-04-11T22:00:00+10:00,-33.8725,151.213333,so2,ppm,0.0
7428,25544,Cook And Phillip-7428,2020-04-11T23:00:00+10:00,-33.8725,151.213333,so2,ppm,0.0
7428,25545,Cook And Phillip-7428,2020-04-11T01:00:00+10:00,-33.8725,151.213333,o3,ppm,0.016
7428,25545,Cook And Phillip-7428,2020-04-11T03:00:00+10:00,-33.8725,151.213333,o3,ppm,0.008
7428,25545,Cook And Phillip-7428,2020-04-11T04:00:00+10:00,-33.8725,151.213333,o3,ppm,0.008
7428,25545,Cook And Phillip-7428,2020-04-11T05:00:00+10:00,-33.8725,151.213333,o3,ppm,0.009
7428,25545,Cook And Phillip-7428,2020-04-11T07:00:00+10:00,-33.8725,151.213333,o3,ppm,0.0
7428,25545,Cook And Phillip-7428,2020-04-11T09:00:00+10:00,-33.8725,151.213333,o3,ppm,0.012
7428,25545,Cook And Phillip-7428,2020-04-11T10:00:00+10:00,-33.8725,151.213333,o3,ppm,0.018
7428,25545,Cook And Phillip-7428,2020-04-11T11:00:00+10:00,-33.8725,151.213333,o3,ppm,0.021
7428,25545,Cook And Phillip-7428,2020-04-11T12:00:00+10:00,-33.8725,151.213333,o3,ppm,0.022
7428,25545,Cook And Phillip-7428,2020-04-11T13:00:00+10:00,-33.8725,151.213333,o3,ppm,0.022
7428,25545,Cook And Phillip-7428,2020-04-11T14:00:00+10:00,-33.8725,151.213333,o3,ppm,0.021
7428,25545,Cook And Phillip-7428,2020-04-11T15:00:00+10:00,-33.8725,151.213333,o3,ppm,0.017
7428,25545,Cook And Phillip-7428,2020-04-11T16:00:00+10:00,-33.8725,151.213333,o3,ppm,0.019
7428,25545,Cook And Phillip-7428,2020-04-11T17:00:00+10:00,-33.8725,151.213333,o3,ppm,0.019
7428,25545,Cook And Phillip-7428,2020-04-11T18:00:00+10:00,-33.8725,151.213333,o3,ppm,0.017
7428,25545,Cook And Phillip-7428,2020-04-11T19:00:00+10:00,-33.8725,151.213333,o3,ppm,0.017
7428,25545,Cook And Phillip-7428,2020-04-11T20:00:00+10:00,-33.8725,151.213333,o3,ppm,0.017
7428,25545,Cook And Phillip-7428,2020-04-11T21:00:00+10:00,-33.8725,151.213333,o3,ppm,0.019
7428,25545,Cook And Phillip-7428,2020-04-11T22:00:00+10:00,-33.8725,151.213333,o3,ppm,0.018
7428,25545,Cook And Phillip-7428,2020-04-11T23:00:00+10:00,-33.8725,151.213333,o3,ppm,0.016
7428,21615,Cook And Phillip-7428,2020-04-12T01:00:00+10:00,-33.8725,151.213333,pm10,µg/m³,6.6
7428,21615,Cook And Phillip-7428,2020-04-12T02:00:00+10:00,-33.8725,151.213333,pm10,µg/m³,5.1
7428,21615,Cook And Phillip-7428,2020-04-12T03:00:00+10:00,-33.8725,151.213333,pm10,µg/m³,4.9
7428,21615,Cook And Phillip-7428,2020-04-12T05:00:00+10:00,-33.8725,151.213333,pm10,µg/m³,5.8
7428,21615,Cook And Phillip-7428,2020-04-12T07:00:00+10:00,-33.8725,151.213333,pm10,µg/m³,5.3
7428,21615,Cook And Phillip-7428,2020-04-12T08:00:00+10:00,-33.8725,151.213333,pm10,µg/m³,4.7
7428,21615,Cook And Phillip-7428,2020-04-12T09:00:00+10:00,-33.8725,151.213333,pm10,µg/m³,5.2
7428,21615,Cook And Phillip-7428,2020-04-12T10:00:00+10:00,-33.8725,151.213333,pm10,µg/m³,4.2
7428,21615,Cook And Phillip-7428,2020-04-12T11:00:00+10:00,-33.8725,151.213333,pm10,µg/m³,6.2
7428,21615,Cook And Phillip-7428,2020-04-12T12:00:00+10:00,-33.8725,151.213333,pm10,µg/m³,20.4
7428,21615,Cook And Phillip-7428,2020-04-12T13:00:00+10:00,-33.8725,151.213333,pm10,µg/m³,10.0
7428,21615,Cook And Phillip-7428,2020-04-12T14:00:00+10:00,-33.8725,151.213333,pm10,µg/m³,11.1
7428,21615,Cook And Phillip-7428,2020-04-12T15:00:00+10:00,-33.8725,151.213333,pm10,µg/m³,7.9
7428,21615,Cook And Phillip-7428,2020-04-12T16:00:00+10:00,-33.8725,151.213333,pm10,µg/m³,9.7
7428,21615,Cook And Phillip-7428,2020-04-12T17:00:00+10:00,-33.8725,151.213333,pm10,µg/m³,11.6
7428,21615,Cook And Phillip-7428,2020-04-12T18:00:00+10:00,-33.8725,151.213333,pm10,µg/m³,6.7
7428,21615,Cook And Phillip-7428,2020-04-12T19:00:00+10:00,-33.8725,151.213333,pm10,µg/m³,9.7
7428,21615,Cook And Phillip-7428,2020-04-12T20:00:00+10:00,-33.8725,151.213333,pm10,µg/m³,9.8
7428,21615,Cook And Phillip-7428,2020-04-12T21:00:00+10:00,-33.8725,151.213333,pm10,µg/m³,13.9
7428,21615,Cook And Phillip-7428,2020-04-12T22:00:00+10:00,-33.8725,151.213333,pm10,µg/m³,11.6
7428,21615,Cook And Phillip-7428,2020-04-12T23:00:00+10:00,-33.8725,151.213333,pm10,µg/m³,22.4
7428,21614,Cook And Phillip-7428,2020-04-12T01:00:00+10:00,-33.8725,151.213333,pm25,µg/m³,0.2
7428,21614,Cook And Phillip-7428,2020-04-12T02:00:00+10:00,-33.8725,151.213333,pm25,µg/m³,1.7
7428,21614,Cook And Phillip-7428,2020-04-12T03:00:00+10:00,-33.8725,151.213333,pm25,µg/m³,0.5
7428,21614,Cook And Phillip-7428,2020-04-12T05:00:00+10:00,-33.8725,151.213333,pm25,µg/m³,2.2
7428,21614,Cook And Phillip-7428,2020-04-12T07:00:00+10:00,-33.8725,151.213333,pm25,µg/m³,2.1
7428,21614,Cook And Phillip-7428,2020-04-12T08:00:00+10:00,-33.8725,151.213333,pm25,µg/m³,1.5
7428,21614,Cook And Phillip-7428,2020-04-12T09:00:00+10:00,-33.8725,151.213333,pm25,µg/m³,1.7
7428,21614,Cook And Phillip-7428,2020-04-12T10:00:00+10:00,-33.8725,151.213333,pm25,µg/m³,0.9
7428,21614,Cook And Phillip-7428,2020-04-12T11:00:00+10:00,-33.8725,151.213333,pm25,µg/m³,3.7
7428,21614,Cook And Phillip-7428,2020-04-12T12:00:00+10:00,-33.8725,151.213333,pm25,µg/m³,12.9
7428,21614,Cook And Phillip-7428,2020-04-12T13:00:00+10:00,-33.8725,151.213333,pm25,µg/m³,3.1
7428,21614,Cook And Phillip-7428,2020-04-12T14:00:00+10:00,-33.8725,151.213333,pm25,µg/m³,4.7
7428,21614,Cook And Phillip-7428,2020-04-12T15:00:00+10:00,-33.8725,151.213333,pm25,µg/m³,2.8
7428,21614,Cook And Phillip-7428,2020-04-12T16:00:00+10:00,-33.8725,151.213333,pm25,µg/m³,3.4
7428,21614,Cook And Phillip-7428,2020-04-12T17:00:00+10:00,-33.8725,151.213333,pm25,µg/m³,5.0
7428,21614,Cook And Phillip-7428,2020-04-12T18:00:00+10:00,-33.8725,151.213333,pm25,µg/m³,1.7
7428,21614,Cook And Phillip-7428,2020-04-12T19:00:00+10:00,-33.8725,151.213333,pm25,µg/m³,3.3
7428,21614,Cook And Phillip-7428,2020-04-12T20:00:00+10:00,-33.8725,151.213333,pm25,µg/m³,2.0
7428,21614,Cook And Phillip-7428,2020-04-12T21:00:00+10:00,-33.8725,151.213333,pm25,µg/m³,3.9
7428,21614,Cook And Phillip-7428,2020-04-12T22:00:00+10:00,-33.8725,151.213333,pm25,µg/m³,4.5
7428,21614,Cook And Phillip-7428,2020-04-12T23:00:00+10:00,-33.8725,151.213333,pm25,µg/m³,12.3
7428,25546,Cook And Phillip-7428,2020-04-12T01:00:00+10:00,-33.8725,151.213333,no2,ppm,0.005
7428,25546,Cook And Phillip-7428,2020-04-12T03:00:00+10:00,-33.8725,151.213333,no2,ppm,0.004
7428,25546,Cook And Phillip-7428,2020-04-12T05:00:00+10:00,-33.8725,151.213333,no2,ppm,0.004
7428,25546,Cook And Phillip-7428,2020-04-12T07:00:00+10:00,-33.8725,151.213333,no2,ppm,0.005
7428,25546,Cook And Phillip-7428,2020-04-12T08:00:00+10:00,-33.8725,151.213333,no2,ppm,0.006
7428,25546,Cook And Phillip-7428,2020-04-12T09:00:00+10:00,-33.8725,151.213333,no2,ppm,0.004
7428,25546,Cook And Phillip-7428,2020-04-12T10:00:00+10:00,-33.8725,151.213333,no2,ppm,0.003
7428,25546,Cook And Phillip-7428,2020-04-12T11:00:00+10:00,-33.8725,151.213333,no2,ppm,0.004
7428,25546,Cook And Phillip-7428,2020-04-12T12:00:00+10:00,-33.8725,151.213333,no2,ppm,0.02
7428,25546,Cook And Phillip-7428,2020-04-12T13:00:00+10:00,-33.8725,151.213333,no2,ppm,0.003
7428,25546,Cook And Phillip-7428,2020-04-12T14:00:00+10:00,-33.8725,151.213333,no2,ppm,0.003
7428,25546,Cook And Phillip-7428,2020-04-12T15:00:00+10:00,-33.8725,151.213333,no2,ppm,0.002
7428,25546,Cook And Phillip-7428,2020-04-12T16:00:00+10:00,-33.8725,151.213333,no2,ppm,0.002
7428,25546,Cook And Phillip-7428,2020-04-12T17:00:00+10:00,-33.8725,151.213333,no2,ppm,0.002
7428,25546,Cook And Phillip-7428,2020-04-12T18:00:00+10:00,-33.8725,151.213333,no2,ppm,0.005
7428,25546,Cook And Phillip-7428,2020-04-12T19:00:00+10:00,-33.8725,151.213333,no2,ppm,0.011
7428,25546,Cook And Phillip-7428,2020-04-12T20:00:00+10:00,-33.8725,151.213333,no2,ppm,0.018
7428,25546,Cook And Phillip-7428,2020-04-12T21:00:00+10:00,-33.8725,151.213333,no2,ppm,0.019
7428,25546,Cook And Phillip-7428,2020-04-12T22:00:00+10:00,-33.8725,151.213333,no2,ppm,0.024
7428,25546,Cook And Phillip-7428,2020-04-12T23:00:00+10:00,-33.8725,151.213333,no2,ppm,0.023
7428,28686,Cook And Phillip-7428,2020-04-12T01:00:00+10:00,-33.8725,151.213333,co,ppm,0.0
7428,28686,Cook And Phillip-7428,2020-04-12T02:00:00+10:00,-33.8725,151.213333,co,ppm,0.0
7428,28686,Cook And Phillip-7428,2020-04-12T03:00:00+10:00,-33.8725,151.213333,co,ppm,0.0
7428,28686,Cook And Phillip-7428,2020-04-12T05:00:00+10:00,-33.8725,151.213333,co,ppm,0.0
7428,28686,Cook And Phillip-7428,2020-04-12T07:00:00+10:00,-33.8725,151.213333,co,ppm,0.0
7428,28686,Cook And Phillip-7428,2020-04-12T08:00:00+10:00,-33.8725,151.213333,co,ppm,0.0
7428,28686,Cook And Phillip-7428,2020-04-12T09:00:00+10:00,-33.8725,151.213333,co,ppm,0.0
7428,28686,Cook And Phillip-7428,2020-04-12T10:00:00+10:00,-33.8725,151.213333,co,ppm,0.0
7428,28686,Cook And Phillip-7428,2020-04-12T11:00:00+10:00,-33.8725,151.213333,co,ppm,0.0
7428,28686,Cook And Phillip-7428,2020-04-12T12:00:00+10:00,-33.8725,151.213333,co,ppm,0.1
7428,28686,Cook And Phillip-7428,2020-04-12T13:00:00+10:00,-33.8725,151.213333,co,ppm,0.0
7428,28686,Cook And Phillip-7428,2020-04-12T14:00:00+10:00,-33.8725,151.213333,co,ppm,0.0
7428,28686,Cook And Phillip-7428,2020-04-12T15:00:00+10:00,-33.8725,151.213333,co,ppm,0.0
7428,28686,Cook And Phillip-7428,2020-04-12T16:00:00+10:00,-33.8725,151.213333,co,ppm,0.0
7428,28686,Cook And Phillip-7428,2020-04-12T17:00:00+10:00,-33.8725,151.213333,co,ppm,0.0
7428,28686,Cook And Phillip-7428,2020-04-12T18:00:00+10:00,-33.8725,151.213333,co,ppm,0.0
7428,28686,Cook And Phillip-7428,2020-04-12T19:00:00+10:00,-33.8725,151.213333,co,ppm,0.0
7428,28686,Cook And Phillip-7428,2020-04-12T20:00:00+10:00,-33.8725,151.213333,co,ppm,0.0
7428,28686,Cook And Phillip-7428,2020-04-12T21:00:00+10:00,-33.8725,151.213333,co,ppm,0.1
7428,28686,Cook And Phillip-7428,2020-04-12T22:00:00+10:00,-33.8725,151.213333,co,ppm,0.1
7428,28686,Cook And Phillip-7428,2020-04-12T23:00:00+10:00,-33.8725,151.213333,co,ppm,0.1
7428,25544,Cook And Phillip-7428,2020-04-12T01:00:00+10:00,-33.8725,151.213333,so2,ppm,0.0
7428,25544,Cook And Phillip-7428,2020-04-12T03:00:00+10:00,-33.8725,151.213333,so2,ppm,0.0
7428,25544,Cook And Phillip-7428,2020-04-12T05:00:00+10:00,-33.8725,151.213333,so2,ppm,0.0
7428,25544,Cook And Phillip-7428,2020-04-12T07:00:00+10:00,-33.8725,151.213333,so2,ppm,0.0
7428,25544,Cook And Phillip-7428,2020-04-12T08:00:00+10:00,-33.8725,151.213333,so2,ppm,0.0
7428,25544,Cook And Phillip-7428,2020-04-12T09:00:00+10:00,-33.8725,151.213333,so2,ppm,0.0
7428,25544,Cook And Phillip-7428,2020-04-12T10:00:00+10:00,-33.8725,151.213333,so2,ppm,0.0
7428,25544,Cook And Phillip-7428,2020-04-12T11:00:00+10:00,-33.8725,151.213333,so2,ppm,0.0
7428,25544,Cook And Phillip-7428,2020-04-12T12:00:00+10:00,-33.8725,151.213333,so2,ppm,0.0
7428,25544,Cook And Phillip-7428,2020-04-12T13:00:00+10:00,-33.8725,151.213333,so2,ppm,0.001
7428,25544,Cook And Phillip-7428,2020-04-12T14:00:00+10:00,-33.8725,151.213333,so2,ppm,0.001
7428,25544,Cook And Phillip-7428,2020-04-12T15:00:00+10:00,-33.8725,151.213333,so2,ppm,0.0
7428,25544,Cook And Phillip-7428,2020-04-12T16:00:00+10:00,-33.8725,151.213333,so2,ppm,0.0
7428,25544,Cook And Phillip-7428,2020-04-12T17:00:00+10:00,-33.8725,151.213333,so2,ppm,0.0
7428,25544,Cook And Phillip-7428,2020-04-12T18:00:00+10:00,-33.8725,151.213333,so2,ppm,0.0
7428,25544,Cook And Phillip-7428,2020-04-12T19:00:00+10:00,-33.8725,151.213333,so2,ppm,0.0
7428,25544,Cook And Phillip-7428,2020-04-12T20:00:00+10:00,-33.8725,151.213333,so2,ppm,0.0
7428,25544,Cook And Phillip-7428,2020-04-12T21:00:00+10:00,-33.8725,151.213333,so2,ppm,0.0
7428,25544,Cook And Phillip-7428,2020-04-12T22:00:00+10:00,-33.8725,151.213333,so2,ppm,0.0
7428,25544,Cook And Phillip-7428,2020-04-12T23:00:00+10:00,-33.8725,151.213333,so2,ppm,0.0
7428,25545,Cook And Phillip-7428,2020-04-12T01:00:00+10:00,-33.8725,151.213333,o3,ppm,0.014
7428,25545,Cook And Phillip-7428,2020-04-12T02:00:00+10:00,-33.8725,151.213333,o3,ppm,0.015
7428,25545,Cook And Phillip-7428,2020-04-12T03:00:00+10:00,-33.8725,151.213333,o3,ppm,0.017
7428,25545,Cook And Phillip-7428,2020-04-12T05:00:00+10:00,-33.8725,151.213333,o3,ppm,0.017
7428,25545,Cook And Phillip-7428,2020-04-12T07:00:00+10:00,-33.8725,151.213333,o3,ppm,0.015
7428,25545,Cook And Phillip-7428,2020-04-12T08:00:00+10:00,-33.8725,151.213333,o3,ppm,0.015
7428,25545,Cook And Phillip-7428,2020-04-12T09:00:00+10:00,-33.8725,151.213333,o3,ppm,0.018
7428,25545,Cook And Phillip-7428,2020-04-12T10:00:00+10:00,-33.8725,151.213333,o3,ppm,0.019
7428,25545,Cook And Phillip-7428,2020-04-12T11:00:00+10:00,-33.8725,151.213333,o3,ppm,0.021
7428,25545,Cook And Phillip-7428,2020-04-12T12:00:00+10:00,-33.8725,151.213333,o3,ppm,0.002
7428,25545,Cook And Phillip-7428,2020-04-12T13:00:00+10:00,-33.8725,151.213333,o3,ppm,0.026
7428,25545,Cook And Phillip-7428,2020-04-12T14:00:00+10:00,-33.8725,151.213333,o3,ppm,0.026
7428,25545,Cook And Phillip-7428,2020-04-12T15:00:00+10:00,-33.8725,151.213333,o3,ppm,0.026
7428,25545,Cook And Phillip-7428,2020-04-12T16:00:00+10:00,-33.8725,151.213333,o3,ppm,0.025
7428,25545,Cook And Phillip-7428,2020-04-12T17:00:00+10:00,-33.8725,151.213333,o3,ppm,0.024
7428,25545,Cook And Phillip-7428,2020-04-12T18:00:00+10:00,-33.8725,151.213333,o3,ppm,0.021
7428,25545,Cook And Phillip-7428,2020-04-12T19:00:00+10:00,-33.8725,151.213333,o3,ppm,0.015
7428,25545,Cook And Phillip-7428,2020-04-12T20:00:00+10:00,-33.8725,151.213333,o3,ppm,0.009
7428,25545,Cook And Phillip-7428,2020-04-12T21:00:00+10:00,-33.8725,151.213333,o3,ppm,0.007
7428,25545,Cook And Phillip-7428,2020-04-12T22:00:00+10:00,-33.8725,151.213333,o3,ppm,0.002
7428,25545,Cook And Phillip-7428,2020-04-12T23:00:00+10:00,-33.8725,151.213333,o3,ppm,0.001
7428,21615,Cook And Phillip-7428,2020-04-13T01:00:00+10:00,-33.8725,151.213333,pm10,µg/m³,22.3
7428,21615,Cook And Phillip-7428,2020-04-13T02:00:00+10:00,-33.8725,151.213333,pm10,µg/m³,15.8
7428,21615,Cook And Phillip-7428,2020-04-13T04:00:00+10:00,-33.8725,151.213333,pm10,µg/m³,18.8
7428,21615,Cook And Phillip-7428,2020-04-13T05:00:00+10:00,-33.8725,151.213333,pm10,µg/m³,15.1
7428,21615,Cook And Phillip-7428,2020-04-13T07:00:00+10:00,-33.8725,151.213333,pm10,µg/m³,13.9
7428,21615,Cook And Phillip-7428,2020-04-13T08:00:00+10:00,-33.8725,151.213333,pm10,µg/m³,22.5
7428,21615,Cook And Phillip-7428,2020-04-13T09:00:00+10:00,-33.8725,151.213333,pm10,µg/m³,21.1
7428,21615,Cook And Phillip-7428,2020-04-13T10:00:00+10:00,-33.8725,151.213333,pm10,µg/m³,22.8
7428,21615,Cook And Phillip-7428,2020-04-13T11:00:00+10:00,-33.8725,151.213333,pm10,µg/m³,19.3
7428,21615,Cook And Phillip-7428,2020-04-13T12:00:00+10:00,-33.8725,151.213333,pm10,µg/m³,16.2
7428,21615,Cook And Phillip-7428,2020-04-13T13:00:00+10:00,-33.8725,151.213333,pm10,µg/m³,17.1
7428,21615,Cook And Phillip-7428,2020-04-13T14:00:00+10:00,-33.8725,151.213333,pm10,µg/m³,18.7
7428,21615,Cook And Phillip-7428,2020-04-13T15:00:00+10:00,-33.8725,151.213333,pm10,µg/m³,17.2
7428,21615,Cook And Phillip-7428,2020-04-13T16:00:00+10:00,-33.8725,151.213333,pm10,µg/m³,12.6
7428,21615,Cook And Phillip-7428,2020-04-13T17:00:00+10:00,-33.8725,151.213333,pm10,µg/m³,16.4
7428,21615,Cook And Phillip-7428,2020-04-13T19:00:00+10:00,-33.8725,151.213333,pm10,µg/m³,11.9
7428,21615,Cook And Phillip-7428,2020-04-13T20:00:00+10:00,-33.8725,151.213333,pm10,µg/m³,15.2
7428,21615,Cook And Phillip-7428,2020-04-13T21:00:00+10:00,-33.8725,151.213333,pm10,µg/m³,18.4
7428,21615,Cook And Phillip-7428,2020-04-13T22:00:00+10:00,-33.8725,151.213333,pm10,µg/m³,13.9
7428,21614,Cook And Phillip-7428,2020-04-13T01:00:00+10:00,-33.8725,151.213333,pm25,µg/m³,12.7
7428,21614,Cook And Phillip-7428,2020-04-13T02:00:00+10:00,-33.8725,151.213333,pm25,µg/m³,9.6
7428,21614,Cook And Phillip-7428,2020-04-13T04:00:00+10:00,-33.8725,151.213333,pm25,µg/m³,12.6
7428,21614,Cook And Phillip-7428,2020-04-13T05:00:00+10:00,-33.8725,151.213333,pm25,µg/m³,10.2
7428,21614,Cook And Phillip-7428,2020-04-13T07:00:00+10:00,-33.8725,151.213333,pm25,µg/m³,10.4
7428,21614,Cook And Phillip-7428,2020-04-13T08:00:00+10:00,-33.8725,151.213333,pm25,µg/m³,17.0
7428,21614,Cook And Phillip-7428,2020-04-13T09:00:00+10:00,-33.8725,151.213333,pm25,µg/m³,13.9
7428,21614,Cook And Phillip-7428,2020-04-13T10:00:00+10:00,-33.8725,151.213333,pm25,µg/m³,15.6
7428,21614,Cook And Phillip-7428,2020-04-13T11:00:00+10:00,-33.8725,151.213333,pm25,µg/m³,12.7
7428,21614,Cook And Phillip-7428,2020-04-13T12:00:00+10:00,-33.8725,151.213333,pm25,µg/m³,9.7
7428,21614,Cook And Phillip-7428,2020-04-13T13:00:00+10:00,-33.8725,151.213333,pm25,µg/m³,7.8
7428,21614,Cook And Phillip-7428,2020-04-13T14:00:00+10:00,-33.8725,151.213333,pm25,µg/m³,9.3
7428,21614,Cook And Phillip-7428,2020-04-13T15:00:00+10:00,-33.8725,151.213333,pm25,µg/m³,7.9
7428,25546,Cook And Phillip-7428,2020-04-13T01:00:00+10:00,-33.8725,151.213333,no2,ppm,0.019
7428,25546,Cook And Phillip-7428,2020-04-13T04:00:00+10:00,-33.8725,151.213333,no2,ppm,0.014
7428,25546,Cook And Phillip-7428,2020-04-13T05:00:00+10:00,-33.8725,151.213333,no2,ppm,0.012
7428,25546,Cook And Phillip-7428,2020-04-13T07:00:00+10:00,-33.8725,151.213333,no2,ppm,0.012
7428,25546,Cook And Phillip-7428,2020-04-13T08:00:00+10:00,-33.8725,151.213333,no2,ppm,0.013
7428,25546,Cook And Phillip-7428,2020-04-13T09:00:00+10:00,-33.8725,151.213333,no2,ppm,0.012
7428,25546,Cook And Phillip-7428,2020-04-13T10:00:00+10:00,-33.8725,151.213333,no2,ppm,0.014
7428,25546,Cook And Phillip-7428,2020-04-13T11:00:00+10:00,-33.8725,151.213333,no2,ppm,0.011
7428,25546,Cook And Phillip-7428,2020-04-13T12:00:00+10:00,-33.8725,151.213333,no2,ppm,0.007
7428,25546,Cook And Phillip-7428,2020-04-13T13:00:00+10:00,-33.8725,151.213333,no2,ppm,0.005
7428,25546,Cook And Phillip-7428,2020-04-13T14:00:00+10:00,-33.8725,151.213333,no2,ppm,0.003
7428,25546,Cook And Phillip-7428,2020-04-13T15:00:00+10:00,-33.8725,151.213333,no2,ppm,0.002
7428,25546,Cook And Phillip-7428,2020-04-13T16:00:00+10:00,-33.8725,151.213333,no2,ppm,0.004
7428,25546,Cook And Phillip-7428,2020-04-13T17:00:00+10:00,-33.8725,151.213333,no2,ppm,0.005
7428,25546,Cook And Phillip-7428,2020-04-13T19:00:00+10:00,-33.8725,151.213333,no2,ppm,0.01
7428,25546,Cook And Phillip-7428,2020-04-13T20:00:00+10:00,-33.8725,151.213333,no2,ppm,0.01
7428,25546,Cook And Phillip-7428,2020-04-13T21:00:00+10:00,-33.8725,151.213333,no2,ppm,0.012
7428,25546,Cook And Phillip-7428,2020-04-13T22:00:00+10:00,-33.8725,151.213333,no2,ppm,0.017
7428,21614,Cook And Phillip-7428,2020-04-13T16:00:00+10:00,-33.8725,151.213333,pm25,µg/m³,4.9
7428,21614,Cook And Phillip-7428,2020-04-13T17:00:00+10:00,-33.8725,151.213333,pm25,µg/m³,6.7
7428,21614,Cook And Phillip-7428,2020-04-13T19:00:00+10:00,-33.8725,151.213333,pm25,µg/m³,4.9
7428,21614,Cook And Phillip-7428,2020-04-13T20:00:00+10:00,-33.8725,151.213333,pm25,µg/m³,5.8
7428,21614,Cook And Phillip-7428,2020-04-13T21:00:00+10:00,-33.8725,151.213333,pm25,µg/m³,6.2
7428,21614,Cook And Phillip-7428,2020-04-13T22:00:00+10:00,-33.8725,151.213333,pm25,µg/m³,5.5
7428,28686,Cook And Phillip-7428,2020-04-13T01:00:00+10:00,-33.8725,151.213333,co,ppm,0.1
7428,28686,Cook And Phillip-7428,2020-04-13T02:00:00+10:00,-33.8725,151.213333,co,ppm,0.2
7428,28686,Cook And Phillip-7428,2020-04-13T04:00:00+10:00,-33.8725,151.213333,co,ppm,0.2
7428,28686,Cook And Phillip-7428,2020-04-13T05:00:00+10:00,-33.8725,151.213333,co,ppm,0.2
7428,28686,Cook And Phillip-7428,2020-04-13T07:00:00+10:00,-33.8725,151.213333,co,ppm,0.2
7428,28686,Cook And Phillip-7428,2020-04-13T08:00:00+10:00,-33.8725,151.213333,co,ppm,0.2
7428,28686,Cook And Phillip-7428,2020-04-13T09:00:00+10:00,-33.8725,151.213333,co,ppm,0.2
7428,28686,Cook And Phillip-7428,2020-04-13T10:00:00+10:00,-33.8725,151.213333,co,ppm,0.2
7428,28686,Cook And Phillip-7428,2020-04-13T11:00:00+10:00,-33.8725,151.213333,co,ppm,0.2
7428,28686,Cook And Phillip-7428,2020-04-13T12:00:00+10:00,-33.8725,151.213333,co,ppm,0.1
7428,28686,Cook And Phillip-7428,2020-04-13T13:00:00+10:00,-33.8725,151.213333,co,ppm,0.1
7428,28686,Cook And Phillip-7428,2020-04-13T14:00:00+10:00,-33.8725,151.213333,co,ppm,0.1
7428,28686,Cook And Phillip-7428,2020-04-13T15:00:00+10:00,-33.8725,151.213333,co,ppm,0.1
7428,28686,Cook And Phillip-7428,2020-04-13T16:00:00+10:00,-33.8725,151.213333,co,ppm,0.1
7428,28686,Cook And Phillip-7428,2020-04-13T17:00:00+10:00,-33.8725,151.213333,co,ppm,0.1
7428,28686,Cook And Phillip-7428,2020-04-13T19:00:00+10:00,-33.8725,151.213333,co,ppm,0.1
7428,28686,Cook And Phillip-7428,2020-04-13T20:00:00+10:00,-33.8725,151.213333,co,ppm,0.1
7428,28686,Cook And Phillip-7428,2020-04-13T21:00:00+10:00,-33.8725,151.213333,co,ppm,0.1
7428,28686,Cook And Phillip-7428,2020-04-13T22:00:00+10:00,-33.8725,151.213333,co,ppm,0.1
7428,25544,Cook And Phillip-7428,2020-04-13T01:00:00+10:00,-33.8725,151.213333,so2,ppm,0.0
7428,25544,Cook And Phillip-7428,2020-04-13T04:00:00+10:00,-33.8725,151.213333,so2,ppm,0.0
7428,25544,Cook And Phillip-7428,2020-04-13T05:00:00+10:00,-33.8725,151.213333,so2,ppm,0.0
7428,25544,Cook And Phillip-7428,2020-04-13T07:00:00+10:00,-33.8725,151.213333,so2,ppm,0.0
7428,25544,Cook And Phillip-7428,2020-04-13T08:00:00+10:00,-33.8725,151.213333,so2,ppm,0.001
7428,25544,Cook And Phillip-7428,2020-04-13T09:00:00+10:00,-33.8725,151.213333,so2,ppm,0.001
7428,25544,Cook And Phillip-7428,2020-04-13T10:00:00+10:00,-33.8725,151.213333,so2,ppm,0.001
7428,25544,Cook And Phillip-7428,2020-04-13T11:00:00+10:00,-33.8725,151.213333,so2,ppm,0.002
7428,25544,Cook And Phillip-7428,2020-04-13T12:00:00+10:00,-33.8725,151.213333,so2,ppm,0.002
7428,25544,Cook And Phillip-7428,2020-04-13T13:00:00+10:00,-33.8725,151.213333,so2,ppm,0.001
7428,25544,Cook And Phillip-7428,2020-04-13T14:00:00+10:00,-33.8725,151.213333,so2,ppm,0.001
7428,25544,Cook And Phillip-7428,2020-04-13T15:00:00+10:00,-33.8725,151.213333,so2,ppm,0.001
7428,25544,Cook And Phillip-7428,2020-04-13T16:00:00+10:00,-33.8725,151.213333,so2,ppm,0.001
7428,25544,Cook And Phillip-7428,2020-04-13T17:00:00+10:00,-33.8725,151.213333,so2,ppm,0.001
7428,25544,Cook And Phillip-7428,2020-04-13T19:00:00+10:00,-33.8725,151.213333,so2,ppm,0.0
7428,25544,Cook And Phillip-7428,2020-04-13T20:00:00+10:00,-33.8725,151.213333,so2,ppm,0.0
7428,25544,Cook And Phillip-7428,2020-04-13T21:00:00+10:00,-33.8725,151.213333,so2,ppm,0.0
7428,25544,Cook And Phillip-7428,2020-04-13T22:00:00+10:00,-33.8725,151.213333,so2,ppm,0.0
7428,25545,Cook And Phillip-7428,2020-04-13T01:00:00+10:00,-33.8725,151.213333,o3,ppm,0.002
7428,25545,Cook And Phillip-7428,2020-04-13T02:00:00+10:00,-33.8725,151.213333,o3,ppm,0.002
7428,25545,Cook And Phillip-7428,2020-04-13T04:00:00+10:00,-33.8725,151.213333,o3,ppm,0.003
7428,25545,Cook And Phillip-7428,2020-04-13T05:00:00+10:00,-33.8725,151.213333,o3,ppm,0.004
7428,25545,Cook And Phillip-7428,2020-04-13T07:00:00+10:00,-33.8725,151.213333,o3,ppm,0.003
7428,25545,Cook And Phillip-7428,2020-04-13T08:00:00+10:00,-33.8725,151.213333,o3,ppm,0.005
7428,25545,Cook And Phillip-7428,2020-04-13T09:00:00+10:00,-33.8725,151.213333,o3,ppm,0.009
7428,25545,Cook And Phillip-7428,2020-04-13T10:00:00+10:00,-33.8725,151.213333,o3,ppm,0.011
7428,25545,Cook And Phillip-7428,2020-04-13T11:00:00+10:00,-33.8725,151.213333,o3,ppm,0.019
7428,25545,Cook And Phillip-7428,2020-04-13T12:00:00+10:00,-33.8725,151.213333,o3,ppm,0.027
7428,25545,Cook And Phillip-7428,2020-04-13T13:00:00+10:00,-33.8725,151.213333,o3,ppm,0.032
7428,25545,Cook And Phillip-7428,2020-04-13T14:00:00+10:00,-33.8725,151.213333,o3,ppm,0.031
7428,25545,Cook And Phillip-7428,2020-04-13T15:00:00+10:00,-33.8725,151.213333,o3,ppm,0.033
7428,25545,Cook And Phillip-7428,2020-04-13T16:00:00+10:00,-33.8725,151.213333,o3,ppm,0.031
7428,25545,Cook And Phillip-7428,2020-04-13T17:00:00+10:00,-33.8725,151.213333,o3,ppm,0.033
7428,25545,Cook And Phillip-7428,2020-04-13T19:00:00+10:00,-33.8725,151.213333,o3,ppm,0.022
7428,25545,Cook And Phillip-7428,2020-04-13T20:00:00+10:00,-33.8725,151.213333,o3,ppm,0.02
7428,25545,Cook And Phillip-7428,2020-04-13T21:00:00+10:00,-33.8725,151.213333,o3,ppm,0.017
7428,25545,Cook And Phillip-7428,2020-04-13T22:00:00+10:00,-33.8725,151.213333,o3,ppm,0.011
7428,21615,Cook And Phillip-7428,2020-04-14T01:00:00+10:00,-33.8725,151.213333,pm10,µg/m³,18.3
7428,21615,Cook And Phillip-7428,2020-04-14T02:00:00+10:00,-33.8725,151.213333,pm10,µg/m³,20.6
7428,21615,Cook And Phillip-7428,2020-04-14T03:00:00+10:00,-33.8725,151.213333,pm10,µg/m³,18.7
7428,21615,Cook And Phillip-7428,2020-04-14T04:00:00+10:00,-33.8725,151.213333,pm10,µg/m³,25.1
7428,21615,Cook And Phillip-7428,2020-04-14T08:00:00+10:00,-33.8725,151.213333,pm10,µg/m³,20.6
7428,21615,Cook And Phillip-7428,2020-04-14T11:00:00+10:00,-33.8725,151.213333,pm10,µg/m³,34.7
7428,21615,Cook And Phillip-7428,2020-04-14T12:00:00+10:00,-33.8725,151.213333,pm10,µg/m³,14.8
7428,21615,Cook And Phillip-7428,2020-04-14T13:00:00+10:00,-33.8725,151.213333,pm10,µg/m³,27.8
7428,21615,Cook And Phillip-7428,2020-04-14T14:00:00+10:00,-33.8725,151.213333,pm10,µg/m³,29.6
7428,21615,Cook And Phillip-7428,2020-04-14T15:00:00+10:00,-33.8725,151.213333,pm10,µg/m³,28.0
7428,21615,Cook And Phillip-7428,2020-04-14T16:00:00+10:00,-33.8725,151.213333,pm10,µg/m³,26.3
7428,21615,Cook And Phillip-7428,2020-04-14T17:00:00+10:00,-33.8725,151.213333,pm10,µg/m³,25.5
7428,21615,Cook And Phillip-7428,2020-04-14T18:00:00+10:00,-33.8725,151.213333,pm10,µg/m³,20.7
7428,21615,Cook And Phillip-7428,2020-04-14T19:00:00+10:00,-33.8725,151.213333,pm10,µg/m³,20.5
7428,21615,Cook And Phillip-7428,2020-04-14T23:00:00+10:00,-33.8725,151.213333,pm10,µg/m³,16.2
7428,21614,Cook And Phillip-7428,2020-04-14T01:00:00+10:00,-33.8725,151.213333,pm25,µg/m³,8.0
7428,21614,Cook And Phillip-7428,2020-04-14T02:00:00+10:00,-33.8725,151.213333,pm25,µg/m³,8.7
7428,21614,Cook And Phillip-7428,2020-04-14T03:00:00+10:00,-33.8725,151.213333,pm25,µg/m³,8.9
7428,21614,Cook And Phillip-7428,2020-04-14T04:00:00+10:00,-33.8725,151.213333,pm25,µg/m³,12.9
7428,21614,Cook And Phillip-7428,2020-04-14T08:00:00+10:00,-33.8725,151.213333,pm25,µg/m³,14.8
7428,21614,Cook And Phillip-7428,2020-04-14T11:00:00+10:00,-33.8725,151.213333,pm25,µg/m³,21.2
7428,21614,Cook And Phillip-7428,2020-04-14T12:00:00+10:00,-33.8725,151.213333,pm25,µg/m³,6.0
7428,21614,Cook And Phillip-7428,2020-04-14T13:00:00+10:00,-33.8725,151.213333,pm25,µg/m³,15.0
7428,21614,Cook And Phillip-7428,2020-04-14T14:00:00+10:00,-33.8725,151.213333,pm25,µg/m³,14.8
7428,21614,Cook And Phillip-7428,2020-04-14T15:00:00+10:00,-33.8725,151.213333,pm25,µg/m³,16.3
7428,21614,Cook And Phillip-7428,2020-04-14T16:00:00+10:00,-33.8725,151.213333,pm25,µg/m³,14.5
7428,21614,Cook And Phillip-7428,2020-04-14T17:00:00+10:00,-33.8725,151.213333,pm25,µg/m³,13.2
7428,21614,Cook And Phillip-7428,2020-04-14T18:00:00+10:00,-33.8725,151.213333,pm25,µg/m³,11.7
7428,21614,Cook And Phillip-7428,2020-04-14T19:00:00+10:00,-33.8725,151.213333,pm25,µg/m³,9.3
7428,21614,Cook And Phillip-7428,2020-04-14T23:00:00+10:00,-33.8725,151.213333,pm25,µg/m³,6.7
7428,28686,Cook And Phillip-7428,2020-04-14T01:00:00+10:00,-33.8725,151.213333,co,ppm,0.1
7428,28686,Cook And Phillip-7428,2020-04-14T02:00:00+10:00,-33.8725,151.213333,co,ppm,0.1
7428,28686,Cook And Phillip-7428,2020-04-14T03:00:00+10:00,-33.8725,151.213333,co,ppm,0.1
7428,28686,Cook And Phillip-7428,2020-04-14T04:00:00+10:00,-33.8725,151.213333,co,ppm,0.1
7428,28686,Cook And Phillip-7428,2020-04-14T08:00:00+10:00,-33.8725,151.213333,co,ppm,0.2
7428,28686,Cook And Phillip-7428,2020-04-14T11:00:00+10:00,-33.8725,151.213333,co,ppm,0.2
7428,28686,Cook And Phillip-7428,2020-04-14T12:00:00+10:00,-33.8725,151.213333,co,ppm,0.1
7428,28686,Cook And Phillip-7428,2020-04-14T13:00:00+10:00,-33.8725,151.213333,co,ppm,0.2
7428,28686,Cook And Phillip-7428,2020-04-14T14:00:00+10:00,-33.8725,151.213333,co,ppm,0.2
7428,28686,Cook And Phillip-7428,2020-04-14T15:00:00+10:00,-33.8725,151.213333,co,ppm,0.2
7428,28686,Cook And Phillip-7428,2020-04-14T16:00:00+10:00,-33.8725,151.213333,co,ppm,0.2
7428,28686,Cook And Phillip-7428,2020-04-14T17:00:00+10:00,-33.8725,151.213333,co,ppm,0.1
7428,28686,Cook And Phillip-7428,2020-04-14T18:00:00+10:00,-33.8725,151.213333,co,ppm,0.1
7428,28686,Cook And Phillip-7428,2020-04-14T19:00:00+10:00,-33.8725,151.213333,co,ppm,0.1
7428,28686,Cook And Phillip-7428,2020-04-14T23:00:00+10:00,-33.8725,151.213333,co,ppm,0.1
7428,25545,Cook And Phillip-7428,2020-04-14T01:00:00+10:00,-33.8725,151.213333,o3,ppm,0.0
7428,25545,Cook And Phillip-7428,2020-04-14T02:00:00+10:00,-33.8725,151.213333,o3,ppm,0.004
7428,25545,Cook And Phillip-7428,2020-04-14T04:00:00+10:00,-33.8725,151.213333,o3,ppm,0.0
7428,25545,Cook And Phillip-7428,2020-04-14T08:00:00+10:00,-33.8725,151.213333,o3,ppm,0.0
7428,25545,Cook And Phillip-7428,2020-04-14T11:00:00+10:00,-33.8725,151.213333,o3,ppm,0.011
7428,25545,Cook And Phillip-7428,2020-04-14T12:00:00+10:00,-33.8725,151.213333,o3,ppm,0.002
7428,25545,Cook And Phillip-7428,2020-04-14T13:00:00+10:00,-33.8725,151.213333,o3,ppm,0.024
7428,25545,Cook And Phillip-7428,2020-04-14T14:00:00+10:00,-33.8725,151.213333,o3,ppm,0.033
7428,25545,Cook And Phillip-7428,2020-04-14T15:00:00+10:00,-33.8725,151.213333,o3,ppm,0.035
7428,25545,Cook And Phillip-7428,2020-04-14T16:00:00+10:00,-33.8725,151.213333,o3,ppm,0.03
7428,25545,Cook And Phillip-7428,2020-04-14T17:00:00+10:00,-33.8725,151.213333,o3,ppm,0.024
7428,25545,Cook And Phillip-7428,2020-04-14T18:00:00+10:00,-33.8725,151.213333,o3,ppm,0.02
7428,25545,Cook And Phillip-7428,2020-04-14T19:00:00+10:00,-33.8725,151.213333,o3,ppm,0.014
7428,25545,Cook And Phillip-7428,2020-04-14T23:00:00+10:00,-33.8725,151.213333,o3,ppm,0.01
7428,25546,Cook And Phillip-7428,2020-04-14T01:00:00+10:00,-33.8725,151.213333,no2,ppm,0.028
7428,25546,Cook And Phillip-7428,2020-04-14T03:00:00+10:00,-33.8725,151.213333,no2,ppm,0.021
7428,25546,Cook And Phillip-7428,2020-04-14T04:00:00+10:00,-33.8725,151.213333,no2,ppm,0.021
7428,25546,Cook And Phillip-7428,2020-04-14T08:00:00+10:00,-33.8725,151.213333,no2,ppm,0.021
7428,25546,Cook And Phillip-7428,2020-04-14T11:00:00+10:00,-33.8725,151.213333,no2,ppm,0.023
7428,25546,Cook And Phillip-7428,2020-04-14T12:00:00+10:00,-33.8725,151.213333,no2,ppm,0.022
7428,25546,Cook And Phillip-7428,2020-04-14T13:00:00+10:00,-33.8725,151.213333,no2,ppm,0.014
7428,25546,Cook And Phillip-7428,2020-04-14T14:00:00+10:00,-33.8725,151.213333,no2,ppm,0.01
7428,25546,Cook And Phillip-7428,2020-04-14T15:00:00+10:00,-33.8725,151.213333,no2,ppm,0.008
7428,25546,Cook And Phillip-7428,2020-04-14T16:00:00+10:00,-33.8725,151.213333,no2,ppm,0.008
7428,25546,Cook And Phillip-7428,2020-04-14T17:00:00+10:00,-33.8725,151.213333,no2,ppm,0.009
7428,25546,Cook And Phillip-7428,2020-04-14T18:00:00+10:00,-33.8725,151.213333,no2,ppm,0.013
7428,25546,Cook And Phillip-7428,2020-04-14T19:00:00+10:00,-33.8725,151.213333,no2,ppm,0.019
7428,25546,Cook And Phillip-7428,2020-04-14T23:00:00+10:00,-33.8725,151.213333,no2,ppm,0.016
7428,25544,Cook And Phillip-7428,2020-04-14T01:00:00+10:00,-33.8725,151.213333,so2,ppm,0.0
7428,25544,Cook And Phillip-7428,2020-04-14T03:00:00+10:00,-33.8725,151.213333,so2,ppm,0.0
7428,25544,Cook And Phillip-7428,2020-04-14T04:00:00+10:00,-33.8725,151.213333,so2,ppm,0.0
7428,25544,Cook And Phillip-7428,2020-04-14T08:00:00+10:00,-33.8725,151.213333,so2,ppm,0.001
7428,25544,Cook And Phillip-7428,2020-04-14T11:00:00+10:00,-33.8725,151.213333,so2,ppm,0.002
7428,25544,Cook And Phillip-7428,2020-04-14T12:00:00+10:00,-33.8725,151.213333,so2,ppm,0.0
7428,25544,Cook And Phillip-7428,2020-04-14T13:00:00+10:00,-33.8725,151.213333,so2,ppm,0.002
7428,25544,Cook And Phillip-7428,2020-04-14T14:00:00+10:00,-33.8725,151.213333,so2,ppm,0.002
7428,25544,Cook And Phillip-7428,2020-04-14T15:00:00+10:00,-33.8725,151.213333,so2,ppm,0.002
7428,25544,Cook And Phillip-7428,2020-04-14T16:00:00+10:00,-33.8725,151.213333,so2,ppm,0.002
7428,25544,Cook And Phillip-7428,2020-04-14T17:00:00+10:00,-33.8725,151.213333,so2,ppm,0.002
7428,25544,Cook And Phillip-7428,2020-04-14T18:00:00+10:00,-33.8725,151.213333,so2,ppm,0.001
7428,25544,Cook And Phillip-7428,2020-04-14T19:00:00+10:00,-33.8725,151.213333,so2,ppm,0.0
7428,25544,Cook And Phillip-7428,2020-04-14T23:00:00+10:00,-33.8725,151.213333,so2,ppm,0.0
7428,21615,Cook And Phillip-7428,2020-04-15T01:00:00+10:00,-33.8725,151.213333,pm10,µg/m³,17.5
7428,21615,Cook And Phillip-7428,2020-04-15T03:00:00+10:00,-33.8725,151.213333,pm10,µg/m³,29.1
7428,21615,Cook And Phillip-7428,2020-04-15T04:00:00+10:00,-33.8725,151.213333,pm10,µg/m³,25.4
7428,21615,Cook And Phillip-7428,2020-04-15T05:00:00+10:00,-33.8725,151.213333,pm10,µg/m³,26.4
7428,21615,Cook And Phillip-7428,2020-04-15T06:00:00+10:00,-33.8725,151.213333,pm10,µg/m³,29.3
7428,21615,Cook And Phillip-7428,2020-04-15T07:00:00+10:00,-33.8725,151.213333,pm10,µg/m³,30.7
7428,21615,Cook And Phillip-7428,2020-04-15T08:00:00+10:00,-33.8725,151.213333,pm10,µg/m³,36.2
7428,21615,Cook And Phillip-7428,2020-04-15T09:00:00+10:00,-33.8725,151.213333,pm10,µg/m³,37.2
7428,21615,Cook And Phillip-7428,2020-04-15T12:00:00+10:00,-33.8725,151.213333,pm10,µg/m³,45.6
7428,21615,Cook And Phillip-7428,2020-04-15T13:00:00+10:00,-33.8725,151.213333,pm10,µg/m³,43.1
7428,21615,Cook And Phillip-7428,2020-04-15T15:00:00+10:00,-33.8725,151.213333,pm10,µg/m³,34.3
7428,21615,Cook And Phillip-7428,2020-04-15T16:00:00+10:00,-33.8725,151.213333,pm10,µg/m³,31.9
7428,21615,Cook And Phillip-7428,2020-04-15T17:00:00+10:00,-33.8725,151.213333,pm10,µg/m³,28.7
7428,21615,Cook And Phillip-7428,2020-04-15T18:00:00+10:00,-33.8725,151.213333,pm10,µg/m³,30.3
7428,21615,Cook And Phillip-7428,2020-04-15T20:00:00+10:00,-33.8725,151.213333,pm10,µg/m³,24.7
7428,21615,Cook And Phillip-7428,2020-04-15T21:00:00+10:00,-33.8725,151.213333,pm10,µg/m³,28.2
7428,21615,Cook And Phillip-7428,2020-04-15T22:00:00+10:00,-33.8725,151.213333,pm10,µg/m³,27.8
7428,21615,Cook And Phillip-7428,2020-04-15T23:00:00+10:00,-33.8725,151.213333,pm10,µg/m³,25.2
7428,21614,Cook And Phillip-7428,2020-04-15T01:00:00+10:00,-33.8725,151.213333,pm25,µg/m³,7.4
7428,21614,Cook And Phillip-7428,2020-04-15T03:00:00+10:00,-33.8725,151.213333,pm25,µg/m³,13.1
7428,21614,Cook And Phillip-7428,2020-04-15T04:00:00+10:00,-33.8725,151.213333,pm25,µg/m³,14.8
7428,21614,Cook And Phillip-7428,2020-04-15T05:00:00+10:00,-33.8725,151.213333,pm25,µg/m³,16.1
7428,21614,Cook And Phillip-7428,2020-04-15T06:00:00+10:00,-33.8725,151.213333,pm25,µg/m³,18.2
7428,21614,Cook And Phillip-7428,2020-04-15T07:00:00+10:00,-33.8725,151.213333,pm25,µg/m³,21.0
7428,21614,Cook And Phillip-7428,2020-04-15T08:00:00+10:00,-33.8725,151.213333,pm25,µg/m³,24.8
7428,21614,Cook And Phillip-7428,2020-04-15T09:00:00+10:00,-33.8725,151.213333,pm25,µg/m³,24.4
7428,21614,Cook And Phillip-7428,2020-04-15T12:00:00+10:00,-33.8725,151.213333,pm25,µg/m³,28.5
7428,21614,Cook And Phillip-7428,2020-04-15T13:00:00+10:00,-33.8725,151.213333,pm25,µg/m³,24.9
7428,21614,Cook And Phillip-7428,2020-04-15T15:00:00+10:00,-33.8725,151.213333,pm25,µg/m³,20.2
7428,21614,Cook And Phillip-7428,2020-04-15T16:00:00+10:00,-33.8725,151.213333,pm25,µg/m³,19.3
7428,21614,Cook And Phillip-7428,2020-04-15T17:00:00+10:00,-33.8725,151.213333,pm25,µg/m³,15.1
7428,21614,Cook And Phillip-7428,2020-04-15T18:00:00+10:00,-33.8725,151.213333,pm25,µg/m³,12.7
7428,21614,Cook And Phillip-7428,2020-04-15T20:00:00+10:00,-33.8725,151.213333,pm25,µg/m³,12.1
7428,21614,Cook And Phillip-7428,2020-04-15T21:00:00+10:00,-33.8725,151.213333,pm25,µg/m³,14.2
7428,21614,Cook And Phillip-7428,2020-04-15T22:00:00+10:00,-33.8725,151.213333,pm25,µg/m³,14.2
7428,21614,Cook And Phillip-7428,2020-04-15T23:00:00+10:00,-33.8725,151.213333,pm25,µg/m³,14.9
7428,25546,Cook And Phillip-7428,2020-04-15T01:00:00+10:00,-33.8725,151.213333,no2,ppm,0.028
7428,25546,Cook And Phillip-7428,2020-04-15T03:00:00+10:00,-33.8725,151.213333,no2,ppm,0.026
7428,25546,Cook And Phillip-7428,2020-04-15T04:00:00+10:00,-33.8725,151.213333,no2,ppm,0.028
7428,25546,Cook And Phillip-7428,2020-04-15T05:00:00+10:00,-33.8725,151.213333,no2,ppm,0.026
7428,25546,Cook And Phillip-7428,2020-04-15T06:00:00+10:00,-33.8725,151.213333,no2,ppm,0.025
7428,25546,Cook And Phillip-7428,2020-04-15T07:00:00+10:00,-33.8725,151.213333,no2,ppm,0.029
7428,25546,Cook And Phillip-7428,2020-04-15T08:00:00+10:00,-33.8725,151.213333,no2,ppm,0.03
7428,25546,Cook And Phillip-7428,2020-04-15T09:00:00+10:00,-33.8725,151.213333,no2,ppm,0.031
7428,25546,Cook And Phillip-7428,2020-04-15T12:00:00+10:00,-33.8725,151.213333,no2,ppm,0.025
7428,25546,Cook And Phillip-7428,2020-04-15T13:00:00+10:00,-33.8725,151.213333,no2,ppm,0.011
7428,25546,Cook And Phillip-7428,2020-04-15T15:00:00+10:00,-33.8725,151.213333,no2,ppm,0.008
7428,25546,Cook And Phillip-7428,2020-04-15T16:00:00+10:00,-33.8725,151.213333,no2,ppm,0.01
7428,25546,Cook And Phillip-7428,2020-04-15T17:00:00+10:00,-33.8725,151.213333,no2,ppm,0.017
7428,25546,Cook And Phillip-7428,2020-04-15T18:00:00+10:00,-33.8725,151.213333,no2,ppm,0.031
7428,25546,Cook And Phillip-7428,2020-04-15T20:00:00+10:00,-33.8725,151.213333,no2,ppm,0.015
7428,25546,Cook And Phillip-7428,2020-04-15T21:00:00+10:00,-33.8725,151.213333,no2,ppm,0.016
7428,25546,Cook And Phillip-7428,2020-04-15T22:00:00+10:00,-33.8725,151.213333,no2,ppm,0.013
7428,25546,Cook And Phillip-7428,2020-04-15T23:00:00+10:00,-33.8725,151.213333,no2,ppm,0.011
7428,28686,Cook And Phillip-7428,2020-04-15T01:00:00+10:00,-33.8725,151.213333,co,ppm,0.1
7428,28686,Cook And Phillip-7428,2020-04-15T03:00:00+10:00,-33.8725,151.213333,co,ppm,0.1
7428,28686,Cook And Phillip-7428,2020-04-15T04:00:00+10:00,-33.8725,151.213333,co,ppm,0.1
7428,28686,Cook And Phillip-7428,2020-04-15T05:00:00+10:00,-33.8725,151.213333,co,ppm,0.2
7428,28686,Cook And Phillip-7428,2020-04-15T06:00:00+10:00,-33.8725,151.213333,co,ppm,0.2
7428,28686,Cook And Phillip-7428,2020-04-15T07:00:00+10:00,-33.8725,151.213333,co,ppm,0.2
7428,28686,Cook And Phillip-7428,2020-04-15T08:00:00+10:00,-33.8725,151.213333,co,ppm,0.2
7428,28686,Cook And Phillip-7428,2020-04-15T09:00:00+10:00,-33.8725,151.213333,co,ppm,0.3
7428,28686,Cook And Phillip-7428,2020-04-15T10:00:00+10:00,-33.8725,151.213333,co,ppm,0.3
7428,28686,Cook And Phillip-7428,2020-04-15T12:00:00+10:00,-33.8725,151.213333,co,ppm,0.3
7428,28686,Cook And Phillip-7428,2020-04-15T13:00:00+10:00,-33.8725,151.213333,co,ppm,0.3
7428,28686,Cook And Phillip-7428,2020-04-15T15:00:00+10:00,-33.8725,151.213333,co,ppm,0.3
7428,28686,Cook And Phillip-7428,2020-04-15T16:00:00+10:00,-33.8725,151.213333,co,ppm,0.2
7428,28686,Cook And Phillip-7428,2020-04-15T17:00:00+10:00,-33.8725,151.213333,co,ppm,0.2
7428,28686,Cook And Phillip-7428,2020-04-15T18:00:00+10:00,-33.8725,151.213333,co,ppm,0.2
7428,28686,Cook And Phillip-7428,2020-04-15T20:00:00+10:00,-33.8725,151.213333,co,ppm,0.2
7428,28686,Cook And Phillip-7428,2020-04-15T21:00:00+10:00,-33.8725,151.213333,co,ppm,0.2
7428,28686,Cook And Phillip-7428,2020-04-15T22:00:00+10:00,-33.8725,151.213333,co,ppm,0.2
7428,28686,Cook And Phillip-7428,2020-04-15T23:00:00+10:00,-33.8725,151.213333,co,ppm,0.2
7428,25544,Cook And Phillip-7428,2020-04-15T01:00:00+10:00,-33.8725,151.213333,so2,ppm,0.001
7428,25544,Cook And Phillip-7428,2020-04-15T03:00:00+10:00,-33.8725,151.213333,so2,ppm,0.0
7428,25544,Cook And Phillip-7428,2020-04-15T04:00:00+10:00,-33.8725,151.213333,so2,ppm,0.001
7428,25544,Cook And Phillip-7428,2020-04-15T05:00:00+10:00,-33.8725,151.213333,so2,ppm,0.001
7428,25544,Cook And Phillip-7428,2020-04-15T06:00:00+10:00,-33.8725,151.213333,so2,ppm,0.001
7428,25544,Cook And Phillip-7428,2020-04-15T07:00:00+10:00,-33.8725,151.213333,so2,ppm,0.002
7428,25544,Cook And Phillip-7428,2020-04-15T08:00:00+10:00,-33.8725,151.213333,so2,ppm,0.001
7428,25544,Cook And Phillip-7428,2020-04-15T09:00:00+10:00,-33.8725,151.213333,so2,ppm,0.002
7428,25544,Cook And Phillip-7428,2020-04-15T12:00:00+10:00,-33.8725,151.213333,so2,ppm,0.001
7428,25544,Cook And Phillip-7428,2020-04-15T13:00:00+10:00,-33.8725,151.213333,so2,ppm,0.001
7428,25544,Cook And Phillip-7428,2020-04-15T15:00:00+10:00,-33.8725,151.213333,so2,ppm,0.002
7428,25544,Cook And Phillip-7428,2020-04-15T16:00:00+10:00,-33.8725,151.213333,so2,ppm,0.002
7428,25544,Cook And Phillip-7428,2020-04-15T17:00:00+10:00,-33.8725,151.213333,so2,ppm,0.001
7428,25544,Cook And Phillip-7428,2020-04-15T18:00:00+10:00,-33.8725,151.213333,so2,ppm,0.004
7428,25544,Cook And Phillip-7428,2020-04-15T20:00:00+10:00,-33.8725,151.213333,so2,ppm,0.003
7428,25544,Cook And Phillip-7428,2020-04-15T21:00:00+10:00,-33.8725,151.213333,so2,ppm,0.004
7428,25544,Cook And Phillip-7428,2020-04-15T22:00:00+10:00,-33.8725,151.213333,so2,ppm,0.003
7428,25544,Cook And Phillip-7428,2020-04-15T23:00:00+10:00,-33.8725,151.213333,so2,ppm,0.002
7428,25545,Cook And Phillip-7428,2020-04-15T01:00:00+10:00,-33.8725,151.213333,o3,ppm,0.0
7428,25545,Cook And Phillip-7428,2020-04-15T03:00:00+10:00,-33.8725,151.213333,o3,ppm,0.0
7428,25545,Cook And Phillip-7428,2020-04-15T04:00:00+10:00,-33.8725,151.213333,o3,ppm,0.0
7428,25545,Cook And Phillip-7428,2020-04-15T05:00:00+10:00,-33.8725,151.213333,o3,ppm,0.0
7428,25545,Cook And Phillip-7428,2020-04-15T06:00:00+10:00,-33.8725,151.213333,o3,ppm,0.0
7428,25545,Cook And Phillip-7428,2020-04-15T07:00:00+10:00,-33.8725,151.213333,o3,ppm,0.0
7428,25545,Cook And Phillip-7428,2020-04-15T08:00:00+10:00,-33.8725,151.213333,o3,ppm,0.002
7428,25545,Cook And Phillip-7428,2020-04-15T09:00:00+10:00,-33.8725,151.213333,o3,ppm,0.003
7428,25545,Cook And Phillip-7428,2020-04-15T10:00:00+10:00,-33.8725,151.213333,o3,ppm,0.002
7428,25545,Cook And Phillip-7428,2020-04-15T12:00:00+10:00,-33.8725,151.213333,o3,ppm,0.015
7428,25545,Cook And Phillip-7428,2020-04-15T13:00:00+10:00,-33.8725,151.213333,o3,ppm,0.034
7428,25545,Cook And Phillip-7428,2020-04-15T15:00:00+10:00,-33.8725,151.213333,o3,ppm,0.037
7428,25545,Cook And Phillip-7428,2020-04-15T16:00:00+10:00,-33.8725,151.213333,o3,ppm,0.037
7428,25545,Cook And Phillip-7428,2020-04-15T17:00:00+10:00,-33.8725,151.213333,o3,ppm,0.028
7428,25545,Cook And Phillip-7428,2020-04-15T18:00:00+10:00,-33.8725,151.213333,o3,ppm,0.006
7428,25545,Cook And Phillip-7428,2020-04-15T20:00:00+10:00,-33.8725,151.213333,o3,ppm,0.026
7428,25545,Cook And Phillip-7428,2020-04-15T21:00:00+10:00,-33.8725,151.213333,o3,ppm,0.023
7428,25545,Cook And Phillip-7428,2020-04-15T22:00:00+10:00,-33.8725,151.213333,o3,ppm,0.024
7428,25545,Cook And Phillip-7428,2020-04-15T23:00:00+10:00,-33.8725,151.213333,o3,ppm,0.024
7428,21615,Cook And Phillip-7428,2020-04-16T02:00:00+10:00,-33.8725,151.213333,pm10,µg/m³,23.1
7428,21615,Cook And Phillip-7428,2020-04-16T03:00:00+10:00,-33.8725,151.213333,pm10,µg/m³,19.2
7428,21615,Cook And Phillip-7428,2020-04-16T04:00:00+10:00,-33.8725,151.213333,pm10,µg/m³,14.6
7428,21615,Cook And Phillip-7428,2020-04-16T05:00:00+10:00,-33.8725,151.213333,pm10,µg/m³,11.4
7428,21615,Cook And Phillip-7428,2020-04-16T06:00:00+10:00,-33.8725,151.213333,pm10,µg/m³,12.4
7428,21615,Cook And Phillip-7428,2020-04-16T07:00:00+10:00,-33.8725,151.213333,pm10,µg/m³,17.3
7428,21615,Cook And Phillip-7428,2020-04-16T08:00:00+10:00,-33.8725,151.213333,pm10,µg/m³,22.8
7428,21615,Cook And Phillip-7428,2020-04-16T09:00:00+10:00,-33.8725,151.213333,pm10,µg/m³,26.8
7428,21615,Cook And Phillip-7428,2020-04-16T10:00:00+10:00,-33.8725,151.213333,pm10,µg/m³,29.7
7428,21615,Cook And Phillip-7428,2020-04-16T11:00:00+10:00,-33.8725,151.213333,pm10,µg/m³,34.9
7428,21615,Cook And Phillip-7428,2020-04-16T12:00:00+10:00,-33.8725,151.213333,pm10,µg/m³,24.5
7428,21615,Cook And Phillip-7428,2020-04-16T13:00:00+10:00,-33.8725,151.213333,pm10,µg/m³,23.7
7428,21615,Cook And Phillip-7428,2020-04-16T14:00:00+10:00,-33.8725,151.213333,pm10,µg/m³,22.3
7428,21615,Cook And Phillip-7428,2020-04-16T15:00:00+10:00,-33.8725,151.213333,pm10,µg/m³,22.5
7428,21615,Cook And Phillip-7428,2020-04-16T16:00:00+10:00,-33.8725,151.213333,pm10,µg/m³,19.7
7428,21615,Cook And Phillip-7428,2020-04-16T17:00:00+10:00,-33.8725,151.213333,pm10,µg/m³,25.3
7428,21615,Cook And Phillip-7428,2020-04-16T18:00:00+10:00,-33.8725,151.213333,pm10,µg/m³,21.4
7428,21615,Cook And Phillip-7428,2020-04-16T19:00:00+10:00,-33.8725,151.213333,pm10,µg/m³,20.7
7428,21615,Cook And Phillip-7428,2020-04-16T20:00:00+10:00,-33.8725,151.213333,pm10,µg/m³,16.4
7428,21615,Cook And Phillip-7428,2020-04-16T21:00:00+10:00,-33.8725,151.213333,pm10,µg/m³,14.4
7428,21615,Cook And Phillip-7428,2020-04-16T22:00:00+10:00,-33.8725,151.213333,pm10,µg/m³,9.5
7428,21614,Cook And Phillip-7428,2020-04-16T02:00:00+10:00,-33.8725,151.213333,pm25,µg/m³,12.2
7428,21614,Cook And Phillip-7428,2020-04-16T03:00:00+10:00,-33.8725,151.213333,pm25,µg/m³,10.5
7428,21614,Cook And Phillip-7428,2020-04-16T04:00:00+10:00,-33.8725,151.213333,pm25,µg/m³,7.3
7428,21614,Cook And Phillip-7428,2020-04-16T05:00:00+10:00,-33.8725,151.213333,pm25,µg/m³,4.9
7428,21614,Cook And Phillip-7428,2020-04-16T06:00:00+10:00,-33.8725,151.213333,pm25,µg/m³,6.2
7428,21614,Cook And Phillip-7428,2020-04-16T07:00:00+10:00,-33.8725,151.213333,pm25,µg/m³,9.3
7428,21614,Cook And Phillip-7428,2020-04-16T08:00:00+10:00,-33.8725,151.213333,pm25,µg/m³,12.2
7428,21614,Cook And Phillip-7428,2020-04-16T09:00:00+10:00,-33.8725,151.213333,pm25,µg/m³,13.5
7428,21614,Cook And Phillip-7428,2020-04-16T10:00:00+10:00,-33.8725,151.213333,pm25,µg/m³,12.8
7428,21614,Cook And Phillip-7428,2020-04-16T11:00:00+10:00,-33.8725,151.213333,pm25,µg/m³,13.8
7428,21614,Cook And Phillip-7428,2020-04-16T12:00:00+10:00,-33.8725,151.213333,pm25,µg/m³,10.3
7428,21614,Cook And Phillip-7428,2020-04-16T13:00:00+10:00,-33.8725,151.213333,pm25,µg/m³,11.3
7428,21614,Cook And Phillip-7428,2020-04-16T14:00:00+10:00,-33.8725,151.213333,pm25,µg/m³,9.2
7428,21614,Cook And Phillip-7428,2020-04-16T15:00:00+10:00,-33.8725,151.213333,pm25,µg/m³,8.5
7428,21614,Cook And Phillip-7428,2020-04-16T16:00:00+10:00,-33.8725,151.213333,pm25,µg/m³,6.7
7428,21614,Cook And Phillip-7428,2020-04-16T17:00:00+10:00,-33.8725,151.213333,pm25,µg/m³,11.3
7428,21614,Cook And Phillip-7428,2020-04-16T18:00:00+10:00,-33.8725,151.213333,pm25,µg/m³,10.1
7428,21614,Cook And Phillip-7428,2020-04-16T19:00:00+10:00,-33.8725,151.213333,pm25,µg/m³,10.7
7428,21614,Cook And Phillip-7428,2020-04-16T20:00:00+10:00,-33.8725,151.213333,pm25,µg/m³,7.3
7428,21614,Cook And Phillip-7428,2020-04-16T21:00:00+10:00,-33.8725,151.213333,pm25,µg/m³,7.3
7428,21614,Cook And Phillip-7428,2020-04-16T22:00:00+10:00,-33.8725,151.213333,pm25,µg/m³,1.8
7428,25546,Cook And Phillip-7428,2020-04-16T03:00:00+10:00,-33.8725,151.213333,no2,ppm,0.012
7428,25546,Cook And Phillip-7428,2020-04-16T04:00:00+10:00,-33.8725,151.213333,no2,ppm,0.018
7428,25546,Cook And Phillip-7428,2020-04-16T05:00:00+10:00,-33.8725,151.213333,no2,ppm,0.02
7428,25546,Cook And Phillip-7428,2020-04-16T06:00:00+10:00,-33.8725,151.213333,no2,ppm,0.024
7428,25546,Cook And Phillip-7428,2020-04-16T07:00:00+10:00,-33.8725,151.213333,no2,ppm,0.025
7428,25546,Cook And Phillip-7428,2020-04-16T08:00:00+10:00,-33.8725,151.213333,no2,ppm,0.029
7428,25546,Cook And Phillip-7428,2020-04-16T09:00:00+10:00,-33.8725,151.213333,no2,ppm,0.03
7428,25546,Cook And Phillip-7428,2020-04-16T10:00:00+10:00,-33.8725,151.213333,no2,ppm,0.026
7428,25546,Cook And Phillip-7428,2020-04-16T11:00:00+10:00,-33.8725,151.213333,no2,ppm,0.02
7428,25546,Cook And Phillip-7428,2020-04-16T12:00:00+10:00,-33.8725,151.213333,no2,ppm,0.015
7428,25546,Cook And Phillip-7428,2020-04-16T13:00:00+10:00,-33.8725,151.213333,no2,ppm,0.014
7428,25546,Cook And Phillip-7428,2020-04-16T14:00:00+10:00,-33.8725,151.213333,no2,ppm,0.02
7428,25546,Cook And Phillip-7428,2020-04-16T15:00:00+10:00,-33.8725,151.213333,no2,ppm,0.021
7428,25546,Cook And Phillip-7428,2020-04-16T16:00:00+10:00,-33.8725,151.213333,no2,ppm,0.028
7428,25546,Cook And Phillip-7428,2020-04-16T17:00:00+10:00,-33.8725,151.213333,no2,ppm,0.029
7428,25546,Cook And Phillip-7428,2020-04-16T18:00:00+10:00,-33.8725,151.213333,no2,ppm,0.028
7428,25546,Cook And Phillip-7428,2020-04-16T19:00:00+10:00,-33.8725,151.213333,no2,ppm,0.03
7428,25546,Cook And Phillip-7428,2020-04-16T20:00:00+10:00,-33.8725,151.213333,no2,ppm,0.021
7428,25546,Cook And Phillip-7428,2020-04-16T21:00:00+10:00,-33.8725,151.213333,no2,ppm,0.023
7428,25546,Cook And Phillip-7428,2020-04-16T22:00:00+10:00,-33.8725,151.213333,no2,ppm,0.015
7428,28686,Cook And Phillip-7428,2020-04-16T02:00:00+10:00,-33.8725,151.213333,co,ppm,0.1
7428,28686,Cook And Phillip-7428,2020-04-16T03:00:00+10:00,-33.8725,151.213333,co,ppm,0.1
7428,28686,Cook And Phillip-7428,2020-04-16T04:00:00+10:00,-33.8725,151.213333,co,ppm,0.1
7428,28686,Cook And Phillip-7428,2020-04-16T05:00:00+10:00,-33.8725,151.213333,co,ppm,0.1
7428,28686,Cook And Phillip-7428,2020-04-16T06:00:00+10:00,-33.8725,151.213333,co,ppm,0.1
7428,28686,Cook And Phillip-7428,2020-04-16T07:00:00+10:00,-33.8725,151.213333,co,ppm,0.2
7428,28686,Cook And Phillip-7428,2020-04-16T08:00:00+10:00,-33.8725,151.213333,co,ppm,0.2
7428,28686,Cook And Phillip-7428,2020-04-16T09:00:00+10:00,-33.8725,151.213333,co,ppm,0.2
7428,28686,Cook And Phillip-7428,2020-04-16T10:00:00+10:00,-33.8725,151.213333,co,ppm,0.2
7428,28686,Cook And Phillip-7428,2020-04-16T11:00:00+10:00,-33.8725,151.213333,co,ppm,0.2
7428,28686,Cook And Phillip-7428,2020-04-16T12:00:00+10:00,-33.8725,151.213333,co,ppm,0.2
7428,28686,Cook And Phillip-7428,2020-04-16T13:00:00+10:00,-33.8725,151.213333,co,ppm,0.2
7428,28686,Cook And Phillip-7428,2020-04-16T14:00:00+10:00,-33.8725,151.213333,co,ppm,0.2
7428,28686,Cook And Phillip-7428,2020-04-16T15:00:00+10:00,-33.8725,151.213333,co,ppm,0.2
7428,28686,Cook And Phillip-7428,2020-04-16T16:00:00+10:00,-33.8725,151.213333,co,ppm,0.2
7428,28686,Cook And Phillip-7428,2020-04-16T17:00:00+10:00,-33.8725,151.213333,co,ppm,0.2
7428,28686,Cook And Phillip-7428,2020-04-16T18:00:00+10:00,-33.8725,151.213333,co,ppm,0.2
7428,28686,Cook And Phillip-7428,2020-04-16T19:00:00+10:00,-33.8725,151.213333,co,ppm,0.2
7428,28686,Cook And Phillip-7428,2020-04-16T20:00:00+10:00,-33.8725,151.213333,co,ppm,0.2
7428,28686,Cook And Phillip-7428,2020-04-16T21:00:00+10:00,-33.8725,151.213333,co,ppm,0.2
7428,28686,Cook And Phillip-7428,2020-04-16T22:00:00+10:00,-33.8725,151.213333,co,ppm,0.2
7428,25544,Cook And Phillip-7428,2020-04-16T03:00:00+10:00,-33.8725,151.213333,so2,ppm,0.0
7428,25544,Cook And Phillip-7428,2020-04-16T04:00:00+10:00,-33.8725,151.213333,so2,ppm,0.0
7428,25544,Cook And Phillip-7428,2020-04-16T05:00:00+10:00,-33.8725,151.213333,so2,ppm,0.0
7428,25544,Cook And Phillip-7428,2020-04-16T06:00:00+10:00,-33.8725,151.213333,so2,ppm,0.0
7428,25544,Cook And Phillip-7428,2020-04-16T07:00:00+10:00,-33.8725,151.213333,so2,ppm,0.001
7428,25544,Cook And Phillip-7428,2020-04-16T08:00:00+10:00,-33.8725,151.213333,so2,ppm,0.002
7428,25544,Cook And Phillip-7428,2020-04-16T09:00:00+10:00,-33.8725,151.213333,so2,ppm,0.002
7428,25544,Cook And Phillip-7428,2020-04-16T10:00:00+10:00,-33.8725,151.213333,so2,ppm,0.001
7428,25544,Cook And Phillip-7428,2020-04-16T11:00:00+10:00,-33.8725,151.213333,so2,ppm,0.001
7428,25544,Cook And Phillip-7428,2020-04-16T12:00:00+10:00,-33.8725,151.213333,so2,ppm,0.0
7428,25544,Cook And Phillip-7428,2020-04-16T13:00:00+10:00,-33.8725,151.213333,so2,ppm,0.001
7428,25544,Cook And Phillip-7428,2020-04-16T14:00:00+10:00,-33.8725,151.213333,so2,ppm,0.001
7428,25544,Cook And Phillip-7428,2020-04-16T15:00:00+10:00,-33.8725,151.213333,so2,ppm,0.0
7428,25544,Cook And Phillip-7428,2020-04-16T16:00:00+10:00,-33.8725,151.213333,so2,ppm,0.0
7428,25544,Cook And Phillip-7428,2020-04-16T17:00:00+10:00,-33.8725,151.213333,so2,ppm,0.0
7428,25544,Cook And Phillip-7428,2020-04-16T18:00:00+10:00,-33.8725,151.213333,so2,ppm,0.0
7428,25544,Cook And Phillip-7428,2020-04-16T19:00:00+10:00,-33.8725,151.213333,so2,ppm,0.0
7428,25544,Cook And Phillip-7428,2020-04-16T20:00:00+10:00,-33.8725,151.213333,so2,ppm,0.0
7428,25544,Cook And Phillip-7428,2020-04-16T21:00:00+10:00,-33.8725,151.213333,so2,ppm,0.0
7428,25544,Cook And Phillip-7428,2020-04-16T22:00:00+10:00,-33.8725,151.213333,so2,ppm,0.0
7428,25545,Cook And Phillip-7428,2020-04-16T02:00:00+10:00,-33.8725,151.213333,o3,ppm,0.016
7428,25545,Cook And Phillip-7428,2020-04-16T03:00:00+10:00,-33.8725,151.213333,o3,ppm,0.008
7428,25545,Cook And Phillip-7428,2020-04-16T04:00:00+10:00,-33.8725,151.213333,o3,ppm,0.005
7428,25545,Cook And Phillip-7428,2020-04-16T05:00:00+10:00,-33.8725,151.213333,o3,ppm,0.003
7428,25545,Cook And Phillip-7428,2020-04-16T06:00:00+10:00,-33.8725,151.213333,o3,ppm,0.001
7428,25545,Cook And Phillip-7428,2020-04-16T07:00:00+10:00,-33.8725,151.213333,o3,ppm,0.0
7428,25545,Cook And Phillip-7428,2020-04-16T08:00:00+10:00,-33.8725,151.213333,o3,ppm,0.0
7428,25545,Cook And Phillip-7428,2020-04-16T09:00:00+10:00,-33.8725,151.213333,o3,ppm,0.0
7428,25545,Cook And Phillip-7428,2020-04-16T10:00:00+10:00,-33.8725,151.213333,o3,ppm,0.002
7428,25545,Cook And Phillip-7428,2020-04-16T11:00:00+10:00,-33.8725,151.213333,o3,ppm,0.008
7428,25545,Cook And Phillip-7428,2020-04-16T12:00:00+10:00,-33.8725,151.213333,o3,ppm,0.014
7428,25545,Cook And Phillip-7428,2020-04-16T13:00:00+10:00,-33.8725,151.213333,o3,ppm,0.015
7428,25545,Cook And Phillip-7428,2020-04-16T14:00:00+10:00,-33.8725,151.213333,o3,ppm,0.009
7428,25545,Cook And Phillip-7428,2020-04-16T15:00:00+10:00,-33.8725,151.213333,o3,ppm,0.007
7428,25545,Cook And Phillip-7428,2020-04-16T16:00:00+10:00,-33.8725,151.213333,o3,ppm,0.001
7428,25545,Cook And Phillip-7428,2020-04-16T17:00:00+10:00,-33.8725,151.213333,o3,ppm,0.001
7428,25545,Cook And Phillip-7428,2020-04-16T18:00:00+10:00,-33.8725,151.213333,o3,ppm,0.0
7428,25545,Cook And Phillip-7428,2020-04-16T19:00:00+10:00,-33.8725,151.213333,o3,ppm,0.0
7428,25545,Cook And Phillip-7428,2020-04-16T20:00:00+10:00,-33.8725,151.213333,o3,ppm,0.008
7428,25545,Cook And Phillip-7428,2020-04-16T21:00:00+10:00,-33.8725,151.213333,o3,ppm,0.006
7428,25545,Cook And Phillip-7428,2020-04-16T22:00:00+10:00,-33.8725,151.213333,o3,ppm,0.013
7428,21615,Cook And Phillip-7428,2020-04-17T02:00:00+10:00,-33.8725,151.213333,pm10,µg/m³,28.1
7428,21615,Cook And Phillip-7428,2020-04-17T03:00:00+10:00,-33.8725,151.213333,pm10,µg/m³,23.2
7428,21615,Cook And Phillip-7428,2020-04-17T04:00:00+10:00,-33.8725,151.213333,pm10,µg/m³,25.2
7428,21615,Cook And Phillip-7428,2020-04-17T05:00:00+10:00,-33.8725,151.213333,pm10,µg/m³,25.0
7428,21615,Cook And Phillip-7428,2020-04-17T06:00:00+10:00,-33.8725,151.213333,pm10,µg/m³,23.1
7428,21615,Cook And Phillip-7428,2020-04-17T07:00:00+10:00,-33.8725,151.213333,pm10,µg/m³,23.3
7428,21615,Cook And Phillip-7428,2020-04-17T08:00:00+10:00,-33.8725,151.213333,pm10,µg/m³,18.5
7428,21615,Cook And Phillip-7428,2020-04-17T09:00:00+10:00,-33.8725,151.213333,pm10,µg/m³,17.1
7428,21615,Cook And Phillip-7428,2020-04-17T10:00:00+10:00,-33.8725,151.213333,pm10,µg/m³,17.1
7428,21615,Cook And Phillip-7428,2020-04-17T11:00:00+10:00,-33.8725,151.213333,pm10,µg/m³,19.3
7428,21615,Cook And Phillip-7428,2020-04-17T12:00:00+10:00,-33.8725,151.213333,pm10,µg/m³,20.0
7428,21615,Cook And Phillip-7428,2020-04-17T13:00:00+10:00,-33.8725,151.213333,pm10,µg/m³,18.1
7428,21615,Cook And Phillip-7428,2020-04-17T14:00:00+10:00,-33.8725,151.213333,pm10,µg/m³,14.7
7428,21615,Cook And Phillip-7428,2020-04-17T15:00:00+10:00,-33.8725,151.213333,pm10,µg/m³,19.9
7428,21615,Cook And Phillip-7428,2020-04-17T16:00:00+10:00,-33.8725,151.213333,pm10,µg/m³,17.7
7428,21615,Cook And Phillip-7428,2020-04-17T17:00:00+10:00,-33.8725,151.213333,pm10,µg/m³,16.8
7428,21615,Cook And Phillip-7428,2020-04-17T18:00:00+10:00,-33.8725,151.213333,pm10,µg/m³,13.1
7428,21615,Cook And Phillip-7428,2020-04-17T19:00:00+10:00,-33.8725,151.213333,pm10,µg/m³,11.3
7428,21615,Cook And Phillip-7428,2020-04-17T20:00:00+10:00,-33.8725,151.213333,pm10,µg/m³,12.3
7428,21615,Cook And Phillip-7428,2020-04-17T21:00:00+10:00,-33.8725,151.213333,pm10,µg/m³,15.3
7428,21615,Cook And Phillip-7428,2020-04-17T22:00:00+10:00,-33.8725,151.213333,pm10,µg/m³,7.6
7428,21614,Cook And Phillip-7428,2020-04-17T02:00:00+10:00,-33.8725,151.213333,pm25,µg/m³,9.5
7428,21614,Cook And Phillip-7428,2020-04-17T03:00:00+10:00,-33.8725,151.213333,pm25,µg/m³,5.3
7428,21614,Cook And Phillip-7428,2020-04-17T04:00:00+10:00,-33.8725,151.213333,pm25,µg/m³,3.3
7428,21614,Cook And Phillip-7428,2020-04-17T05:00:00+10:00,-33.8725,151.213333,pm25,µg/m³,4.7
7428,21614,Cook And Phillip-7428,2020-04-17T06:00:00+10:00,-33.8725,151.213333,pm25,µg/m³,3.6
7428,21614,Cook And Phillip-7428,2020-04-17T07:00:00+10:00,-33.8725,151.213333,pm25,µg/m³,5.2
7428,21614,Cook And Phillip-7428,2020-04-17T08:00:00+10:00,-33.8725,151.213333,pm25,µg/m³,6.0
7428,21614,Cook And Phillip-7428,2020-04-17T09:00:00+10:00,-33.8725,151.213333,pm25,µg/m³,5.2
7428,21614,Cook And Phillip-7428,2020-04-17T10:00:00+10:00,-33.8725,151.213333,pm25,µg/m³,4.4
7428,21614,Cook And Phillip-7428,2020-04-17T11:00:00+10:00,-33.8725,151.213333,pm25,µg/m³,6.4
7428,21614,Cook And Phillip-7428,2020-04-17T12:00:00+10:00,-33.8725,151.213333,pm25,µg/m³,8.6
7428,21614,Cook And Phillip-7428,2020-04-17T13:00:00+10:00,-33.8725,151.213333,pm25,µg/m³,8.0
7428,21614,Cook And Phillip-7428,2020-04-17T14:00:00+10:00,-33.8725,151.213333,pm25,µg/m³,5.4
7428,21614,Cook And Phillip-7428,2020-04-17T15:00:00+10:00,-33.8725,151.213333,pm25,µg/m³,10.3
7428,21614,Cook And Phillip-7428,2020-04-17T16:00:00+10:00,-33.8725,151.213333,pm25,µg/m³,9.2
7428,21614,Cook And Phillip-7428,2020-04-17T17:00:00+10:00,-33.8725,151.213333,pm25,µg/m³,7.4
7428,21614,Cook And Phillip-7428,2020-04-17T18:00:00+10:00,-33.8725,151.213333,pm25,µg/m³,6.5
7428,21614,Cook And Phillip-7428,2020-04-17T19:00:00+10:00,-33.8725,151.213333,pm25,µg/m³,6.1
7428,21614,Cook And Phillip-7428,2020-04-17T20:00:00+10:00,-33.8725,151.213333,pm25,µg/m³,4.7
7428,21614,Cook And Phillip-7428,2020-04-17T21:00:00+10:00,-33.8725,151.213333,pm25,µg/m³,6.9
7428,21614,Cook And Phillip-7428,2020-04-17T22:00:00+10:00,-33.8725,151.213333,pm25,µg/m³,2.0
7428,25546,Cook And Phillip-7428,2020-04-17T03:00:00+10:00,-33.8725,151.213333,no2,ppm,0.006
7428,25546,Cook And Phillip-7428,2020-04-17T04:00:00+10:00,-33.8725,151.213333,no2,ppm,0.007
7428,25546,Cook And Phillip-7428,2020-04-17T05:00:00+10:00,-33.8725,151.213333,no2,ppm,0.008
7428,25546,Cook And Phillip-7428,2020-04-17T06:00:00+10:00,-33.8725,151.213333,no2,ppm,0.012
7428,25546,Cook And Phillip-7428,2020-04-17T07:00:00+10:00,-33.8725,151.213333,no2,ppm,0.022
7428,25546,Cook And Phillip-7428,2020-04-17T08:00:00+10:00,-33.8725,151.213333,no2,ppm,0.023
7428,25546,Cook And Phillip-7428,2020-04-17T09:00:00+10:00,-33.8725,151.213333,no2,ppm,0.017
7428,25546,Cook And Phillip-7428,2020-04-17T10:00:00+10:00,-33.8725,151.213333,no2,ppm,0.016
7428,25546,Cook And Phillip-7428,2020-04-17T11:00:00+10:00,-33.8725,151.213333,no2,ppm,0.015
7428,25546,Cook And Phillip-7428,2020-04-17T12:00:00+10:00,-33.8725,151.213333,no2,ppm,0.012
7428,25546,Cook And Phillip-7428,2020-04-17T13:00:00+10:00,-33.8725,151.213333,no2,ppm,0.015
7428,25546,Cook And Phillip-7428,2020-04-17T14:00:00+10:00,-33.8725,151.213333,no2,ppm,0.016
7428,25546,Cook And Phillip-7428,2020-04-17T15:00:00+10:00,-33.8725,151.213333,no2,ppm,0.015
7428,25546,Cook And Phillip-7428,2020-04-17T16:00:00+10:00,-33.8725,151.213333,no2,ppm,0.018
7428,25546,Cook And Phillip-7428,2020-04-17T17:00:00+10:00,-33.8725,151.213333,no2,ppm,0.028
7428,25546,Cook And Phillip-7428,2020-04-17T18:00:00+10:00,-33.8725,151.213333,no2,ppm,0.033
7428,25546,Cook And Phillip-7428,2020-04-17T19:00:00+10:00,-33.8725,151.213333,no2,ppm,0.034
7428,25546,Cook And Phillip-7428,2020-04-17T20:00:00+10:00,-33.8725,151.213333,no2,ppm,0.03
7428,25546,Cook And Phillip-7428,2020-04-17T21:00:00+10:00,-33.8725,151.213333,no2,ppm,0.026
7428,25546,Cook And Phillip-7428,2020-04-17T22:00:00+10:00,-33.8725,151.213333,no2,ppm,0.019
7428,28686,Cook And Phillip-7428,2020-04-17T02:00:00+10:00,-33.8725,151.213333,co,ppm,0.1
7428,28686,Cook And Phillip-7428,2020-04-17T03:00:00+10:00,-33.8725,151.213333,co,ppm,0.1
7428,28686,Cook And Phillip-7428,2020-04-17T04:00:00+10:00,-33.8725,151.213333,co,ppm,0.1
7428,28686,Cook And Phillip-7428,2020-04-17T05:00:00+10:00,-33.8725,151.213333,co,ppm,0.1
7428,28686,Cook And Phillip-7428,2020-04-17T06:00:00+10:00,-33.8725,151.213333,co,ppm,0.1
7428,28686,Cook And Phillip-7428,2020-04-17T07:00:00+10:00,-33.8725,151.213333,co,ppm,0.1
7428,28686,Cook And Phillip-7428,2020-04-17T08:00:00+10:00,-33.8725,151.213333,co,ppm,0.1
7428,28686,Cook And Phillip-7428,2020-04-17T09:00:00+10:00,-33.8725,151.213333,co,ppm,0.1
7428,28686,Cook And Phillip-7428,2020-04-17T10:00:00+10:00,-33.8725,151.213333,co,ppm,0.1
7428,28686,Cook And Phillip-7428,2020-04-17T11:00:00+10:00,-33.8725,151.213333,co,ppm,0.1
7428,28686,Cook And Phillip-7428,2020-04-17T12:00:00+10:00,-33.8725,151.213333,co,ppm,0.1
7428,28686,Cook And Phillip-7428,2020-04-17T13:00:00+10:00,-33.8725,151.213333,co,ppm,0.2
7428,28686,Cook And Phillip-7428,2020-04-17T14:00:00+10:00,-33.8725,151.213333,co,ppm,0.2
7428,28686,Cook And Phillip-7428,2020-04-17T15:00:00+10:00,-33.8725,151.213333,co,ppm,0.2
7428,28686,Cook And Phillip-7428,2020-04-17T16:00:00+10:00,-33.8725,151.213333,co,ppm,0.2
7428,28686,Cook And Phillip-7428,2020-04-17T17:00:00+10:00,-33.8725,151.213333,co,ppm,0.2
7428,28686,Cook And Phillip-7428,2020-04-17T18:00:00+10:00,-33.8725,151.213333,co,ppm,0.3
7428,28686,Cook And Phillip-7428,2020-04-17T19:00:00+10:00,-33.8725,151.213333,co,ppm,0.3
7428,28686,Cook And Phillip-7428,2020-04-17T20:00:00+10:00,-33.8725,151.213333,co,ppm,0.4
7428,28686,Cook And Phillip-7428,2020-04-17T21:00:00+10:00,-33.8725,151.213333,co,ppm,0.4
7428,28686,Cook And Phillip-7428,2020-04-17T22:00:00+10:00,-33.8725,151.213333,co,ppm,0.4
7428,25544,Cook And Phillip-7428,2020-04-17T03:00:00+10:00,-33.8725,151.213333,so2,ppm,0.0
7428,25544,Cook And Phillip-7428,2020-04-17T04:00:00+10:00,-33.8725,151.213333,so2,ppm,0.0
7428,25544,Cook And Phillip-7428,2020-04-17T05:00:00+10:00,-33.8725,151.213333,so2,ppm,0.0
7428,25544,Cook And Phillip-7428,2020-04-17T06:00:00+10:00,-33.8725,151.213333,so2,ppm,0.0
7428,25544,Cook And Phillip-7428,2020-04-17T07:00:00+10:00,-33.8725,151.213333,so2,ppm,0.0
7428,25544,Cook And Phillip-7428,2020-04-17T08:00:00+10:00,-33.8725,151.213333,so2,ppm,0.0
7428,25544,Cook And Phillip-7428,2020-04-17T09:00:00+10:00,-33.8725,151.213333,so2,ppm,0.0
7428,25544,Cook And Phillip-7428,2020-04-17T10:00:00+10:00,-33.8725,151.213333,so2,ppm,0.0
7428,25544,Cook And Phillip-7428,2020-04-17T11:00:00+10:00,-33.8725,151.213333,so2,ppm,0.0
7428,25544,Cook And Phillip-7428,2020-04-17T12:00:00+10:00,-33.8725,151.213333,so2,ppm,0.0
7428,25544,Cook And Phillip-7428,2020-04-17T13:00:00+10:00,-33.8725,151.213333,so2,ppm,0.0
7428,25544,Cook And Phillip-7428,2020-04-17T14:00:00+10:00,-33.8725,151.213333,so2,ppm,0.0
7428,25544,Cook And Phillip-7428,2020-04-17T15:00:00+10:00,-33.8725,151.213333,so2,ppm,0.0
7428,25544,Cook And Phillip-7428,2020-04-17T16:00:00+10:00,-33.8725,151.213333,so2,ppm,0.0
7428,25544,Cook And Phillip-7428,2020-04-17T17:00:00+10:00,-33.8725,151.213333,so2,ppm,0.0
7428,25544,Cook And Phillip-7428,2020-04-17T18:00:00+10:00,-33.8725,151.213333,so2,ppm,0.001
7428,25544,Cook And Phillip-7428,2020-04-17T19:00:00+10:00,-33.8725,151.213333,so2,ppm,0.001
7428,25544,Cook And Phillip-7428,2020-04-17T20:00:00+10:00,-33.8725,151.213333,so2,ppm,0.001
7428,25544,Cook And Phillip-7428,2020-04-17T21:00:00+10:00,-33.8725,151.213333,so2,ppm,0.0
7428,25544,Cook And Phillip-7428,2020-04-17T22:00:00+10:00,-33.8725,151.213333,so2,ppm,0.0
7428,25545,Cook And Phillip-7428,2020-04-17T02:00:00+10:00,-33.8725,151.213333,o3,ppm,0.011
7428,25545,Cook And Phillip-7428,2020-04-17T03:00:00+10:00,-33.8725,151.213333,o3,ppm,0.016
7428,25545,Cook And Phillip-7428,2020-04-17T04:00:00+10:00,-33.8725,151.213333,o3,ppm,0.016
7428,25545,Cook And Phillip-7428,2020-04-17T05:00:00+10:00,-33.8725,151.213333,o3,ppm,0.014
7428,25545,Cook And Phillip-7428,2020-04-17T06:00:00+10:00,-33.8725,151.213333,o3,ppm,0.01
7428,25545,Cook And Phillip-7428,2020-04-17T07:00:00+10:00,-33.8725,151.213333,o3,ppm,0.002
7428,25545,Cook And Phillip-7428,2020-04-17T08:00:00+10:00,-33.8725,151.213333,o3,ppm,0.003
7428,25545,Cook And Phillip-7428,2020-04-17T09:00:00+10:00,-33.8725,151.213333,o3,ppm,0.009
7428,25545,Cook And Phillip-7428,2020-04-17T10:00:00+10:00,-33.8725,151.213333,o3,ppm,0.011
7428,25545,Cook And Phillip-7428,2020-04-17T11:00:00+10:00,-33.8725,151.213333,o3,ppm,0.014
7428,25545,Cook And Phillip-7428,2020-04-17T12:00:00+10:00,-33.8725,151.213333,o3,ppm,0.018
7428,25545,Cook And Phillip-7428,2020-04-17T13:00:00+10:00,-33.8725,151.213333,o3,ppm,0.019
7428,25545,Cook And Phillip-7428,2020-04-17T14:00:00+10:00,-33.8725,151.213333,o3,ppm,0.019
7428,25545,Cook And Phillip-7428,2020-04-17T15:00:00+10:00,-33.8725,151.213333,o3,ppm,0.018
7428,25545,Cook And Phillip-7428,2020-04-17T16:00:00+10:00,-33.8725,151.213333,o3,ppm,0.013
7428,25545,Cook And Phillip-7428,2020-04-17T17:00:00+10:00,-33.8725,151.213333,o3,ppm,0.004
7428,25545,Cook And Phillip-7428,2020-04-17T18:00:00+10:00,-33.8725,151.213333,o3,ppm,0.0
7428,25545,Cook And Phillip-7428,2020-04-17T19:00:00+10:00,-33.8725,151.213333,o3,ppm,0.0
7428,25545,Cook And Phillip-7428,2020-04-17T20:00:00+10:00,-33.8725,151.213333,o3,ppm,0.0
7428,25545,Cook And Phillip-7428,2020-04-17T21:00:00+10:00,-33.8725,151.213333,o3,ppm,0.001
7428,25545,Cook And Phillip-7428,2020-04-17T22:00:00+10:00,-33.8725,151.213333,o3,ppm,0.006
7428,21615,Cook And Phillip-7428,2020-04-18T01:00:00+10:00,-33.8725,151.213333,pm10,µg/m³,5.5
7428,21615,Cook And Phillip-7428,2020-04-18T02:00:00+10:00,-33.8725,151.213333,pm10,µg/m³,5.0
7428,21615,Cook And Phillip-7428,2020-04-18T03:00:00+10:00,-33.8725,151.213333,pm10,µg/m³,5.5
7428,21615,Cook And Phillip-7428,2020-04-18T04:00:00+10:00,-33.8725,151.213333,pm10,µg/m³,8.1
7428,21615,Cook And Phillip-7428,2020-04-18T05:00:00+10:00,-33.8725,151.213333,pm10,µg/m³,6.8
7428,21615,Cook And Phillip-7428,2020-04-18T06:00:00+10:00,-33.8725,151.213333,pm10,µg/m³,11.8
7428,21615,Cook And Phillip-7428,2020-04-18T07:00:00+10:00,-33.8725,151.213333,pm10,µg/m³,9.1
7428,21615,Cook And Phillip-7428,2020-04-18T08:00:00+10:00,-33.8725,151.213333,pm10,µg/m³,8.8
7428,21615,Cook And Phillip-7428,2020-04-18T09:00:00+10:00,-33.8725,151.213333,pm10,µg/m³,16.6
7428,21615,Cook And Phillip-7428,2020-04-18T10:00:00+10:00,-33.8725,151.213333,pm10,µg/m³,18.5
7428,21615,Cook And Phillip-7428,2020-04-18T11:00:00+10:00,-33.8725,151.213333,pm10,µg/m³,22.4
7428,21615,Cook And Phillip-7428,2020-04-18T12:00:00+10:00,-33.8725,151.213333,pm10,µg/m³,18.4
7428,21615,Cook And Phillip-7428,2020-04-18T14:00:00+10:00,-33.8725,151.213333,pm10,µg/m³,12.5
7428,21615,Cook And Phillip-7428,2020-04-18T15:00:00+10:00,-33.8725,151.213333,pm10,µg/m³,15.3
7428,21615,Cook And Phillip-7428,2020-04-18T16:00:00+10:00,-33.8725,151.213333,pm10,µg/m³,13.7
7428,21615,Cook And Phillip-7428,2020-04-18T17:00:00+10:00,-33.8725,151.213333,pm10,µg/m³,10.5
7428,21615,Cook And Phillip-7428,2020-04-18T18:00:00+10:00,-33.8725,151.213333,pm10,µg/m³,8.5
7428,21615,Cook And Phillip-7428,2020-04-18T19:00:00+10:00,-33.8725,151.213333,pm10,µg/m³,9.1
7428,21615,Cook And Phillip-7428,2020-04-18T20:00:00+10:00,-33.8725,151.213333,pm10,µg/m³,10.8
7428,21615,Cook And Phillip-7428,2020-04-18T21:00:00+10:00,-33.8725,151.213333,pm10,µg/m³,9.6
7428,21615,Cook And Phillip-7428,2020-04-18T22:00:00+10:00,-33.8725,151.213333,pm10,µg/m³,9.4
7428,21615,Cook And Phillip-7428,2020-04-18T23:00:00+10:00,-33.8725,151.213333,pm10,µg/m³,14.3
7428,21614,Cook And Phillip-7428,2020-04-18T01:00:00+10:00,-33.8725,151.213333,pm25,µg/m³,0.0
7428,21614,Cook And Phillip-7428,2020-04-18T02:00:00+10:00,-33.8725,151.213333,pm25,µg/m³,0.0
7428,21614,Cook And Phillip-7428,2020-04-18T03:00:00+10:00,-33.8725,151.213333,pm25,µg/m³,0.0
7428,21614,Cook And Phillip-7428,2020-04-18T04:00:00+10:00,-33.8725,151.213333,pm25,µg/m³,1.9
7428,21614,Cook And Phillip-7428,2020-04-18T05:00:00+10:00,-33.8725,151.213333,pm25,µg/m³,1.3
7428,21614,Cook And Phillip-7428,2020-04-18T06:00:00+10:00,-33.8725,151.213333,pm25,µg/m³,6.1
7428,21614,Cook And Phillip-7428,2020-04-18T07:00:00+10:00,-33.8725,151.213333,pm25,µg/m³,3.7
7428,21614,Cook And Phillip-7428,2020-04-18T08:00:00+10:00,-33.8725,151.213333,pm25,µg/m³,1.7
7428,21614,Cook And Phillip-7428,2020-04-18T09:00:00+10:00,-33.8725,151.213333,pm25,µg/m³,5.8
7428,21614,Cook And Phillip-7428,2020-04-18T10:00:00+10:00,-33.8725,151.213333,pm25,µg/m³,6.9
7428,21614,Cook And Phillip-7428,2020-04-18T11:00:00+10:00,-33.8725,151.213333,pm25,µg/m³,8.3
7428,21614,Cook And Phillip-7428,2020-04-18T12:00:00+10:00,-33.8725,151.213333,pm25,µg/m³,6.8
7428,21614,Cook And Phillip-7428,2020-04-18T14:00:00+10:00,-33.8725,151.213333,pm25,µg/m³,5.2
7428,21614,Cook And Phillip-7428,2020-04-18T15:00:00+10:00,-33.8725,151.213333,pm25,µg/m³,7.3
7428,21614,Cook And Phillip-7428,2020-04-18T16:00:00+10:00,-33.8725,151.213333,pm25,µg/m³,6.5
7428,21614,Cook And Phillip-7428,2020-04-18T17:00:00+10:00,-33.8725,151.213333,pm25,µg/m³,5.1
7428,21614,Cook And Phillip-7428,2020-04-18T18:00:00+10:00,-33.8725,151.213333,pm25,µg/m³,2.3
7428,21614,Cook And Phillip-7428,2020-04-18T19:00:00+10:00,-33.8725,151.213333,pm25,µg/m³,2.7
7428,21614,Cook And Phillip-7428,2020-04-18T20:00:00+10:00,-33.8725,151.213333,pm25,µg/m³,4.1
7428,21614,Cook And Phillip-7428,2020-04-18T21:00:00+10:00,-33.8725,151.213333,pm25,µg/m³,2.4
7428,21614,Cook And Phillip-7428,2020-04-18T22:00:00+10:00,-33.8725,151.213333,pm25,µg/m³,2.0
7428,21614,Cook And Phillip-7428,2020-04-18T23:00:00+10:00,-33.8725,151.213333,pm25,µg/m³,7.9
7428,25546,Cook And Phillip-7428,2020-04-18T01:00:00+10:00,-33.8725,151.213333,no2,ppm,0.012
7428,25546,Cook And Phillip-7428,2020-04-18T03:00:00+10:00,-33.8725,151.213333,no2,ppm,0.008
7428,25546,Cook And Phillip-7428,2020-04-18T04:00:00+10:00,-33.8725,151.213333,no2,ppm,0.007
7428,25546,Cook And Phillip-7428,2020-04-18T05:00:00+10:00,-33.8725,151.213333,no2,ppm,0.006
7428,25546,Cook And Phillip-7428,2020-04-18T06:00:00+10:00,-33.8725,151.213333,no2,ppm,0.008
7428,25546,Cook And Phillip-7428,2020-04-18T07:00:00+10:00,-33.8725,151.213333,no2,ppm,0.011
7428,25546,Cook And Phillip-7428,2020-04-18T08:00:00+10:00,-33.8725,151.213333,no2,ppm,0.017
7428,25546,Cook And Phillip-7428,2020-04-18T09:00:00+10:00,-33.8725,151.213333,no2,ppm,0.017
7428,25546,Cook And Phillip-7428,2020-04-18T10:00:00+10:00,-33.8725,151.213333,no2,ppm,0.014
7428,25546,Cook And Phillip-7428,2020-04-18T11:00:00+10:00,-33.8725,151.213333,no2,ppm,0.011
7428,25546,Cook And Phillip-7428,2020-04-18T12:00:00+10:00,-33.8725,151.213333,no2,ppm,0.009
7428,25546,Cook And Phillip-7428,2020-04-18T14:00:00+10:00,-33.8725,151.213333,no2,ppm,0.004
7428,25546,Cook And Phillip-7428,2020-04-18T15:00:00+10:00,-33.8725,151.213333,no2,ppm,0.004
7428,25546,Cook And Phillip-7428,2020-04-18T16:00:00+10:00,-33.8725,151.213333,no2,ppm,0.003
7428,25546,Cook And Phillip-7428,2020-04-18T17:00:00+10:00,-33.8725,151.213333,no2,ppm,0.005
7428,25546,Cook And Phillip-7428,2020-04-18T18:00:00+10:00,-33.8725,151.213333,no2,ppm,0.011
7428,25546,Cook And Phillip-7428,2020-04-18T19:00:00+10:00,-33.8725,151.213333,no2,ppm,0.009
7428,25546,Cook And Phillip-7428,2020-04-18T20:00:00+10:00,-33.8725,151.213333,no2,ppm,0.015
7428,25546,Cook And Phillip-7428,2020-04-18T21:00:00+10:00,-33.8725,151.213333,no2,ppm,0.019
7428,25546,Cook And Phillip-7428,2020-04-18T22:00:00+10:00,-33.8725,151.213333,no2,ppm,0.026
7428,25546,Cook And Phillip-7428,2020-04-18T23:00:00+10:00,-33.8725,151.213333,no2,ppm,0.027
7428,28686,Cook And Phillip-7428,2020-04-18T01:00:00+10:00,-33.8725,151.213333,co,ppm,0.4
7428,28686,Cook And Phillip-7428,2020-04-18T02:00:00+10:00,-33.8725,151.213333,co,ppm,0.3
7428,28686,Cook And Phillip-7428,2020-04-18T03:00:00+10:00,-33.8725,151.213333,co,ppm,0.2
7428,28686,Cook And Phillip-7428,2020-04-18T04:00:00+10:00,-33.8725,151.213333,co,ppm,0.2
7428,28686,Cook And Phillip-7428,2020-04-18T05:00:00+10:00,-33.8725,151.213333,co,ppm,0.1
7428,28686,Cook And Phillip-7428,2020-04-18T06:00:00+10:00,-33.8725,151.213333,co,ppm,0.1
7428,28686,Cook And Phillip-7428,2020-04-18T07:00:00+10:00,-33.8725,151.213333,co,ppm,0.0
7428,28686,Cook And Phillip-7428,2020-04-18T08:00:00+10:00,-33.8725,151.213333,co,ppm,0.0
7428,28686,Cook And Phillip-7428,2020-04-18T09:00:00+10:00,-33.8725,151.213333,co,ppm,0.0
7428,28686,Cook And Phillip-7428,2020-04-18T10:00:00+10:00,-33.8725,151.213333,co,ppm,0.0
7428,28686,Cook And Phillip-7428,2020-04-18T11:00:00+10:00,-33.8725,151.213333,co,ppm,0.0
7428,28686,Cook And Phillip-7428,2020-04-18T12:00:00+10:00,-33.8725,151.213333,co,ppm,0.0
7428,28686,Cook And Phillip-7428,2020-04-18T14:00:00+10:00,-33.8725,151.213333,co,ppm,0.1
7428,28686,Cook And Phillip-7428,2020-04-18T15:00:00+10:00,-33.8725,151.213333,co,ppm,0.1
7428,28686,Cook And Phillip-7428,2020-04-18T16:00:00+10:00,-33.8725,151.213333,co,ppm,0.1
7428,28686,Cook And Phillip-7428,2020-04-18T17:00:00+10:00,-33.8725,151.213333,co,ppm,0.1
7428,28686,Cook And Phillip-7428,2020-04-18T18:00:00+10:00,-33.8725,151.213333,co,ppm,0.1
7428,28686,Cook And Phillip-7428,2020-04-18T19:00:00+10:00,-33.8725,151.213333,co,ppm,0.1
7428,28686,Cook And Phillip-7428,2020-04-18T20:00:00+10:00,-33.8725,151.213333,co,ppm,0.1
7428,28686,Cook And Phillip-7428,2020-04-18T21:00:00+10:00,-33.8725,151.213333,co,ppm,0.1
7428,28686,Cook And Phillip-7428,2020-04-18T22:00:00+10:00,-33.8725,151.213333,co,ppm,0.1
7428,28686,Cook And Phillip-7428,2020-04-18T23:00:00+10:00,-33.8725,151.213333,co,ppm,0.1
7428,25544,Cook And Phillip-7428,2020-04-18T01:00:00+10:00,-33.8725,151.213333,so2,ppm,0.0
7428,25544,Cook And Phillip-7428,2020-04-18T03:00:00+10:00,-33.8725,151.213333,so2,ppm,0.0
7428,25544,Cook And Phillip-7428,2020-04-18T04:00:00+10:00,-33.8725,151.213333,so2,ppm,0.0
7428,25544,Cook And Phillip-7428,2020-04-18T05:00:00+10:00,-33.8725,151.213333,so2,ppm,0.0
7428,25544,Cook And Phillip-7428,2020-04-18T06:00:00+10:00,-33.8725,151.213333,so2,ppm,0.0
7428,25544,Cook And Phillip-7428,2020-04-18T07:00:00+10:00,-33.8725,151.213333,so2,ppm,0.0
7428,25544,Cook And Phillip-7428,2020-04-18T08:00:00+10:00,-33.8725,151.213333,so2,ppm,0.0
7428,25544,Cook And Phillip-7428,2020-04-18T09:00:00+10:00,-33.8725,151.213333,so2,ppm,0.0
7428,25544,Cook And Phillip-7428,2020-04-18T10:00:00+10:00,-33.8725,151.213333,so2,ppm,0.0
7428,25544,Cook And Phillip-7428,2020-04-18T11:00:00+10:00,-33.8725,151.213333,so2,ppm,0.0
7428,25544,Cook And Phillip-7428,2020-04-18T12:00:00+10:00,-33.8725,151.213333,so2,ppm,0.0
7428,25544,Cook And Phillip-7428,2020-04-18T14:00:00+10:00,-33.8725,151.213333,so2,ppm,0.0
7428,25544,Cook And Phillip-7428,2020-04-18T15:00:00+10:00,-33.8725,151.213333,so2,ppm,0.0
7428,25544,Cook And Phillip-7428,2020-04-18T16:00:00+10:00,-33.8725,151.213333,so2,ppm,0.0
7428,25544,Cook And Phillip-7428,2020-04-18T17:00:00+10:00,-33.8725,151.213333,so2,ppm,0.0
7428,25544,Cook And Phillip-7428,2020-04-18T18:00:00+10:00,-33.8725,151.213333,so2,ppm,0.0
7428,25544,Cook And Phillip-7428,2020-04-18T19:00:00+10:00,-33.8725,151.213333,so2,ppm,0.0
7428,25544,Cook And Phillip-7428,2020-04-18T20:00:00+10:00,-33.8725,151.213333,so2,ppm,0.0
7428,25544,Cook And Phillip-7428,2020-04-18T21:00:00+10:00,-33.8725,151.213333,so2,ppm,0.0
7428,25544,Cook And Phillip-7428,2020-04-18T22:00:00+10:00,-33.8725,151.213333,so2,ppm,0.0
7428,25544,Cook And Phillip-7428,2020-04-18T23:00:00+10:00,-33.8725,151.213333,so2,ppm,0.0
7428,25545,Cook And Phillip-7428,2020-04-18T01:00:00+10:00,-33.8725,151.213333,o3,ppm,0.01
7428,25545,Cook And Phillip-7428,2020-04-18T02:00:00+10:00,-33.8725,151.213333,o3,ppm,0.006
7428,25545,Cook And Phillip-7428,2020-04-18T03:00:00+10:00,-33.8725,151.213333,o3,ppm,0.015
7428,25545,Cook And Phillip-7428,2020-04-18T04:00:00+10:00,-33.8725,151.213333,o3,ppm,0.016
7428,25545,Cook And Phillip-7428,2020-04-18T05:00:00+10:00,-33.8725,151.213333,o3,ppm,0.016
7428,25545,Cook And Phillip-7428,2020-04-18T06:00:00+10:00,-33.8725,151.213333,o3,ppm,0.015
7428,25545,Cook And Phillip-7428,2020-04-18T07:00:00+10:00,-33.8725,151.213333,o3,ppm,0.011
7428,25545,Cook And Phillip-7428,2020-04-18T08:00:00+10:00,-33.8725,151.213333,o3,ppm,0.008
7428,25545,Cook And Phillip-7428,2020-04-18T09:00:00+10:00,-33.8725,151.213333,o3,ppm,0.009
7428,25545,Cook And Phillip-7428,2020-04-18T10:00:00+10:00,-33.8725,151.213333,o3,ppm,0.013
7428,25545,Cook And Phillip-7428,2020-04-18T11:00:00+10:00,-33.8725,151.213333,o3,ppm,0.018
7428,25545,Cook And Phillip-7428,2020-04-18T12:00:00+10:00,-33.8725,151.213333,o3,ppm,0.022
7428,25545,Cook And Phillip-7428,2020-04-18T14:00:00+10:00,-33.8725,151.213333,o3,ppm,0.03
7428,25545,Cook And Phillip-7428,2020-04-18T15:00:00+10:00,-33.8725,151.213333,o3,ppm,0.027
7428,25545,Cook And Phillip-7428,2020-04-18T16:00:00+10:00,-33.8725,151.213333,o3,ppm,0.026
7428,25545,Cook And Phillip-7428,2020-04-18T17:00:00+10:00,-33.8725,151.213333,o3,ppm,0.025
7428,25545,Cook And Phillip-7428,2020-04-18T18:00:00+10:00,-33.8725,151.213333,o3,ppm,0.021
7428,25545,Cook And Phillip-7428,2020-04-18T19:00:00+10:00,-33.8725,151.213333,o3,ppm,0.019
7428,25545,Cook And Phillip-7428,2020-04-18T20:00:00+10:00,-33.8725,151.213333,o3,ppm,0.013
7428,25545,Cook And Phillip-7428,2020-04-18T21:00:00+10:00,-33.8725,151.213333,o3,ppm,0.01
7428,25545,Cook And Phillip-7428,2020-04-18T22:00:00+10:00,-33.8725,151.213333,o3,ppm,0.001
7428,25545,Cook And Phillip-7428,2020-04-18T23:00:00+10:00,-33.8725,151.213333,o3,ppm,0.0
7428,21615,Cook And Phillip-7428,2020-04-19T01:00:00+10:00,-33.8725,151.213333,pm10,µg/m³,21.9
7428,21615,Cook And Phillip-7428,2020-04-19T02:00:00+10:00,-33.8725,151.213333,pm10,µg/m³,21.4
7428,21615,Cook And Phillip-7428,2020-04-19T03:00:00+10:00,-33.8725,151.213333,pm10,µg/m³,18.1
7428,21615,Cook And Phillip-7428,2020-04-19T04:00:00+10:00,-33.8725,151.213333,pm10,µg/m³,16.0
7428,21615,Cook And Phillip-7428,2020-04-19T06:00:00+10:00,-33.8725,151.213333,pm10,µg/m³,16.3
7428,21615,Cook And Phillip-7428,2020-04-19T07:00:00+10:00,-33.8725,151.213333,pm10,µg/m³,19.9
7428,21615,Cook And Phillip-7428,2020-04-19T08:00:00+10:00,-33.8725,151.213333,pm10,µg/m³,20.7
7428,21615,Cook And Phillip-7428,2020-04-19T09:00:00+10:00,-33.8725,151.213333,pm10,µg/m³,21.4
7428,21615,Cook And Phillip-7428,2020-04-19T10:00:00+10:00,-33.8725,151.213333,pm10,µg/m³,19.9
7428,21615,Cook And Phillip-7428,2020-04-19T11:00:00+10:00,-33.8725,151.213333,pm10,µg/m³,12.9
7428,21615,Cook And Phillip-7428,2020-04-19T12:00:00+10:00,-33.8725,151.213333,pm10,µg/m³,16.7
7428,21615,Cook And Phillip-7428,2020-04-19T13:00:00+10:00,-33.8725,151.213333,pm10,µg/m³,15.7
7428,21615,Cook And Phillip-7428,2020-04-19T14:00:00+10:00,-33.8725,151.213333,pm10,µg/m³,11.8
7428,21615,Cook And Phillip-7428,2020-04-19T15:00:00+10:00,-33.8725,151.213333,pm10,µg/m³,14.5
7428,21615,Cook And Phillip-7428,2020-04-19T16:00:00+10:00,-33.8725,151.213333,pm10,µg/m³,13.8
7428,21615,Cook And Phillip-7428,2020-04-19T17:00:00+10:00,-33.8725,151.213333,pm10,µg/m³,8.4
7428,21615,Cook And Phillip-7428,2020-04-19T18:00:00+10:00,-33.8725,151.213333,pm10,µg/m³,7.5
7428,21615,Cook And Phillip-7428,2020-04-19T19:00:00+10:00,-33.8725,151.213333,pm10,µg/m³,7.9
7428,21615,Cook And Phillip-7428,2020-04-19T20:00:00+10:00,-33.8725,151.213333,pm10,µg/m³,8.6
7428,21615,Cook And Phillip-7428,2020-04-19T21:00:00+10:00,-33.8725,151.213333,pm10,µg/m³,9.3
7428,21615,Cook And Phillip-7428,2020-04-19T22:00:00+10:00,-33.8725,151.213333,pm10,µg/m³,11.2
7428,21615,Cook And Phillip-7428,2020-04-19T23:00:00+10:00,-33.8725,151.213333,pm10,µg/m³,14.3
7428,21614,Cook And Phillip-7428,2020-04-19T01:00:00+10:00,-33.8725,151.213333,pm25,µg/m³,14.0
7428,21614,Cook And Phillip-7428,2020-04-19T02:00:00+10:00,-33.8725,151.213333,pm25,µg/m³,15.3
7428,21614,Cook And Phillip-7428,2020-04-19T03:00:00+10:00,-33.8725,151.213333,pm25,µg/m³,12.0
7428,21614,Cook And Phillip-7428,2020-04-19T04:00:00+10:00,-33.8725,151.213333,pm25,µg/m³,11.6
7428,21614,Cook And Phillip-7428,2020-04-19T06:00:00+10:00,-33.8725,151.213333,pm25,µg/m³,10.8
7428,21614,Cook And Phillip-7428,2020-04-19T07:00:00+10:00,-33.8725,151.213333,pm25,µg/m³,13.6
7428,21614,Cook And Phillip-7428,2020-04-19T08:00:00+10:00,-33.8725,151.213333,pm25,µg/m³,12.8
7428,21614,Cook And Phillip-7428,2020-04-19T09:00:00+10:00,-33.8725,151.213333,pm25,µg/m³,13.6
7428,21614,Cook And Phillip-7428,2020-04-19T10:00:00+10:00,-33.8725,151.213333,pm25,µg/m³,11.9
7428,21614,Cook And Phillip-7428,2020-04-19T11:00:00+10:00,-33.8725,151.213333,pm25,µg/m³,7.8
7428,21614,Cook And Phillip-7428,2020-04-19T12:00:00+10:00,-33.8725,151.213333,pm25,µg/m³,7.7
7428,21614,Cook And Phillip-7428,2020-04-19T13:00:00+10:00,-33.8725,151.213333,pm25,µg/m³,6.6
7428,21614,Cook And Phillip-7428,2020-04-19T14:00:00+10:00,-33.8725,151.213333,pm25,µg/m³,6.0
7428,21614,Cook And Phillip-7428,2020-04-19T15:00:00+10:00,-33.8725,151.213333,pm25,µg/m³,7.5
7428,21614,Cook And Phillip-7428,2020-04-19T16:00:00+10:00,-33.8725,151.213333,pm25,µg/m³,6.8
7428,21614,Cook And Phillip-7428,2020-04-19T17:00:00+10:00,-33.8725,151.213333,pm25,µg/m³,2.7
7428,21614,Cook And Phillip-7428,2020-04-19T18:00:00+10:00,-33.8725,151.213333,pm25,µg/m³,2.7
7428,21614,Cook And Phillip-7428,2020-04-19T19:00:00+10:00,-33.8725,151.213333,pm25,µg/m³,2.4
7428,21614,Cook And Phillip-7428,2020-04-19T20:00:00+10:00,-33.8725,151.213333,pm25,µg/m³,2.5
7428,21614,Cook And Phillip-7428,2020-04-19T21:00:00+10:00,-33.8725,151.213333,pm25,µg/m³,4.2
7428,21614,Cook And Phillip-7428,2020-04-19T22:00:00+10:00,-33.8725,151.213333,pm25,µg/m³,3.5
7428,21614,Cook And Phillip-7428,2020-04-19T23:00:00+10:00,-33.8725,151.213333,pm25,µg/m³,5.3
7428,25546,Cook And Phillip-7428,2020-04-19T01:00:00+10:00,-33.8725,151.213333,no2,ppm,0.024
7428,28686,Cook And Phillip-7428,2020-04-19T01:00:00+10:00,-33.8725,151.213333,co,ppm,0.2
7428,28686,Cook And Phillip-7428,2020-04-19T02:00:00+10:00,-33.8725,151.213333,co,ppm,0.2
7428,28686,Cook And Phillip-7428,2020-04-19T03:00:00+10:00,-33.8725,151.213333,co,ppm,0.2
7428,28686,Cook And Phillip-7428,2020-04-19T04:00:00+10:00,-33.8725,151.213333,co,ppm,0.2
7428,28686,Cook And Phillip-7428,2020-04-19T06:00:00+10:00,-33.8725,151.213333,co,ppm,0.3
7428,28686,Cook And Phillip-7428,2020-04-19T07:00:00+10:00,-33.8725,151.213333,co,ppm,0.3
7428,28686,Cook And Phillip-7428,2020-04-19T08:00:00+10:00,-33.8725,151.213333,co,ppm,0.2
7428,28686,Cook And Phillip-7428,2020-04-19T09:00:00+10:00,-33.8725,151.213333,co,ppm,0.2
7428,28686,Cook And Phillip-7428,2020-04-19T10:00:00+10:00,-33.8725,151.213333,co,ppm,0.2
7428,28686,Cook And Phillip-7428,2020-04-19T11:00:00+10:00,-33.8725,151.213333,co,ppm,0.2
7428,28686,Cook And Phillip-7428,2020-04-19T12:00:00+10:00,-33.8725,151.213333,co,ppm,0.2
7428,28686,Cook And Phillip-7428,2020-04-19T13:00:00+10:00,-33.8725,151.213333,co,ppm,0.2
7428,28686,Cook And Phillip-7428,2020-04-19T14:00:00+10:00,-33.8725,151.213333,co,ppm,0.2
7428,28686,Cook And Phillip-7428,2020-04-19T15:00:00+10:00,-33.8725,151.213333,co,ppm,0.2
7428,28686,Cook And Phillip-7428,2020-04-19T16:00:00+10:00,-33.8725,151.213333,co,ppm,0.2
7428,28686,Cook And Phillip-7428,2020-04-19T17:00:00+10:00,-33.8725,151.213333,co,ppm,0.2
7428,28686,Cook And Phillip-7428,2020-04-19T18:00:00+10:00,-33.8725,151.213333,co,ppm,0.2
7428,28686,Cook And Phillip-7428,2020-04-19T19:00:00+10:00,-33.8725,151.213333,co,ppm,0.2
7428,28686,Cook And Phillip-7428,2020-04-19T20:00:00+10:00,-33.8725,151.213333,co,ppm,0.2
7428,28686,Cook And Phillip-7428,2020-04-19T21:00:00+10:00,-33.8725,151.213333,co,ppm,0.2
7428,28686,Cook And Phillip-7428,2020-04-19T22:00:00+10:00,-33.8725,151.213333,co,ppm,0.2
7428,28686,Cook And Phillip-7428,2020-04-19T23:00:00+10:00,-33.8725,151.213333,co,ppm,0.2
7428,25544,Cook And Phillip-7428,2020-04-19T01:00:00+10:00,-33.8725,151.213333,so2,ppm,0.0
7428,25544,Cook And Phillip-7428,2020-04-19T03:00:00+10:00,-33.8725,151.213333,so2,ppm,0.0
7428,25544,Cook And Phillip-7428,2020-04-19T04:00:00+10:00,-33.8725,151.213333,so2,ppm,0.0
7428,25544,Cook And Phillip-7428,2020-04-19T06:00:00+10:00,-33.8725,151.213333,so2,ppm,0.0
7428,25544,Cook And Phillip-7428,2020-04-19T07:00:00+10:00,-33.8725,151.213333,so2,ppm,0.0
7428,25544,Cook And Phillip-7428,2020-04-19T08:00:00+10:00,-33.8725,151.213333,so2,ppm,0.0
7428,25544,Cook And Phillip-7428,2020-04-19T09:00:00+10:00,-33.8725,151.213333,so2,ppm,0.0
7428,25544,Cook And Phillip-7428,2020-04-19T10:00:00+10:00,-33.8725,151.213333,so2,ppm,0.0
7428,25544,Cook And Phillip-7428,2020-04-19T11:00:00+10:00,-33.8725,151.213333,so2,ppm,0.001
7428,25544,Cook And Phillip-7428,2020-04-19T12:00:00+10:00,-33.8725,151.213333,so2,ppm,0.001
7428,25544,Cook And Phillip-7428,2020-04-19T13:00:00+10:00,-33.8725,151.213333,so2,ppm,0.0
7428,25544,Cook And Phillip-7428,2020-04-19T14:00:00+10:00,-33.8725,151.213333,so2,ppm,0.0
7428,25544,Cook And Phillip-7428,2020-04-19T15:00:00+10:00,-33.8725,151.213333,so2,ppm,0.0
7428,25544,Cook And Phillip-7428,2020-04-19T16:00:00+10:00,-33.8725,151.213333,so2,ppm,0.0
7428,25544,Cook And Phillip-7428,2020-04-19T17:00:00+10:00,-33.8725,151.213333,so2,ppm,0.0
7428,25544,Cook And Phillip-7428,2020-04-19T18:00:00+10:00,-33.8725,151.213333,so2,ppm,0.0
7428,25544,Cook And Phillip-7428,2020-04-19T19:00:00+10:00,-33.8725,151.213333,so2,ppm,0.0
7428,25544,Cook And Phillip-7428,2020-04-19T20:00:00+10:00,-33.8725,151.213333,so2,ppm,0.0
7428,25544,Cook And Phillip-7428,2020-04-19T21:00:00+10:00,-33.8725,151.213333,so2,ppm,0.0
7428,25544,Cook And Phillip-7428,2020-04-19T22:00:00+10:00,-33.8725,151.213333,so2,ppm,0.0
7428,25544,Cook And Phillip-7428,2020-04-19T23:00:00+10:00,-33.8725,151.213333,so2,ppm,0.0
7428,25545,Cook And Phillip-7428,2020-04-19T01:00:00+10:00,-33.8725,151.213333,o3,ppm,0.0
7428,25545,Cook And Phillip-7428,2020-04-19T02:00:00+10:00,-33.8725,151.213333,o3,ppm,0.0
7428,21615,Cook And Phillip-7428,2020-04-20T01:00:00+10:00,-33.8725,151.213333,pm10,µg/m³,16.2
7428,21615,Cook And Phillip-7428,2020-04-20T02:00:00+10:00,-33.8725,151.213333,pm10,µg/m³,17.3
7428,21615,Cook And Phillip-7428,2020-04-20T03:00:00+10:00,-33.8725,151.213333,pm10,µg/m³,20.1
7428,21615,Cook And Phillip-7428,2020-04-20T04:00:00+10:00,-33.8725,151.213333,pm10,µg/m³,18.5
7428,21615,Cook And Phillip-7428,2020-04-20T05:00:00+10:00,-33.8725,151.213333,pm10,µg/m³,12.6
7428,21615,Cook And Phillip-7428,2020-04-20T06:00:00+10:00,-33.8725,151.213333,pm10,µg/m³,11.3
7428,21615,Cook And Phillip-7428,2020-04-20T07:00:00+10:00,-33.8725,151.213333,pm10,µg/m³,14.2
7428,21615,Cook And Phillip-7428,2020-04-20T08:00:00+10:00,-33.8725,151.213333,pm10,µg/m³,20.1
7428,21615,Cook And Phillip-7428,2020-04-20T09:00:00+10:00,-33.8725,151.213333,pm10,µg/m³,26.3
7428,21615,Cook And Phillip-7428,2020-04-20T10:00:00+10:00,-33.8725,151.213333,pm10,µg/m³,25.4
7428,21615,Cook And Phillip-7428,2020-04-20T11:00:00+10:00,-33.8725,151.213333,pm10,µg/m³,25.0
7428,21615,Cook And Phillip-7428,2020-04-20T12:00:00+10:00,-33.8725,151.213333,pm10,µg/m³,28.9
7428,21615,Cook And Phillip-7428,2020-04-20T13:00:00+10:00,-33.8725,151.213333,pm10,µg/m³,25.4
7428,21615,Cook And Phillip-7428,2020-04-20T14:00:00+10:00,-33.8725,151.213333,pm10,µg/m³,23.3
7428,21615,Cook And Phillip-7428,2020-04-20T15:00:00+10:00,-33.8725,151.213333,pm10,µg/m³,28.6
7428,21615,Cook And Phillip-7428,2020-04-20T16:00:00+10:00,-33.8725,151.213333,pm10,µg/m³,21.5
7428,21615,Cook And Phillip-7428,2020-04-20T17:00:00+10:00,-33.8725,151.213333,pm10,µg/m³,16.6
7428,21615,Cook And Phillip-7428,2020-04-20T18:00:00+10:00,-33.8725,151.213333,pm10,µg/m³,17.3
7428,21615,Cook And Phillip-7428,2020-04-20T19:00:00+10:00,-33.8725,151.213333,pm10,µg/m³,14.8
7428,21615,Cook And Phillip-7428,2020-04-20T20:00:00+10:00,-33.8725,151.213333,pm10,µg/m³,11.5
7428,21615,Cook And Phillip-7428,2020-04-20T21:00:00+10:00,-33.8725,151.213333,pm10,µg/m³,8.4
7428,21615,Cook And Phillip-7428,2020-04-20T22:00:00+10:00,-33.8725,151.213333,pm10,µg/m³,13.6
7428,21615,Cook And Phillip-7428,2020-04-20T23:00:00+10:00,-33.8725,151.213333,pm10,µg/m³,15.6
7428,21614,Cook And Phillip-7428,2020-04-20T01:00:00+10:00,-33.8725,151.213333,pm25,µg/m³,9.0
7428,21614,Cook And Phillip-7428,2020-04-20T02:00:00+10:00,-33.8725,151.213333,pm25,µg/m³,9.5
7428,21614,Cook And Phillip-7428,2020-04-20T03:00:00+10:00,-33.8725,151.213333,pm25,µg/m³,12.1
7428,21614,Cook And Phillip-7428,2020-04-20T04:00:00+10:00,-33.8725,151.213333,pm25,µg/m³,10.7
7428,21614,Cook And Phillip-7428,2020-04-20T05:00:00+10:00,-33.8725,151.213333,pm25,µg/m³,7.8
7428,21614,Cook And Phillip-7428,2020-04-20T06:00:00+10:00,-33.8725,151.213333,pm25,µg/m³,8.2
7428,21614,Cook And Phillip-7428,2020-04-20T07:00:00+10:00,-33.8725,151.213333,pm25,µg/m³,7.8
7428,21614,Cook And Phillip-7428,2020-04-20T08:00:00+10:00,-33.8725,151.213333,pm25,µg/m³,10.8
7428,21614,Cook And Phillip-7428,2020-04-20T09:00:00+10:00,-33.8725,151.213333,pm25,µg/m³,14.1
7428,21614,Cook And Phillip-7428,2020-04-20T10:00:00+10:00,-33.8725,151.213333,pm25,µg/m³,13.7
7428,21614,Cook And Phillip-7428,2020-04-20T11:00:00+10:00,-33.8725,151.213333,pm25,µg/m³,12.8
7428,21614,Cook And Phillip-7428,2020-04-20T12:00:00+10:00,-33.8725,151.213333,pm25,µg/m³,13.5
7428,21614,Cook And Phillip-7428,2020-04-20T13:00:00+10:00,-33.8725,151.213333,pm25,µg/m³,11.4
7428,21614,Cook And Phillip-7428,2020-04-20T14:00:00+10:00,-33.8725,151.213333,pm25,µg/m³,11.1
7428,21614,Cook And Phillip-7428,2020-04-20T15:00:00+10:00,-33.8725,151.213333,pm25,µg/m³,15.5
7428,21614,Cook And Phillip-7428,2020-04-20T16:00:00+10:00,-33.8725,151.213333,pm25,µg/m³,9.3
7428,21614,Cook And Phillip-7428,2020-04-20T17:00:00+10:00,-33.8725,151.213333,pm25,µg/m³,6.0
7428,21614,Cook And Phillip-7428,2020-04-20T18:00:00+10:00,-33.8725,151.213333,pm25,µg/m³,7.2
7428,21614,Cook And Phillip-7428,2020-04-20T19:00:00+10:00,-33.8725,151.213333,pm25,µg/m³,7.6
7428,21614,Cook And Phillip-7428,2020-04-20T20:00:00+10:00,-33.8725,151.213333,pm25,µg/m³,5.9
7428,21614,Cook And Phillip-7428,2020-04-20T21:00:00+10:00,-33.8725,151.213333,pm25,µg/m³,2.9
7428,21614,Cook And Phillip-7428,2020-04-20T22:00:00+10:00,-33.8725,151.213333,pm25,µg/m³,6.6
7428,21614,Cook And Phillip-7428,2020-04-20T23:00:00+10:00,-33.8725,151.213333,pm25,µg/m³,7.1
7428,25546,Cook And Phillip-7428,2020-04-20T03:00:00+10:00,-33.8725,151.213333,no2,ppm,0.018
7428,25546,Cook And Phillip-7428,2020-04-20T04:00:00+10:00,-33.8725,151.213333,no2,ppm,0.016
7428,25546,Cook And Phillip-7428,2020-04-20T05:00:00+10:00,-33.8725,151.213333,no2,ppm,0.013
7428,25546,Cook And Phillip-7428,2020-04-20T06:00:00+10:00,-33.8725,151.213333,no2,ppm,0.012
7428,25546,Cook And Phillip-7428,2020-04-20T07:00:00+10:00,-33.8725,151.213333,no2,ppm,0.02
7428,25546,Cook And Phillip-7428,2020-04-20T08:00:00+10:00,-33.8725,151.213333,no2,ppm,0.025
7428,25546,Cook And Phillip-7428,2020-04-20T09:00:00+10:00,-33.8725,151.213333,no2,ppm,0.028
7428,25546,Cook And Phillip-7428,2020-04-20T10:00:00+10:00,-33.8725,151.213333,no2,ppm,0.024
7428,25546,Cook And Phillip-7428,2020-04-20T11:00:00+10:00,-33.8725,151.213333,no2,ppm,0.024
7428,25546,Cook And Phillip-7428,2020-04-20T12:00:00+10:00,-33.8725,151.213333,no2,ppm,0.022
7428,25546,Cook And Phillip-7428,2020-04-20T13:00:00+10:00,-33.8725,151.213333,no2,ppm,0.02
7428,25546,Cook And Phillip-7428,2020-04-20T14:00:00+10:00,-33.8725,151.213333,no2,ppm,0.018
7428,25546,Cook And Phillip-7428,2020-04-20T15:00:00+10:00,-33.8725,151.213333,no2,ppm,0.017
7428,25546,Cook And Phillip-7428,2020-04-20T16:00:00+10:00,-33.8725,151.213333,no2,ppm,0.02
7428,25546,Cook And Phillip-7428,2020-04-20T17:00:00+10:00,-33.8725,151.213333,no2,ppm,0.026
7428,25546,Cook And Phillip-7428,2020-04-20T18:00:00+10:00,-33.8725,151.213333,no2,ppm,0.028
7428,25546,Cook And Phillip-7428,2020-04-20T19:00:00+10:00,-33.8725,151.213333,no2,ppm,0.027
7428,25546,Cook And Phillip-7428,2020-04-20T20:00:00+10:00,-33.8725,151.213333,no2,ppm,0.02
7428,25546,Cook And Phillip-7428,2020-04-20T21:00:00+10:00,-33.8725,151.213333,no2,ppm,0.025
7428,25546,Cook And Phillip-7428,2020-04-20T22:00:00+10:00,-33.8725,151.213333,no2,ppm,0.024
7428,25546,Cook And Phillip-7428,2020-04-20T23:00:00+10:00,-33.8725,151.213333,no2,ppm,0.021
7428,28686,Cook And Phillip-7428,2020-04-20T01:00:00+10:00,-33.8725,151.213333,co,ppm,0.2
7428,28686,Cook And Phillip-7428,2020-04-20T02:00:00+10:00,-33.8725,151.213333,co,ppm,0.2
7428,28686,Cook And Phillip-7428,2020-04-20T03:00:00+10:00,-33.8725,151.213333,co,ppm,0.2
7428,28686,Cook And Phillip-7428,2020-04-20T04:00:00+10:00,-33.8725,151.213333,co,ppm,0.2
7428,28686,Cook And Phillip-7428,2020-04-20T05:00:00+10:00,-33.8725,151.213333,co,ppm,0.2
7428,28686,Cook And Phillip-7428,2020-04-20T06:00:00+10:00,-33.8725,151.213333,co,ppm,0.2
7428,28686,Cook And Phillip-7428,2020-04-20T07:00:00+10:00,-33.8725,151.213333,co,ppm,0.2
7428,28686,Cook And Phillip-7428,2020-04-20T08:00:00+10:00,-33.8725,151.213333,co,ppm,0.2
7428,28686,Cook And Phillip-7428,2020-04-20T09:00:00+10:00,-33.8725,151.213333,co,ppm,0.2
7428,28686,Cook And Phillip-7428,2020-04-20T10:00:00+10:00,-33.8725,151.213333,co,ppm,0.2
7428,28686,Cook And Phillip-7428,2020-04-20T11:00:00+10:00,-33.8725,151.213333,co,ppm,0.2
7428,28686,Cook And Phillip-7428,2020-04-20T12:00:00+10:00,-33.8725,151.213333,co,ppm,0.2
7428,28686,Cook And Phillip-7428,2020-04-20T13:00:00+10:00,-33.8725,151.213333,co,ppm,0.2
7428,28686,Cook And Phillip-7428,2020-04-20T14:00:00+10:00,-33.8725,151.213333,co,ppm,0.2
7428,28686,Cook And Phillip-7428,2020-04-20T15:00:00+10:00,-33.8725,151.213333,co,ppm,0.2
7428,28686,Cook And Phillip-7428,2020-04-20T16:00:00+10:00,-33.8725,151.213333,co,ppm,0.2
7428,28686,Cook And Phillip-7428,2020-04-20T17:00:00+10:00,-33.8725,151.213333,co,ppm,0.1
7428,28686,Cook And Phillip-7428,2020-04-20T18:00:00+10:00,-33.8725,151.213333,co,ppm,0.1
7428,28686,Cook And Phillip-7428,2020-04-20T19:00:00+10:00,-33.8725,151.213333,co,ppm,0.1
7428,28686,Cook And Phillip-7428,2020-04-20T20:00:00+10:00,-33.8725,151.213333,co,ppm,0.1
7428,28686,Cook And Phillip-7428,2020-04-20T21:00:00+10:00,-33.8725,151.213333,co,ppm,0.1
7428,28686,Cook And Phillip-7428,2020-04-20T22:00:00+10:00,-33.8725,151.213333,co,ppm,0.1
7428,28686,Cook And Phillip-7428,2020-04-20T23:00:00+10:00,-33.8725,151.213333,co,ppm,0.1
7428,25544,Cook And Phillip-7428,2020-04-20T01:00:00+10:00,-33.8725,151.213333,so2,ppm,0.0
7428,25544,Cook And Phillip-7428,2020-04-20T03:00:00+10:00,-33.8725,151.213333,so2,ppm,0.0
7428,25544,Cook And Phillip-7428,2020-04-20T04:00:00+10:00,-33.8725,151.213333,so2,ppm,0.0
7428,25544,Cook And Phillip-7428,2020-04-20T05:00:00+10:00,-33.8725,151.213333,so2,ppm,0.0
7428,25544,Cook And Phillip-7428,2020-04-20T06:00:00+10:00,-33.8725,151.213333,so2,ppm,0.0
7428,25544,Cook And Phillip-7428,2020-04-20T07:00:00+10:00,-33.8725,151.213333,so2,ppm,0.0
7428,25544,Cook And Phillip-7428,2020-04-20T08:00:00+10:00,-33.8725,151.213333,so2,ppm,0.001
7428,25544,Cook And Phillip-7428,2020-04-20T09:00:00+10:00,-33.8725,151.213333,so2,ppm,0.001
7428,25544,Cook And Phillip-7428,2020-04-20T10:00:00+10:00,-33.8725,151.213333,so2,ppm,0.001
7428,25544,Cook And Phillip-7428,2020-04-20T11:00:00+10:00,-33.8725,151.213333,so2,ppm,0.001
7428,25544,Cook And Phillip-7428,2020-04-20T12:00:00+10:00,-33.8725,151.213333,so2,ppm,0.0
7428,25544,Cook And Phillip-7428,2020-04-20T13:00:00+10:00,-33.8725,151.213333,so2,ppm,0.0
7428,25544,Cook And Phillip-7428,2020-04-20T14:00:00+10:00,-33.8725,151.213333,so2,ppm,0.0
7428,25544,Cook And Phillip-7428,2020-04-20T15:00:00+10:00,-33.8725,151.213333,so2,ppm,0.0
7428,25544,Cook And Phillip-7428,2020-04-20T16:00:00+10:00,-33.8725,151.213333,so2,ppm,0.0
7428,25544,Cook And Phillip-7428,2020-04-20T17:00:00+10:00,-33.8725,151.213333,so2,ppm,0.001
7428,25544,Cook And Phillip-7428,2020-04-20T18:00:00+10:00,-33.8725,151.213333,so2,ppm,0.001
7428,25544,Cook And Phillip-7428,2020-04-20T19:00:00+10:00,-33.8725,151.213333,so2,ppm,0.001
7428,25544,Cook And Phillip-7428,2020-04-20T20:00:00+10:00,-33.8725,151.213333,so2,ppm,0.0
7428,25544,Cook And Phillip-7428,2020-04-20T21:00:00+10:00,-33.8725,151.213333,so2,ppm,0.0
7428,25544,Cook And Phillip-7428,2020-04-20T22:00:00+10:00,-33.8725,151.213333,so2,ppm,0.0
7428,25544,Cook And Phillip-7428,2020-04-20T23:00:00+10:00,-33.8725,151.213333,so2,ppm,0.0
7428,25545,Cook And Phillip-7428,2020-04-20T03:00:00+10:00,-33.8725,151.213333,o3,ppm,0.002
7428,25545,Cook And Phillip-7428,2020-04-20T04:00:00+10:00,-33.8725,151.213333,o3,ppm,0.006
7428,25545,Cook And Phillip-7428,2020-04-20T05:00:00+10:00,-33.8725,151.213333,o3,ppm,0.009
7428,25545,Cook And Phillip-7428,2020-04-20T06:00:00+10:00,-33.8725,151.213333,o3,ppm,0.01
7428,25545,Cook And Phillip-7428,2020-04-20T07:00:00+10:00,-33.8725,151.213333,o3,ppm,0.005
7428,25545,Cook And Phillip-7428,2020-04-20T08:00:00+10:00,-33.8725,151.213333,o3,ppm,0.001
7428,25545,Cook And Phillip-7428,2020-04-20T09:00:00+10:00,-33.8725,151.213333,o3,ppm,0.001
7428,25545,Cook And Phillip-7428,2020-04-20T10:00:00+10:00,-33.8725,151.213333,o3,ppm,0.004
7428,25545,Cook And Phillip-7428,2020-04-20T11:00:00+10:00,-33.8725,151.213333,o3,ppm,0.004
7428,25545,Cook And Phillip-7428,2020-04-20T12:00:00+10:00,-33.8725,151.213333,o3,ppm,0.005
7428,25545,Cook And Phillip-7428,2020-04-20T13:00:00+10:00,-33.8725,151.213333,o3,ppm,0.006
7428,25545,Cook And Phillip-7428,2020-04-20T14:00:00+10:00,-33.8725,151.213333,o3,ppm,0.009
7428,25545,Cook And Phillip-7428,2020-04-20T15:00:00+10:00,-33.8725,151.213333,o3,ppm,0.013
7428,25545,Cook And Phillip-7428,2020-04-20T16:00:00+10:00,-33.8725,151.213333,o3,ppm,0.006
7428,25545,Cook And Phillip-7428,2020-04-20T17:00:00+10:00,-33.8725,151.213333,o3,ppm,0.002
7428,25545,Cook And Phillip-7428,2020-04-20T18:00:00+10:00,-33.8725,151.213333,o3,ppm,0.001
7428,25545,Cook And Phillip-7428,2020-04-20T19:00:00+10:00,-33.8725,151.213333,o3,ppm,0.0
7428,25545,Cook And Phillip-7428,2020-04-20T20:00:00+10:00,-33.8725,151.213333,o3,ppm,0.004
7428,25545,Cook And Phillip-7428,2020-04-20T21:00:00+10:00,-33.8725,151.213333,o3,ppm,0.0
7428,25545,Cook And Phillip-7428,2020-04-20T22:00:00+10:00,-33.8725,151.213333,o3,ppm,0.0
7428,25545,Cook And Phillip-7428,2020-04-20T23:00:00+10:00,-33.8725,151.213333,o3,ppm,0.0
7428,21615,Cook And Phillip-7428,2020-04-21T01:00:00+10:00,-33.8725,151.213333,pm10,µg/m³,19.9
7428,21615,Cook And Phillip-7428,2020-04-21T02:00:00+10:00,-33.8725,151.213333,pm10,µg/m³,14.3
7428,21615,Cook And Phillip-7428,2020-04-21T03:00:00+10:00,-33.8725,151.213333,pm10,µg/m³,13.6
7428,21615,Cook And Phillip-7428,2020-04-21T04:00:00+10:00,-33.8725,151.213333,pm10,µg/m³,12.5
7428,21615,Cook And Phillip-7428,2020-04-21T05:00:00+10:00,-33.8725,151.213333,pm10,µg/m³,18.0
7428,21615,Cook And Phillip-7428,2020-04-21T06:00:00+10:00,-33.8725,151.213333,pm10,µg/m³,16.6
7428,21615,Cook And Phillip-7428,2020-04-21T07:00:00+10:00,-33.8725,151.213333,pm10,µg/m³,14.4
7428,21615,Cook And Phillip-7428,2020-04-21T08:00:00+10:00,-33.8725,151.213333,pm10,µg/m³,15.8
7428,21615,Cook And Phillip-7428,2020-04-21T09:00:00+10:00,-33.8725,151.213333,pm10,µg/m³,20.3
7428,21615,Cook And Phillip-7428,2020-04-21T10:00:00+10:00,-33.8725,151.213333,pm10,µg/m³,21.7
7428,21615,Cook And Phillip-7428,2020-04-21T12:00:00+10:00,-33.8725,151.213333,pm10,µg/m³,23.0
7428,21615,Cook And Phillip-7428,2020-04-21T13:00:00+10:00,-33.8725,151.213333,pm10,µg/m³,24.6
7428,21615,Cook And Phillip-7428,2020-04-21T14:00:00+10:00,-33.8725,151.213333,pm10,µg/m³,29.9
7428,21615,Cook And Phillip-7428,2020-04-21T15:00:00+10:00,-33.8725,151.213333,pm10,µg/m³,28.0
7428,21614,Cook And Phillip-7428,2020-04-21T01:00:00+10:00,-33.8725,151.213333,pm25,µg/m³,9.2
7428,21614,Cook And Phillip-7428,2020-04-21T02:00:00+10:00,-33.8725,151.213333,pm25,µg/m³,4.2
7428,21614,Cook And Phillip-7428,2020-04-21T03:00:00+10:00,-33.8725,151.213333,pm25,µg/m³,4.4
7428,21614,Cook And Phillip-7428,2020-04-21T04:00:00+10:00,-33.8725,151.213333,pm25,µg/m³,3.8
7428,21614,Cook And Phillip-7428,2020-04-21T05:00:00+10:00,-33.8725,151.213333,pm25,µg/m³,7.2
7428,21614,Cook And Phillip-7428,2020-04-21T06:00:00+10:00,-33.8725,151.213333,pm25,µg/m³,5.8
7428,21614,Cook And Phillip-7428,2020-04-21T07:00:00+10:00,-33.8725,151.213333,pm25,µg/m³,4.5
7428,21614,Cook And Phillip-7428,2020-04-21T08:00:00+10:00,-33.8725,151.213333,pm25,µg/m³,4.1
7428,21614,Cook And Phillip-7428,2020-04-21T09:00:00+10:00,-33.8725,151.213333,pm25,µg/m³,6.1
7428,21614,Cook And Phillip-7428,2020-04-21T10:00:00+10:00,-33.8725,151.213333,pm25,µg/m³,7.0
7428,21614,Cook And Phillip-7428,2020-04-21T12:00:00+10:00,-33.8725,151.213333,pm25,µg/m³,9.2
7428,21614,Cook And Phillip-7428,2020-04-21T13:00:00+10:00,-33.8725,151.213333,pm25,µg/m³,7.9
7428,21614,Cook And Phillip-7428,2020-04-21T14:00:00+10:00,-33.8725,151.213333,pm25,µg/m³,11.8
7428,21614,Cook And Phillip-7428,2020-04-21T15:00:00+10:00,-33.8725,151.213333,pm25,µg/m³,12.0
7428,25546,Cook And Phillip-7428,2020-04-21T01:00:00+10:00,-33.8725,151.213333,no2,ppm,0.019
7428,25546,Cook And Phillip-7428,2020-04-21T03:00:00+10:00,-33.8725,151.213333,no2,ppm,0.014
7428,25546,Cook And Phillip-7428,2020-04-21T04:00:00+10:00,-33.8725,151.213333,no2,ppm,0.016
7428,25546,Cook And Phillip-7428,2020-04-21T05:00:00+10:00,-33.8725,151.213333,no2,ppm,0.019
7428,25546,Cook And Phillip-7428,2020-04-21T06:00:00+10:00,-33.8725,151.213333,no2,ppm,0.02
7428,25546,Cook And Phillip-7428,2020-04-21T07:00:00+10:00,-33.8725,151.213333,no2,ppm,0.023
7428,25546,Cook And Phillip-7428,2020-04-21T08:00:00+10:00,-33.8725,151.213333,no2,ppm,0.022
7428,25546,Cook And Phillip-7428,2020-04-21T09:00:00+10:00,-33.8725,151.213333,no2,ppm,0.023
7428,25546,Cook And Phillip-7428,2020-04-21T10:00:00+10:00,-33.8725,151.213333,no2,ppm,0.02
7428,25546,Cook And Phillip-7428,2020-04-21T12:00:00+10:00,-33.8725,151.213333,no2,ppm,0.011
7428,25546,Cook And Phillip-7428,2020-04-21T13:00:00+10:00,-33.8725,151.213333,no2,ppm,0.01
7428,25546,Cook And Phillip-7428,2020-04-21T14:00:00+10:00,-33.8725,151.213333,no2,ppm,0.016
7428,25546,Cook And Phillip-7428,2020-04-21T15:00:00+10:00,-33.8725,151.213333,no2,ppm,0.012
7428,28686,Cook And Phillip-7428,2020-04-21T01:00:00+10:00,-33.8725,151.213333,co,ppm,0.1
7428,28686,Cook And Phillip-7428,2020-04-21T02:00:00+10:00,-33.8725,151.213333,co,ppm,0.1
7428,28686,Cook And Phillip-7428,2020-04-21T03:00:00+10:00,-33.8725,151.213333,co,ppm,0.1
7428,28686,Cook And Phillip-7428,2020-04-21T04:00:00+10:00,-33.8725,151.213333,co,ppm,0.1
7428,28686,Cook And Phillip-7428,2020-04-21T05:00:00+10:00,-33.8725,151.213333,co,ppm,0.1
7428,28686,Cook And Phillip-7428,2020-04-21T06:00:00+10:00,-33.8725,151.213333,co,ppm,0.1
7428,28686,Cook And Phillip-7428,2020-04-21T07:00:00+10:00,-33.8725,151.213333,co,ppm,0.1
7428,28686,Cook And Phillip-7428,2020-04-21T08:00:00+10:00,-33.8725,151.213333,co,ppm,0.1
7428,28686,Cook And Phillip-7428,2020-04-21T09:00:00+10:00,-33.8725,151.213333,co,ppm,0.1
7428,28686,Cook And Phillip-7428,2020-04-21T10:00:00+10:00,-33.8725,151.213333,co,ppm,0.1
7428,28686,Cook And Phillip-7428,2020-04-21T12:00:00+10:00,-33.8725,151.213333,co,ppm,0.1
7428,28686,Cook And Phillip-7428,2020-04-21T13:00:00+10:00,-33.8725,151.213333,co,ppm,0.1
7428,28686,Cook And Phillip-7428,2020-04-21T14:00:00+10:00,-33.8725,151.213333,co,ppm,0.1
7428,28686,Cook And Phillip-7428,2020-04-21T15:00:00+10:00,-33.8725,151.213333,co,ppm,0.1
7428,25544,Cook And Phillip-7428,2020-04-21T01:00:00+10:00,-33.8725,151.213333,so2,ppm,0.0
7428,25544,Cook And Phillip-7428,2020-04-21T03:00:00+10:00,-33.8725,151.213333,so2,ppm,0.001
7428,25544,Cook And Phillip-7428,2020-04-21T04:00:00+10:00,-33.8725,151.213333,so2,ppm,0.0
7428,25544,Cook And Phillip-7428,2020-04-21T05:00:00+10:00,-33.8725,151.213333,so2,ppm,0.0
7428,25544,Cook And Phillip-7428,2020-04-21T06:00:00+10:00,-33.8725,151.213333,so2,ppm,0.0
7428,25544,Cook And Phillip-7428,2020-04-21T07:00:00+10:00,-33.8725,151.213333,so2,ppm,0.001
7428,25544,Cook And Phillip-7428,2020-04-21T08:00:00+10:00,-33.8725,151.213333,so2,ppm,0.001
7428,25544,Cook And Phillip-7428,2020-04-21T09:00:00+10:00,-33.8725,151.213333,so2,ppm,0.001
7428,25544,Cook And Phillip-7428,2020-04-21T10:00:00+10:00,-33.8725,151.213333,so2,ppm,0.001
7428,25544,Cook And Phillip-7428,2020-04-21T12:00:00+10:00,-33.8725,151.213333,so2,ppm,0.0
7428,25544,Cook And Phillip-7428,2020-04-21T13:00:00+10:00,-33.8725,151.213333,so2,ppm,0.0
7428,25544,Cook And Phillip-7428,2020-04-21T14:00:00+10:00,-33.8725,151.213333,so2,ppm,0.0
7428,25544,Cook And Phillip-7428,2020-04-21T15:00:00+10:00,-33.8725,151.213333,so2,ppm,0.0
7428,25545,Cook And Phillip-7428,2020-04-21T01:00:00+10:00,-33.8725,151.213333,o3,ppm,0.001
7428,25545,Cook And Phillip-7428,2020-04-21T02:00:00+10:00,-33.8725,151.213333,o3,ppm,0.0
7428,25545,Cook And Phillip-7428,2020-04-21T03:00:00+10:00,-33.8725,151.213333,o3,ppm,0.003
7428,25545,Cook And Phillip-7428,2020-04-21T04:00:00+10:00,-33.8725,151.213333,o3,ppm,0.002
7428,25545,Cook And Phillip-7428,2020-04-21T05:00:00+10:00,-33.8725,151.213333,o3,ppm,0.0
7428,25545,Cook And Phillip-7428,2020-04-21T06:00:00+10:00,-33.8725,151.213333,o3,ppm,0.0
7428,25545,Cook And Phillip-7428,2020-04-21T07:00:00+10:00,-33.8725,151.213333,o3,ppm,0.0
7428,25545,Cook And Phillip-7428,2020-04-21T08:00:00+10:00,-33.8725,151.213333,o3,ppm,0.0
7428,25545,Cook And Phillip-7428,2020-04-21T09:00:00+10:00,-33.8725,151.213333,o3,ppm,0.002
7428,25545,Cook And Phillip-7428,2020-04-21T10:00:00+10:00,-33.8725,151.213333,o3,ppm,0.005
7428,25545,Cook And Phillip-7428,2020-04-21T12:00:00+10:00,-33.8725,151.213333,o3,ppm,0.016
7428,25545,Cook And Phillip-7428,2020-04-21T13:00:00+10:00,-33.8725,151.213333,o3,ppm,0.019
7428,25545,Cook And Phillip-7428,2020-04-21T14:00:00+10:00,-33.8725,151.213333,o3,ppm,0.016
7428,25545,Cook And Phillip-7428,2020-04-21T15:00:00+10:00,-33.8725,151.213333,o3,ppm,0.024
7428,25546,Cook And Phillip-7428,2020-04-22T12:00:00+10:00,-33.8725,151.213333,no2,ppm,0.033
7428,25546,Cook And Phillip-7428,2020-04-22T19:00:00+10:00,-33.8725,151.213333,no2,ppm,0.036
7428,25546,Cook And Phillip-7428,2020-04-22T20:00:00+10:00,-33.8725,151.213333,no2,ppm,0.035
7428,25546,Cook And Phillip-7428,2020-04-22T21:00:00+10:00,-33.8725,151.213333,no2,ppm,0.035
7428,25546,Cook And Phillip-7428,2020-04-22T22:00:00+10:00,-33.8725,151.213333,no2,ppm,0.035
7428,25546,Cook And Phillip-7428,2020-04-22T23:00:00+10:00,-33.8725,151.213333,no2,ppm,0.033
7428,28686,Cook And Phillip-7428,2020-04-22T12:00:00+10:00,-33.8725,151.213333,co,ppm,0.1
7428,25544,Cook And Phillip-7428,2020-04-22T10:00:00+10:00,-33.8725,151.213333,so2,ppm,0.008
7428,25544,Cook And Phillip-7428,2020-04-22T11:00:00+10:00,-33.8725,151.213333,so2,ppm,0.003
7428,25544,Cook And Phillip-7428,2020-04-22T12:00:00+10:00,-33.8725,151.213333,so2,ppm,0.0
7428,25544,Cook And Phillip-7428,2020-04-22T19:00:00+10:00,-33.8725,151.213333,so2,ppm,0.005
7428,25544,Cook And Phillip-7428,2020-04-22T20:00:00+10:00,-33.8725,151.213333,so2,ppm,0.0
7428,25544,Cook And Phillip-7428,2020-04-22T21:00:00+10:00,-33.8725,151.213333,so2,ppm,0.0
7428,25544,Cook And Phillip-7428,2020-04-22T22:00:00+10:00,-33.8725,151.213333,so2,ppm,0.0
7428,25544,Cook And Phillip-7428,2020-04-22T23:00:00+10:00,-33.8725,151.213333,so2,ppm,0.0
7428,25545,Cook And Phillip-7428,2020-04-22T19:00:00+10:00,-33.8725,151.213333,o3,ppm,0.0
7428,25545,Cook And Phillip-7428,2020-04-22T20:00:00+10:00,-33.8725,151.213333,o3,ppm,0.0
7428,25545,Cook And Phillip-7428,2020-04-22T21:00:00+10:00,-33.8725,151.213333,o3,ppm,0.0
7428,25545,Cook And Phillip-7428,2020-04-22T22:00:00+10:00,-33.8725,151.213333,o3,ppm,0.0
7428,25546,Cook And Phillip-7428,2020-04-23T03:00:00+10:00,-33.8725,151.213333,no2,ppm,0.028
7428,25546,Cook And Phillip-7428,2020-04-23T04:00:00+10:00,-33.8725,151.213333,no2,ppm,0.025
7428,25546,Cook And Phillip-7428,2020-04-23T05:00:00+10:00,-33.8725,151.213333,no2,ppm,0.023
7428,25546,Cook And Phillip-7428,2020-04-23T06:00:00+10:00,-33.8725,151.213333,no2,ppm,0.023
7428,25546,Cook And Phillip-7428,2020-04-23T07:00:00+10:00,-33.8725,151.213333,no2,ppm,0.025
7428,25546,Cook And Phillip-7428,2020-04-23T08:00:00+10:00,-33.8725,151.213333,no2,ppm,0.025
7428,25546,Cook And Phillip-7428,2020-04-23T09:00:00+10:00,-33.8725,151.213333,no2,ppm,0.028
7428,25546,Cook And Phillip-7428,2020-04-23T10:00:00+10:00,-33.8725,151.213333,no2,ppm,0.022
7428,25546,Cook And Phillip-7428,2020-04-23T11:00:00+10:00,-33.8725,151.213333,no2,ppm,0.021
7428,25546,Cook And Phillip-7428,2020-04-23T12:00:00+10:00,-33.8725,151.213333,no2,ppm,0.026
7428,25546,Cook And Phillip-7428,2020-04-23T15:00:00+10:00,-33.8725,151.213333,no2,ppm,0.01
7428,25546,Cook And Phillip-7428,2020-04-23T16:00:00+10:00,-33.8725,151.213333,no2,ppm,0.012
7428,25546,Cook And Phillip-7428,2020-04-23T17:00:00+10:00,-33.8725,151.213333,no2,ppm,0.018
7428,25546,Cook And Phillip-7428,2020-04-23T18:00:00+10:00,-33.8725,151.213333,no2,ppm,0.023
7428,25546,Cook And Phillip-7428,2020-04-23T19:00:00+10:00,-33.8725,151.213333,no2,ppm,0.022
7428,25546,Cook And Phillip-7428,2020-04-23T20:00:00+10:00,-33.8725,151.213333,no2,ppm,0.019
7428,25546,Cook And Phillip-7428,2020-04-23T21:00:00+10:00,-33.8725,151.213333,no2,ppm,0.022
7428,25546,Cook And Phillip-7428,2020-04-23T22:00:00+10:00,-33.8725,151.213333,no2,ppm,0.027
7428,28686,Cook And Phillip-7428,2020-04-23T02:00:00+10:00,-33.8725,151.213333,co,ppm,0.1
7428,28686,Cook And Phillip-7428,2020-04-23T03:00:00+10:00,-33.8725,151.213333,co,ppm,0.1
7428,28686,Cook And Phillip-7428,2020-04-23T04:00:00+10:00,-33.8725,151.213333,co,ppm,0.1
7428,28686,Cook And Phillip-7428,2020-04-23T05:00:00+10:00,-33.8725,151.213333,co,ppm,0.1
7428,28686,Cook And Phillip-7428,2020-04-23T06:00:00+10:00,-33.8725,151.213333,co,ppm,0.1
7428,28686,Cook And Phillip-7428,2020-04-23T07:00:00+10:00,-33.8725,151.213333,co,ppm,0.2
7428,28686,Cook And Phillip-7428,2020-04-23T08:00:00+10:00,-33.8725,151.213333,co,ppm,0.2
7428,28686,Cook And Phillip-7428,2020-04-23T09:00:00+10:00,-33.8725,151.213333,co,ppm,0.1
7428,28686,Cook And Phillip-7428,2020-04-23T10:00:00+10:00,-33.8725,151.213333,co,ppm,0.1
7428,28686,Cook And Phillip-7428,2020-04-23T11:00:00+10:00,-33.8725,151.213333,co,ppm,0.1
7428,28686,Cook And Phillip-7428,2020-04-23T12:00:00+10:00,-33.8725,151.213333,co,ppm,0.1
7428,28686,Cook And Phillip-7428,2020-04-23T13:00:00+10:00,-33.8725,151.213333,co,ppm,0.1
7428,28686,Cook And Phillip-7428,2020-04-23T20:00:00+10:00,-33.8725,151.213333,co,ppm,0.0
7428,28686,Cook And Phillip-7428,2020-04-23T21:00:00+10:00,-33.8725,151.213333,co,ppm,0.0
7428,28686,Cook And Phillip-7428,2020-04-23T22:00:00+10:00,-33.8725,151.213333,co,ppm,0.0
7428,25544,Cook And Phillip-7428,2020-04-23T03:00:00+10:00,-33.8725,151.213333,so2,ppm,0.0
7428,25544,Cook And Phillip-7428,2020-04-23T04:00:00+10:00,-33.8725,151.213333,so2,ppm,0.0
7428,25544,Cook And Phillip-7428,2020-04-23T05:00:00+10:00,-33.8725,151.213333,so2,ppm,0.0
7428,25544,Cook And Phillip-7428,2020-04-23T06:00:00+10:00,-33.8725,151.213333,so2,ppm,0.0
7428,25544,Cook And Phillip-7428,2020-04-23T07:00:00+10:00,-33.8725,151.213333,so2,ppm,0.0
7428,25544,Cook And Phillip-7428,2020-04-23T08:00:00+10:00,-33.8725,151.213333,so2,ppm,0.001
7428,25544,Cook And Phillip-7428,2020-04-23T09:00:00+10:00,-33.8725,151.213333,so2,ppm,0.001
7428,25544,Cook And Phillip-7428,2020-04-23T10:00:00+10:00,-33.8725,151.213333,so2,ppm,0.001
7428,25544,Cook And Phillip-7428,2020-04-23T11:00:00+10:00,-33.8725,151.213333,so2,ppm,0.001
7428,25544,Cook And Phillip-7428,2020-04-23T12:00:00+10:00,-33.8725,151.213333,so2,ppm,0.002
7428,25544,Cook And Phillip-7428,2020-04-23T15:00:00+10:00,-33.8725,151.213333,so2,ppm,0.0
7428,25544,Cook And Phillip-7428,2020-04-23T16:00:00+10:00,-33.8725,151.213333,so2,ppm,0.002
7428,25544,Cook And Phillip-7428,2020-04-23T17:00:00+10:00,-33.8725,151.213333,so2,ppm,0.003
7428,25544,Cook And Phillip-7428,2020-04-23T18:00:00+10:00,-33.8725,151.213333,so2,ppm,0.004
7428,25544,Cook And Phillip-7428,2020-04-23T19:00:00+10:00,-33.8725,151.213333,so2,ppm,0.002
7428,25544,Cook And Phillip-7428,2020-04-23T20:00:00+10:00,-33.8725,151.213333,so2,ppm,0.003
7428,25544,Cook And Phillip-7428,2020-04-23T21:00:00+10:00,-33.8725,151.213333,so2,ppm,0.003
7428,25544,Cook And Phillip-7428,2020-04-23T22:00:00+10:00,-33.8725,151.213333,so2,ppm,0.003
7428,25545,Cook And Phillip-7428,2020-04-23T03:00:00+10:00,-33.8725,151.213333,o3,ppm,0.0
7428,25545,Cook And Phillip-7428,2020-04-23T04:00:00+10:00,-33.8725,151.213333,o3,ppm,0.001
7428,25545,Cook And Phillip-7428,2020-04-23T05:00:00+10:00,-33.8725,151.213333,o3,ppm,0.001
7428,25545,Cook And Phillip-7428,2020-04-23T06:00:00+10:00,-33.8725,151.213333,o3,ppm,0.001
7428,25545,Cook And Phillip-7428,2020-04-23T07:00:00+10:00,-33.8725,151.213333,o3,ppm,0.001
7428,25545,Cook And Phillip-7428,2020-04-23T08:00:00+10:00,-33.8725,151.213333,o3,ppm,0.002
7428,25545,Cook And Phillip-7428,2020-04-23T09:00:00+10:00,-33.8725,151.213333,o3,ppm,0.003
7428,25545,Cook And Phillip-7428,2020-04-23T10:00:00+10:00,-33.8725,151.213333,o3,ppm,0.007
7428,25545,Cook And Phillip-7428,2020-04-23T11:00:00+10:00,-33.8725,151.213333,o3,ppm,0.011
7428,25545,Cook And Phillip-7428,2020-04-23T12:00:00+10:00,-33.8725,151.213333,o3,ppm,0.007
7428,25545,Cook And Phillip-7428,2020-04-23T15:00:00+10:00,-33.8725,151.213333,o3,ppm,0.029
7428,25545,Cook And Phillip-7428,2020-04-23T16:00:00+10:00,-33.8725,151.213333,o3,ppm,0.031
7428,25545,Cook And Phillip-7428,2020-04-23T17:00:00+10:00,-33.8725,151.213333,o3,ppm,0.022
7428,25545,Cook And Phillip-7428,2020-04-23T18:00:00+10:00,-33.8725,151.213333,o3,ppm,0.015
7428,25545,Cook And Phillip-7428,2020-04-23T19:00:00+10:00,-33.8725,151.213333,o3,ppm,0.016
7428,25545,Cook And Phillip-7428,2020-04-23T20:00:00+10:00,-33.8725,151.213333,o3,ppm,0.018
7428,25545,Cook And Phillip-7428,2020-04-23T21:00:00+10:00,-33.8725,151.213333,o3,ppm,0.01
7428,25545,Cook And Phillip-7428,2020-04-23T22:00:00+10:00,-33.8725,151.213333,o3,ppm,0.005
7428,21615,Cook And Phillip-7428,2020-04-24T12:00:00+10:00,-33.8725,151.213333,pm10,µg/m³,30.9
7428,21615,Cook And Phillip-7428,2020-04-24T13:00:00+10:00,-33.8725,151.213333,pm10,µg/m³,31.9
7428,21615,Cook And Phillip-7428,2020-04-24T14:00:00+10:00,-33.8725,151.213333,pm10,µg/m³,29.8
7428,21615,Cook And Phillip-7428,2020-04-24T15:00:00+10:00,-33.8725,151.213333,pm10,µg/m³,26.8
7428,21615,Cook And Phillip-7428,2020-04-24T16:00:00+10:00,-33.8725,151.213333,pm10,µg/m³,21.3
7428,21615,Cook And Phillip-7428,2020-04-24T17:00:00+10:00,-33.8725,151.213333,pm10,µg/m³,21.3
7428,21615,Cook And Phillip-7428,2020-04-24T18:00:00+10:00,-33.8725,151.213333,pm10,µg/m³,16.1
7428,21615,Cook And Phillip-7428,2020-04-24T19:00:00+10:00,-33.8725,151.213333,pm10,µg/m³,20.4
7428,21615,Cook And Phillip-7428,2020-04-24T20:00:00+10:00,-33.8725,151.213333,pm10,µg/m³,24.7
7428,21615,Cook And Phillip-7428,2020-04-24T21:00:00+10:00,-33.8725,151.213333,pm10,µg/m³,19.2
7428,21614,Cook And Phillip-7428,2020-04-24T12:00:00+10:00,-33.8725,151.213333,pm25,µg/m³,11.2
7428,21614,Cook And Phillip-7428,2020-04-24T13:00:00+10:00,-33.8725,151.213333,pm25,µg/m³,9.2
7428,21614,Cook And Phillip-7428,2020-04-24T14:00:00+10:00,-33.8725,151.213333,pm25,µg/m³,10.8
7428,21614,Cook And Phillip-7428,2020-04-24T15:00:00+10:00,-33.8725,151.213333,pm25,µg/m³,11.5
7428,21614,Cook And Phillip-7428,2020-04-24T16:00:00+10:00,-33.8725,151.213333,pm25,µg/m³,5.6
7428,21614,Cook And Phillip-7428,2020-04-24T17:00:00+10:00,-33.8725,151.213333,pm25,µg/m³,5.8
7428,21614,Cook And Phillip-7428,2020-04-24T18:00:00+10:00,-33.8725,151.213333,pm25,µg/m³,0.0
7428,21614,Cook And Phillip-7428,2020-04-24T19:00:00+10:00,-33.8725,151.213333,pm25,µg/m³,4.3
7428,21614,Cook And Phillip-7428,2020-04-24T20:00:00+10:00,-33.8725,151.213333,pm25,µg/m³,10.1
7428,21614,Cook And Phillip-7428,2020-04-24T21:00:00+10:00,-33.8725,151.213333,pm25,µg/m³,6.3
7428,25546,Cook And Phillip-7428,2020-04-24T01:00:00+10:00,-33.8725,151.213333,no2,ppm,0.024
7428,25546,Cook And Phillip-7428,2020-04-24T03:00:00+10:00,-33.8725,151.213333,no2,ppm,0.009
7428,25546,Cook And Phillip-7428,2020-04-24T04:00:00+10:00,-33.8725,151.213333,no2,ppm,0.009
7428,25546,Cook And Phillip-7428,2020-04-24T06:00:00+10:00,-33.8725,151.213333,no2,ppm,0.023
7428,25546,Cook And Phillip-7428,2020-04-24T07:00:00+10:00,-33.8725,151.213333,no2,ppm,0.028
7428,25546,Cook And Phillip-7428,2020-04-24T08:00:00+10:00,-33.8725,151.213333,no2,ppm,0.028
7428,25546,Cook And Phillip-7428,2020-04-24T09:00:00+10:00,-33.8725,151.213333,no2,ppm,0.025
7428,25546,Cook And Phillip-7428,2020-04-24T10:00:00+10:00,-33.8725,151.213333,no2,ppm,0.025
7428,25546,Cook And Phillip-7428,2020-04-24T11:00:00+10:00,-33.8725,151.213333,no2,ppm,0.02
7428,25546,Cook And Phillip-7428,2020-04-24T12:00:00+10:00,-33.8725,151.213333,no2,ppm,0.017
7428,25546,Cook And Phillip-7428,2020-04-24T13:00:00+10:00,-33.8725,151.213333,no2,ppm,0.014
7428,25546,Cook And Phillip-7428,2020-04-24T14:00:00+10:00,-33.8725,151.213333,no2,ppm,0.012
7428,25546,Cook And Phillip-7428,2020-04-24T15:00:00+10:00,-33.8725,151.213333,no2,ppm,0.011
7428,25546,Cook And Phillip-7428,2020-04-24T16:00:00+10:00,-33.8725,151.213333,no2,ppm,0.013
7428,25546,Cook And Phillip-7428,2020-04-24T17:00:00+10:00,-33.8725,151.213333,no2,ppm,0.01
7428,25546,Cook And Phillip-7428,2020-04-24T18:00:00+10:00,-33.8725,151.213333,no2,ppm,0.016
7428,25546,Cook And Phillip-7428,2020-04-24T19:00:00+10:00,-33.8725,151.213333,no2,ppm,0.033
7428,25546,Cook And Phillip-7428,2020-04-24T20:00:00+10:00,-33.8725,151.213333,no2,ppm,0.026
7428,25546,Cook And Phillip-7428,2020-04-24T21:00:00+10:00,-33.8725,151.213333,no2,ppm,0.02
7428,28686,Cook And Phillip-7428,2020-04-24T01:00:00+10:00,-33.8725,151.213333,co,ppm,0.0
7428,28686,Cook And Phillip-7428,2020-04-24T02:00:00+10:00,-33.8725,151.213333,co,ppm,0.0
7428,28686,Cook And Phillip-7428,2020-04-24T03:00:00+10:00,-33.8725,151.213333,co,ppm,0.0
7428,28686,Cook And Phillip-7428,2020-04-24T04:00:00+10:00,-33.8725,151.213333,co,ppm,0.0
7428,28686,Cook And Phillip-7428,2020-04-24T06:00:00+10:00,-33.8725,151.213333,co,ppm,0.0
7428,28686,Cook And Phillip-7428,2020-04-24T07:00:00+10:00,-33.8725,151.213333,co,ppm,0.1
7428,28686,Cook And Phillip-7428,2020-04-24T08:00:00+10:00,-33.8725,151.213333,co,ppm,0.1
7428,28686,Cook And Phillip-7428,2020-04-24T09:00:00+10:00,-33.8725,151.213333,co,ppm,0.1
7428,28686,Cook And Phillip-7428,2020-04-24T10:00:00+10:00,-33.8725,151.213333,co,ppm,0.1
7428,28686,Cook And Phillip-7428,2020-04-24T11:00:00+10:00,-33.8725,151.213333,co,ppm,0.1
7428,28686,Cook And Phillip-7428,2020-04-24T12:00:00+10:00,-33.8725,151.213333,co,ppm,0.1
7428,28686,Cook And Phillip-7428,2020-04-24T13:00:00+10:00,-33.8725,151.213333,co,ppm,0.1
7428,28686,Cook And Phillip-7428,2020-04-24T14:00:00+10:00,-33.8725,151.213333,co,ppm,0.1
7428,28686,Cook And Phillip-7428,2020-04-24T15:00:00+10:00,-33.8725,151.213333,co,ppm,0.1
7428,28686,Cook And Phillip-7428,2020-04-24T16:00:00+10:00,-33.8725,151.213333,co,ppm,0.1
7428,28686,Cook And Phillip-7428,2020-04-24T17:00:00+10:00,-33.8725,151.213333,co,ppm,0.1
7428,28686,Cook And Phillip-7428,2020-04-24T18:00:00+10:00,-33.8725,151.213333,co,ppm,0.1
7428,28686,Cook And Phillip-7428,2020-04-24T19:00:00+10:00,-33.8725,151.213333,co,ppm,0.1
7428,28686,Cook And Phillip-7428,2020-04-24T20:00:00+10:00,-33.8725,151.213333,co,ppm,0.1
7428,28686,Cook And Phillip-7428,2020-04-24T21:00:00+10:00,-33.8725,151.213333,co,ppm,0.1
7428,25544,Cook And Phillip-7428,2020-04-24T01:00:00+10:00,-33.8725,151.213333,so2,ppm,0.001
7428,25544,Cook And Phillip-7428,2020-04-24T03:00:00+10:00,-33.8725,151.213333,so2,ppm,0.0
7428,25544,Cook And Phillip-7428,2020-04-24T04:00:00+10:00,-33.8725,151.213333,so2,ppm,0.0
7428,25544,Cook And Phillip-7428,2020-04-24T06:00:00+10:00,-33.8725,151.213333,so2,ppm,0.001
7428,25544,Cook And Phillip-7428,2020-04-24T07:00:00+10:00,-33.8725,151.213333,so2,ppm,0.001
7428,25544,Cook And Phillip-7428,2020-04-24T08:00:00+10:00,-33.8725,151.213333,so2,ppm,0.001
7428,25544,Cook And Phillip-7428,2020-04-24T09:00:00+10:00,-33.8725,151.213333,so2,ppm,0.001
7428,25544,Cook And Phillip-7428,2020-04-24T10:00:00+10:00,-33.8725,151.213333,so2,ppm,0.001
7428,25544,Cook And Phillip-7428,2020-04-24T11:00:00+10:00,-33.8725,151.213333,so2,ppm,0.0
7428,25544,Cook And Phillip-7428,2020-04-24T12:00:00+10:00,-33.8725,151.213333,so2,ppm,0.0
7428,25544,Cook And Phillip-7428,2020-04-24T13:00:00+10:00,-33.8725,151.213333,so2,ppm,0.0
7428,25544,Cook And Phillip-7428,2020-04-24T14:00:00+10:00,-33.8725,151.213333,so2,ppm,0.0
7428,25544,Cook And Phillip-7428,2020-04-24T15:00:00+10:00,-33.8725,151.213333,so2,ppm,0.0
7428,25544,Cook And Phillip-7428,2020-04-24T16:00:00+10:00,-33.8725,151.213333,so2,ppm,0.0
7428,25544,Cook And Phillip-7428,2020-04-24T17:00:00+10:00,-33.8725,151.213333,so2,ppm,0.0
7428,25544,Cook And Phillip-7428,2020-04-24T18:00:00+10:00,-33.8725,151.213333,so2,ppm,0.001
7428,25544,Cook And Phillip-7428,2020-04-24T19:00:00+10:00,-33.8725,151.213333,so2,ppm,0.0
7428,25544,Cook And Phillip-7428,2020-04-24T20:00:00+10:00,-33.8725,151.213333,so2,ppm,0.0
7428,25544,Cook And Phillip-7428,2020-04-24T21:00:00+10:00,-33.8725,151.213333,so2,ppm,0.0
7428,25545,Cook And Phillip-7428,2020-04-24T01:00:00+10:00,-33.8725,151.213333,o3,ppm,0.004
7428,25545,Cook And Phillip-7428,2020-04-24T02:00:00+10:00,-33.8725,151.213333,o3,ppm,0.003
7428,25545,Cook And Phillip-7428,2020-04-24T03:00:00+10:00,-33.8725,151.213333,o3,ppm,0.014
7428,25545,Cook And Phillip-7428,2020-04-24T04:00:00+10:00,-33.8725,151.213333,o3,ppm,0.014
7428,25545,Cook And Phillip-7428,2020-04-24T06:00:00+10:00,-33.8725,151.213333,o3,ppm,0.0
7428,25545,Cook And Phillip-7428,2020-04-24T07:00:00+10:00,-33.8725,151.213333,o3,ppm,0.0
7428,25545,Cook And Phillip-7428,2020-04-24T08:00:00+10:00,-33.8725,151.213333,o3,ppm,0.002
7428,25545,Cook And Phillip-7428,2020-04-24T09:00:00+10:00,-33.8725,151.213333,o3,ppm,0.004
7428,25545,Cook And Phillip-7428,2020-04-24T10:00:00+10:00,-33.8725,151.213333,o3,ppm,0.007
7428,25545,Cook And Phillip-7428,2020-04-24T11:00:00+10:00,-33.8725,151.213333,o3,ppm,0.011
7428,25545,Cook And Phillip-7428,2020-04-24T12:00:00+10:00,-33.8725,151.213333,o3,ppm,0.015
7428,25545,Cook And Phillip-7428,2020-04-24T13:00:00+10:00,-33.8725,151.213333,o3,ppm,0.021
7428,25545,Cook And Phillip-7428,2020-04-24T14:00:00+10:00,-33.8725,151.213333,o3,ppm,0.024
7428,25545,Cook And Phillip-7428,2020-04-24T15:00:00+10:00,-33.8725,151.213333,o3,ppm,0.024
7428,25545,Cook And Phillip-7428,2020-04-24T16:00:00+10:00,-33.8725,151.213333,o3,ppm,0.024
7428,25545,Cook And Phillip-7428,2020-04-24T17:00:00+10:00,-33.8725,151.213333,o3,ppm,0.027
7428,25545,Cook And Phillip-7428,2020-04-24T18:00:00+10:00,-33.8725,151.213333,o3,ppm,0.023
7428,25545,Cook And Phillip-7428,2020-04-24T19:00:00+10:00,-33.8725,151.213333,o3,ppm,0.006
7428,25545,Cook And Phillip-7428,2020-04-24T20:00:00+10:00,-33.8725,151.213333,o3,ppm,0.009
7428,25545,Cook And Phillip-7428,2020-04-24T21:00:00+10:00,-33.8725,151.213333,o3,ppm,0.012
7428,21615,Cook And Phillip-7428,2020-04-26T04:00:00+10:00,-33.8725,151.213333,pm10,µg/m³,14.8
7428,21615,Cook And Phillip-7428,2020-04-26T07:00:00+10:00,-33.8725,151.213333,pm10,µg/m³,17.8
7428,21615,Cook And Phillip-7428,2020-04-26T09:00:00+10:00,-33.8725,151.213333,pm10,µg/m³,21.4
7428,21615,Cook And Phillip-7428,2020-04-26T10:00:00+10:00,-33.8725,151.213333,pm10,µg/m³,18.5
7428,21615,Cook And Phillip-7428,2020-04-26T11:00:00+10:00,-33.8725,151.213333,pm10,µg/m³,24.0
7428,21615,Cook And Phillip-7428,2020-04-26T12:00:00+10:00,-33.8725,151.213333,pm10,µg/m³,34.1
7428,21615,Cook And Phillip-7428,2020-04-26T13:00:00+10:00,-33.8725,151.213333,pm10,µg/m³,37.4
7428,21615,Cook And Phillip-7428,2020-04-26T14:00:00+10:00,-33.8725,151.213333,pm10,µg/m³,32.9
7428,21615,Cook And Phillip-7428,2020-04-26T15:00:00+10:00,-33.8725,151.213333,pm10,µg/m³,85.0
7428,21615,Cook And Phillip-7428,2020-04-26T16:00:00+10:00,-33.8725,151.213333,pm10,µg/m³,52.3
7428,21615,Cook And Phillip-7428,2020-04-26T17:00:00+10:00,-33.8725,151.213333,pm10,µg/m³,14.2
7428,21615,Cook And Phillip-7428,2020-04-26T19:00:00+10:00,-33.8725,151.213333,pm10,µg/m³,10.4
7428,21615,Cook And Phillip-7428,2020-04-26T20:00:00+10:00,-33.8725,151.213333,pm10,µg/m³,10.2
7428,21615,Cook And Phillip-7428,2020-04-26T21:00:00+10:00,-33.8725,151.213333,pm10,µg/m³,8.4
7428,21615,Cook And Phillip-7428,2020-04-26T22:00:00+10:00,-33.8725,151.213333,pm10,µg/m³,0.0
7428,21615,Cook And Phillip-7428,2020-04-26T23:00:00+10:00,-33.8725,151.213333,pm10,µg/m³,4.0
7428,21614,Cook And Phillip-7428,2020-04-26T04:00:00+10:00,-33.8725,151.213333,pm25,µg/m³,6.9
7428,21614,Cook And Phillip-7428,2020-04-26T07:00:00+10:00,-33.8725,151.213333,pm25,µg/m³,6.3
7428,21614,Cook And Phillip-7428,2020-04-26T09:00:00+10:00,-33.8725,151.213333,pm25,µg/m³,11.5
7428,21614,Cook And Phillip-7428,2020-04-26T10:00:00+10:00,-33.8725,151.213333,pm25,µg/m³,7.2
7428,21614,Cook And Phillip-7428,2020-04-26T11:00:00+10:00,-33.8725,151.213333,pm25,µg/m³,8.5
7428,21614,Cook And Phillip-7428,2020-04-26T12:00:00+10:00,-33.8725,151.213333,pm25,µg/m³,15.4
7428,21614,Cook And Phillip-7428,2020-04-26T13:00:00+10:00,-33.8725,151.213333,pm25,µg/m³,17.7
7428,21614,Cook And Phillip-7428,2020-04-26T14:00:00+10:00,-33.8725,151.213333,pm25,µg/m³,14.2
7428,21614,Cook And Phillip-7428,2020-04-26T15:00:00+10:00,-33.8725,151.213333,pm25,µg/m³,8.9
7428,21614,Cook And Phillip-7428,2020-04-26T16:00:00+10:00,-33.8725,151.213333,pm25,µg/m³,9.6
7428,21614,Cook And Phillip-7428,2020-04-26T17:00:00+10:00,-33.8725,151.213333,pm25,µg/m³,2.8
7428,21614,Cook And Phillip-7428,2020-04-26T19:00:00+10:00,-33.8725,151.213333,pm25,µg/m³,2.8
7428,21614,Cook And Phillip-7428,2020-04-26T20:00:00+10:00,-33.8725,151.213333,pm25,µg/m³,6.0
7428,21614,Cook And Phillip-7428,2020-04-26T21:00:00+10:00,-33.8725,151.213333,pm25,µg/m³,7.5
7428,21614,Cook And Phillip-7428,2020-04-26T22:00:00+10:00,-33.8725,151.213333,pm25,µg/m³,0.0
7428,21614,Cook And Phillip-7428,2020-04-26T23:00:00+10:00,-33.8725,151.213333,pm25,µg/m³,2.4
7428,25546,Cook And Phillip-7428,2020-04-26T04:00:00+10:00,-33.8725,151.213333,no2,ppm,0.01
7428,25546,Cook And Phillip-7428,2020-04-26T07:00:00+10:00,-33.8725,151.213333,no2,ppm,0.009
7428,25546,Cook And Phillip-7428,2020-04-26T09:00:00+10:00,-33.8725,151.213333,no2,ppm,0.007
7428,25546,Cook And Phillip-7428,2020-04-26T10:00:00+10:00,-33.8725,151.213333,no2,ppm,0.006
7428,25546,Cook And Phillip-7428,2020-04-26T11:00:00+10:00,-33.8725,151.213333,no2,ppm,0.005
7428,25546,Cook And Phillip-7428,2020-04-26T12:00:00+10:00,-33.8725,151.213333,no2,ppm,0.005
7428,25546,Cook And Phillip-7428,2020-04-26T13:00:00+10:00,-33.8725,151.213333,no2,ppm,0.004
7428,25546,Cook And Phillip-7428,2020-04-26T14:00:00+10:00,-33.8725,151.213333,no2,ppm,0.005
7428,25546,Cook And Phillip-7428,2020-04-26T15:00:00+10:00,-33.8725,151.213333,no2,ppm,0.008
7428,25546,Cook And Phillip-7428,2020-04-26T16:00:00+10:00,-33.8725,151.213333,no2,ppm,0.011
7428,25546,Cook And Phillip-7428,2020-04-26T17:00:00+10:00,-33.8725,151.213333,no2,ppm,0.012
7428,25546,Cook And Phillip-7428,2020-04-26T19:00:00+10:00,-33.8725,151.213333,no2,ppm,0.01
7428,25546,Cook And Phillip-7428,2020-04-26T20:00:00+10:00,-33.8725,151.213333,no2,ppm,0.007
7428,25546,Cook And Phillip-7428,2020-04-26T21:00:00+10:00,-33.8725,151.213333,no2,ppm,0.006
7428,25546,Cook And Phillip-7428,2020-04-26T22:00:00+10:00,-33.8725,151.213333,no2,ppm,0.008
7428,25546,Cook And Phillip-7428,2020-04-26T23:00:00+10:00,-33.8725,151.213333,no2,ppm,0.013
7428,28686,Cook And Phillip-7428,2020-04-26T04:00:00+10:00,-33.8725,151.213333,co,ppm,0.1
7428,28686,Cook And Phillip-7428,2020-04-26T07:00:00+10:00,-33.8725,151.213333,co,ppm,0.1
7428,28686,Cook And Phillip-7428,2020-04-26T09:00:00+10:00,-33.8725,151.213333,co,ppm,0.0
7428,28686,Cook And Phillip-7428,2020-04-26T10:00:00+10:00,-33.8725,151.213333,co,ppm,0.0
7428,28686,Cook And Phillip-7428,2020-04-26T11:00:00+10:00,-33.8725,151.213333,co,ppm,0.0
7428,28686,Cook And Phillip-7428,2020-04-26T12:00:00+10:00,-33.8725,151.213333,co,ppm,0.0
7428,28686,Cook And Phillip-7428,2020-04-26T13:00:00+10:00,-33.8725,151.213333,co,ppm,0.0
7428,28686,Cook And Phillip-7428,2020-04-26T14:00:00+10:00,-33.8725,151.213333,co,ppm,0.0
7428,28686,Cook And Phillip-7428,2020-04-26T15:00:00+10:00,-33.8725,151.213333,co,ppm,0.0
7428,28686,Cook And Phillip-7428,2020-04-26T16:00:00+10:00,-33.8725,151.213333,co,ppm,0.0
7428,28686,Cook And Phillip-7428,2020-04-26T17:00:00+10:00,-33.8725,151.213333,co,ppm,0.0
7428,28686,Cook And Phillip-7428,2020-04-26T19:00:00+10:00,-33.8725,151.213333,co,ppm,0.0
7428,28686,Cook And Phillip-7428,2020-04-26T20:00:00+10:00,-33.8725,151.213333,co,ppm,0.0
7428,28686,Cook And Phillip-7428,2020-04-26T21:00:00+10:00,-33.8725,151.213333,co,ppm,0.0
7428,28686,Cook And Phillip-7428,2020-04-26T22:00:00+10:00,-33.8725,151.213333,co,ppm,0.0
7428,28686,Cook And Phillip-7428,2020-04-26T23:00:00+10:00,-33.8725,151.213333,co,ppm,0.0
7428,25544,Cook And Phillip-7428,2020-04-26T04:00:00+10:00,-33.8725,151.213333,so2,ppm,0.0
7428,25544,Cook And Phillip-7428,2020-04-26T07:00:00+10:00,-33.8725,151.213333,so2,ppm,0.0
7428,25544,Cook And Phillip-7428,2020-04-26T09:00:00+10:00,-33.8725,151.213333,so2,ppm,0.0
7428,25544,Cook And Phillip-7428,2020-04-26T10:00:00+10:00,-33.8725,151.213333,so2,ppm,0.0
7428,25544,Cook And Phillip-7428,2020-04-26T11:00:00+10:00,-33.8725,151.213333,so2,ppm,0.0
7428,25544,Cook And Phillip-7428,2020-04-26T12:00:00+10:00,-33.8725,151.213333,so2,ppm,0.001
7428,25544,Cook And Phillip-7428,2020-04-26T13:00:00+10:00,-33.8725,151.213333,so2,ppm,0.0
7428,25544,Cook And Phillip-7428,2020-04-26T14:00:00+10:00,-33.8725,151.213333,so2,ppm,0.0
7428,25544,Cook And Phillip-7428,2020-04-26T15:00:00+10:00,-33.8725,151.213333,so2,ppm,0.0
7428,25544,Cook And Phillip-7428,2020-04-26T16:00:00+10:00,-33.8725,151.213333,so2,ppm,0.0
7428,25544,Cook And Phillip-7428,2020-04-26T17:00:00+10:00,-33.8725,151.213333,so2,ppm,0.0
7428,25544,Cook And Phillip-7428,2020-04-26T19:00:00+10:00,-33.8725,151.213333,so2,ppm,0.0
7428,25544,Cook And Phillip-7428,2020-04-26T20:00:00+10:00,-33.8725,151.213333,so2,ppm,0.0
7428,25544,Cook And Phillip-7428,2020-04-26T21:00:00+10:00,-33.8725,151.213333,so2,ppm,0.0
7428,25544,Cook And Phillip-7428,2020-04-26T22:00:00+10:00,-33.8725,151.213333,so2,ppm,0.0
7428,25544,Cook And Phillip-7428,2020-04-26T23:00:00+10:00,-33.8725,151.213333,so2,ppm,0.0
7428,25545,Cook And Phillip-7428,2020-04-26T04:00:00+10:00,-33.8725,151.213333,o3,ppm,0.013
7428,25545,Cook And Phillip-7428,2020-04-26T07:00:00+10:00,-33.8725,151.213333,o3,ppm,0.015
7428,25545,Cook And Phillip-7428,2020-04-26T09:00:00+10:00,-33.8725,151.213333,o3,ppm,0.018
7428,25545,Cook And Phillip-7428,2020-04-26T10:00:00+10:00,-33.8725,151.213333,o3,ppm,0.02
7428,25545,Cook And Phillip-7428,2020-04-26T11:00:00+10:00,-33.8725,151.213333,o3,ppm,0.023
7428,25545,Cook And Phillip-7428,2020-04-26T12:00:00+10:00,-33.8725,151.213333,o3,ppm,0.026
7428,25545,Cook And Phillip-7428,2020-04-26T13:00:00+10:00,-33.8725,151.213333,o3,ppm,0.027
7428,25545,Cook And Phillip-7428,2020-04-26T14:00:00+10:00,-33.8725,151.213333,o3,ppm,0.023
7428,25545,Cook And Phillip-7428,2020-04-26T15:00:00+10:00,-33.8725,151.213333,o3,ppm,0.018
7428,25545,Cook And Phillip-7428,2020-04-26T16:00:00+10:00,-33.8725,151.213333,o3,ppm,0.015
7428,25545,Cook And Phillip-7428,2020-04-26T17:00:00+10:00,-33.8725,151.213333,o3,ppm,0.014
7428,25545,Cook And Phillip-7428,2020-04-26T19:00:00+10:00,-33.8725,151.213333,o3,ppm,0.015
7428,25545,Cook And Phillip-7428,2020-04-26T20:00:00+10:00,-33.8725,151.213333,o3,ppm,0.016
7428,25545,Cook And Phillip-7428,2020-04-26T21:00:00+10:00,-33.8725,151.213333,o3,ppm,0.015
7428,25545,Cook And Phillip-7428,2020-04-26T22:00:00+10:00,-33.8725,151.213333,o3,ppm,0.014
7428,25545,Cook And Phillip-7428,2020-04-26T23:00:00+10:00,-33.8725,151.213333,o3,ppm,0.009
7428,21615,Cook And Phillip-7428,2020-04-27T02:00:00+10:00,-33.8725,151.213333,pm10,µg/m³,8.7
7428,21615,Cook And Phillip-7428,2020-04-27T03:00:00+10:00,-33.8725,151.213333,pm10,µg/m³,5.9
7428,21615,Cook And Phillip-7428,2020-04-27T04:00:00+10:00,-33.8725,151.213333,pm10,µg/m³,13.7
7428,21615,Cook And Phillip-7428,2020-04-27T05:00:00+10:00,-33.8725,151.213333,pm10,µg/m³,11.3
7428,21615,Cook And Phillip-7428,2020-04-27T06:00:00+10:00,-33.8725,151.213333,pm10,µg/m³,16.9
7428,21615,Cook And Phillip-7428,2020-04-27T09:00:00+10:00,-33.8725,151.213333,pm10,µg/m³,21.1
7428,21615,Cook And Phillip-7428,2020-04-27T10:00:00+10:00,-33.8725,151.213333,pm10,µg/m³,23.9
7428,21615,Cook And Phillip-7428,2020-04-27T11:00:00+10:00,-33.8725,151.213333,pm10,µg/m³,25.0
7428,21615,Cook And Phillip-7428,2020-04-27T12:00:00+10:00,-33.8725,151.213333,pm10,µg/m³,19.6
7428,21615,Cook And Phillip-7428,2020-04-27T14:00:00+10:00,-33.8725,151.213333,pm10,µg/m³,17.7
7428,21615,Cook And Phillip-7428,2020-04-27T15:00:00+10:00,-33.8725,151.213333,pm10,µg/m³,13.5
7428,21615,Cook And Phillip-7428,2020-04-27T16:00:00+10:00,-33.8725,151.213333,pm10,µg/m³,15.5
7428,21615,Cook And Phillip-7428,2020-04-27T19:00:00+10:00,-33.8725,151.213333,pm10,µg/m³,21.0
7428,21615,Cook And Phillip-7428,2020-04-27T21:00:00+10:00,-33.8725,151.213333,pm10,µg/m³,13.1
7428,21615,Cook And Phillip-7428,2020-04-27T22:00:00+10:00,-33.8725,151.213333,pm10,µg/m³,11.6
7428,21615,Cook And Phillip-7428,2020-04-27T23:00:00+10:00,-33.8725,151.213333,pm10,µg/m³,19.2
7428,21614,Cook And Phillip-7428,2020-04-27T02:00:00+10:00,-33.8725,151.213333,pm25,µg/m³,7.3
7428,21614,Cook And Phillip-7428,2020-04-27T03:00:00+10:00,-33.8725,151.213333,pm25,µg/m³,3.5
7428,21614,Cook And Phillip-7428,2020-04-27T04:00:00+10:00,-33.8725,151.213333,pm25,µg/m³,8.9
7428,21614,Cook And Phillip-7428,2020-04-27T05:00:00+10:00,-33.8725,151.213333,pm25,µg/m³,2.9
7428,21614,Cook And Phillip-7428,2020-04-27T06:00:00+10:00,-33.8725,151.213333,pm25,µg/m³,7.0
7428,21614,Cook And Phillip-7428,2020-04-27T09:00:00+10:00,-33.8725,151.213333,pm25,µg/m³,6.0
7428,21614,Cook And Phillip-7428,2020-04-27T10:00:00+10:00,-33.8725,151.213333,pm25,µg/m³,8.3
7428,21614,Cook And Phillip-7428,2020-04-27T11:00:00+10:00,-33.8725,151.213333,pm25,µg/m³,7.5
7428,21614,Cook And Phillip-7428,2020-04-27T12:00:00+10:00,-33.8725,151.213333,pm25,µg/m³,7.1
7428,21614,Cook And Phillip-7428,2020-04-27T14:00:00+10:00,-33.8725,151.213333,pm25,µg/m³,6.2
7428,21614,Cook And Phillip-7428,2020-04-27T15:00:00+10:00,-33.8725,151.213333,pm25,µg/m³,0.6
7428,21614,Cook And Phillip-7428,2020-04-27T16:00:00+10:00,-33.8725,151.213333,pm25,µg/m³,5.0
7428,21614,Cook And Phillip-7428,2020-04-27T19:00:00+10:00,-33.8725,151.213333,pm25,µg/m³,10.6
7428,21614,Cook And Phillip-7428,2020-04-27T21:00:00+10:00,-33.8725,151.213333,pm25,µg/m³,2.1
7428,21614,Cook And Phillip-7428,2020-04-27T22:00:00+10:00,-33.8725,151.213333,pm25,µg/m³,0.0
7428,21614,Cook And Phillip-7428,2020-04-27T23:00:00+10:00,-33.8725,151.213333,pm25,µg/m³,8.5
7428,25546,Cook And Phillip-7428,2020-04-27T03:00:00+10:00,-33.8725,151.213333,no2,ppm,0.007
7428,25546,Cook And Phillip-7428,2020-04-27T04:00:00+10:00,-33.8725,151.213333,no2,ppm,0.007
7428,25546,Cook And Phillip-7428,2020-04-27T05:00:00+10:00,-33.8725,151.213333,no2,ppm,0.009
7428,25546,Cook And Phillip-7428,2020-04-27T06:00:00+10:00,-33.8725,151.213333,no2,ppm,0.014
7428,25546,Cook And Phillip-7428,2020-04-27T09:00:00+10:00,-33.8725,151.213333,no2,ppm,0.024
7428,25546,Cook And Phillip-7428,2020-04-27T10:00:00+10:00,-33.8725,151.213333,no2,ppm,0.027
7428,25546,Cook And Phillip-7428,2020-04-27T11:00:00+10:00,-33.8725,151.213333,no2,ppm,0.02
7428,25546,Cook And Phillip-7428,2020-04-27T12:00:00+10:00,-33.8725,151.213333,no2,ppm,0.01
7428,25546,Cook And Phillip-7428,2020-04-27T14:00:00+10:00,-33.8725,151.213333,no2,ppm,0.008
7428,25546,Cook And Phillip-7428,2020-04-27T15:00:00+10:00,-33.8725,151.213333,no2,ppm,0.008
7428,25546,Cook And Phillip-7428,2020-04-27T16:00:00+10:00,-33.8725,151.213333,no2,ppm,0.008
7428,25546,Cook And Phillip-7428,2020-04-27T19:00:00+10:00,-33.8725,151.213333,no2,ppm,0.009
7428,25546,Cook And Phillip-7428,2020-04-27T21:00:00+10:00,-33.8725,151.213333,no2,ppm,0.005
7428,25546,Cook And Phillip-7428,2020-04-27T22:00:00+10:00,-33.8725,151.213333,no2,ppm,0.004
7428,25546,Cook And Phillip-7428,2020-04-27T23:00:00+10:00,-33.8725,151.213333,no2,ppm,0.003
7428,28686,Cook And Phillip-7428,2020-04-27T02:00:00+10:00,-33.8725,151.213333,co,ppm,0.0
7428,28686,Cook And Phillip-7428,2020-04-27T03:00:00+10:00,-33.8725,151.213333,co,ppm,0.0
7428,28686,Cook And Phillip-7428,2020-04-27T04:00:00+10:00,-33.8725,151.213333,co,ppm,0.0
7428,28686,Cook And Phillip-7428,2020-04-27T05:00:00+10:00,-33.8725,151.213333,co,ppm,0.0
7428,28686,Cook And Phillip-7428,2020-04-27T06:00:00+10:00,-33.8725,151.213333,co,ppm,0.0
7428,28686,Cook And Phillip-7428,2020-04-27T09:00:00+10:00,-33.8725,151.213333,co,ppm,0.1
7428,28686,Cook And Phillip-7428,2020-04-27T10:00:00+10:00,-33.8725,151.213333,co,ppm,0.1
7428,28686,Cook And Phillip-7428,2020-04-27T11:00:00+10:00,-33.8725,151.213333,co,ppm,0.2
7428,28686,Cook And Phillip-7428,2020-04-27T12:00:00+10:00,-33.8725,151.213333,co,ppm,0.2
7428,28686,Cook And Phillip-7428,2020-04-27T14:00:00+10:00,-33.8725,151.213333,co,ppm,0.2
7428,28686,Cook And Phillip-7428,2020-04-27T15:00:00+10:00,-33.8725,151.213333,co,ppm,0.2
7428,28686,Cook And Phillip-7428,2020-04-27T16:00:00+10:00,-33.8725,151.213333,co,ppm,0.1
7428,28686,Cook And Phillip-7428,2020-04-27T19:00:00+10:00,-33.8725,151.213333,co,ppm,0.1
7428,28686,Cook And Phillip-7428,2020-04-27T21:00:00+10:00,-33.8725,151.213333,co,ppm,0.0
7428,28686,Cook And Phillip-7428,2020-04-27T22:00:00+10:00,-33.8725,151.213333,co,ppm,0.0
7428,28686,Cook And Phillip-7428,2020-04-27T23:00:00+10:00,-33.8725,151.213333,co,ppm,0.0
7428,25544,Cook And Phillip-7428,2020-04-27T03:00:00+10:00,-33.8725,151.213333,so2,ppm,0.0
7428,25544,Cook And Phillip-7428,2020-04-27T04:00:00+10:00,-33.8725,151.213333,so2,ppm,0.0
7428,25544,Cook And Phillip-7428,2020-04-27T05:00:00+10:00,-33.8725,151.213333,so2,ppm,0.0
7428,25544,Cook And Phillip-7428,2020-04-27T06:00:00+10:00,-33.8725,151.213333,so2,ppm,0.0
7428,25544,Cook And Phillip-7428,2020-04-27T09:00:00+10:00,-33.8725,151.213333,so2,ppm,0.001
7428,25544,Cook And Phillip-7428,2020-04-27T10:00:00+10:00,-33.8725,151.213333,so2,ppm,0.001
7428,25544,Cook And Phillip-7428,2020-04-27T11:00:00+10:00,-33.8725,151.213333,so2,ppm,0.001
7428,25544,Cook And Phillip-7428,2020-04-27T12:00:00+10:00,-33.8725,151.213333,so2,ppm,0.0
7428,25544,Cook And Phillip-7428,2020-04-27T14:00:00+10:00,-33.8725,151.213333,so2,ppm,0.0
7428,25544,Cook And Phillip-7428,2020-04-27T15:00:00+10:00,-33.8725,151.213333,so2,ppm,0.0
7428,25544,Cook And Phillip-7428,2020-04-27T16:00:00+10:00,-33.8725,151.213333,so2,ppm,0.0
7428,25544,Cook And Phillip-7428,2020-04-27T19:00:00+10:00,-33.8725,151.213333,so2,ppm,0.0
7428,25544,Cook And Phillip-7428,2020-04-27T21:00:00+10:00,-33.8725,151.213333,so2,ppm,0.0
7428,25544,Cook And Phillip-7428,2020-04-27T22:00:00+10:00,-33.8725,151.213333,so2,ppm,0.0
7428,25544,Cook And Phillip-7428,2020-04-27T23:00:00+10:00,-33.8725,151.213333,so2,ppm,0.0
7428,25545,Cook And Phillip-7428,2020-04-27T02:00:00+10:00,-33.8725,151.213333,o3,ppm,0.012
7428,25545,Cook And Phillip-7428,2020-04-27T03:00:00+10:00,-33.8725,151.213333,o3,ppm,0.011
7428,25545,Cook And Phillip-7428,2020-04-27T04:00:00+10:00,-33.8725,151.213333,o3,ppm,0.012
7428,25545,Cook And Phillip-7428,2020-04-27T05:00:00+10:00,-33.8725,151.213333,o3,ppm,0.011
7428,25545,Cook And Phillip-7428,2020-04-27T06:00:00+10:00,-33.8725,151.213333,o3,ppm,0.005
7428,25545,Cook And Phillip-7428,2020-04-27T09:00:00+10:00,-33.8725,151.213333,o3,ppm,0.0
7428,25545,Cook And Phillip-7428,2020-04-27T10:00:00+10:00,-33.8725,151.213333,o3,ppm,0.0
7428,25545,Cook And Phillip-7428,2020-04-27T11:00:00+10:00,-33.8725,151.213333,o3,ppm,0.005
7428,25545,Cook And Phillip-7428,2020-04-27T12:00:00+10:00,-33.8725,151.213333,o3,ppm,0.012
7428,25545,Cook And Phillip-7428,2020-04-27T14:00:00+10:00,-33.8725,151.213333,o3,ppm,0.016
7428,25545,Cook And Phillip-7428,2020-04-27T15:00:00+10:00,-33.8725,151.213333,o3,ppm,0.014
7428,25545,Cook And Phillip-7428,2020-04-27T16:00:00+10:00,-33.8725,151.213333,o3,ppm,0.013
7428,25545,Cook And Phillip-7428,2020-04-27T19:00:00+10:00,-33.8725,151.213333,o3,ppm,0.012
7428,25545,Cook And Phillip-7428,2020-04-27T21:00:00+10:00,-33.8725,151.213333,o3,ppm,0.017
7428,25545,Cook And Phillip-7428,2020-04-27T22:00:00+10:00,-33.8725,151.213333,o3,ppm,0.018
7428,25545,Cook And Phillip-7428,2020-04-27T23:00:00+10:00,-33.8725,151.213333,o3,ppm,0.019
7428,21615,Cook And Phillip-7428,2020-04-28T01:00:00+10:00,-33.8725,151.213333,pm10,µg/m³,13.7
7428,21615,Cook And Phillip-7428,2020-04-28T03:00:00+10:00,-33.8725,151.213333,pm10,µg/m³,11.4
7428,21615,Cook And Phillip-7428,2020-04-28T04:00:00+10:00,-33.8725,151.213333,pm10,µg/m³,13.5
7428,21615,Cook And Phillip-7428,2020-04-28T06:00:00+10:00,-33.8725,151.213333,pm10,µg/m³,8.3
7428,21615,Cook And Phillip-7428,2020-04-28T07:00:00+10:00,-33.8725,151.213333,pm10,µg/m³,6.5
7428,21615,Cook And Phillip-7428,2020-04-28T08:00:00+10:00,-33.8725,151.213333,pm10,µg/m³,14.9
7428,21615,Cook And Phillip-7428,2020-04-28T09:00:00+10:00,-33.8725,151.213333,pm10,µg/m³,24.7
7428,21615,Cook And Phillip-7428,2020-04-28T10:00:00+10:00,-33.8725,151.213333,pm10,µg/m³,25.1
7428,21615,Cook And Phillip-7428,2020-04-28T12:00:00+10:00,-33.8725,151.213333,pm10,µg/m³,23.3
7428,21615,Cook And Phillip-7428,2020-04-28T13:00:00+10:00,-33.8725,151.213333,pm10,µg/m³,14.6
7428,21615,Cook And Phillip-7428,2020-04-28T14:00:00+10:00,-33.8725,151.213333,pm10,µg/m³,15.6
7428,21615,Cook And Phillip-7428,2020-04-28T15:00:00+10:00,-33.8725,151.213333,pm10,µg/m³,20.0
7428,21615,Cook And Phillip-7428,2020-04-28T17:00:00+10:00,-33.8725,151.213333,pm10,µg/m³,1.4
7428,21615,Cook And Phillip-7428,2020-04-28T18:00:00+10:00,-33.8725,151.213333,pm10,µg/m³,11.9
7428,21615,Cook And Phillip-7428,2020-04-28T19:00:00+10:00,-33.8725,151.213333,pm10,µg/m³,18.1
7428,21615,Cook And Phillip-7428,2020-04-28T20:00:00+10:00,-33.8725,151.213333,pm10,µg/m³,15.4
7428,21615,Cook And Phillip-7428,2020-04-28T21:00:00+10:00,-33.8725,151.213333,pm10,µg/m³,5.9
7428,21615,Cook And Phillip-7428,2020-04-28T22:00:00+10:00,-33.8725,151.213333,pm10,µg/m³,6.9
7428,21615,Cook And Phillip-7428,2020-04-28T23:00:00+10:00,-33.8725,151.213333,pm10,µg/m³,7.1
7428,21614,Cook And Phillip-7428,2020-04-28T01:00:00+10:00,-33.8725,151.213333,pm25,µg/m³,3.8
7428,21614,Cook And Phillip-7428,2020-04-28T03:00:00+10:00,-33.8725,151.213333,pm25,µg/m³,2.6
7428,21614,Cook And Phillip-7428,2020-04-28T04:00:00+10:00,-33.8725,151.213333,pm25,µg/m³,4.4
7428,21614,Cook And Phillip-7428,2020-04-28T06:00:00+10:00,-33.8725,151.213333,pm25,µg/m³,0.0
7428,21614,Cook And Phillip-7428,2020-04-28T07:00:00+10:00,-33.8725,151.213333,pm25,µg/m³,0.0
7428,21614,Cook And Phillip-7428,2020-04-28T08:00:00+10:00,-33.8725,151.213333,pm25,µg/m³,5.8
7428,21614,Cook And Phillip-7428,2020-04-28T09:00:00+10:00,-33.8725,151.213333,pm25,µg/m³,11.6
7428,21614,Cook And Phillip-7428,2020-04-28T10:00:00+10:00,-33.8725,151.213333,pm25,µg/m³,13.8
7428,21614,Cook And Phillip-7428,2020-04-28T12:00:00+10:00,-33.8725,151.213333,pm25,µg/m³,15.2
7428,21614,Cook And Phillip-7428,2020-04-28T13:00:00+10:00,-33.8725,151.213333,pm25,µg/m³,2.6
7428,21614,Cook And Phillip-7428,2020-04-28T14:00:00+10:00,-33.8725,151.213333,pm25,µg/m³,2.6
7428,21614,Cook And Phillip-7428,2020-04-28T15:00:00+10:00,-33.8725,151.213333,pm25,µg/m³,4.6
7428,21614,Cook And Phillip-7428,2020-04-28T18:00:00+10:00,-33.8725,151.213333,pm25,µg/m³,0.0
7428,21614,Cook And Phillip-7428,2020-04-28T19:00:00+10:00,-33.8725,151.213333,pm25,µg/m³,8.8
7428,21614,Cook And Phillip-7428,2020-04-28T20:00:00+10:00,-33.8725,151.213333,pm25,µg/m³,7.3
7428,21614,Cook And Phillip-7428,2020-04-28T21:00:00+10:00,-33.8725,151.213333,pm25,µg/m³,0.0
7428,21614,Cook And Phillip-7428,2020-04-28T22:00:00+10:00,-33.8725,151.213333,pm25,µg/m³,3.2
7428,21614,Cook And Phillip-7428,2020-04-28T23:00:00+10:00,-33.8725,151.213333,pm25,µg/m³,1.8
7428,28686,Cook And Phillip-7428,2020-04-28T01:00:00+10:00,-33.8725,151.213333,co,ppm,0.0
7428,25546,Cook And Phillip-7428,2020-04-28T01:00:00+10:00,-33.8725,151.213333,no2,ppm,0.002
7428,25546,Cook And Phillip-7428,2020-04-28T03:00:00+10:00,-33.8725,151.213333,no2,ppm,0.002
7428,25546,Cook And Phillip-7428,2020-04-28T04:00:00+10:00,-33.8725,151.213333,no2,ppm,0.0
7428,25546,Cook And Phillip-7428,2020-04-28T06:00:00+10:00,-33.8725,151.213333,no2,ppm,0.001
7428,25546,Cook And Phillip-7428,2020-04-28T07:00:00+10:00,-33.8725,151.213333,no2,ppm,0.006
7428,25546,Cook And Phillip-7428,2020-04-28T08:00:00+10:00,-33.8725,151.213333,no2,ppm,0.011
7428,25546,Cook And Phillip-7428,2020-04-28T09:00:00+10:00,-33.8725,151.213333,no2,ppm,0.012
7428,25546,Cook And Phillip-7428,2020-04-28T10:00:00+10:00,-33.8725,151.213333,no2,ppm,0.009
7428,25546,Cook And Phillip-7428,2020-04-28T12:00:00+10:00,-33.8725,151.213333,no2,ppm,0.006
7428,25546,Cook And Phillip-7428,2020-04-28T13:00:00+10:00,-33.8725,151.213333,no2,ppm,0.007
7428,25546,Cook And Phillip-7428,2020-04-28T14:00:00+10:00,-33.8725,151.213333,no2,ppm,0.008
7428,25546,Cook And Phillip-7428,2020-04-28T15:00:00+10:00,-33.8725,151.213333,no2,ppm,0.009
7428,25546,Cook And Phillip-7428,2020-04-28T17:00:00+10:00,-33.8725,151.213333,no2,ppm,0.011
7428,25546,Cook And Phillip-7428,2020-04-28T18:00:00+10:00,-33.8725,151.213333,no2,ppm,0.011
7428,25546,Cook And Phillip-7428,2020-04-28T19:00:00+10:00,-33.8725,151.213333,no2,ppm,0.009
7428,25546,Cook And Phillip-7428,2020-04-28T20:00:00+10:00,-33.8725,151.213333,no2,ppm,0.006
7428,25546,Cook And Phillip-7428,2020-04-28T21:00:00+10:00,-33.8725,151.213333,no2,ppm,0.01
7428,25546,Cook And Phillip-7428,2020-04-28T22:00:00+10:00,-33.8725,151.213333,no2,ppm,0.01
7428,25546,Cook And Phillip-7428,2020-04-28T23:00:00+10:00,-33.8725,151.213333,no2,ppm,0.005
7428,28686,Cook And Phillip-7428,2020-04-28T03:00:00+10:00,-33.8725,151.213333,co,ppm,0.0
7428,28686,Cook And Phillip-7428,2020-04-28T04:00:00+10:00,-33.8725,151.213333,co,ppm,0.0
7428,28686,Cook And Phillip-7428,2020-04-28T06:00:00+10:00,-33.8725,151.213333,co,ppm,0.0
7428,28686,Cook And Phillip-7428,2020-04-28T07:00:00+10:00,-33.8725,151.213333,co,ppm,0.0
7428,28686,Cook And Phillip-7428,2020-04-28T08:00:00+10:00,-33.8725,151.213333,co,ppm,0.0
7428,28686,Cook And Phillip-7428,2020-04-28T09:00:00+10:00,-33.8725,151.213333,co,ppm,0.0
7428,28686,Cook And Phillip-7428,2020-04-28T10:00:00+10:00,-33.8725,151.213333,co,ppm,0.0
7428,28686,Cook And Phillip-7428,2020-04-28T12:00:00+10:00,-33.8725,151.213333,co,ppm,0.0
7428,28686,Cook And Phillip-7428,2020-04-28T13:00:00+10:00,-33.8725,151.213333,co,ppm,0.0
7428,28686,Cook And Phillip-7428,2020-04-28T14:00:00+10:00,-33.8725,151.213333,co,ppm,0.0
7428,28686,Cook And Phillip-7428,2020-04-28T15:00:00+10:00,-33.8725,151.213333,co,ppm,0.0
7428,28686,Cook And Phillip-7428,2020-04-28T17:00:00+10:00,-33.8725,151.213333,co,ppm,0.0
7428,28686,Cook And Phillip-7428,2020-04-28T18:00:00+10:00,-33.8725,151.213333,co,ppm,0.0
7428,28686,Cook And Phillip-7428,2020-04-28T19:00:00+10:00,-33.8725,151.213333,co,ppm,0.0
7428,28686,Cook And Phillip-7428,2020-04-28T20:00:00+10:00,-33.8725,151.213333,co,ppm,0.0
7428,28686,Cook And Phillip-7428,2020-04-28T21:00:00+10:00,-33.8725,151.213333,co,ppm,0.0
7428,28686,Cook And Phillip-7428,2020-04-28T22:00:00+10:00,-33.8725,151.213333,co,ppm,0.0
7428,28686,Cook And Phillip-7428,2020-04-28T23:00:00+10:00,-33.8725,151.213333,co,ppm,0.0
7428,25545,Cook And Phillip-7428,2020-04-28T01:00:00+10:00,-33.8725,151.213333,o3,ppm,0.02
7428,25544,Cook And Phillip-7428,2020-04-28T01:00:00+10:00,-33.8725,151.213333,so2,ppm,0.0
7428,25544,Cook And Phillip-7428,2020-04-28T03:00:00+10:00,-33.8725,151.213333,so2,ppm,0.0
7428,25544,Cook And Phillip-7428,2020-04-28T04:00:00+10:00,-33.8725,151.213333,so2,ppm,0.0
7428,25544,Cook And Phillip-7428,2020-04-28T06:00:00+10:00,-33.8725,151.213333,so2,ppm,0.0
7428,25544,Cook And Phillip-7428,2020-04-28T07:00:00+10:00,-33.8725,151.213333,so2,ppm,0.0
7428,25544,Cook And Phillip-7428,2020-04-28T08:00:00+10:00,-33.8725,151.213333,so2,ppm,0.0
7428,25544,Cook And Phillip-7428,2020-04-28T09:00:00+10:00,-33.8725,151.213333,so2,ppm,0.0
7428,25544,Cook And Phillip-7428,2020-04-28T10:00:00+10:00,-33.8725,151.213333,so2,ppm,0.0
7428,25544,Cook And Phillip-7428,2020-04-28T12:00:00+10:00,-33.8725,151.213333,so2,ppm,0.0
7428,25544,Cook And Phillip-7428,2020-04-28T13:00:00+10:00,-33.8725,151.213333,so2,ppm,0.0
7428,25544,Cook And Phillip-7428,2020-04-28T14:00:00+10:00,-33.8725,151.213333,so2,ppm,0.0
7428,25544,Cook And Phillip-7428,2020-04-28T15:00:00+10:00,-33.8725,151.213333,so2,ppm,0.0
7428,25544,Cook And Phillip-7428,2020-04-28T17:00:00+10:00,-33.8725,151.213333,so2,ppm,0.0
7428,25544,Cook And Phillip-7428,2020-04-28T18:00:00+10:00,-33.8725,151.213333,so2,ppm,0.0
7428,25544,Cook And Phillip-7428,2020-04-28T19:00:00+10:00,-33.8725,151.213333,so2,ppm,0.0
7428,25544,Cook And Phillip-7428,2020-04-28T20:00:00+10:00,-33.8725,151.213333,so2,ppm,0.0
7428,25544,Cook And Phillip-7428,2020-04-28T21:00:00+10:00,-33.8725,151.213333,so2,ppm,0.0
7428,25544,Cook And Phillip-7428,2020-04-28T22:00:00+10:00,-33.8725,151.213333,so2,ppm,0.0
7428,25544,Cook And Phillip-7428,2020-04-28T23:00:00+10:00,-33.8725,151.213333,so2,ppm,0.0
7428,25545,Cook And Phillip-7428,2020-04-28T03:00:00+10:00,-33.8725,151.213333,o3,ppm,0.02
7428,25545,Cook And Phillip-7428,2020-04-28T04:00:00+10:00,-33.8725,151.213333,o3,ppm,0.023
7428,25545,Cook And Phillip-7428,2020-04-28T06:00:00+10:00,-33.8725,151.213333,o3,ppm,0.022
7428,25545,Cook And Phillip-7428,2020-04-28T07:00:00+10:00,-33.8725,151.213333,o3,ppm,0.017
7428,25545,Cook And Phillip-7428,2020-04-28T08:00:00+10:00,-33.8725,151.213333,o3,ppm,0.012
7428,25545,Cook And Phillip-7428,2020-04-28T09:00:00+10:00,-33.8725,151.213333,o3,ppm,0.012
7428,25545,Cook And Phillip-7428,2020-04-28T10:00:00+10:00,-33.8725,151.213333,o3,ppm,0.014
7428,25545,Cook And Phillip-7428,2020-04-28T12:00:00+10:00,-33.8725,151.213333,o3,ppm,0.016
7428,25545,Cook And Phillip-7428,2020-04-28T13:00:00+10:00,-33.8725,151.213333,o3,ppm,0.017
7428,25545,Cook And Phillip-7428,2020-04-28T14:00:00+10:00,-33.8725,151.213333,o3,ppm,0.015
7428,25545,Cook And Phillip-7428,2020-04-28T15:00:00+10:00,-33.8725,151.213333,o3,ppm,0.014
7428,25545,Cook And Phillip-7428,2020-04-28T17:00:00+10:00,-33.8725,151.213333,o3,ppm,0.012
7428,25545,Cook And Phillip-7428,2020-04-28T18:00:00+10:00,-33.8725,151.213333,o3,ppm,0.012
7428,25545,Cook And Phillip-7428,2020-04-28T19:00:00+10:00,-33.8725,151.213333,o3,ppm,0.014
7428,25545,Cook And Phillip-7428,2020-04-28T20:00:00+10:00,-33.8725,151.213333,o3,ppm,0.016
7428,25545,Cook And Phillip-7428,2020-04-28T21:00:00+10:00,-33.8725,151.213333,o3,ppm,0.008
7428,25545,Cook And Phillip-7428,2020-04-28T22:00:00+10:00,-33.8725,151.213333,o3,ppm,0.007
7428,25545,Cook And Phillip-7428,2020-04-28T23:00:00+10:00,-33.8725,151.213333,o3,ppm,0.01
7428,21615,Cook And Phillip-7428,2020-04-29T01:00:00+10:00,-33.8725,151.213333,pm10,µg/m³,4.1
7428,21615,Cook And Phillip-7428,2020-04-29T02:00:00+10:00,-33.8725,151.213333,pm10,µg/m³,12.1
7428,21615,Cook And Phillip-7428,2020-04-29T03:00:00+10:00,-33.8725,151.213333,pm10,µg/m³,7.7
7428,21615,Cook And Phillip-7428,2020-04-29T04:00:00+10:00,-33.8725,151.213333,pm10,µg/m³,9.5
7428,21615,Cook And Phillip-7428,2020-04-29T06:00:00+10:00,-33.8725,151.213333,pm10,µg/m³,6.2
7428,21615,Cook And Phillip-7428,2020-04-29T07:00:00+10:00,-33.8725,151.213333,pm10,µg/m³,10.5
7428,21615,Cook And Phillip-7428,2020-04-29T08:00:00+10:00,-33.8725,151.213333,pm10,µg/m³,11.1
7428,21615,Cook And Phillip-7428,2020-04-29T09:00:00+10:00,-33.8725,151.213333,pm10,µg/m³,10.9
7428,21615,Cook And Phillip-7428,2020-04-29T10:00:00+10:00,-33.8725,151.213333,pm10,µg/m³,12.1
7428,21615,Cook And Phillip-7428,2020-04-29T11:00:00+10:00,-33.8725,151.213333,pm10,µg/m³,20.4
7428,21615,Cook And Phillip-7428,2020-04-29T12:00:00+10:00,-33.8725,151.213333,pm10,µg/m³,12.6
7428,21615,Cook And Phillip-7428,2020-04-29T13:00:00+10:00,-33.8725,151.213333,pm10,µg/m³,14.5
7428,21615,Cook And Phillip-7428,2020-04-29T14:00:00+10:00,-33.8725,151.213333,pm10,µg/m³,25.2
7428,21615,Cook And Phillip-7428,2020-04-29T15:00:00+10:00,-33.8725,151.213333,pm10,µg/m³,16.0
7428,21615,Cook And Phillip-7428,2020-04-29T16:00:00+10:00,-33.8725,151.213333,pm10,µg/m³,26.2
7428,21615,Cook And Phillip-7428,2020-04-29T17:00:00+10:00,-33.8725,151.213333,pm10,µg/m³,13.7
7428,21615,Cook And Phillip-7428,2020-04-29T18:00:00+10:00,-33.8725,151.213333,pm10,µg/m³,23.1
7428,21615,Cook And Phillip-7428,2020-04-29T19:00:00+10:00,-33.8725,151.213333,pm10,µg/m³,6.7
7428,21614,Cook And Phillip-7428,2020-04-29T01:00:00+10:00,-33.8725,151.213333,pm25,µg/m³,0.6
7428,21614,Cook And Phillip-7428,2020-04-29T02:00:00+10:00,-33.8725,151.213333,pm25,µg/m³,7.9
7428,21614,Cook And Phillip-7428,2020-04-29T03:00:00+10:00,-33.8725,151.213333,pm25,µg/m³,2.4
7428,21614,Cook And Phillip-7428,2020-04-29T04:00:00+10:00,-33.8725,151.213333,pm25,µg/m³,6.5
7428,21614,Cook And Phillip-7428,2020-04-29T06:00:00+10:00,-33.8725,151.213333,pm25,µg/m³,3.8
7428,21614,Cook And Phillip-7428,2020-04-29T07:00:00+10:00,-33.8725,151.213333,pm25,µg/m³,7.9
7428,21614,Cook And Phillip-7428,2020-04-29T08:00:00+10:00,-33.8725,151.213333,pm25,µg/m³,8.0
7428,21614,Cook And Phillip-7428,2020-04-29T09:00:00+10:00,-33.8725,151.213333,pm25,µg/m³,8.2
7428,21614,Cook And Phillip-7428,2020-04-29T10:00:00+10:00,-33.8725,151.213333,pm25,µg/m³,7.3
7428,21614,Cook And Phillip-7428,2020-04-29T11:00:00+10:00,-33.8725,151.213333,pm25,µg/m³,15.0
7428,21614,Cook And Phillip-7428,2020-04-29T12:00:00+10:00,-33.8725,151.213333,pm25,µg/m³,5.4
7428,21614,Cook And Phillip-7428,2020-04-29T13:00:00+10:00,-33.8725,151.213333,pm25,µg/m³,6.5
7428,21614,Cook And Phillip-7428,2020-04-29T14:00:00+10:00,-33.8725,151.213333,pm25,µg/m³,15.3
7428,21614,Cook And Phillip-7428,2020-04-29T15:00:00+10:00,-33.8725,151.213333,pm25,µg/m³,1.9
7428,21614,Cook And Phillip-7428,2020-04-29T16:00:00+10:00,-33.8725,151.213333,pm25,µg/m³,11.7
7428,21614,Cook And Phillip-7428,2020-04-29T17:00:00+10:00,-33.8725,151.213333,pm25,µg/m³,0.0
7428,21614,Cook And Phillip-7428,2020-04-29T18:00:00+10:00,-33.8725,151.213333,pm25,µg/m³,11.8
7428,21614,Cook And Phillip-7428,2020-04-29T19:00:00+10:00,-33.8725,151.213333,pm25,µg/m³,0.0
7428,25546,Cook And Phillip-7428,2020-04-29T01:00:00+10:00,-33.8725,151.213333,no2,ppm,0.005
7428,25546,Cook And Phillip-7428,2020-04-29T03:00:00+10:00,-33.8725,151.213333,no2,ppm,0.012
7428,25546,Cook And Phillip-7428,2020-04-29T04:00:00+10:00,-33.8725,151.213333,no2,ppm,0.008
7428,25546,Cook And Phillip-7428,2020-04-29T06:00:00+10:00,-33.8725,151.213333,no2,ppm,0.007
7428,25546,Cook And Phillip-7428,2020-04-29T07:00:00+10:00,-33.8725,151.213333,no2,ppm,0.01
7428,25546,Cook And Phillip-7428,2020-04-29T08:00:00+10:00,-33.8725,151.213333,no2,ppm,0.011
7428,25546,Cook And Phillip-7428,2020-04-29T09:00:00+10:00,-33.8725,151.213333,no2,ppm,0.01
7428,25546,Cook And Phillip-7428,2020-04-29T10:00:00+10:00,-33.8725,151.213333,no2,ppm,0.009
7428,25546,Cook And Phillip-7428,2020-04-29T11:00:00+10:00,-33.8725,151.213333,no2,ppm,0.009
7428,25546,Cook And Phillip-7428,2020-04-29T12:00:00+10:00,-33.8725,151.213333,no2,ppm,0.008
7428,25546,Cook And Phillip-7428,2020-04-29T13:00:00+10:00,-33.8725,151.213333,no2,ppm,0.011
7428,25546,Cook And Phillip-7428,2020-04-29T14:00:00+10:00,-33.8725,151.213333,no2,ppm,0.013
7428,25546,Cook And Phillip-7428,2020-04-29T15:00:00+10:00,-33.8725,151.213333,no2,ppm,0.014
7428,25546,Cook And Phillip-7428,2020-04-29T16:00:00+10:00,-33.8725,151.213333,no2,ppm,0.016
7428,25546,Cook And Phillip-7428,2020-04-29T17:00:00+10:00,-33.8725,151.213333,no2,ppm,0.014
7428,25546,Cook And Phillip-7428,2020-04-29T18:00:00+10:00,-33.8725,151.213333,no2,ppm,0.012
7428,25546,Cook And Phillip-7428,2020-04-29T19:00:00+10:00,-33.8725,151.213333,no2,ppm,0.009
7428,28686,Cook And Phillip-7428,2020-04-29T01:00:00+10:00,-33.8725,151.213333,co,ppm,0.0
7428,28686,Cook And Phillip-7428,2020-04-29T02:00:00+10:00,-33.8725,151.213333,co,ppm,0.0
7428,28686,Cook And Phillip-7428,2020-04-29T03:00:00+10:00,-33.8725,151.213333,co,ppm,0.0
7428,28686,Cook And Phillip-7428,2020-04-29T04:00:00+10:00,-33.8725,151.213333,co,ppm,0.0
7428,28686,Cook And Phillip-7428,2020-04-29T06:00:00+10:00,-33.8725,151.213333,co,ppm,0.0
7428,28686,Cook And Phillip-7428,2020-04-29T07:00:00+10:00,-33.8725,151.213333,co,ppm,0.0
7428,28686,Cook And Phillip-7428,2020-04-29T08:00:00+10:00,-33.8725,151.213333,co,ppm,0.0
7428,28686,Cook And Phillip-7428,2020-04-29T09:00:00+10:00,-33.8725,151.213333,co,ppm,0.0
7428,28686,Cook And Phillip-7428,2020-04-29T10:00:00+10:00,-33.8725,151.213333,co,ppm,0.0
7428,28686,Cook And Phillip-7428,2020-04-29T11:00:00+10:00,-33.8725,151.213333,co,ppm,0.0
7428,28686,Cook And Phillip-7428,2020-04-29T12:00:00+10:00,-33.8725,151.213333,co,ppm,0.0
7428,28686,Cook And Phillip-7428,2020-04-29T13:00:00+10:00,-33.8725,151.213333,co,ppm,0.0
7428,28686,Cook And Phillip-7428,2020-04-29T14:00:00+10:00,-33.8725,151.213333,co,ppm,0.0
7428,28686,Cook And Phillip-7428,2020-04-29T15:00:00+10:00,-33.8725,151.213333,co,ppm,0.0
7428,28686,Cook And Phillip-7428,2020-04-29T16:00:00+10:00,-33.8725,151.213333,co,ppm,0.0
7428,28686,Cook And Phillip-7428,2020-04-29T17:00:00+10:00,-33.8725,151.213333,co,ppm,0.1
7428,28686,Cook And Phillip-7428,2020-04-29T18:00:00+10:00,-33.8725,151.213333,co,ppm,0.1
7428,28686,Cook And Phillip-7428,2020-04-29T19:00:00+10:00,-33.8725,151.213333,co,ppm,0.1
7428,25544,Cook And Phillip-7428,2020-04-29T01:00:00+10:00,-33.8725,151.213333,so2,ppm,0.0
7428,25544,Cook And Phillip-7428,2020-04-29T03:00:00+10:00,-33.8725,151.213333,so2,ppm,0.002
7428,25544,Cook And Phillip-7428,2020-04-29T04:00:00+10:00,-33.8725,151.213333,so2,ppm,0.001
7428,25544,Cook And Phillip-7428,2020-04-29T06:00:00+10:00,-33.8725,151.213333,so2,ppm,0.0
7428,25544,Cook And Phillip-7428,2020-04-29T07:00:00+10:00,-33.8725,151.213333,so2,ppm,0.0
7428,25544,Cook And Phillip-7428,2020-04-29T08:00:00+10:00,-33.8725,151.213333,so2,ppm,0.0
7428,25544,Cook And Phillip-7428,2020-04-29T09:00:00+10:00,-33.8725,151.213333,so2,ppm,0.0
7428,25544,Cook And Phillip-7428,2020-04-29T10:00:00+10:00,-33.8725,151.213333,so2,ppm,0.0
7428,25544,Cook And Phillip-7428,2020-04-29T11:00:00+10:00,-33.8725,151.213333,so2,ppm,0.0
7428,25544,Cook And Phillip-7428,2020-04-29T12:00:00+10:00,-33.8725,151.213333,so2,ppm,0.001
7428,25544,Cook And Phillip-7428,2020-04-29T13:00:00+10:00,-33.8725,151.213333,so2,ppm,0.002
7428,25544,Cook And Phillip-7428,2020-04-29T14:00:00+10:00,-33.8725,151.213333,so2,ppm,0.002
7428,25544,Cook And Phillip-7428,2020-04-29T15:00:00+10:00,-33.8725,151.213333,so2,ppm,0.002
7428,25544,Cook And Phillip-7428,2020-04-29T16:00:00+10:00,-33.8725,151.213333,so2,ppm,0.002
7428,25544,Cook And Phillip-7428,2020-04-29T17:00:00+10:00,-33.8725,151.213333,so2,ppm,0.001
7428,25544,Cook And Phillip-7428,2020-04-29T18:00:00+10:00,-33.8725,151.213333,so2,ppm,0.0
7428,25544,Cook And Phillip-7428,2020-04-29T19:00:00+10:00,-33.8725,151.213333,so2,ppm,0.0
7428,25545,Cook And Phillip-7428,2020-04-29T01:00:00+10:00,-33.8725,151.213333,o3,ppm,0.011
7428,25545,Cook And Phillip-7428,2020-04-29T02:00:00+10:00,-33.8725,151.213333,o3,ppm,0.011
7428,25545,Cook And Phillip-7428,2020-04-29T03:00:00+10:00,-33.8725,151.213333,o3,ppm,0.004
7428,25545,Cook And Phillip-7428,2020-04-29T04:00:00+10:00,-33.8725,151.213333,o3,ppm,0.009
7428,25545,Cook And Phillip-7428,2020-04-29T06:00:00+10:00,-33.8725,151.213333,o3,ppm,0.008
7428,25545,Cook And Phillip-7428,2020-04-29T07:00:00+10:00,-33.8725,151.213333,o3,ppm,0.005
7428,25545,Cook And Phillip-7428,2020-04-29T08:00:00+10:00,-33.8725,151.213333,o3,ppm,0.005
7428,25545,Cook And Phillip-7428,2020-04-29T09:00:00+10:00,-33.8725,151.213333,o3,ppm,0.006
7428,25545,Cook And Phillip-7428,2020-04-29T10:00:00+10:00,-33.8725,151.213333,o3,ppm,0.007
7428,25545,Cook And Phillip-7428,2020-04-29T11:00:00+10:00,-33.8725,151.213333,o3,ppm,0.009
7428,25545,Cook And Phillip-7428,2020-04-29T12:00:00+10:00,-33.8725,151.213333,o3,ppm,0.013
7428,25545,Cook And Phillip-7428,2020-04-29T13:00:00+10:00,-33.8725,151.213333,o3,ppm,0.012
7428,25545,Cook And Phillip-7428,2020-04-29T14:00:00+10:00,-33.8725,151.213333,o3,ppm,0.014
7428,25545,Cook And Phillip-7428,2020-04-29T15:00:00+10:00,-33.8725,151.213333,o3,ppm,0.015
7428,25545,Cook And Phillip-7428,2020-04-29T16:00:00+10:00,-33.8725,151.213333,o3,ppm,0.017
7428,25545,Cook And Phillip-7428,2020-04-29T17:00:00+10:00,-33.8725,151.213333,o3,ppm,0.016
7428,25545,Cook And Phillip-7428,2020-04-29T18:00:00+10:00,-33.8725,151.213333,o3,ppm,0.013
7428,25545,Cook And Phillip-7428,2020-04-29T19:00:00+10:00,-33.8725,151.213333,o3,ppm,0.014
7428,21615,Cook And Phillip-7428,2020-04-30T04:00:00+10:00,-33.8725,151.213333,pm10,µg/m³,7.2
7428,21615,Cook And Phillip-7428,2020-04-30T05:00:00+10:00,-33.8725,151.213333,pm10,µg/m³,15.2
7428,21615,Cook And Phillip-7428,2020-04-30T06:00:00+10:00,-33.8725,151.213333,pm10,µg/m³,4.8
7428,21615,Cook And Phillip-7428,2020-04-30T07:00:00+10:00,-33.8725,151.213333,pm10,µg/m³,4.1
7428,21615,Cook And Phillip-7428,2020-04-30T08:00:00+10:00,-33.8725,151.213333,pm10,µg/m³,8.7
7428,21615,Cook And Phillip-7428,2020-04-30T09:00:00+10:00,-33.8725,151.213333,pm10,µg/m³,14.7
7428,21615,Cook And Phillip-7428,2020-04-30T10:00:00+10:00,-33.8725,151.213333,pm10,µg/m³,32.2
7428,21615,Cook And Phillip-7428,2020-04-30T13:00:00+10:00,-33.8725,151.213333,pm10,µg/m³,12.5
7428,21615,Cook And Phillip-7428,2020-04-30T14:00:00+10:00,-33.8725,151.213333,pm10,µg/m³,6.3
7428,21615,Cook And Phillip-7428,2020-04-30T15:00:00+10:00,-33.8725,151.213333,pm10,µg/m³,11.1
7428,21615,Cook And Phillip-7428,2020-04-30T16:00:00+10:00,-33.8725,151.213333,pm10,µg/m³,14.5
7428,21615,Cook And Phillip-7428,2020-04-30T17:00:00+10:00,-33.8725,151.213333,pm10,µg/m³,10.4
7428,21615,Cook And Phillip-7428,2020-04-30T18:00:00+10:00,-33.8725,151.213333,pm10,µg/m³,8.1
7428,21615,Cook And Phillip-7428,2020-04-30T19:00:00+10:00,-33.8725,151.213333,pm10,µg/m³,14.2
7428,21615,Cook And Phillip-7428,2020-04-30T20:00:00+10:00,-33.8725,151.213333,pm10,µg/m³,17.1
7428,21615,Cook And Phillip-7428,2020-04-30T21:00:00+10:00,-33.8725,151.213333,pm10,µg/m³,12.3
7428,21615,Cook And Phillip-7428,2020-04-30T22:00:00+10:00,-33.8725,151.213333,pm10,µg/m³,3.7
7428,21615,Cook And Phillip-7428,2020-04-30T23:00:00+10:00,-33.8725,151.213333,pm10,µg/m³,8.5
7428,21614,Cook And Phillip-7428,2020-04-30T04:00:00+10:00,-33.8725,151.213333,pm25,µg/m³,0.0
7428,21614,Cook And Phillip-7428,2020-04-30T05:00:00+10:00,-33.8725,151.213333,pm25,µg/m³,11.6
7428,21614,Cook And Phillip-7428,2020-04-30T06:00:00+10:00,-33.8725,151.213333,pm25,µg/m³,1.9
7428,21614,Cook And Phillip-7428,2020-04-30T07:00:00+10:00,-33.8725,151.213333,pm25,µg/m³,0.0
7428,21614,Cook And Phillip-7428,2020-04-30T08:00:00+10:00,-33.8725,151.213333,pm25,µg/m³,4.1
7428,21614,Cook And Phillip-7428,2020-04-30T09:00:00+10:00,-33.8725,151.213333,pm25,µg/m³,10.0
7428,21614,Cook And Phillip-7428,2020-04-30T10:00:00+10:00,-33.8725,151.213333,pm25,µg/m³,21.1
7428,21614,Cook And Phillip-7428,2020-04-30T13:00:00+10:00,-33.8725,151.213333,pm25,µg/m³,9.1
7428,21614,Cook And Phillip-7428,2020-04-30T14:00:00+10:00,-33.8725,151.213333,pm25,µg/m³,3.9
7428,21614,Cook And Phillip-7428,2020-04-30T15:00:00+10:00,-33.8725,151.213333,pm25,µg/m³,8.1
7428,21614,Cook And Phillip-7428,2020-04-30T16:00:00+10:00,-33.8725,151.213333,pm25,µg/m³,11.1
7428,21614,Cook And Phillip-7428,2020-04-30T17:00:00+10:00,-33.8725,151.213333,pm25,µg/m³,7.2
7428,21614,Cook And Phillip-7428,2020-04-30T18:00:00+10:00,-33.8725,151.213333,pm25,µg/m³,6.1
7428,21614,Cook And Phillip-7428,2020-04-30T19:00:00+10:00,-33.8725,151.213333,pm25,µg/m³,11.1
7428,21614,Cook And Phillip-7428,2020-04-30T20:00:00+10:00,-33.8725,151.213333,pm25,µg/m³,15.7
7428,21614,Cook And Phillip-7428,2020-04-30T21:00:00+10:00,-33.8725,151.213333,pm25,µg/m³,11.1
7428,21614,Cook And Phillip-7428,2020-04-30T22:00:00+10:00,-33.8725,151.213333,pm25,µg/m³,3.0
7428,21614,Cook And Phillip-7428,2020-04-30T23:00:00+10:00,-33.8725,151.213333,pm25,µg/m³,7.8
7428,25546,Cook And Phillip-7428,2020-04-30T04:00:00+10:00,-33.8725,151.213333,no2,ppm,0.011
7428,25546,Cook And Phillip-7428,2020-04-30T05:00:00+10:00,-33.8725,151.213333,no2,ppm,0.009
7428,25546,Cook And Phillip-7428,2020-04-30T06:00:00+10:00,-33.8725,151.213333,no2,ppm,0.006
7428,25546,Cook And Phillip-7428,2020-04-30T07:00:00+10:00,-33.8725,151.213333,no2,ppm,0.01
7428,25546,Cook And Phillip-7428,2020-04-30T08:00:00+10:00,-33.8725,151.213333,no2,ppm,0.014
7428,25546,Cook And Phillip-7428,2020-04-30T09:00:00+10:00,-33.8725,151.213333,no2,ppm,0.013
7428,25546,Cook And Phillip-7428,2020-04-30T10:00:00+10:00,-33.8725,151.213333,no2,ppm,0.013
7428,25546,Cook And Phillip-7428,2020-04-30T13:00:00+10:00,-33.8725,151.213333,no2,ppm,0.015
7428,25546,Cook And Phillip-7428,2020-04-30T14:00:00+10:00,-33.8725,151.213333,no2,ppm,0.019
7428,25546,Cook And Phillip-7428,2020-04-30T15:00:00+10:00,-33.8725,151.213333,no2,ppm,0.02
7428,25546,Cook And Phillip-7428,2020-04-30T16:00:00+10:00,-33.8725,151.213333,no2,ppm,0.023
7428,25546,Cook And Phillip-7428,2020-04-30T17:00:00+10:00,-33.8725,151.213333,no2,ppm,0.024
7428,25546,Cook And Phillip-7428,2020-04-30T18:00:00+10:00,-33.8725,151.213333,no2,ppm,0.022
7428,25546,Cook And Phillip-7428,2020-04-30T19:00:00+10:00,-33.8725,151.213333,no2,ppm,0.017
7428,25546,Cook And Phillip-7428,2020-04-30T20:00:00+10:00,-33.8725,151.213333,no2,ppm,0.011
7428,25546,Cook And Phillip-7428,2020-04-30T21:00:00+10:00,-33.8725,151.213333,no2,ppm,0.011
7428,25546,Cook And Phillip-7428,2020-04-30T22:00:00+10:00,-33.8725,151.213333,no2,ppm,0.008
7428,25546,Cook And Phillip-7428,2020-04-30T23:00:00+10:00,-33.8725,151.213333,no2,ppm,0.005
7428,28686,Cook And Phillip-7428,2020-04-30T04:00:00+10:00,-33.8725,151.213333,co,ppm,0.0
7428,28686,Cook And Phillip-7428,2020-04-30T05:00:00+10:00,-33.8725,151.213333,co,ppm,0.0
7428,28686,Cook And Phillip-7428,2020-04-30T06:00:00+10:00,-33.8725,151.213333,co,ppm,0.0
7428,28686,Cook And Phillip-7428,2020-04-30T07:00:00+10:00,-33.8725,151.213333,co,ppm,0.0
7428,28686,Cook And Phillip-7428,2020-04-30T08:00:00+10:00,-33.8725,151.213333,co,ppm,0.0
7428,28686,Cook And Phillip-7428,2020-04-30T09:00:00+10:00,-33.8725,151.213333,co,ppm,0.1
7428,28686,Cook And Phillip-7428,2020-04-30T10:00:00+10:00,-33.8725,151.213333,co,ppm,0.1
7428,28686,Cook And Phillip-7428,2020-04-30T13:00:00+10:00,-33.8725,151.213333,co,ppm,0.1
7428,28686,Cook And Phillip-7428,2020-04-30T14:00:00+10:00,-33.8725,151.213333,co,ppm,0.1
7428,28686,Cook And Phillip-7428,2020-04-30T15:00:00+10:00,-33.8725,151.213333,co,ppm,0.1
7428,28686,Cook And Phillip-7428,2020-04-30T16:00:00+10:00,-33.8725,151.213333,co,ppm,0.1
7428,28686,Cook And Phillip-7428,2020-04-30T17:00:00+10:00,-33.8725,151.213333,co,ppm,0.1
7428,28686,Cook And Phillip-7428,2020-04-30T18:00:00+10:00,-33.8725,151.213333,co,ppm,0.1
7428,28686,Cook And Phillip-7428,2020-04-30T19:00:00+10:00,-33.8725,151.213333,co,ppm,0.1
7428,28686,Cook And Phillip-7428,2020-04-30T20:00:00+10:00,-33.8725,151.213333,co,ppm,0.1
7428,28686,Cook And Phillip-7428,2020-04-30T21:00:00+10:00,-33.8725,151.213333,co,ppm,0.1
7428,28686,Cook And Phillip-7428,2020-04-30T22:00:00+10:00,-33.8725,151.213333,co,ppm,0.1
7428,28686,Cook And Phillip-7428,2020-04-30T23:00:00+10:00,-33.8725,151.213333,co,ppm,0.0
7428,25544,Cook And Phillip-7428,2020-04-30T04:00:00+10:00,-33.8725,151.213333,so2,ppm,0.004
7428,25544,Cook And Phillip-7428,2020-04-30T05:00:00+10:00,-33.8725,151.213333,so2,ppm,0.003
7428,25544,Cook And Phillip-7428,2020-04-30T06:00:00+10:00,-33.8725,151.213333,so2,ppm,0.001
7428,25544,Cook And Phillip-7428,2020-04-30T07:00:00+10:00,-33.8725,151.213333,so2,ppm,0.0
7428,25544,Cook And Phillip-7428,2020-04-30T08:00:00+10:00,-33.8725,151.213333,so2,ppm,0.0
7428,25544,Cook And Phillip-7428,2020-04-30T09:00:00+10:00,-33.8725,151.213333,so2,ppm,0.001
7428,25544,Cook And Phillip-7428,2020-04-30T10:00:00+10:00,-33.8725,151.213333,so2,ppm,0.003
7428,25544,Cook And Phillip-7428,2020-04-30T13:00:00+10:00,-33.8725,151.213333,so2,ppm,0.0
7428,25544,Cook And Phillip-7428,2020-04-30T14:00:00+10:00,-33.8725,151.213333,so2,ppm,0.0
7428,25544,Cook And Phillip-7428,2020-04-30T15:00:00+10:00,-33.8725,151.213333,so2,ppm,0.0
7428,25544,Cook And Phillip-7428,2020-04-30T16:00:00+10:00,-33.8725,151.213333,so2,ppm,0.0
7428,25544,Cook And Phillip-7428,2020-04-30T17:00:00+10:00,-33.8725,151.213333,so2,ppm,0.0
7428,25544,Cook And Phillip-7428,2020-04-30T18:00:00+10:00,-33.8725,151.213333,so2,ppm,0.001
7428,25544,Cook And Phillip-7428,2020-04-30T19:00:00+10:00,-33.8725,151.213333,so2,ppm,0.0
7428,25544,Cook And Phillip-7428,2020-04-30T20:00:00+10:00,-33.8725,151.213333,so2,ppm,0.0
7428,25544,Cook And Phillip-7428,2020-04-30T21:00:00+10:00,-33.8725,151.213333,so2,ppm,0.0
7428,25544,Cook And Phillip-7428,2020-04-30T22:00:00+10:00,-33.8725,151.213333,so2,ppm,0.0
7428,25544,Cook And Phillip-7428,2020-04-30T23:00:00+10:00,-33.8725,151.213333,so2,ppm,0.0
7428,25545,Cook And Phillip-7428,2020-04-30T04:00:00+10:00,-33.8725,151.213333,o3,ppm,0.003
7428,25545,Cook And Phillip-7428,2020-04-30T05:00:00+10:00,-33.8725,151.213333,o3,ppm,0.003
7428,25545,Cook And Phillip-7428,2020-04-30T06:00:00+10:00,-33.8725,151.213333,o3,ppm,0.005
7428,25545,Cook And Phillip-7428,2020-04-30T07:00:00+10:00,-33.8725,151.213333,o3,ppm,0.002
7428,25545,Cook And Phillip-7428,2020-04-30T08:00:00+10:00,-33.8725,151.213333,o3,ppm,0.0
7428,25545,Cook And Phillip-7428,2020-04-30T09:00:00+10:00,-33.8725,151.213333,o3,ppm,0.001
7428,25545,Cook And Phillip-7428,2020-04-30T10:00:00+10:00,-33.8725,151.213333,o3,ppm,0.001
7428,25545,Cook And Phillip-7428,2020-04-30T13:00:00+10:00,-33.8725,151.213333,o3,ppm,0.01
7428,25545,Cook And Phillip-7428,2020-04-30T14:00:00+10:00,-33.8725,151.213333,o3,ppm,0.006
7428,25545,Cook And Phillip-7428,2020-04-30T15:00:00+10:00,-33.8725,151.213333,o3,ppm,0.005
7428,25545,Cook And Phillip-7428,2020-04-30T16:00:00+10:00,-33.8725,151.213333,o3,ppm,0.002
7428,25545,Cook And Phillip-7428,2020-04-30T17:00:00+10:00,-33.8725,151.213333,o3,ppm,0.003
7428,25545,Cook And Phillip-7428,2020-04-30T18:00:00+10:00,-33.8725,151.213333,o3,ppm,0.005
7428,25545,Cook And Phillip-7428,2020-04-30T19:00:00+10:00,-33.8725,151.213333,o3,ppm,0.011
7428,25545,Cook And Phillip-7428,2020-04-30T20:00:00+10:00,-33.8725,151.213333,o3,ppm,0.013
7428,25545,Cook And Phillip-7428,2020-04-30T21:00:00+10:00,-33.8725,151.213333,o3,ppm,0.012
7428,25545,Cook And Phillip-7428,2020-04-30T22:00:00+10:00,-33.8725,151.213333,o3,ppm,0.012
7428,25545,Cook And Phillip-7428,2020-04-30T23:00:00+10:00,-33.8725,151.213333,o3,ppm,0.015
