location_id,sensors_id,location,datetime,lat,lon,parameter,units,value
7428,21615,Cook And Phillip-7428,2020-01-01T01:00:00+11:00,-33.8725,151.213333,pm10,µg/m³,67.8
7428,21615,Cook And Phillip-7428,2020-01-01T02:00:00+11:00,-33.8725,151.213333,pm10,µg/m³,67.2
7428,21615,Cook And Phillip-7428,2020-01-01T03:00:00+11:00,-33.8725,151.213333,pm10,µg/m³,66.4
7428,21615,Cook And Phillip-7428,2020-01-01T04:00:00+11:00,-33.8725,151.213333,pm10,µg/m³,66.1
7428,21615,Cook And Phillip-7428,2020-01-01T05:00:00+11:00,-33.8725,151.213333,pm10,µg/m³,66.0
7428,21615,Cook And Phillip-7428,2020-01-01T06:00:00+11:00,-33.8725,151.213333,pm10,µg/m³,65.9
7428,21615,Cook And Phillip-7428,2020-01-01T07:00:00+11:00,-33.8725,151.213333,pm10,µg/m³,65.7
7428,21615,Cook And Phillip-7428,2020-01-01T08:00:00+11:00,-33.8725,151.213333,pm10,µg/m³,63.6
7428,21615,Cook And Phillip-7428,2020-01-01T09:00:00+11:00,-33.8725,151.213333,pm10,µg/m³,61.3
7428,21615,Cook And Phillip-7428,2020-01-01T10:00:00+11:00,-33.8725,151.213333,pm10,µg/m³,58.8
7428,21615,Cook And Phillip-7428,2020-01-01T11:00:00+11:00,-33.8725,151.213333,pm10,µg/m³,57.7
7428,21615,Cook And Phillip-7428,2020-01-01T12:00:00+11:00,-33.8725,151.213333,pm10,µg/m³,58.7
7428,21615,Cook And Phillip-7428,2020-01-01T13:00:00+11:00,-33.8725,151.213333,pm10,µg/m³,57.8
7428,21615,Cook And Phillip-7428,2020-01-01T14:00:00+11:00,-33.8725,151.213333,pm10,µg/m³,58.2
7428,21615,Cook And Phillip-7428,2020-01-01T15:00:00+11:00,-33.8725,151.213333,pm10,µg/m³,54.9
7428,21615,Cook And Phillip-7428,2020-01-01T16:00:00+11:00,-33.8725,151.213333,pm10,µg/m³,53.7
7428,21615,Cook And Phillip-7428,2020-01-01T17:00:00+11:00,-33.8725,151.213333,pm10,µg/m³,52.6
7428,21615,Cook And Phillip-7428,2020-01-01T18:00:00+11:00,-33.8725,151.213333,pm10,µg/m³,52.7
7428,21615,Cook And Phillip-7428,2020-01-01T19:00:00+11:00,-33.8725,151.213333,pm10,µg/m³,53.7
7428,21615,Cook And Phillip-7428,2020-01-01T20:00:00+11:00,-33.8725,151.213333,pm10,µg/m³,52.0
7428,21615,Cook And Phillip-7428,2020-01-01T21:00:00+11:00,-33.8725,151.213333,pm10,µg/m³,51.4
7428,21615,Cook And Phillip-7428,2020-01-01T22:00:00+11:00,-33.8725,151.213333,pm10,µg/m³,51.1
7428,21615,Cook And Phillip-7428,2020-01-01T23:00:00+11:00,-33.8725,151.213333,pm10,µg/m³,50.8
7428,21614,Cook And Phillip-7428,2020-01-01T01:00:00+11:00,-33.8725,151.213333,pm25,µg/m³,33.0
7428,21614,Cook And Phillip-7428,2020-01-01T02:00:00+11:00,-33.8725,151.213333,pm25,µg/m³,32.4
7428,21614,Cook And Phillip-7428,2020-01-01T03:00:00+11:00,-33.8725,151.213333,pm25,µg/m³,31.7
7428,21614,Cook And Phillip-7428,2020-01-01T04:00:00+11:00,-33.8725,151.213333,pm25,µg/m³,31.7
7428,21614,Cook And Phillip-7428,2020-01-01T05:00:00+11:00,-33.8725,151.213333,pm25,µg/m³,31.6
7428,21614,Cook And Phillip-7428,2020-01-01T06:00:00+11:00,-33.8725,151.213333,pm25,µg/m³,31.7
7428,21614,Cook And Phillip-7428,2020-01-01T07:00:00+11:00,-33.8725,151.213333,pm25,µg/m³,31.9
7428,21614,Cook And Phillip-7428,2020-01-01T08:00:00+11:00,-33.8725,151.213333,pm25,µg/m³,31.1
7428,21614,Cook And Phillip-7428,2020-01-01T09:00:00+11:00,-33.8725,151.213333,pm25,µg/m³,29.9
7428,21614,Cook And Phillip-7428,2020-01-01T10:00:00+11:00,-33.8725,151.213333,pm25,µg/m³,28.1
7428,21614,Cook And Phillip-7428,2020-01-01T11:00:00+11:00,-33.8725,151.213333,pm25,µg/m³,27.4
7428,21614,Cook And Phillip-7428,2020-01-01T12:00:00+11:00,-33.8725,151.213333,pm25,µg/m³,28.3
7428,21614,Cook And Phillip-7428,2020-01-01T13:00:00+11:00,-33.8725,151.213333,pm25,µg/m³,28.3
7428,21614,Cook And Phillip-7428,2020-01-01T14:00:00+11:00,-33.8725,151.213333,pm25,µg/m³,29.1
7428,21614,Cook And Phillip-7428,2020-01-01T15:00:00+11:00,-33.8725,151.213333,pm25,µg/m³,26.6
7428,21614,Cook And Phillip-7428,2020-01-01T16:00:00+11:00,-33.8725,151.213333,pm25,µg/m³,25.3
7428,21614,Cook And Phillip-7428,2020-01-01T17:00:00+11:00,-33.8725,151.213333,pm25,µg/m³,24.3
7428,21614,Cook And Phillip-7428,2020-01-01T18:00:00+11:00,-33.8725,151.213333,pm25,µg/m³,24.6
7428,21614,Cook And Phillip-7428,2020-01-01T19:00:00+11:00,-33.8725,151.213333,pm25,µg/m³,25.7
7428,21614,Cook And Phillip-7428,2020-01-01T20:00:00+11:00,-33.8725,151.213333,pm25,µg/m³,24.9
7428,21614,Cook And Phillip-7428,2020-01-01T21:00:00+11:00,-33.8725,151.213333,pm25,µg/m³,24.9
7428,21614,Cook And Phillip-7428,2020-01-01T22:00:00+11:00,-33.8725,151.213333,pm25,µg/m³,25.3
7428,21614,Cook And Phillip-7428,2020-01-01T23:00:00+11:00,-33.8725,151.213333,pm25,µg/m³,25.4
7428,25546,Cook And Phillip-7428,2020-01-01T01:00:00+11:00,-33.8725,151.213333,no2,ppm,0.012
7428,25546,Cook And Phillip-7428,2020-01-01T03:00:00+11:00,-33.8725,151.213333,no2,ppm,0.006
7428,25546,Cook And Phillip-7428,2020-01-01T04:00:00+11:00,-33.8725,151.213333,no2,ppm,0.005
7428,25546,Cook And Phillip-7428,2020-01-01T05:00:00+11:00,-33.8725,151.213333,no2,ppm,0.005
7428,25546,Cook And Phillip-7428,2020-01-01T06:00:00+11:00,-33.8725,151.213333,no2,ppm,0.006
7428,25546,Cook And Phillip-7428,2020-01-01T07:00:00+11:00,-33.8725,151.213333,no2,ppm,0.008
7428,25546,Cook And Phillip-7428,2020-01-01T08:00:00+11:00,-33.8725,151.213333,no2,ppm,0.007
7428,25546,Cook And Phillip-7428,2020-01-01T09:00:00+11:00,-33.8725,151.213333,no2,ppm,0.005
7428,25546,Cook And Phillip-7428,2020-01-01T10:00:00+11:00,-33.8725,151.213333,no2,ppm,0.004
7428,25546,Cook And Phillip-7428,2020-01-01T11:00:00+11:00,-33.8725,151.213333,no2,ppm,0.005
7428,25546,Cook And Phillip-7428,2020-01-01T12:00:00+11:00,-33.8725,151.213333,no2,ppm,0.003
7428,25546,Cook And Phillip-7428,2020-01-01T13:00:00+11:00,-33.8725,151.213333,no2,ppm,0.003
7428,25546,Cook And Phillip-7428,2020-01-01T14:00:00+11:00,-33.8725,151.213333,no2,ppm,0.003
7428,25546,Cook And Phillip-7428,2020-01-01T15:00:00+11:00,-33.8725,151.213333,no2,ppm,0.002
7428,25546,Cook And Phillip-7428,2020-01-01T16:00:00+11:00,-33.8725,151.213333,no2,ppm,0.002
7428,25546,Cook And Phillip-7428,2020-01-01T17:00:00+11:00,-33.8725,151.213333,no2,ppm,0.002
7428,25546,Cook And Phillip-7428,2020-01-01T18:00:00+11:00,-33.8725,151.213333,no2,ppm,0.002
7428,25546,Cook And Phillip-7428,2020-01-01T19:00:00+11:00,-33.8725,151.213333,no2,ppm,0.002
7428,25546,Cook And Phillip-7428,2020-01-01T20:00:00+11:00,-33.8725,151.213333,no2,ppm,0.004
7428,25546,Cook And Phillip-7428,2020-01-01T21:00:00+11:00,-33.8725,151.213333,no2,ppm,0.004
7428,25546,Cook And Phillip-7428,2020-01-01T22:00:00+11:00,-33.8725,151.213333,no2,ppm,0.006
7428,25546,Cook And Phillip-7428,2020-01-01T23:00:00+11:00,-33.8725,151.213333,no2,ppm,0.005
7428,28686,Cook And Phillip-7428,2020-01-01T01:00:00+11:00,-33.8725,151.213333,co,ppm,0.1
7428,28686,Cook And Phillip-7428,2020-01-01T02:00:00+11:00,-33.8725,151.213333,co,ppm,0.1
7428,28686,Cook And Phillip-7428,2020-01-01T03:00:00+11:00,-33.8725,151.213333,co,ppm,0.1
7428,28686,Cook And Phillip-7428,2020-01-01T04:00:00+11:00,-33.8725,151.213333,co,ppm,0.1
7428,28686,Cook And Phillip-7428,2020-01-01T05:00:00+11:00,-33.8725,151.213333,co,ppm,0.1
7428,28686,Cook And Phillip-7428,2020-01-01T06:00:00+11:00,-33.8725,151.213333,co,ppm,0.1
7428,28686,Cook And Phillip-7428,2020-01-01T07:00:00+11:00,-33.8725,151.213333,co,ppm,0.1
7428,28686,Cook And Phillip-7428,2020-01-01T08:00:00+11:00,-33.8725,151.213333,co,ppm,0.2
7428,28686,Cook And Phillip-7428,2020-01-01T09:00:00+11:00,-33.8725,151.213333,co,ppm,0.2
7428,28686,Cook And Phillip-7428,2020-01-01T10:00:00+11:00,-33.8725,151.213333,co,ppm,0.2
7428,28686,Cook And Phillip-7428,2020-01-01T11:00:00+11:00,-33.8725,151.213333,co,ppm,0.3
7428,28686,Cook And Phillip-7428,2020-01-01T12:00:00+11:00,-33.8725,151.213333,co,ppm,0.4
7428,28686,Cook And Phillip-7428,2020-01-01T13:00:00+11:00,-33.8725,151.213333,co,ppm,0.5
7428,28686,Cook And Phillip-7428,2020-01-01T14:00:00+11:00,-33.8725,151.213333,co,ppm,0.5
7428,28686,Cook And Phillip-7428,2020-01-01T15:00:00+11:00,-33.8725,151.213333,co,ppm,0.5
7428,28686,Cook And Phillip-7428,2020-01-01T16:00:00+11:00,-33.8725,151.213333,co,ppm,0.5
7428,28686,Cook And Phillip-7428,2020-01-01T17:00:00+11:00,-33.8725,151.213333,co,ppm,0.4
7428,28686,Cook And Phillip-7428,2020-01-01T18:00:00+11:00,-33.8725,151.213333,co,ppm,0.4
7428,28686,Cook And Phillip-7428,2020-01-01T19:00:00+11:00,-33.8725,151.213333,co,ppm,0.3
7428,28686,Cook And Phillip-7428,2020-01-01T20:00:00+11:00,-33.8725,151.213333,co,ppm,0.2
7428,28686,Cook And Phillip-7428,2020-01-01T21:00:00+11:00,-33.8725,151.213333,co,ppm,0.1
7428,28686,Cook And Phillip-7428,2020-01-01T22:00:00+11:00,-33.8725,151.213333,co,ppm,0.1
7428,28686,Cook And Phillip-7428,2020-01-01T23:00:00+11:00,-33.8725,151.213333,co,ppm,0.1
7428,25544,Cook And Phillip-7428,2020-01-01T01:00:00+11:00,-33.8725,151.213333,so2,ppm,0.0
7428,25544,Cook And Phillip-7428,2020-01-01T03:00:00+11:00,-33.8725,151.213333,so2,ppm,0.0
7428,25544,Cook And Phillip-7428,2020-01-01T04:00:00+11:00,-33.8725,151.213333,so2,ppm,0.0
7428,25544,Cook And Phillip-7428,2020-01-01T05:00:00+11:00,-33.8725,151.213333,so2,ppm,0.0
7428,25544,Cook And Phillip-7428,2020-01-01T06:00:00+11:00,-33.8725,151.213333,so2,ppm,0.0
7428,25544,Cook And Phillip-7428,2020-01-01T07:00:00+11:00,-33.8725,151.213333,so2,ppm,0.0
7428,25544,Cook And Phillip-7428,2020-01-01T08:00:00+11:00,-33.8725,151.213333,so2,ppm,0.0
7428,25544,Cook And Phillip-7428,2020-01-01T09:00:00+11:00,-33.8725,151.213333,so2,ppm,0.0
7428,25544,Cook And Phillip-7428,2020-01-01T10:00:00+11:00,-33.8725,151.213333,so2,ppm,0.0
7428,25544,Cook And Phillip-7428,2020-01-01T11:00:00+11:00,-33.8725,151.213333,so2,ppm,0.0
7428,25544,Cook And Phillip-7428,2020-01-01T12:00:00+11:00,-33.8725,151.213333,so2,ppm,0.0
7428,25544,Cook And Phillip-7428,2020-01-01T13:00:00+11:00,-33.8725,151.213333,so2,ppm,0.0
7428,25544,Cook And Phillip-7428,2020-01-01T14:00:00+11:00,-33.8725,151.213333,so2,ppm,0.0
7428,25544,Cook And Phillip-7428,2020-01-01T15:00:00+11:00,-33.8725,151.213333,so2,ppm,0.0
7428,25544,Cook And Phillip-7428,2020-01-01T16:00:00+11:00,-33.8725,151.213333,so2,ppm,0.0
7428,25544,Cook And Phillip-7428,2020-01-01T17:00:00+11:00,-33.8725,151.213333,so2,ppm,0.0
7428,25544,Cook And Phillip-7428,2020-01-01T18:00:00+11:00,-33.8725,151.213333,so2,ppm,0.0
7428,25544,Cook And Phillip-7428,2020-01-01T19:00:00+11:00,-33.8725,151.213333,so2,ppm,0.0
7428,25544,Cook And Phillip-7428,2020-01-01T20:00:00+11:00,-33.8725,151.213333,so2,ppm,0.0
7428,25544,Cook And Phillip-7428,2020-01-01T21:00:00+11:00,-33.8725,151.213333,so2,ppm,0.0
7428,25544,Cook And Phillip-7428,2020-01-01T22:00:00+11:00,-33.8725,151.213333,so2,ppm,0.0
7428,25544,Cook And Phillip-7428,2020-01-01T23:00:00+11:00,-33.8725,151.213333,so2,ppm,0.0
7428,25545,Cook And Phillip-7428,2020-01-01T01:00:00+11:00,-33.8725,151.213333,o3,ppm,0.007
7428,25545,Cook And Phillip-7428,2020-01-01T02:00:00+11:00,-33.8725,151.213333,o3,ppm,0.01
7428,25545,Cook And Phillip-7428,2020-01-01T03:00:00+11:00,-33.8725,151.213333,o3,ppm,0.009
7428,25545,Cook And Phillip-7428,2020-01-01T04:00:00+11:00,-33.8725,151.213333,o3,ppm,0.011
7428,25545,Cook And Phillip-7428,2020-01-01T05:00:00+11:00,-33.8725,151.213333,o3,ppm,0.012
7428,25545,Cook And Phillip-7428,2020-01-01T06:00:00+11:00,-33.8725,151.213333,o3,ppm,0.011
7428,25545,Cook And Phillip-7428,2020-01-01T07:00:00+11:00,-33.8725,151.213333,o3,ppm,0.009
7428,25545,Cook And Phillip-7428,2020-01-01T08:00:00+11:00,-33.8725,151.213333,o3,ppm,0.011
7428,25545,Cook And Phillip-7428,2020-01-01T09:00:00+11:00,-33.8725,151.213333,o3,ppm,0.014
7428,25545,Cook And Phillip-7428,2020-01-01T10:00:00+11:00,-33.8725,151.213333,o3,ppm,0.018
7428,25545,Cook And Phillip-7428,2020-01-01T11:00:00+11:00,-33.8725,151.213333,o3,ppm,0.026
7428,25545,Cook And Phillip-7428,2020-01-01T12:00:00+11:00,-33.8725,151.213333,o3,ppm,0.03
7428,25545,Cook And Phillip-7428,2020-01-01T13:00:00+11:00,-33.8725,151.213333,o3,ppm,0.029
7428,25545,Cook And Phillip-7428,2020-01-01T14:00:00+11:00,-33.8725,151.213333,o3,ppm,0.023
7428,25545,Cook And Phillip-7428,2020-01-01T15:00:00+11:00,-33.8725,151.213333,o3,ppm,0.022
7428,25545,Cook And Phillip-7428,2020-01-01T16:00:00+11:00,-33.8725,151.213333,o3,ppm,0.02
7428,25545,Cook And Phillip-7428,2020-01-01T17:00:00+11:00,-33.8725,151.213333,o3,ppm,0.02
7428,25545,Cook And Phillip-7428,2020-01-01T18:00:00+11:00,-33.8725,151.213333,o3,ppm,0.019
7428,25545,Cook And Phillip-7428,2020-01-01T19:00:00+11:00,-33.8725,151.213333,o3,ppm,0.019
7428,25545,Cook And Phillip-7428,2020-01-01T20:00:00+11:00,-33.8725,151.213333,o3,ppm,0.017
7428,25545,Cook And Phillip-7428,2020-01-01T21:00:00+11:00,-33.8725,151.213333,o3,ppm,0.018
7428,25545,Cook And Phillip-7428,2020-01-01T22:00:00+11:00,-33.8725,151.213333,o3,ppm,0.018
7428,25545,Cook And Phillip-7428,2020-01-01T23:00:00+11:00,-33.8725,151.213333,o3,ppm,0.017
7428,21615,Cook And Phillip-7428,2020-01-02T01:00:00+11:00,-33.8725,151.213333,pm10,µg/m³,50.2
7428,21615,Cook And Phillip-7428,2020-01-02T02:00:00+11:00,-33.8725,151.213333,pm10,µg/m³,50.1
7428,21615,Cook And Phillip-7428,2020-01-02T03:00:00+11:00,-33.8725,151.213333,pm10,µg/m³,50.6
7428,21615,Cook And Phillip-7428,2020-01-02T04:00:00+11:00,-33.8725,151.213333,pm10,µg/m³,51.7
7428,21615,Cook And Phillip-7428,2020-01-02T05:00:00+11:00,-33.8725,151.213333,pm10,µg/m³,53.7
7428,21615,Cook And Phillip-7428,2020-01-02T06:00:00+11:00,-33.8725,151.213333,pm10,µg/m³,56.0
7428,21615,Cook And Phillip-7428,2020-01-02T07:00:00+11:00,-33.8725,151.213333,pm10,µg/m³,55.5
7428,21615,Cook And Phillip-7428,2020-01-02T08:00:00+11:00,-33.8725,151.213333,pm10,µg/m³,54.4
7428,21615,Cook And Phillip-7428,2020-01-02T09:00:00+11:00,-33.8725,151.213333,pm10,µg/m³,53.5
7428,21615,Cook And Phillip-7428,2020-01-02T10:00:00+11:00,-33.8725,151.213333,pm10,µg/m³,54.2
7428,21615,Cook And Phillip-7428,2020-01-02T11:00:00+11:00,-33.8725,151.213333,pm10,µg/m³,52.8
7428,21615,Cook And Phillip-7428,2020-01-02T12:00:00+11:00,-33.8725,151.213333,pm10,µg/m³,48.0
7428,21615,Cook And Phillip-7428,2020-01-02T13:00:00+11:00,-33.8725,151.213333,pm10,µg/m³,45.8
7428,21615,Cook And Phillip-7428,2020-01-02T14:00:00+11:00,-33.8725,151.213333,pm10,µg/m³,42.5
7428,21615,Cook And Phillip-7428,2020-01-02T15:00:00+11:00,-33.8725,151.213333,pm10,µg/m³,42.6
7428,21615,Cook And Phillip-7428,2020-01-02T16:00:00+11:00,-33.8725,151.213333,pm10,µg/m³,40.5
7428,21615,Cook And Phillip-7428,2020-01-02T17:00:00+11:00,-33.8725,151.213333,pm10,µg/m³,39.8
7428,21615,Cook And Phillip-7428,2020-01-02T18:00:00+11:00,-33.8725,151.213333,pm10,µg/m³,37.5
7428,21615,Cook And Phillip-7428,2020-01-02T19:00:00+11:00,-33.8725,151.213333,pm10,µg/m³,35.9
7428,21615,Cook And Phillip-7428,2020-01-02T20:00:00+11:00,-33.8725,151.213333,pm10,µg/m³,36.0
7428,21615,Cook And Phillip-7428,2020-01-02T21:00:00+11:00,-33.8725,151.213333,pm10,µg/m³,34.0
7428,21615,Cook And Phillip-7428,2020-01-02T22:00:00+11:00,-33.8725,151.213333,pm10,µg/m³,34.4
7428,21615,Cook And Phillip-7428,2020-01-02T23:00:00+11:00,-33.8725,151.213333,pm10,µg/m³,34.9
7428,21614,Cook And Phillip-7428,2020-01-02T01:00:00+11:00,-33.8725,151.213333,pm25,µg/m³,25.9
7428,21614,Cook And Phillip-7428,2020-01-02T02:00:00+11:00,-33.8725,151.213333,pm25,µg/m³,26.4
7428,21614,Cook And Phillip-7428,2020-01-02T03:00:00+11:00,-33.8725,151.213333,pm25,µg/m³,27.2
7428,21614,Cook And Phillip-7428,2020-01-02T04:00:00+11:00,-33.8725,151.213333,pm25,µg/m³,28.6
7428,21614,Cook And Phillip-7428,2020-01-02T05:00:00+11:00,-33.8725,151.213333,pm25,µg/m³,30.7
7428,21614,Cook And Phillip-7428,2020-01-02T06:00:00+11:00,-33.8725,151.213333,pm25,µg/m³,33.3
7428,21614,Cook And Phillip-7428,2020-01-02T07:00:00+11:00,-33.8725,151.213333,pm25,µg/m³,33.1
7428,21614,Cook And Phillip-7428,2020-01-02T08:00:00+11:00,-33.8725,151.213333,pm25,µg/m³,32.4
7428,21614,Cook And Phillip-7428,2020-01-02T09:00:00+11:00,-33.8725,151.213333,pm25,µg/m³,32.0
7428,21614,Cook And Phillip-7428,2020-01-02T10:00:00+11:00,-33.8725,151.213333,pm25,µg/m³,32.6
7428,21614,Cook And Phillip-7428,2020-01-02T11:00:00+11:00,-33.8725,151.213333,pm25,µg/m³,31.7
7428,21614,Cook And Phillip-7428,2020-01-02T12:00:00+11:00,-33.8725,151.213333,pm25,µg/m³,28.1
7428,21614,Cook And Phillip-7428,2020-01-02T13:00:00+11:00,-33.8725,151.213333,pm25,µg/m³,26.1
7428,21614,Cook And Phillip-7428,2020-01-02T14:00:00+11:00,-33.8725,151.213333,pm25,µg/m³,23.5
7428,21614,Cook And Phillip-7428,2020-01-02T15:00:00+11:00,-33.8725,151.213333,pm25,µg/m³,23.8
7428,21614,Cook And Phillip-7428,2020-01-02T16:00:00+11:00,-33.8725,151.213333,pm25,µg/m³,22.4
7428,21614,Cook And Phillip-7428,2020-01-02T17:00:00+11:00,-33.8725,151.213333,pm25,µg/m³,21.9
7428,21614,Cook And Phillip-7428,2020-01-02T18:00:00+11:00,-33.8725,151.213333,pm25,µg/m³,20.4
7428,21614,Cook And Phillip-7428,2020-01-02T19:00:00+11:00,-33.8725,151.213333,pm25,µg/m³,19.4
7428,21614,Cook And Phillip-7428,2020-01-02T20:00:00+11:00,-33.8725,151.213333,pm25,µg/m³,19.6
7428,21614,Cook And Phillip-7428,2020-01-02T21:00:00+11:00,-33.8725,151.213333,pm25,µg/m³,19.8
7428,21614,Cook And Phillip-7428,2020-01-02T22:00:00+11:00,-33.8725,151.213333,pm25,µg/m³,20.4
7428,21614,Cook And Phillip-7428,2020-01-02T23:00:00+11:00,-33.8725,151.213333,pm25,µg/m³,20.8
7428,25546,Cook And Phillip-7428,2020-01-02T01:00:00+11:00,-33.8725,151.213333,no2,ppm,0.003
7428,25546,Cook And Phillip-7428,2020-01-02T03:00:00+11:00,-33.8725,151.213333,no2,ppm,0.004
7428,25546,Cook And Phillip-7428,2020-01-02T04:00:00+11:00,-33.8725,151.213333,no2,ppm,0.005
7428,25546,Cook And Phillip-7428,2020-01-02T05:00:00+11:00,-33.8725,151.213333,no2,ppm,0.01
7428,25546,Cook And Phillip-7428,2020-01-02T06:00:00+11:00,-33.8725,151.213333,no2,ppm,0.007
7428,25546,Cook And Phillip-7428,2020-01-02T07:00:00+11:00,-33.8725,151.213333,no2,ppm,0.005
7428,25546,Cook And Phillip-7428,2020-01-02T08:00:00+11:00,-33.8725,151.213333,no2,ppm,0.003
7428,25546,Cook And Phillip-7428,2020-01-02T09:00:00+11:00,-33.8725,151.213333,no2,ppm,0.002
7428,25546,Cook And Phillip-7428,2020-01-02T10:00:00+11:00,-33.8725,151.213333,no2,ppm,0.002
7428,25546,Cook And Phillip-7428,2020-01-02T11:00:00+11:00,-33.8725,151.213333,no2,ppm,0.001
7428,25546,Cook And Phillip-7428,2020-01-02T12:00:00+11:00,-33.8725,151.213333,no2,ppm,0.002
7428,25546,Cook And Phillip-7428,2020-01-02T13:00:00+11:00,-33.8725,151.213333,no2,ppm,0.002
7428,25546,Cook And Phillip-7428,2020-01-02T14:00:00+11:00,-33.8725,151.213333,no2,ppm,0.001
7428,25546,Cook And Phillip-7428,2020-01-02T15:00:00+11:00,-33.8725,151.213333,no2,ppm,0.002
7428,25546,Cook And Phillip-7428,2020-01-02T16:00:00+11:00,-33.8725,151.213333,no2,ppm,0.002
7428,25546,Cook And Phillip-7428,2020-01-02T17:00:00+11:00,-33.8725,151.213333,no2,ppm,0.003
7428,25546,Cook And Phillip-7428,2020-01-02T18:00:00+11:00,-33.8725,151.213333,no2,ppm,0.003
7428,25546,Cook And Phillip-7428,2020-01-02T19:00:00+11:00,-33.8725,151.213333,no2,ppm,0.002
7428,25546,Cook And Phillip-7428,2020-01-02T20:00:00+11:00,-33.8725,151.213333,no2,ppm,0.003
7428,25546,Cook And Phillip-7428,2020-01-02T21:00:00+11:00,-33.8725,151.213333,no2,ppm,0.002
7428,25546,Cook And Phillip-7428,2020-01-02T22:00:00+11:00,-33.8725,151.213333,no2,ppm,0.001
7428,25546,Cook And Phillip-7428,2020-01-02T23:00:00+11:00,-33.8725,151.213333,no2,ppm,0.002
7428,28686,Cook And Phillip-7428,2020-01-02T01:00:00+11:00,-33.8725,151.213333,co,ppm,0.1
7428,28686,Cook And Phillip-7428,2020-01-02T02:00:00+11:00,-33.8725,151.213333,co,ppm,0.1
7428,28686,Cook And Phillip-7428,2020-01-02T03:00:00+11:00,-33.8725,151.213333,co,ppm,0.2
7428,28686,Cook And Phillip-7428,2020-01-02T04:00:00+11:00,-33.8725,151.213333,co,ppm,0.2
7428,28686,Cook And Phillip-7428,2020-01-02T05:00:00+11:00,-33.8725,151.213333,co,ppm,0.3
7428,28686,Cook And Phillip-7428,2020-01-02T06:00:00+11:00,-33.8725,151.213333,co,ppm,0.4
7428,28686,Cook And Phillip-7428,2020-01-02T07:00:00+11:00,-33.8725,151.213333,co,ppm,0.4
7428,28686,Cook And Phillip-7428,2020-01-02T08:00:00+11:00,-33.8725,151.213333,co,ppm,0.3
7428,28686,Cook And Phillip-7428,2020-01-02T09:00:00+11:00,-33.8725,151.213333,co,ppm,0.3
7428,28686,Cook And Phillip-7428,2020-01-02T10:00:00+11:00,-33.8725,151.213333,co,ppm,0.3
7428,28686,Cook And Phillip-7428,2020-01-02T11:00:00+11:00,-33.8725,151.213333,co,ppm,0.3
7428,28686,Cook And Phillip-7428,2020-01-02T12:00:00+11:00,-33.8725,151.213333,co,ppm,0.2
7428,28686,Cook And Phillip-7428,2020-01-02T13:00:00+11:00,-33.8725,151.213333,co,ppm,0.1
7428,28686,Cook And Phillip-7428,2020-01-02T14:00:00+11:00,-33.8725,151.213333,co,ppm,0.1
7428,28686,Cook And Phillip-7428,2020-01-02T15:00:00+11:00,-33.8725,151.213333,co,ppm,0.1
7428,28686,Cook And Phillip-7428,2020-01-02T16:00:00+11:00,-33.8725,151.213333,co,ppm,0.1
7428,28686,Cook And Phillip-7428,2020-01-02T17:00:00+11:00,-33.8725,151.213333,co,ppm,0.1
7428,28686,Cook And Phillip-7428,2020-01-02T18:00:00+11:00,-33.8725,151.213333,co,ppm,0.1
7428,28686,Cook And Phillip-7428,2020-01-02T19:00:00+11:00,-33.8725,151.213333,co,ppm,0.1
7428,28686,Cook And Phillip-7428,2020-01-02T20:00:00+11:00,-33.8725,151.213333,co,ppm,0.1
7428,28686,Cook And Phillip-7428,2020-01-02T21:00:00+11:00,-33.8725,151.213333,co,ppm,0.1
7428,28686,Cook And Phillip-7428,2020-01-02T22:00:00+11:00,-33.8725,151.213333,co,ppm,0.1
7428,28686,Cook And Phillip-7428,2020-01-02T23:00:00+11:00,-33.8725,151.213333,co,ppm,0.2
7428,25544,Cook And Phillip-7428,2020-01-02T01:00:00+11:00,-33.8725,151.213333,so2,ppm,0.0
7428,25544,Cook And Phillip-7428,2020-01-02T03:00:00+11:00,-33.8725,151.213333,so2,ppm,0.0
7428,25544,Cook And Phillip-7428,2020-01-02T04:00:00+11:00,-33.8725,151.213333,so2,ppm,0.0
7428,25544,Cook And Phillip-7428,2020-01-02T05:00:00+11:00,-33.8725,151.213333,so2,ppm,0.0
7428,25544,Cook And Phillip-7428,2020-01-02T06:00:00+11:00,-33.8725,151.213333,so2,ppm,0.0
7428,25544,Cook And Phillip-7428,2020-01-02T07:00:00+11:00,-33.8725,151.213333,so2,ppm,0.0
7428,25544,Cook And Phillip-7428,2020-01-02T08:00:00+11:00,-33.8725,151.213333,so2,ppm,0.0
7428,25544,Cook And Phillip-7428,2020-01-02T09:00:00+11:00,-33.8725,151.213333,so2,ppm,0.0
7428,25544,Cook And Phillip-7428,2020-01-02T10:00:00+11:00,-33.8725,151.213333,so2,ppm,0.0
7428,25544,Cook And Phillip-7428,2020-01-02T11:00:00+11:00,-33.8725,151.213333,so2,ppm,0.0
7428,25544,Cook And Phillip-7428,2020-01-02T12:00:00+11:00,-33.8725,151.213333,so2,ppm,0.0
7428,25544,Cook And Phillip-7428,2020-01-02T13:00:00+11:00,-33.8725,151.213333,so2,ppm,0.0
7428,25544,Cook And Phillip-7428,2020-01-02T14:00:00+11:00,-33.8725,151.213333,so2,ppm,0.0
7428,25544,Cook And Phillip-7428,2020-01-02T15:00:00+11:00,-33.8725,151.213333,so2,ppm,0.0
7428,25544,Cook And Phillip-7428,2020-01-02T16:00:00+11:00,-33.8725,151.213333,so2,ppm,0.0
7428,25544,Cook And Phillip-7428,2020-01-02T17:00:00+11:00,-33.8725,151.213333,so2,ppm,0.0
7428,25544,Cook And Phillip-7428,2020-01-02T18:00:00+11:00,-33.8725,151.213333,so2,ppm,0.0
7428,25544,Cook And Phillip-7428,2020-01-02T19:00:00+11:00,-33.8725,151.213333,so2,ppm,0.0
7428,25544,Cook And Phillip-7428,2020-01-02T20:00:00+11:00,-33.8725,151.213333,so2,ppm,0.0
7428,25544,Cook And Phillip-7428,2020-01-02T21:00:00+11:00,-33.8725,151.213333,so2,ppm,0.0
7428,25544,Cook And Phillip-7428,2020-01-02T22:00:00+11:00,-33.8725,151.213333,so2,ppm,0.0
7428,25544,Cook And Phillip-7428,2020-01-02T23:00:00+11:00,-33.8725,151.213333,so2,ppm,0.0
7428,25545,Cook And Phillip-7428,2020-01-02T01:00:00+11:00,-33.8725,151.213333,o3,ppm,0.018
7428,25545,Cook And Phillip-7428,2020-01-02T02:00:00+11:00,-33.8725,151.213333,o3,ppm,0.018
7428,25545,Cook And Phillip-7428,2020-01-02T03:00:00+11:00,-33.8725,151.213333,o3,ppm,0.016
7428,25545,Cook And Phillip-7428,2020-01-02T04:00:00+11:00,-33.8725,151.213333,o3,ppm,0.015
7428,25545,Cook And Phillip-7428,2020-01-02T05:00:00+11:00,-33.8725,151.213333,o3,ppm,0.01
7428,25545,Cook And Phillip-7428,2020-01-02T06:00:00+11:00,-33.8725,151.213333,o3,ppm,0.015
7428,25545,Cook And Phillip-7428,2020-01-02T07:00:00+11:00,-33.8725,151.213333,o3,ppm,0.015
7428,25545,Cook And Phillip-7428,2020-01-02T08:00:00+11:00,-33.8725,151.213333,o3,ppm,0.015
7428,25545,Cook And Phillip-7428,2020-01-02T09:00:00+11:00,-33.8725,151.213333,o3,ppm,0.015
7428,25545,Cook And Phillip-7428,2020-01-02T10:00:00+11:00,-33.8725,151.213333,o3,ppm,0.016
7428,25545,Cook And Phillip-7428,2020-01-02T11:00:00+11:00,-33.8725,151.213333,o3,ppm,0.018
7428,25545,Cook And Phillip-7428,2020-01-02T12:00:00+11:00,-33.8725,151.213333,o3,ppm,0.015
7428,25545,Cook And Phillip-7428,2020-01-02T13:00:00+11:00,-33.8725,151.213333,o3,ppm,0.016
7428,25545,Cook And Phillip-7428,2020-01-02T14:00:00+11:00,-33.8725,151.213333,o3,ppm,0.016
7428,25545,Cook And Phillip-7428,2020-01-02T15:00:00+11:00,-33.8725,151.213333,o3,ppm,0.016
7428,25545,Cook And Phillip-7428,2020-01-02T16:00:00+11:00,-33.8725,151.213333,o3,ppm,0.017
7428,25545,Cook And Phillip-7428,2020-01-02T17:00:00+11:00,-33.8725,151.213333,o3,ppm,0.019
7428,25545,Cook And Phillip-7428,2020-01-02T18:00:00+11:00,-33.8725,151.213333,o3,ppm,0.016
7428,25545,Cook And Phillip-7428,2020-01-02T19:00:00+11:00,-33.8725,151.213333,o3,ppm,0.016
7428,25545,Cook And Phillip-7428,2020-01-02T20:00:00+11:00,-33.8725,151.213333,o3,ppm,0.017
7428,25545,Cook And Phillip-7428,2020-01-02T21:00:00+11:00,-33.8725,151.213333,o3,ppm,0.017
7428,25545,Cook And Phillip-7428,2020-01-02T22:00:00+11:00,-33.8725,151.213333,o3,ppm,0.02
7428,25545,Cook And Phillip-7428,2020-01-02T23:00:00+11:00,-33.8725,151.213333,o3,ppm,0.019
7428,21615,Cook And Phillip-7428,2020-01-03T01:00:00+11:00,-33.8725,151.213333,pm10,µg/m³,34.4
7428,21615,Cook And Phillip-7428,2020-01-03T02:00:00+11:00,-33.8725,151.213333,pm10,µg/m³,33.5
7428,21615,Cook And Phillip-7428,2020-01-03T03:00:00+11:00,-33.8725,151.213333,pm10,µg/m³,33.1
7428,21615,Cook And Phillip-7428,2020-01-03T04:00:00+11:00,-33.8725,151.213333,pm10,µg/m³,33.4
7428,21615,Cook And Phillip-7428,2020-01-03T05:00:00+11:00,-33.8725,151.213333,pm10,µg/m³,30.8
7428,21615,Cook And Phillip-7428,2020-01-03T06:00:00+11:00,-33.8725,151.213333,pm10,µg/m³,29.0
7428,21615,Cook And Phillip-7428,2020-01-03T07:00:00+11:00,-33.8725,151.213333,pm10,µg/m³,28.4
7428,21615,Cook And Phillip-7428,2020-01-03T08:00:00+11:00,-33.8725,151.213333,pm10,µg/m³,30.5
7428,21615,Cook And Phillip-7428,2020-01-03T09:00:00+11:00,-33.8725,151.213333,pm10,µg/m³,31.5
7428,21615,Cook And Phillip-7428,2020-01-03T10:00:00+11:00,-33.8725,151.213333,pm10,µg/m³,32.0
7428,21615,Cook And Phillip-7428,2020-01-03T11:00:00+11:00,-33.8725,151.213333,pm10,µg/m³,31.9
7428,21615,Cook And Phillip-7428,2020-01-03T12:00:00+11:00,-33.8725,151.213333,pm10,µg/m³,33.6
7428,21615,Cook And Phillip-7428,2020-01-03T13:00:00+11:00,-33.8725,151.213333,pm10,µg/m³,34.5
7428,21615,Cook And Phillip-7428,2020-01-03T14:00:00+11:00,-33.8725,151.213333,pm10,µg/m³,35.6
7428,21615,Cook And Phillip-7428,2020-01-03T15:00:00+11:00,-33.8725,151.213333,pm10,µg/m³,35.9
7428,21615,Cook And Phillip-7428,2020-01-03T16:00:00+11:00,-33.8725,151.213333,pm10,µg/m³,36.7
7428,21615,Cook And Phillip-7428,2020-01-03T17:00:00+11:00,-33.8725,151.213333,pm10,µg/m³,36.0
7428,21615,Cook And Phillip-7428,2020-01-03T18:00:00+11:00,-33.8725,151.213333,pm10,µg/m³,36.5
7428,21615,Cook And Phillip-7428,2020-01-03T19:00:00+11:00,-33.8725,151.213333,pm10,µg/m³,36.4
7428,21615,Cook And Phillip-7428,2020-01-03T20:00:00+11:00,-33.8725,151.213333,pm10,µg/m³,36.7
7428,21615,Cook And Phillip-7428,2020-01-03T21:00:00+11:00,-33.8725,151.213333,pm10,µg/m³,39.6
7428,21615,Cook And Phillip-7428,2020-01-03T22:00:00+11:00,-33.8725,151.213333,pm10,µg/m³,40.3
7428,21614,Cook And Phillip-7428,2020-01-03T01:00:00+11:00,-33.8725,151.213333,pm25,µg/m³,20.4
7428,21614,Cook And Phillip-7428,2020-01-03T02:00:00+11:00,-33.8725,151.213333,pm25,µg/m³,19.6
7428,21614,Cook And Phillip-7428,2020-01-03T03:00:00+11:00,-33.8725,151.213333,pm25,µg/m³,19.4
7428,21614,Cook And Phillip-7428,2020-01-03T04:00:00+11:00,-33.8725,151.213333,pm25,µg/m³,19.3
7428,21614,Cook And Phillip-7428,2020-01-03T05:00:00+11:00,-33.8725,151.213333,pm25,µg/m³,16.9
7428,21614,Cook And Phillip-7428,2020-01-03T06:00:00+11:00,-33.8725,151.213333,pm25,µg/m³,14.9
7428,21614,Cook And Phillip-7428,2020-01-03T07:00:00+11:00,-33.8725,151.213333,pm25,µg/m³,14.3
7428,21614,Cook And Phillip-7428,2020-01-03T08:00:00+11:00,-33.8725,151.213333,pm25,µg/m³,15.5
7428,21614,Cook And Phillip-7428,2020-01-03T09:00:00+11:00,-33.8725,151.213333,pm25,µg/m³,15.6
7428,21614,Cook And Phillip-7428,2020-01-03T10:00:00+11:00,-33.8725,151.213333,pm25,µg/m³,15.8
7428,21614,Cook And Phillip-7428,2020-01-03T11:00:00+11:00,-33.8725,151.213333,pm25,µg/m³,15.7
7428,21614,Cook And Phillip-7428,2020-01-03T12:00:00+11:00,-33.8725,151.213333,pm25,µg/m³,16.6
7428,21614,Cook And Phillip-7428,2020-01-03T13:00:00+11:00,-33.8725,151.213333,pm25,µg/m³,17.1
7428,21614,Cook And Phillip-7428,2020-01-03T14:00:00+11:00,-33.8725,151.213333,pm25,µg/m³,18.2
7428,21614,Cook And Phillip-7428,2020-01-03T15:00:00+11:00,-33.8725,151.213333,pm25,µg/m³,18.6
7428,21614,Cook And Phillip-7428,2020-01-03T16:00:00+11:00,-33.8725,151.213333,pm25,µg/m³,19.3
7428,21614,Cook And Phillip-7428,2020-01-03T17:00:00+11:00,-33.8725,151.213333,pm25,µg/m³,19.0
7428,21614,Cook And Phillip-7428,2020-01-03T18:00:00+11:00,-33.8725,151.213333,pm25,µg/m³,19.4
7428,21614,Cook And Phillip-7428,2020-01-03T19:00:00+11:00,-33.8725,151.213333,pm25,µg/m³,19.7
7428,21614,Cook And Phillip-7428,2020-01-03T20:00:00+11:00,-33.8725,151.213333,pm25,µg/m³,20.0
7428,21614,Cook And Phillip-7428,2020-01-03T21:00:00+11:00,-33.8725,151.213333,pm25,µg/m³,20.9
7428,21614,Cook And Phillip-7428,2020-01-03T22:00:00+11:00,-33.8725,151.213333,pm25,µg/m³,21.3
7428,25546,Cook And Phillip-7428,2020-01-03T01:00:00+11:00,-33.8725,151.213333,no2,ppm,0.001
7428,25546,Cook And Phillip-7428,2020-01-03T03:00:00+11:00,-33.8725,151.213333,no2,ppm,0.002
7428,25546,Cook And Phillip-7428,2020-01-03T04:00:00+11:00,-33.8725,151.213333,no2,ppm,0.003
7428,25546,Cook And Phillip-7428,2020-01-03T05:00:00+11:00,-33.8725,151.213333,no2,ppm,0.007
7428,25546,Cook And Phillip-7428,2020-01-03T06:00:00+11:00,-33.8725,151.213333,no2,ppm,0.006
7428,25546,Cook And Phillip-7428,2020-01-03T07:00:00+11:00,-33.8725,151.213333,no2,ppm,0.011
7428,25546,Cook And Phillip-7428,2020-01-03T08:00:00+11:00,-33.8725,151.213333,no2,ppm,0.016
7428,25546,Cook And Phillip-7428,2020-01-03T09:00:00+11:00,-33.8725,151.213333,no2,ppm,0.016
7428,25546,Cook And Phillip-7428,2020-01-03T10:00:00+11:00,-33.8725,151.213333,no2,ppm,0.012
7428,25546,Cook And Phillip-7428,2020-01-03T11:00:00+11:00,-33.8725,151.213333,no2,ppm,0.009
7428,25546,Cook And Phillip-7428,2020-01-03T12:00:00+11:00,-33.8725,151.213333,no2,ppm,0.008
7428,25546,Cook And Phillip-7428,2020-01-03T13:00:00+11:00,-33.8725,151.213333,no2,ppm,0.006
7428,25546,Cook And Phillip-7428,2020-01-03T14:00:00+11:00,-33.8725,151.213333,no2,ppm,0.007
7428,25546,Cook And Phillip-7428,2020-01-03T15:00:00+11:00,-33.8725,151.213333,no2,ppm,0.007
7428,25546,Cook And Phillip-7428,2020-01-03T16:00:00+11:00,-33.8725,151.213333,no2,ppm,0.009
7428,25546,Cook And Phillip-7428,2020-01-03T17:00:00+11:00,-33.8725,151.213333,no2,ppm,0.011
7428,25546,Cook And Phillip-7428,2020-01-03T18:00:00+11:00,-33.8725,151.213333,no2,ppm,0.011
7428,25546,Cook And Phillip-7428,2020-01-03T19:00:00+11:00,-33.8725,151.213333,no2,ppm,0.012
7428,25546,Cook And Phillip-7428,2020-01-03T20:00:00+11:00,-33.8725,151.213333,no2,ppm,0.008
7428,25546,Cook And Phillip-7428,2020-01-03T21:00:00+11:00,-33.8725,151.213333,no2,ppm,0.006
7428,25546,Cook And Phillip-7428,2020-01-03T22:00:00+11:00,-33.8725,151.213333,no2,ppm,0.011
7428,28686,Cook And Phillip-7428,2020-01-03T01:00:00+11:00,-33.8725,151.213333,co,ppm,0.1
7428,28686,Cook And Phillip-7428,2020-01-03T02:00:00+11:00,-33.8725,151.213333,co,ppm,0.1
7428,28686,Cook And Phillip-7428,2020-01-03T03:00:00+11:00,-33.8725,151.213333,co,ppm,0.1
7428,28686,Cook And Phillip-7428,2020-01-03T04:00:00+11:00,-33.8725,151.213333,co,ppm,0.2
7428,28686,Cook And Phillip-7428,2020-01-03T05:00:00+11:00,-33.8725,151.213333,co,ppm,0.2
7428,28686,Cook And Phillip-7428,2020-01-03T06:00:00+11:00,-33.8725,151.213333,co,ppm,0.2
7428,28686,Cook And Phillip-7428,2020-01-03T07:00:00+11:00,-33.8725,151.213333,co,ppm,0.2
7428,28686,Cook And Phillip-7428,2020-01-03T08:00:00+11:00,-33.8725,151.213333,co,ppm,0.2
7428,28686,Cook And Phillip-7428,2020-01-03T09:00:00+11:00,-33.8725,151.213333,co,ppm,0.2
7428,28686,Cook And Phillip-7428,2020-01-03T10:00:00+11:00,-33.8725,151.213333,co,ppm,0.2
7428,28686,Cook And Phillip-7428,2020-01-03T11:00:00+11:00,-33.8725,151.213333,co,ppm,0.2
7428,28686,Cook And Phillip-7428,2020-01-03T12:00:00+11:00,-33.8725,151.213333,co,ppm,0.2
7428,28686,Cook And Phillip-7428,2020-01-03T13:00:00+11:00,-33.8725,151.213333,co,ppm,0.2
7428,28686,Cook And Phillip-7428,2020-01-03T14:00:00+11:00,-33.8725,151.213333,co,ppm,0.2
7428,28686,Cook And Phillip-7428,2020-01-03T15:00:00+11:00,-33.8725,151.213333,co,ppm,0.2
7428,28686,Cook And Phillip-7428,2020-01-03T16:00:00+11:00,-33.8725,151.213333,co,ppm,0.2
7428,28686,Cook And Phillip-7428,2020-01-03T17:00:00+11:00,-33.8725,151.213333,co,ppm,0.2
7428,28686,Cook And Phillip-7428,2020-01-03T18:00:00+11:00,-33.8725,151.213333,co,ppm,0.2
7428,28686,Cook And Phillip-7428,2020-01-03T19:00:00+11:00,-33.8725,151.213333,co,ppm,0.2
7428,28686,Cook And Phillip-7428,2020-01-03T20:00:00+11:00,-33.8725,151.213333,co,ppm,0.2
7428,28686,Cook And Phillip-7428,2020-01-03T21:00:00+11:00,-33.8725,151.213333,co,ppm,0.2
7428,28686,Cook And Phillip-7428,2020-01-03T22:00:00+11:00,-33.8725,151.213333,co,ppm,0.2
7428,25544,Cook And Phillip-7428,2020-01-03T01:00:00+11:00,-33.8725,151.213333,so2,ppm,0.0
7428,25544,Cook And Phillip-7428,2020-01-03T03:00:00+11:00,-33.8725,151.213333,so2,ppm,0.0
7428,25544,Cook And Phillip-7428,2020-01-03T04:00:00+11:00,-33.8725,151.213333,so2,ppm,0.0
7428,25544,Cook And Phillip-7428,2020-01-03T05:00:00+11:00,-33.8725,151.213333,so2,ppm,0.0
7428,25544,Cook And Phillip-7428,2020-01-03T06:00:00+11:00,-33.8725,151.213333,so2,ppm,0.0
7428,25544,Cook And Phillip-7428,2020-01-03T07:00:00+11:00,-33.8725,151.213333,so2,ppm,0.0
7428,25544,Cook And Phillip-7428,2020-01-03T08:00:00+11:00,-33.8725,151.213333,so2,ppm,0.0
7428,25544,Cook And Phillip-7428,2020-01-03T09:00:00+11:00,-33.8725,151.213333,so2,ppm,0.0
7428,25544,Cook And Phillip-7428,2020-01-03T10:00:00+11:00,-33.8725,151.213333,so2,ppm,0.0
7428,25544,Cook And Phillip-7428,2020-01-03T11:00:00+11:00,-33.8725,151.213333,so2,ppm,0.0
7428,25544,Cook And Phillip-7428,2020-01-03T12:00:00+11:00,-33.8725,151.213333,so2,ppm,0.0
7428,25544,Cook And Phillip-7428,2020-01-03T13:00:00+11:00,-33.8725,151.213333,so2,ppm,0.0
7428,25544,Cook And Phillip-7428,2020-01-03T14:00:00+11:00,-33.8725,151.213333,so2,ppm,0.0
7428,25544,Cook And Phillip-7428,2020-01-03T15:00:00+11:00,-33.8725,151.213333,so2,ppm,0.0
7428,25544,Cook And Phillip-7428,2020-01-03T16:00:00+11:00,-33.8725,151.213333,so2,ppm,0.0
7428,25544,Cook And Phillip-7428,2020-01-03T17:00:00+11:00,-33.8725,151.213333,so2,ppm,0.0
7428,25544,Cook And Phillip-7428,2020-01-03T18:00:00+11:00,-33.8725,151.213333,so2,ppm,0.0
7428,25544,Cook And Phillip-7428,2020-01-03T19:00:00+11:00,-33.8725,151.213333,so2,ppm,0.0
7428,25544,Cook And Phillip-7428,2020-01-03T20:00:00+11:00,-33.8725,151.213333,so2,ppm,0.0
7428,25544,Cook And Phillip-7428,2020-01-03T21:00:00+11:00,-33.8725,151.213333,so2,ppm,0.0
7428,25544,Cook And Phillip-7428,2020-01-03T22:00:00+11:00,-33.8725,151.213333,so2,ppm,0.0
7428,25545,Cook And Phillip-7428,2020-01-03T01:00:00+11:00,-33.8725,151.213333,o3,ppm,0.021
7428,25545,Cook And Phillip-7428,2020-01-03T02:00:00+11:00,-33.8725,151.213333,o3,ppm,0.02
7428,25545,Cook And Phillip-7428,2020-01-03T03:00:00+11:00,-33.8725,151.213333,o3,ppm,0.019
7428,25545,Cook And Phillip-7428,2020-01-03T04:00:00+11:00,-33.8725,151.213333,o3,ppm,0.019
7428,25545,Cook And Phillip-7428,2020-01-03T05:00:00+11:00,-33.8725,151.213333,o3,ppm,0.015
7428,25545,Cook And Phillip-7428,2020-01-03T06:00:00+11:00,-33.8725,151.213333,o3,ppm,0.015
7428,25545,Cook And Phillip-7428,2020-01-03T07:00:00+11:00,-33.8725,151.213333,o3,ppm,0.01
7428,25545,Cook And Phillip-7428,2020-01-03T08:00:00+11:00,-33.8725,151.213333,o3,ppm,0.008
7428,25545,Cook And Phillip-7428,2020-01-03T09:00:00+11:00,-33.8725,151.213333,o3,ppm,0.011
7428,25545,Cook And Phillip-7428,2020-01-03T10:00:00+11:00,-33.8725,151.213333,o3,ppm,0.017
7428,25545,Cook And Phillip-7428,2020-01-03T11:00:00+11:00,-33.8725,151.213333,o3,ppm,0.022
7428,25545,Cook And Phillip-7428,2020-01-03T12:00:00+11:00,-33.8725,151.213333,o3,ppm,0.028
7428,25545,Cook And Phillip-7428,2020-01-03T13:00:00+11:00,-33.8725,151.213333,o3,ppm,0.025
7428,25545,Cook And Phillip-7428,2020-01-03T14:00:00+11:00,-33.8725,151.213333,o3,ppm,0.017
7428,25545,Cook And Phillip-7428,2020-01-03T15:00:00+11:00,-33.8725,151.213333,o3,ppm,0.015
7428,25545,Cook And Phillip-7428,2020-01-03T16:00:00+11:00,-33.8725,151.213333,o3,ppm,0.015
7428,25545,Cook And Phillip-7428,2020-01-03T17:00:00+11:00,-33.8725,151.213333,o3,ppm,0.011
7428,25545,Cook And Phillip-7428,2020-01-03T18:00:00+11:00,-33.8725,151.213333,o3,ppm,0.008
7428,25545,Cook And Phillip-7428,2020-01-03T19:00:00+11:00,-33.8725,151.213333,o3,ppm,0.008
7428,25545,Cook And Phillip-7428,2020-01-03T20:00:00+11:00,-33.8725,151.213333,o3,ppm,0.009
7428,25545,Cook And Phillip-7428,2020-01-03T21:00:00+11:00,-33.8725,151.213333,o3,ppm,0.011
7428,25545,Cook And Phillip-7428,2020-01-03T22:00:00+11:00,-33.8725,151.213333,o3,ppm,0.008
7428,25546,Cook And Phillip-7428,2020-01-06T08:00:00+11:00,-33.8725,151.213333,no2,ppm,0.006
7428,25546,Cook And Phillip-7428,2020-01-06T09:00:00+11:00,-33.8725,151.213333,no2,ppm,0.006
7428,25546,Cook And Phillip-7428,2020-01-06T10:00:00+11:00,-33.8725,151.213333,no2,ppm,0.003
7428,25546,Cook And Phillip-7428,2020-01-06T11:00:00+11:00,-33.8725,151.213333,no2,ppm,0.004
7428,25546,Cook And Phillip-7428,2020-01-06T12:00:00+11:00,-33.8725,151.213333,no2,ppm,0.002
7428,25546,Cook And Phillip-7428,2020-01-06T13:00:00+11:00,-33.8725,151.213333,no2,ppm,0.003
7428,25546,Cook And Phillip-7428,2020-01-06T14:00:00+11:00,-33.8725,151.213333,no2,ppm,0.002
7428,25546,Cook And Phillip-7428,2020-01-06T15:00:00+11:00,-33.8725,151.213333,no2,ppm,0.004
7428,25546,Cook And Phillip-7428,2020-01-06T16:00:00+11:00,-33.8725,151.213333,no2,ppm,0.006
7428,25546,Cook And Phillip-7428,2020-01-06T17:00:00+11:00,-33.8725,151.213333,no2,ppm,0.004
7428,25546,Cook And Phillip-7428,2020-01-06T18:00:00+11:00,-33.8725,151.213333,no2,ppm,0.004
7428,25546,Cook And Phillip-7428,2020-01-06T19:00:00+11:00,-33.8725,151.213333,no2,ppm,0.004
7428,25546,Cook And Phillip-7428,2020-01-06T20:00:00+11:00,-33.8725,151.213333,no2,ppm,0.003
7428,25546,Cook And Phillip-7428,2020-01-06T21:00:00+11:00,-33.8725,151.213333,no2,ppm,0.003
7428,25546,Cook And Phillip-7428,2020-01-06T22:00:00+11:00,-33.8725,151.213333,no2,ppm,0.002
7428,25546,Cook And Phillip-7428,2020-01-06T23:00:00+11:00,-33.8725,151.213333,no2,ppm,0.001
7428,28686,Cook And Phillip-7428,2020-01-06T12:00:00+11:00,-33.8725,151.213333,co,ppm,0.2
7428,28686,Cook And Phillip-7428,2020-01-06T13:00:00+11:00,-33.8725,151.213333,co,ppm,0.2
7428,28686,Cook And Phillip-7428,2020-01-06T14:00:00+11:00,-33.8725,151.213333,co,ppm,0.2
7428,28686,Cook And Phillip-7428,2020-01-06T15:00:00+11:00,-33.8725,151.213333,co,ppm,0.2
7428,28686,Cook And Phillip-7428,2020-01-06T16:00:00+11:00,-33.8725,151.213333,co,ppm,0.2
7428,28686,Cook And Phillip-7428,2020-01-06T17:00:00+11:00,-33.8725,151.213333,co,ppm,0.3
7428,28686,Cook And Phillip-7428,2020-01-06T18:00:00+11:00,-33.8725,151.213333,co,ppm,0.3
7428,28686,Cook And Phillip-7428,2020-01-06T19:00:00+11:00,-33.8725,151.213333,co,ppm,0.2
7428,28686,Cook And Phillip-7428,2020-01-06T20:00:00+11:00,-33.8725,151.213333,co,ppm,0.2
7428,28686,Cook And Phillip-7428,2020-01-06T21:00:00+11:00,-33.8725,151.213333,co,ppm,0.2
7428,28686,Cook And Phillip-7428,2020-01-06T22:00:00+11:00,-33.8725,151.213333,co,ppm,0.2
7428,28686,Cook And Phillip-7428,2020-01-06T23:00:00+11:00,-33.8725,151.213333,co,ppm,0.2
7428,25544,Cook And Phillip-7428,2020-01-06T08:00:00+11:00,-33.8725,151.213333,so2,ppm,0.0
7428,25544,Cook And Phillip-7428,2020-01-06T09:00:00+11:00,-33.8725,151.213333,so2,ppm,0.0
7428,25544,Cook And Phillip-7428,2020-01-06T10:00:00+11:00,-33.8725,151.213333,so2,ppm,0.0
7428,25544,Cook And Phillip-7428,2020-01-06T11:00:00+11:00,-33.8725,151.213333,so2,ppm,0.0
7428,25544,Cook And Phillip-7428,2020-01-06T12:00:00+11:00,-33.8725,151.213333,so2,ppm,0.0
7428,25544,Cook And Phillip-7428,2020-01-06T13:00:00+11:00,-33.8725,151.213333,so2,ppm,0.0
7428,25544,Cook And Phillip-7428,2020-01-06T14:00:00+11:00,-33.8725,151.213333,so2,ppm,0.0
7428,25544,Cook And Phillip-7428,2020-01-06T15:00:00+11:00,-33.8725,151.213333,so2,ppm,0.0
7428,25544,Cook And Phillip-7428,2020-01-06T16:00:00+11:00,-33.8725,151.213333,so2,ppm,0.0
7428,25544,Cook And Phillip-7428,2020-01-06T17:00:00+11:00,-33.8725,151.213333,so2,ppm,0.0
7428,25544,Cook And Phillip-7428,2020-01-06T18:00:00+11:00,-33.8725,151.213333,so2,ppm,0.0
7428,25544,Cook And Phillip-7428,2020-01-06T19:00:00+11:00,-33.8725,151.213333,so2,ppm,0.0
7428,25544,Cook And Phillip-7428,2020-01-06T20:00:00+11:00,-33.8725,151.213333,so2,ppm,0.0
7428,25544,Cook And Phillip-7428,2020-01-06T21:00:00+11:00,-33.8725,151.213333,so2,ppm,0.0
7428,25544,Cook And Phillip-7428,2020-01-06T22:00:00+11:00,-33.8725,151.213333,so2,ppm,0.0
7428,25544,Cook And Phillip-7428,2020-01-06T23:00:00+11:00,-33.8725,151.213333,so2,ppm,0.0
7428,25545,Cook And Phillip-7428,2020-01-06T08:00:00+11:00,-33.8725,151.213333,o3,ppm,0.013
7428,25545,Cook And Phillip-7428,2020-01-06T09:00:00+11:00,-33.8725,151.213333,o3,ppm,0.014
7428,25545,Cook And Phillip-7428,2020-01-06T10:00:00+11:00,-33.8725,151.213333,o3,ppm,0.016
7428,25545,Cook And Phillip-7428,2020-01-06T11:00:00+11:00,-33.8725,151.213333,o3,ppm,0.015
7428,25545,Cook And Phillip-7428,2020-01-06T12:00:00+11:00,-33.8725,151.213333,o3,ppm,0.016
7428,25545,Cook And Phillip-7428,2020-01-06T13:00:00+11:00,-33.8725,151.213333,o3,ppm,0.019
7428,25545,Cook And Phillip-7428,2020-01-06T14:00:00+11:00,-33.8725,151.213333,o3,ppm,0.019
7428,25545,Cook And Phillip-7428,2020-01-06T15:00:00+11:00,-33.8725,151.213333,o3,ppm,0.015
7428,25545,Cook And Phillip-7428,2020-01-06T16:00:00+11:00,-33.8725,151.213333,o3,ppm,0.015
7428,25545,Cook And Phillip-7428,2020-01-06T17:00:00+11:00,-33.8725,151.213333,o3,ppm,0.016
7428,25545,Cook And Phillip-7428,2020-01-06T18:00:00+11:00,-33.8725,151.213333,o3,ppm,0.013
7428,25545,Cook And Phillip-7428,2020-01-06T19:00:00+11:00,-33.8725,151.213333,o3,ppm,0.011
7428,25545,Cook And Phillip-7428,2020-01-06T20:00:00+11:00,-33.8725,151.213333,o3,ppm,0.012
7428,25545,Cook And Phillip-7428,2020-01-06T21:00:00+11:00,-33.8725,151.213333,o3,ppm,0.01
7428,25545,Cook And Phillip-7428,2020-01-06T22:00:00+11:00,-33.8725,151.213333,o3,ppm,0.012
7428,25545,Cook And Phillip-7428,2020-01-06T23:00:00+11:00,-33.8725,151.213333,o3,ppm,0.012
7428,21615,Cook And Phillip-7428,2020-01-07T04:00:00+11:00,-33.8725,151.213333,pm10,µg/m³,33.7
7428,21615,Cook And Phillip-7428,2020-01-07T05:00:00+11:00,-33.8725,151.213333,pm10,µg/m³,32.0
7428,21615,Cook And Phillip-7428,2020-01-07T06:00:00+11:00,-33.8725,151.213333,pm10,µg/m³,31.3
7428,21615,Cook And Phillip-7428,2020-01-07T07:00:00+11:00,-33.8725,151.213333,pm10,µg/m³,30.0
7428,21615,Cook And Phillip-7428,2020-01-07T08:00:00+11:00,-33.8725,151.213333,pm10,µg/m³,30.3
7428,21615,Cook And Phillip-7428,2020-01-07T09:00:00+11:00,-33.8725,151.213333,pm10,µg/m³,28.7
7428,21615,Cook And Phillip-7428,2020-01-07T10:00:00+11:00,-33.8725,151.213333,pm10,µg/m³,30.9
7428,21615,Cook And Phillip-7428,2020-01-07T11:00:00+11:00,-33.8725,151.213333,pm10,µg/m³,31.0
7428,21615,Cook And Phillip-7428,2020-01-07T12:00:00+11:00,-33.8725,151.213333,pm10,µg/m³,27.8
7428,21615,Cook And Phillip-7428,2020-01-07T13:00:00+11:00,-33.8725,151.213333,pm10,µg/m³,26.2
7428,21615,Cook And Phillip-7428,2020-01-07T14:00:00+11:00,-33.8725,151.213333,pm10,µg/m³,26.1
7428,21615,Cook And Phillip-7428,2020-01-07T15:00:00+11:00,-33.8725,151.213333,pm10,µg/m³,26.2
7428,21615,Cook And Phillip-7428,2020-01-07T16:00:00+11:00,-33.8725,151.213333,pm10,µg/m³,26.0
7428,21615,Cook And Phillip-7428,2020-01-07T17:00:00+11:00,-33.8725,151.213333,pm10,µg/m³,26.2
7428,21615,Cook And Phillip-7428,2020-01-07T18:00:00+11:00,-33.8725,151.213333,pm10,µg/m³,27.1
7428,21615,Cook And Phillip-7428,2020-01-07T19:00:00+11:00,-33.8725,151.213333,pm10,µg/m³,28.5
7428,21615,Cook And Phillip-7428,2020-01-07T20:00:00+11:00,-33.8725,151.213333,pm10,µg/m³,27.5
7428,21615,Cook And Phillip-7428,2020-01-07T21:00:00+11:00,-33.8725,151.213333,pm10,µg/m³,27.3
7428,21615,Cook And Phillip-7428,2020-01-07T22:00:00+11:00,-33.8725,151.213333,pm10,µg/m³,27.6
7428,21615,Cook And Phillip-7428,2020-01-07T23:00:00+11:00,-33.8725,151.213333,pm10,µg/m³,26.6
7428,21614,Cook And Phillip-7428,2020-01-07T03:00:00+11:00,-33.8725,151.213333,pm25,µg/m³,12.8
7428,21614,Cook And Phillip-7428,2020-01-07T04:00:00+11:00,-33.8725,151.213333,pm25,µg/m³,13.5
7428,21614,Cook And Phillip-7428,2020-01-07T05:00:00+11:00,-33.8725,151.213333,pm25,µg/m³,12.8
7428,21614,Cook And Phillip-7428,2020-01-07T06:00:00+11:00,-33.8725,151.213333,pm25,µg/m³,12.8
7428,21614,Cook And Phillip-7428,2020-01-07T07:00:00+11:00,-33.8725,151.213333,pm25,µg/m³,12.2
7428,21614,Cook And Phillip-7428,2020-01-07T08:00:00+11:00,-33.8725,151.213333,pm25,µg/m³,12.9
7428,21614,Cook And Phillip-7428,2020-01-07T09:00:00+11:00,-33.8725,151.213333,pm25,µg/m³,12.4
7428,21614,Cook And Phillip-7428,2020-01-07T10:00:00+11:00,-33.8725,151.213333,pm25,µg/m³,14.4
7428,21614,Cook And Phillip-7428,2020-01-07T11:00:00+11:00,-33.8725,151.213333,pm25,µg/m³,15.0
7428,21614,Cook And Phillip-7428,2020-01-07T12:00:00+11:00,-33.8725,151.213333,pm25,µg/m³,13.6
7428,21614,Cook And Phillip-7428,2020-01-07T13:00:00+11:00,-33.8725,151.213333,pm25,µg/m³,13.1
7428,21614,Cook And Phillip-7428,2020-01-07T14:00:00+11:00,-33.8725,151.213333,pm25,µg/m³,13.5
7428,21614,Cook And Phillip-7428,2020-01-07T15:00:00+11:00,-33.8725,151.213333,pm25,µg/m³,14.1
7428,21614,Cook And Phillip-7428,2020-01-07T16:00:00+11:00,-33.8725,151.213333,pm25,µg/m³,14.4
7428,21614,Cook And Phillip-7428,2020-01-07T17:00:00+11:00,-33.8725,151.213333,pm25,µg/m³,14.5
7428,21614,Cook And Phillip-7428,2020-01-07T18:00:00+11:00,-33.8725,151.213333,pm25,µg/m³,14.9
7428,21614,Cook And Phillip-7428,2020-01-07T19:00:00+11:00,-33.8725,151.213333,pm25,µg/m³,16.0
7428,21614,Cook And Phillip-7428,2020-01-07T20:00:00+11:00,-33.8725,151.213333,pm25,µg/m³,15.1
7428,21614,Cook And Phillip-7428,2020-01-07T21:00:00+11:00,-33.8725,151.213333,pm25,µg/m³,14.7
7428,21614,Cook And Phillip-7428,2020-01-07T22:00:00+11:00,-33.8725,151.213333,pm25,µg/m³,14.6
7428,21614,Cook And Phillip-7428,2020-01-07T23:00:00+11:00,-33.8725,151.213333,pm25,µg/m³,14.9
7428,25546,Cook And Phillip-7428,2020-01-07T01:00:00+11:00,-33.8725,151.213333,no2,ppm,0.003
7428,25546,Cook And Phillip-7428,2020-01-07T04:00:00+11:00,-33.8725,151.213333,no2,ppm,0.009
7428,25546,Cook And Phillip-7428,2020-01-07T05:00:00+11:00,-33.8725,151.213333,no2,ppm,0.009
7428,25546,Cook And Phillip-7428,2020-01-07T06:00:00+11:00,-33.8725,151.213333,no2,ppm,0.011
7428,25546,Cook And Phillip-7428,2020-01-07T07:00:00+11:00,-33.8725,151.213333,no2,ppm,0.016
7428,25546,Cook And Phillip-7428,2020-01-07T08:00:00+11:00,-33.8725,151.213333,no2,ppm,0.016
7428,25546,Cook And Phillip-7428,2020-01-07T09:00:00+11:00,-33.8725,151.213333,no2,ppm,0.013
7428,25546,Cook And Phillip-7428,2020-01-07T10:00:00+11:00,-33.8725,151.213333,no2,ppm,0.01
7428,25546,Cook And Phillip-7428,2020-01-07T11:00:00+11:00,-33.8725,151.213333,no2,ppm,0.013
7428,25546,Cook And Phillip-7428,2020-01-07T12:00:00+11:00,-33.8725,151.213333,no2,ppm,0.013
7428,25546,Cook And Phillip-7428,2020-01-07T13:00:00+11:00,-33.8725,151.213333,no2,ppm,0.013
7428,25546,Cook And Phillip-7428,2020-01-07T14:00:00+11:00,-33.8725,151.213333,no2,ppm,0.013
7428,25546,Cook And Phillip-7428,2020-01-07T15:00:00+11:00,-33.8725,151.213333,no2,ppm,0.01
7428,25546,Cook And Phillip-7428,2020-01-07T16:00:00+11:00,-33.8725,151.213333,no2,ppm,0.01
7428,25546,Cook And Phillip-7428,2020-01-07T17:00:00+11:00,-33.8725,151.213333,no2,ppm,0.012
7428,25546,Cook And Phillip-7428,2020-01-07T18:00:00+11:00,-33.8725,151.213333,no2,ppm,0.012
7428,25546,Cook And Phillip-7428,2020-01-07T19:00:00+11:00,-33.8725,151.213333,no2,ppm,0.005
7428,25546,Cook And Phillip-7428,2020-01-07T20:00:00+11:00,-33.8725,151.213333,no2,ppm,0.004
7428,25546,Cook And Phillip-7428,2020-01-07T21:00:00+11:00,-33.8725,151.213333,no2,ppm,0.005
7428,25546,Cook And Phillip-7428,2020-01-07T22:00:00+11:00,-33.8725,151.213333,no2,ppm,0.003
7428,25546,Cook And Phillip-7428,2020-01-07T23:00:00+11:00,-33.8725,151.213333,no2,ppm,0.003
7428,28686,Cook And Phillip-7428,2020-01-07T01:00:00+11:00,-33.8725,151.213333,co,ppm,0.2
7428,28686,Cook And Phillip-7428,2020-01-07T02:00:00+11:00,-33.8725,151.213333,co,ppm,0.2
7428,28686,Cook And Phillip-7428,2020-01-07T03:00:00+11:00,-33.8725,151.213333,co,ppm,0.2
7428,28686,Cook And Phillip-7428,2020-01-07T04:00:00+11:00,-33.8725,151.213333,co,ppm,0.2
7428,28686,Cook And Phillip-7428,2020-01-07T05:00:00+11:00,-33.8725,151.213333,co,ppm,0.2
7428,28686,Cook And Phillip-7428,2020-01-07T06:00:00+11:00,-33.8725,151.213333,co,ppm,0.2
7428,28686,Cook And Phillip-7428,2020-01-07T07:00:00+11:00,-33.8725,151.213333,co,ppm,0.2
7428,28686,Cook And Phillip-7428,2020-01-07T08:00:00+11:00,-33.8725,151.213333,co,ppm,0.2
7428,28686,Cook And Phillip-7428,2020-01-07T09:00:00+11:00,-33.8725,151.213333,co,ppm,0.2
7428,28686,Cook And Phillip-7428,2020-01-07T10:00:00+11:00,-33.8725,151.213333,co,ppm,0.2
7428,28686,Cook And Phillip-7428,2020-01-07T11:00:00+11:00,-33.8725,151.213333,co,ppm,0.2
7428,28686,Cook And Phillip-7428,2020-01-07T12:00:00+11:00,-33.8725,151.213333,co,ppm,0.2
7428,28686,Cook And Phillip-7428,2020-01-07T13:00:00+11:00,-33.8725,151.213333,co,ppm,0.3
7428,28686,Cook And Phillip-7428,2020-01-07T14:00:00+11:00,-33.8725,151.213333,co,ppm,0.3
7428,28686,Cook And Phillip-7428,2020-01-07T15:00:00+11:00,-33.8725,151.213333,co,ppm,0.3
7428,28686,Cook And Phillip-7428,2020-01-07T16:00:00+11:00,-33.8725,151.213333,co,ppm,0.3
7428,28686,Cook And Phillip-7428,2020-01-07T17:00:00+11:00,-33.8725,151.213333,co,ppm,0.3
7428,28686,Cook And Phillip-7428,2020-01-07T18:00:00+11:00,-33.8725,151.213333,co,ppm,0.4
7428,28686,Cook And Phillip-7428,2020-01-07T19:00:00+11:00,-33.8725,151.213333,co,ppm,0.4
7428,28686,Cook And Phillip-7428,2020-01-07T20:00:00+11:00,-33.8725,151.213333,co,ppm,0.4
7428,28686,Cook And Phillip-7428,2020-01-07T21:00:00+11:00,-33.8725,151.213333,co,ppm,0.4
7428,28686,Cook And Phillip-7428,2020-01-07T22:00:00+11:00,-33.8725,151.213333,co,ppm,0.4
7428,28686,Cook And Phillip-7428,2020-01-07T23:00:00+11:00,-33.8725,151.213333,co,ppm,0.4
7428,25544,Cook And Phillip-7428,2020-01-07T01:00:00+11:00,-33.8725,151.213333,so2,ppm,0.0
7428,25544,Cook And Phillip-7428,2020-01-07T04:00:00+11:00,-33.8725,151.213333,so2,ppm,0.0
7428,25544,Cook And Phillip-7428,2020-01-07T05:00:00+11:00,-33.8725,151.213333,so2,ppm,0.0
7428,25544,Cook And Phillip-7428,2020-01-07T06:00:00+11:00,-33.8725,151.213333,so2,ppm,0.0
7428,25544,Cook And Phillip-7428,2020-01-07T07:00:00+11:00,-33.8725,151.213333,so2,ppm,0.0
7428,25544,Cook And Phillip-7428,2020-01-07T08:00:00+11:00,-33.8725,151.213333,so2,ppm,0.0
7428,25544,Cook And Phillip-7428,2020-01-07T09:00:00+11:00,-33.8725,151.213333,so2,ppm,0.0
7428,25544,Cook And Phillip-7428,2020-01-07T10:00:00+11:00,-33.8725,151.213333,so2,ppm,0.0
7428,25544,Cook And Phillip-7428,2020-01-07T11:00:00+11:00,-33.8725,151.213333,so2,ppm,0.0
7428,25544,Cook And Phillip-7428,2020-01-07T12:00:00+11:00,-33.8725,151.213333,so2,ppm,0.0
7428,25544,Cook And Phillip-7428,2020-01-07T13:00:00+11:00,-33.8725,151.213333,so2,ppm,0.001
7428,25544,Cook And Phillip-7428,2020-01-07T14:00:00+11:00,-33.8725,151.213333,so2,ppm,0.002
7428,25544,Cook And Phillip-7428,2020-01-07T15:00:00+11:00,-33.8725,151.213333,so2,ppm,0.001
7428,25544,Cook And Phillip-7428,2020-01-07T16:00:00+11:00,-33.8725,151.213333,so2,ppm,0.001
7428,25544,Cook And Phillip-7428,2020-01-07T17:00:00+11:00,-33.8725,151.213333,so2,ppm,0.0
7428,25544,Cook And Phillip-7428,2020-01-07T18:00:00+11:00,-33.8725,151.213333,so2,ppm,0.0
7428,25544,Cook And Phillip-7428,2020-01-07T19:00:00+11:00,-33.8725,151.213333,so2,ppm,0.0
7428,25544,Cook And Phillip-7428,2020-01-07T20:00:00+11:00,-33.8725,151.213333,so2,ppm,0.0
7428,25544,Cook And Phillip-7428,2020-01-07T21:00:00+11:00,-33.8725,151.213333,so2,ppm,0.0
7428,25544,Cook And Phillip-7428,2020-01-07T22:00:00+11:00,-33.8725,151.213333,so2,ppm,0.0
7428,25544,Cook And Phillip-7428,2020-01-07T23:00:00+11:00,-33.8725,151.213333,so2,ppm,0.0
7428,25545,Cook And Phillip-7428,2020-01-07T01:00:00+11:00,-33.8725,151.213333,o3,ppm,0.011
7428,25545,Cook And Phillip-7428,2020-01-07T02:00:00+11:00,-33.8725,151.213333,o3,ppm,0.012
7428,25545,Cook And Phillip-7428,2020-01-07T04:00:00+11:00,-33.8725,151.213333,o3,ppm,0.003
7428,25545,Cook And Phillip-7428,2020-01-07T05:00:00+11:00,-33.8725,151.213333,o3,ppm,0.004
7428,25545,Cook And Phillip-7428,2020-01-07T06:00:00+11:00,-33.8725,151.213333,o3,ppm,0.003
7428,25545,Cook And Phillip-7428,2020-01-07T07:00:00+11:00,-33.8725,151.213333,o3,ppm,-0.001
7428,25545,Cook And Phillip-7428,2020-01-07T08:00:00+11:00,-33.8725,151.213333,o3,ppm,0.0
7428,25545,Cook And Phillip-7428,2020-01-07T09:00:00+11:00,-33.8725,151.213333,o3,ppm,0.001
7428,25545,Cook And Phillip-7428,2020-01-07T10:00:00+11:00,-33.8725,151.213333,o3,ppm,0.004
7428,25545,Cook And Phillip-7428,2020-01-07T11:00:00+11:00,-33.8725,151.213333,o3,ppm,0.006
7428,25545,Cook And Phillip-7428,2020-01-07T12:00:00+11:00,-33.8725,151.213333,o3,ppm,0.01
7428,25545,Cook And Phillip-7428,2020-01-07T13:00:00+11:00,-33.8725,151.213333,o3,ppm,0.017
7428,25545,Cook And Phillip-7428,2020-01-07T14:00:00+11:00,-33.8725,151.213333,o3,ppm,0.016
7428,25545,Cook And Phillip-7428,2020-01-07T15:00:00+11:00,-33.8725,151.213333,o3,ppm,0.018
7428,25545,Cook And Phillip-7428,2020-01-07T16:00:00+11:00,-33.8725,151.213333,o3,ppm,0.019
7428,25545,Cook And Phillip-7428,2020-01-07T17:00:00+11:00,-33.8725,151.213333,o3,ppm,0.018
7428,25545,Cook And Phillip-7428,2020-01-07T18:00:00+11:00,-33.8725,151.213333,o3,ppm,0.016
7428,25545,Cook And Phillip-7428,2020-01-07T19:00:00+11:00,-33.8725,151.213333,o3,ppm,0.021
7428,25545,Cook And Phillip-7428,2020-01-07T20:00:00+11:00,-33.8725,151.213333,o3,ppm,0.023
7428,25545,Cook And Phillip-7428,2020-01-07T21:00:00+11:00,-33.8725,151.213333,o3,ppm,0.022
7428,25545,Cook And Phillip-7428,2020-01-07T22:00:00+11:00,-33.8725,151.213333,o3,ppm,0.022
7428,25545,Cook And Phillip-7428,2020-01-07T23:00:00+11:00,-33.8725,151.213333,o3,ppm,0.021
7428,21615,Cook And Phillip-7428,2020-01-08T01:00:00+11:00,-33.8725,151.213333,pm10,µg/m³,29.0
7428,21615,Cook And Phillip-7428,2020-01-08T02:00:00+11:00,-33.8725,151.213333,pm10,µg/m³,30.2
7428,21615,Cook And Phillip-7428,2020-01-08T03:00:00+11:00,-33.8725,151.213333,pm10,µg/m³,30.2
7428,21615,Cook And Phillip-7428,2020-01-08T04:00:00+11:00,-33.8725,151.213333,pm10,µg/m³,33.2
7428,21615,Cook And Phillip-7428,2020-01-08T05:00:00+11:00,-33.8725,151.213333,pm10,µg/m³,38.2
7428,21615,Cook And Phillip-7428,2020-01-08T06:00:00+11:00,-33.8725,151.213333,pm10,µg/m³,43.8
7428,21615,Cook And Phillip-7428,2020-01-08T07:00:00+11:00,-33.8725,151.213333,pm10,µg/m³,51.2
7428,21615,Cook And Phillip-7428,2020-01-08T08:00:00+11:00,-33.8725,151.213333,pm10,µg/m³,60.4
7428,21615,Cook And Phillip-7428,2020-01-08T09:00:00+11:00,-33.8725,151.213333,pm10,µg/m³,69.2
7428,21615,Cook And Phillip-7428,2020-01-08T10:00:00+11:00,-33.8725,151.213333,pm10,µg/m³,77.4
7428,21615,Cook And Phillip-7428,2020-01-08T11:00:00+11:00,-33.8725,151.213333,pm10,µg/m³,85.1
7428,21615,Cook And Phillip-7428,2020-01-08T12:00:00+11:00,-33.8725,151.213333,pm10,µg/m³,88.1
7428,21615,Cook And Phillip-7428,2020-01-08T13:00:00+11:00,-33.8725,151.213333,pm10,µg/m³,90.5
7428,21615,Cook And Phillip-7428,2020-01-08T14:00:00+11:00,-33.8725,151.213333,pm10,µg/m³,92.9
7428,21615,Cook And Phillip-7428,2020-01-08T15:00:00+11:00,-33.8725,151.213333,pm10,µg/m³,95.5
7428,21615,Cook And Phillip-7428,2020-01-08T16:00:00+11:00,-33.8725,151.213333,pm10,µg/m³,100.5
7428,21615,Cook And Phillip-7428,2020-01-08T17:00:00+11:00,-33.8725,151.213333,pm10,µg/m³,105.3
7428,21615,Cook And Phillip-7428,2020-01-08T18:00:00+11:00,-33.8725,151.213333,pm10,µg/m³,108.7
7428,21615,Cook And Phillip-7428,2020-01-08T19:00:00+11:00,-33.8725,151.213333,pm10,µg/m³,112.0
7428,21615,Cook And Phillip-7428,2020-01-08T20:00:00+11:00,-33.8725,151.213333,pm10,µg/m³,116.9
7428,21615,Cook And Phillip-7428,2020-01-08T21:00:00+11:00,-33.8725,151.213333,pm10,µg/m³,121.8
7428,21615,Cook And Phillip-7428,2020-01-08T22:00:00+11:00,-33.8725,151.213333,pm10,µg/m³,127.2
7428,21615,Cook And Phillip-7428,2020-01-08T23:00:00+11:00,-33.8725,151.213333,pm10,µg/m³,132.3
7428,21614,Cook And Phillip-7428,2020-01-08T01:00:00+11:00,-33.8725,151.213333,pm25,µg/m³,16.7
7428,21614,Cook And Phillip-7428,2020-01-08T02:00:00+11:00,-33.8725,151.213333,pm25,µg/m³,17.3
7428,21614,Cook And Phillip-7428,2020-01-08T03:00:00+11:00,-33.8725,151.213333,pm25,µg/m³,18.7
7428,21614,Cook And Phillip-7428,2020-01-08T04:00:00+11:00,-33.8725,151.213333,pm25,µg/m³,21.3
7428,21614,Cook And Phillip-7428,2020-01-08T05:00:00+11:00,-33.8725,151.213333,pm25,µg/m³,25.7
7428,21614,Cook And Phillip-7428,2020-01-08T06:00:00+11:00,-33.8725,151.213333,pm25,µg/m³,30.9
7428,21614,Cook And Phillip-7428,2020-01-08T07:00:00+11:00,-33.8725,151.213333,pm25,µg/m³,37.8
7428,21614,Cook And Phillip-7428,2020-01-08T08:00:00+11:00,-33.8725,151.213333,pm25,µg/m³,46.5
7428,21614,Cook And Phillip-7428,2020-01-08T09:00:00+11:00,-33.8725,151.213333,pm25,µg/m³,55.1
7428,21614,Cook And Phillip-7428,2020-01-08T10:00:00+11:00,-33.8725,151.213333,pm25,µg/m³,63.4
7428,21614,Cook And Phillip-7428,2020-01-08T11:00:00+11:00,-33.8725,151.213333,pm25,µg/m³,70.5
7428,21614,Cook And Phillip-7428,2020-01-08T12:00:00+11:00,-33.8725,151.213333,pm25,µg/m³,73.3
7428,21614,Cook And Phillip-7428,2020-01-08T13:00:00+11:00,-33.8725,151.213333,pm25,µg/m³,75.9
7428,21614,Cook And Phillip-7428,2020-01-08T14:00:00+11:00,-33.8725,151.213333,pm25,µg/m³,78.4
7428,21614,Cook And Phillip-7428,2020-01-08T15:00:00+11:00,-33.8725,151.213333,pm25,µg/m³,81.2
7428,21614,Cook And Phillip-7428,2020-01-08T16:00:00+11:00,-33.8725,151.213333,pm25,µg/m³,86.8
7428,21614,Cook And Phillip-7428,2020-01-08T17:00:00+11:00,-33.8725,151.213333,pm25,µg/m³,92.3
7428,21614,Cook And Phillip-7428,2020-01-08T18:00:00+11:00,-33.8725,151.213333,pm25,µg/m³,96.2
7428,21614,Cook And Phillip-7428,2020-01-08T19:00:00+11:00,-33.8725,151.213333,pm25,µg/m³,99.8
7428,21614,Cook And Phillip-7428,2020-01-08T20:00:00+11:00,-33.8725,151.213333,pm25,µg/m³,104.8
7428,21614,Cook And Phillip-7428,2020-01-08T21:00:00+11:00,-33.8725,151.213333,pm25,µg/m³,109.9
7428,21614,Cook And Phillip-7428,2020-01-08T22:00:00+11:00,-33.8725,151.213333,pm25,µg/m³,115.3
7428,21614,Cook And Phillip-7428,2020-01-08T23:00:00+11:00,-33.8725,151.213333,pm25,µg/m³,113.8
7428,25546,Cook And Phillip-7428,2020-01-08T01:00:00+11:00,-33.8725,151.213333,no2,ppm,0.004
7428,25546,Cook And Phillip-7428,2020-01-08T03:00:00+11:00,-33.8725,151.213333,no2,ppm,0.002
7428,25546,Cook And Phillip-7428,2020-01-08T04:00:00+11:00,-33.8725,151.213333,no2,ppm,0.003
7428,25546,Cook And Phillip-7428,2020-01-08T05:00:00+11:00,-33.8725,151.213333,no2,ppm,0.003
7428,25546,Cook And Phillip-7428,2020-01-08T06:00:00+11:00,-33.8725,151.213333,no2,ppm,0.007
7428,25546,Cook And Phillip-7428,2020-01-08T07:00:00+11:00,-33.8725,151.213333,no2,ppm,0.013
7428,25546,Cook And Phillip-7428,2020-01-08T08:00:00+11:00,-33.8725,151.213333,no2,ppm,0.015
7428,25546,Cook And Phillip-7428,2020-01-08T09:00:00+11:00,-33.8725,151.213333,no2,ppm,0.014
7428,25546,Cook And Phillip-7428,2020-01-08T10:00:00+11:00,-33.8725,151.213333,no2,ppm,0.01
7428,25546,Cook And Phillip-7428,2020-01-08T12:00:00+11:00,-33.8725,151.213333,no2,ppm,0.005
7428,25546,Cook And Phillip-7428,2020-01-08T17:00:00+11:00,-33.8725,151.213333,no2,ppm,0.009
7428,25546,Cook And Phillip-7428,2020-01-08T18:00:00+11:00,-33.8725,151.213333,no2,ppm,0.014
7428,25546,Cook And Phillip-7428,2020-01-08T19:00:00+11:00,-33.8725,151.213333,no2,ppm,0.007
7428,25546,Cook And Phillip-7428,2020-01-08T20:00:00+11:00,-33.8725,151.213333,no2,ppm,0.006
7428,25546,Cook And Phillip-7428,2020-01-08T21:00:00+11:00,-33.8725,151.213333,no2,ppm,0.005
7428,25546,Cook And Phillip-7428,2020-01-08T22:00:00+11:00,-33.8725,151.213333,no2,ppm,0.004
7428,25546,Cook And Phillip-7428,2020-01-08T23:00:00+11:00,-33.8725,151.213333,no2,ppm,0.005
7428,28686,Cook And Phillip-7428,2020-01-08T01:00:00+11:00,-33.8725,151.213333,co,ppm,0.3
7428,28686,Cook And Phillip-7428,2020-01-08T02:00:00+11:00,-33.8725,151.213333,co,ppm,0.3
7428,28686,Cook And Phillip-7428,2020-01-08T03:00:00+11:00,-33.8725,151.213333,co,ppm,0.5
7428,28686,Cook And Phillip-7428,2020-01-08T04:00:00+11:00,-33.8725,151.213333,co,ppm,0.6
7428,28686,Cook And Phillip-7428,2020-01-08T05:00:00+11:00,-33.8725,151.213333,co,ppm,0.9
7428,28686,Cook And Phillip-7428,2020-01-08T06:00:00+11:00,-33.8725,151.213333,co,ppm,1.2
7428,28686,Cook And Phillip-7428,2020-01-08T07:00:00+11:00,-33.8725,151.213333,co,ppm,1.6
7428,28686,Cook And Phillip-7428,2020-01-08T08:00:00+11:00,-33.8725,151.213333,co,ppm,2.1
7428,28686,Cook And Phillip-7428,2020-01-08T09:00:00+11:00,-33.8725,151.213333,co,ppm,2.5
7428,28686,Cook And Phillip-7428,2020-01-08T10:00:00+11:00,-33.8725,151.213333,co,ppm,2.5
7428,28686,Cook And Phillip-7428,2020-01-08T11:00:00+11:00,-33.8725,151.213333,co,ppm,2.7
7428,28686,Cook And Phillip-7428,2020-01-08T12:00:00+11:00,-33.8725,151.213333,co,ppm,2.8
7428,28686,Cook And Phillip-7428,2020-01-08T22:00:00+11:00,-33.8725,151.213333,co,ppm,1.7
7428,28686,Cook And Phillip-7428,2020-01-08T23:00:00+11:00,-33.8725,151.213333,co,ppm,1.7
7428,25544,Cook And Phillip-7428,2020-01-08T01:00:00+11:00,-33.8725,151.213333,so2,ppm,0.0
7428,25544,Cook And Phillip-7428,2020-01-08T03:00:00+11:00,-33.8725,151.213333,so2,ppm,0.0
7428,25544,Cook And Phillip-7428,2020-01-08T04:00:00+11:00,-33.8725,151.213333,so2,ppm,0.0
7428,25544,Cook And Phillip-7428,2020-01-08T05:00:00+11:00,-33.8725,151.213333,so2,ppm,0.0
7428,25544,Cook And Phillip-7428,2020-01-08T06:00:00+11:00,-33.8725,151.213333,so2,ppm,0.0
7428,25544,Cook And Phillip-7428,2020-01-08T07:00:00+11:00,-33.8725,151.213333,so2,ppm,0.0
7428,25544,Cook And Phillip-7428,2020-01-08T08:00:00+11:00,-33.8725,151.213333,so2,ppm,0.0
7428,25544,Cook And Phillip-7428,2020-01-08T09:00:00+11:00,-33.8725,151.213333,so2,ppm,0.0
7428,25544,Cook And Phillip-7428,2020-01-08T10:00:00+11:00,-33.8725,151.213333,so2,ppm,0.0
7428,25544,Cook And Phillip-7428,2020-01-08T12:00:00+11:00,-33.8725,151.213333,so2,ppm,0.0
7428,25544,Cook And Phillip-7428,2020-01-08T17:00:00+11:00,-33.8725,151.213333,so2,ppm,0.001
7428,25544,Cook And Phillip-7428,2020-01-08T18:00:00+11:00,-33.8725,151.213333,so2,ppm,0.0
7428,25544,Cook And Phillip-7428,2020-01-08T19:00:00+11:00,-33.8725,151.213333,so2,ppm,0.0
7428,25544,Cook And Phillip-7428,2020-01-08T20:00:00+11:00,-33.8725,151.213333,so2,ppm,0.0
7428,25544,Cook And Phillip-7428,2020-01-08T21:00:00+11:00,-33.8725,151.213333,so2,ppm,0.0
7428,25544,Cook And Phillip-7428,2020-01-08T22:00:00+11:00,-33.8725,151.213333,so2,ppm,0.0
7428,25544,Cook And Phillip-7428,2020-01-08T23:00:00+11:00,-33.8725,151.213333,so2,ppm,0.0
7428,25545,Cook And Phillip-7428,2020-01-08T01:00:00+11:00,-33.8725,151.213333,o3,ppm,0.018
7428,25545,Cook And Phillip-7428,2020-01-08T02:00:00+11:00,-33.8725,151.213333,o3,ppm,0.019
7428,25545,Cook And Phillip-7428,2020-01-08T03:00:00+11:00,-33.8725,151.213333,o3,ppm,0.027
7428,25545,Cook And Phillip-7428,2020-01-08T04:00:00+11:00,-33.8725,151.213333,o3,ppm,0.028
7428,25545,Cook And Phillip-7428,2020-01-08T05:00:00+11:00,-33.8725,151.213333,o3,ppm,0.03
7428,25545,Cook And Phillip-7428,2020-01-08T06:00:00+11:00,-33.8725,151.213333,o3,ppm,0.032
7428,25545,Cook And Phillip-7428,2020-01-08T07:00:00+11:00,-33.8725,151.213333,o3,ppm,0.034
7428,25545,Cook And Phillip-7428,2020-01-08T08:00:00+11:00,-33.8725,151.213333,o3,ppm,0.036
7428,25545,Cook And Phillip-7428,2020-01-08T09:00:00+11:00,-33.8725,151.213333,o3,ppm,0.045
7428,25545,Cook And Phillip-7428,2020-01-08T10:00:00+11:00,-33.8725,151.213333,o3,ppm,0.059
7428,25545,Cook And Phillip-7428,2020-01-08T11:00:00+11:00,-33.8725,151.213333,o3,ppm,0.047
7428,25545,Cook And Phillip-7428,2020-01-08T12:00:00+11:00,-33.8725,151.213333,o3,ppm,0.039
7428,25545,Cook And Phillip-7428,2020-01-08T17:00:00+11:00,-33.8725,151.213333,o3,ppm,0.048
7428,25545,Cook And Phillip-7428,2020-01-08T18:00:00+11:00,-33.8725,151.213333,o3,ppm,0.046
7428,25545,Cook And Phillip-7428,2020-01-08T19:00:00+11:00,-33.8725,151.213333,o3,ppm,0.048
7428,25545,Cook And Phillip-7428,2020-01-08T20:00:00+11:00,-33.8725,151.213333,o3,ppm,0.042
7428,25545,Cook And Phillip-7428,2020-01-08T21:00:00+11:00,-33.8725,151.213333,o3,ppm,0.044
7428,25545,Cook And Phillip-7428,2020-01-08T22:00:00+11:00,-33.8725,151.213333,o3,ppm,0.045
7428,25545,Cook And Phillip-7428,2020-01-08T23:00:00+11:00,-33.8725,151.213333,o3,ppm,0.042
7428,21615,Cook And Phillip-7428,2020-01-09T01:00:00+11:00,-33.8725,151.213333,pm10,µg/m³,132.6
7428,21615,Cook And Phillip-7428,2020-01-09T02:00:00+11:00,-33.8725,151.213333,pm10,µg/m³,133.4
7428,21615,Cook And Phillip-7428,2020-01-09T03:00:00+11:00,-33.8725,151.213333,pm10,µg/m³,134.6
7428,21615,Cook And Phillip-7428,2020-01-09T04:00:00+11:00,-33.8725,151.213333,pm10,µg/m³,132.0
7428,21615,Cook And Phillip-7428,2020-01-09T05:00:00+11:00,-33.8725,151.213333,pm10,µg/m³,127.4
7428,21615,Cook And Phillip-7428,2020-01-09T06:00:00+11:00,-33.8725,151.213333,pm10,µg/m³,121.2
7428,21615,Cook And Phillip-7428,2020-01-09T07:00:00+11:00,-33.8725,151.213333,pm10,µg/m³,113.5
7428,21615,Cook And Phillip-7428,2020-01-09T08:00:00+11:00,-33.8725,151.213333,pm10,µg/m³,102.6
7428,21615,Cook And Phillip-7428,2020-01-09T09:00:00+11:00,-33.8725,151.213333,pm10,µg/m³,93.4
7428,21615,Cook And Phillip-7428,2020-01-09T10:00:00+11:00,-33.8725,151.213333,pm10,µg/m³,80.7
7428,21615,Cook And Phillip-7428,2020-01-09T11:00:00+11:00,-33.8725,151.213333,pm10,µg/m³,73.2
7428,21615,Cook And Phillip-7428,2020-01-09T12:00:00+11:00,-33.8725,151.213333,pm10,µg/m³,70.5
7428,21615,Cook And Phillip-7428,2020-01-09T13:00:00+11:00,-33.8725,151.213333,pm10,µg/m³,67.8
7428,21615,Cook And Phillip-7428,2020-01-09T14:00:00+11:00,-33.8725,151.213333,pm10,µg/m³,65.4
7428,21615,Cook And Phillip-7428,2020-01-09T15:00:00+11:00,-33.8725,151.213333,pm10,µg/m³,61.7
7428,21615,Cook And Phillip-7428,2020-01-09T16:00:00+11:00,-33.8725,151.213333,pm10,µg/m³,55.7
7428,21615,Cook And Phillip-7428,2020-01-09T17:00:00+11:00,-33.8725,151.213333,pm10,µg/m³,49.9
7428,21615,Cook And Phillip-7428,2020-01-09T18:00:00+11:00,-33.8725,151.213333,pm10,µg/m³,46.5
7428,21615,Cook And Phillip-7428,2020-01-09T19:00:00+11:00,-33.8725,151.213333,pm10,µg/m³,42.5
7428,21615,Cook And Phillip-7428,2020-01-09T20:00:00+11:00,-33.8725,151.213333,pm10,µg/m³,39.4
7428,21615,Cook And Phillip-7428,2020-01-09T21:00:00+11:00,-33.8725,151.213333,pm10,µg/m³,35.0
7428,21615,Cook And Phillip-7428,2020-01-09T22:00:00+11:00,-33.8725,151.213333,pm10,µg/m³,31.0
7428,21615,Cook And Phillip-7428,2020-01-09T23:00:00+11:00,-33.8725,151.213333,pm10,µg/m³,27.6
7428,21614,Cook And Phillip-7428,2020-01-09T01:00:00+11:00,-33.8725,151.213333,pm25,µg/m³,114.6
7428,21614,Cook And Phillip-7428,2020-01-09T02:00:00+11:00,-33.8725,151.213333,pm25,µg/m³,116.1
7428,21614,Cook And Phillip-7428,2020-01-09T03:00:00+11:00,-33.8725,151.213333,pm25,µg/m³,117.2
7428,21614,Cook And Phillip-7428,2020-01-09T04:00:00+11:00,-33.8725,151.213333,pm25,µg/m³,114.9
7428,21614,Cook And Phillip-7428,2020-01-09T05:00:00+11:00,-33.8725,151.213333,pm25,µg/m³,111.1
7428,21614,Cook And Phillip-7428,2020-01-09T06:00:00+11:00,-33.8725,151.213333,pm25,µg/m³,105.5
7428,21614,Cook And Phillip-7428,2020-01-09T07:00:00+11:00,-33.8725,151.213333,pm25,µg/m³,98.4
7428,21614,Cook And Phillip-7428,2020-01-09T08:00:00+11:00,-33.8725,151.213333,pm25,µg/m³,88.7
7428,21614,Cook And Phillip-7428,2020-01-09T09:00:00+11:00,-33.8725,151.213333,pm25,µg/m³,79.7
7428,21614,Cook And Phillip-7428,2020-01-09T10:00:00+11:00,-33.8725,151.213333,pm25,µg/m³,72.5
7428,21614,Cook And Phillip-7428,2020-01-09T11:00:00+11:00,-33.8725,151.213333,pm25,µg/m³,66.0
7428,21614,Cook And Phillip-7428,2020-01-09T12:00:00+11:00,-33.8725,151.213333,pm25,µg/m³,63.0
7428,21614,Cook And Phillip-7428,2020-01-09T13:00:00+11:00,-33.8725,151.213333,pm25,µg/m³,60.2
7428,21614,Cook And Phillip-7428,2020-01-09T14:00:00+11:00,-33.8725,151.213333,pm25,µg/m³,57.7
7428,21614,Cook And Phillip-7428,2020-01-09T15:00:00+11:00,-33.8725,151.213333,pm25,µg/m³,54.2
7428,21614,Cook And Phillip-7428,2020-01-09T16:00:00+11:00,-33.8725,151.213333,pm25,µg/m³,48.4
7428,21614,Cook And Phillip-7428,2020-01-09T17:00:00+11:00,-33.8725,151.213333,pm25,µg/m³,42.6
7428,21614,Cook And Phillip-7428,2020-01-09T18:00:00+11:00,-33.8725,151.213333,pm25,µg/m³,39.0
7428,21614,Cook And Phillip-7428,2020-01-09T19:00:00+11:00,-33.8725,151.213333,pm25,µg/m³,35.2
7428,21614,Cook And Phillip-7428,2020-01-09T20:00:00+11:00,-33.8725,151.213333,pm25,µg/m³,31.9
7428,21614,Cook And Phillip-7428,2020-01-09T21:00:00+11:00,-33.8725,151.213333,pm25,µg/m³,27.6
7428,21614,Cook And Phillip-7428,2020-01-09T22:00:00+11:00,-33.8725,151.213333,pm25,µg/m³,23.9
7428,21614,Cook And Phillip-7428,2020-01-09T23:00:00+11:00,-33.8725,151.213333,pm25,µg/m³,20.3
7428,25546,Cook And Phillip-7428,2020-01-09T01:00:00+11:00,-33.8725,151.213333,no2,ppm,0.004
7428,25546,Cook And Phillip-7428,2020-01-09T03:00:00+11:00,-33.8725,151.213333,no2,ppm,0.004
7428,25546,Cook And Phillip-7428,2020-01-09T04:00:00+11:00,-33.8725,151.213333,no2,ppm,0.003
7428,25546,Cook And Phillip-7428,2020-01-09T05:00:00+11:00,-33.8725,151.213333,no2,ppm,0.003
7428,25546,Cook And Phillip-7428,2020-01-09T06:00:00+11:00,-33.8725,151.213333,no2,ppm,0.007
7428,25546,Cook And Phillip-7428,2020-01-09T07:00:00+11:00,-33.8725,151.213333,no2,ppm,0.01
7428,25546,Cook And Phillip-7428,2020-01-09T08:00:00+11:00,-33.8725,151.213333,no2,ppm,0.012
7428,25546,Cook And Phillip-7428,2020-01-09T12:00:00+11:00,-33.8725,151.213333,no2,ppm,0.019
7428,25546,Cook And Phillip-7428,2020-01-09T13:00:00+11:00,-33.8725,151.213333,no2,ppm,0.006
7428,25546,Cook And Phillip-7428,2020-01-09T14:00:00+11:00,-33.8725,151.213333,no2,ppm,0.007
7428,25546,Cook And Phillip-7428,2020-01-09T15:00:00+11:00,-33.8725,151.213333,no2,ppm,0.007
7428,25546,Cook And Phillip-7428,2020-01-09T16:00:00+11:00,-33.8725,151.213333,no2,ppm,0.008
7428,25546,Cook And Phillip-7428,2020-01-09T17:00:00+11:00,-33.8725,151.213333,no2,ppm,0.01
7428,25546,Cook And Phillip-7428,2020-01-09T18:00:00+11:00,-33.8725,151.213333,no2,ppm,0.01
7428,25546,Cook And Phillip-7428,2020-01-09T19:00:00+11:00,-33.8725,151.213333,no2,ppm,0.013
7428,25546,Cook And Phillip-7428,2020-01-09T20:00:00+11:00,-33.8725,151.213333,no2,ppm,0.01
7428,25546,Cook And Phillip-7428,2020-01-09T21:00:00+11:00,-33.8725,151.213333,no2,ppm,0.016
7428,25546,Cook And Phillip-7428,2020-01-09T22:00:00+11:00,-33.8725,151.213333,no2,ppm,0.02
7428,25546,Cook And Phillip-7428,2020-01-09T23:00:00+11:00,-33.8725,151.213333,no2,ppm,0.019
7428,28686,Cook And Phillip-7428,2020-01-09T01:00:00+11:00,-33.8725,151.213333,co,ppm,1.5
7428,28686,Cook And Phillip-7428,2020-01-09T02:00:00+11:00,-33.8725,151.213333,co,ppm,1.5
7428,28686,Cook And Phillip-7428,2020-01-09T03:00:00+11:00,-33.8725,151.213333,co,ppm,1.4
7428,28686,Cook And Phillip-7428,2020-01-09T04:00:00+11:00,-33.8725,151.213333,co,ppm,1.2
7428,28686,Cook And Phillip-7428,2020-01-09T05:00:00+11:00,-33.8725,151.213333,co,ppm,1.0
7428,28686,Cook And Phillip-7428,2020-01-09T06:00:00+11:00,-33.8725,151.213333,co,ppm,0.8
7428,28686,Cook And Phillip-7428,2020-01-09T07:00:00+11:00,-33.8725,151.213333,co,ppm,0.6
7428,28686,Cook And Phillip-7428,2020-01-09T08:00:00+11:00,-33.8725,151.213333,co,ppm,0.4
7428,28686,Cook And Phillip-7428,2020-01-09T09:00:00+11:00,-33.8725,151.213333,co,ppm,0.3
7428,28686,Cook And Phillip-7428,2020-01-09T10:00:00+11:00,-33.8725,151.213333,co,ppm,0.3
7428,28686,Cook And Phillip-7428,2020-01-09T12:00:00+11:00,-33.8725,151.213333,co,ppm,0.2
7428,28686,Cook And Phillip-7428,2020-01-09T18:00:00+11:00,-33.8725,151.213333,co,ppm,0.2
7428,28686,Cook And Phillip-7428,2020-01-09T19:00:00+11:00,-33.8725,151.213333,co,ppm,0.2
7428,28686,Cook And Phillip-7428,2020-01-09T20:00:00+11:00,-33.8725,151.213333,co,ppm,0.2
7428,28686,Cook And Phillip-7428,2020-01-09T21:00:00+11:00,-33.8725,151.213333,co,ppm,0.2
7428,28686,Cook And Phillip-7428,2020-01-09T22:00:00+11:00,-33.8725,151.213333,co,ppm,0.2
7428,28686,Cook And Phillip-7428,2020-01-09T23:00:00+11:00,-33.8725,151.213333,co,ppm,0.2
7428,25544,Cook And Phillip-7428,2020-01-09T01:00:00+11:00,-33.8725,151.213333,so2,ppm,0.0
7428,25544,Cook And Phillip-7428,2020-01-09T03:00:00+11:00,-33.8725,151.213333,so2,ppm,0.0
7428,25544,Cook And Phillip-7428,2020-01-09T04:00:00+11:00,-33.8725,151.213333,so2,ppm,0.0
7428,25544,Cook And Phillip-7428,2020-01-09T05:00:00+11:00,-33.8725,151.213333,so2,ppm,0.0
7428,25544,Cook And Phillip-7428,2020-01-09T06:00:00+11:00,-33.8725,151.213333,so2,ppm,0.0
7428,25544,Cook And Phillip-7428,2020-01-09T07:00:00+11:00,-33.8725,151.213333,so2,ppm,0.0
7428,25544,Cook And Phillip-7428,2020-01-09T08:00:00+11:00,-33.8725,151.213333,so2,ppm,0.0
7428,25544,Cook And Phillip-7428,2020-01-09T12:00:00+11:00,-33.8725,151.213333,so2,ppm,0.0
7428,25544,Cook And Phillip-7428,2020-01-09T13:00:00+11:00,-33.8725,151.213333,so2,ppm,0.001
7428,25544,Cook And Phillip-7428,2020-01-09T14:00:00+11:00,-33.8725,151.213333,so2,ppm,0.0
7428,25544,Cook And Phillip-7428,2020-01-09T15:00:00+11:00,-33.8725,151.213333,so2,ppm,0.001
7428,25544,Cook And Phillip-7428,2020-01-09T16:00:00+11:00,-33.8725,151.213333,so2,ppm,0.001
7428,25544,Cook And Phillip-7428,2020-01-09T17:00:00+11:00,-33.8725,151.213333,so2,ppm,0.001
7428,25544,Cook And Phillip-7428,2020-01-09T18:00:00+11:00,-33.8725,151.213333,so2,ppm,0.0
7428,25544,Cook And Phillip-7428,2020-01-09T19:00:00+11:00,-33.8725,151.213333,so2,ppm,0.0
7428,25544,Cook And Phillip-7428,2020-01-09T20:00:00+11:00,-33.8725,151.213333,so2,ppm,0.0
7428,25544,Cook And Phillip-7428,2020-01-09T21:00:00+11:00,-33.8725,151.213333,so2,ppm,0.0
7428,25544,Cook And Phillip-7428,2020-01-09T22:00:00+11:00,-33.8725,151.213333,so2,ppm,0.0
7428,25544,Cook And Phillip-7428,2020-01-09T23:00:00+11:00,-33.8725,151.213333,so2,ppm,0.0
7428,25545,Cook And Phillip-7428,2020-01-09T01:00:00+11:00,-33.8725,151.213333,o3,ppm,0.035
7428,25545,Cook And Phillip-7428,2020-01-09T02:00:00+11:00,-33.8725,151.213333,o3,ppm,0.038
7428,25545,Cook And Phillip-7428,2020-01-09T03:00:00+11:00,-33.8725,151.213333,o3,ppm,0.025
7428,25545,Cook And Phillip-7428,2020-01-09T04:00:00+11:00,-33.8725,151.213333,o3,ppm,0.02
7428,25545,Cook And Phillip-7428,2020-01-09T05:00:00+11:00,-33.8725,151.213333,o3,ppm,0.014
7428,25545,Cook And Phillip-7428,2020-01-09T06:00:00+11:00,-33.8725,151.213333,o3,ppm,0.01
7428,25545,Cook And Phillip-7428,2020-01-09T07:00:00+11:00,-33.8725,151.213333,o3,ppm,0.007
7428,25545,Cook And Phillip-7428,2020-01-09T08:00:00+11:00,-33.8725,151.213333,o3,ppm,0.005
7428,25545,Cook And Phillip-7428,2020-01-09T09:00:00+11:00,-33.8725,151.213333,o3,ppm,0.007
7428,25545,Cook And Phillip-7428,2020-01-09T12:00:00+11:00,-33.8725,151.213333,o3,ppm,0.003
7428,25545,Cook And Phillip-7428,2020-01-09T13:00:00+11:00,-33.8725,151.213333,o3,ppm,0.015
7428,25545,Cook And Phillip-7428,2020-01-09T14:00:00+11:00,-33.8725,151.213333,o3,ppm,0.017
7428,25545,Cook And Phillip-7428,2020-01-09T15:00:00+11:00,-33.8725,151.213333,o3,ppm,0.017
7428,25545,Cook And Phillip-7428,2020-01-09T16:00:00+11:00,-33.8725,151.213333,o3,ppm,0.015
7428,25545,Cook And Phillip-7428,2020-01-09T17:00:00+11:00,-33.8725,151.213333,o3,ppm,0.014
7428,25545,Cook And Phillip-7428,2020-01-09T18:00:00+11:00,-33.8725,151.213333,o3,ppm,0.013
7428,25545,Cook And Phillip-7428,2020-01-09T19:00:00+11:00,-33.8725,151.213333,o3,ppm,0.011
7428,25545,Cook And Phillip-7428,2020-01-09T20:00:00+11:00,-33.8725,151.213333,o3,ppm,0.012
7428,25545,Cook And Phillip-7428,2020-01-09T21:00:00+11:00,-33.8725,151.213333,o3,ppm,0.007
7428,25545,Cook And Phillip-7428,2020-01-09T22:00:00+11:00,-33.8725,151.213333,o3,ppm,0.003
7428,25545,Cook And Phillip-7428,2020-01-09T23:00:00+11:00,-33.8725,151.213333,o3,ppm,0.002
7428,21615,Cook And Phillip-7428,2020-01-10T01:00:00+11:00,-33.8725,151.213333,pm10,µg/m³,20.5
7428,21615,Cook And Phillip-7428,2020-01-10T02:00:00+11:00,-33.8725,151.213333,pm10,µg/m³,18.3
7428,21615,Cook And Phillip-7428,2020-01-10T03:00:00+11:00,-33.8725,151.213333,pm10,µg/m³,15.4
7428,21615,Cook And Phillip-7428,2020-01-10T04:00:00+11:00,-33.8725,151.213333,pm10,µg/m³,13.3
7428,21615,Cook And Phillip-7428,2020-01-10T05:00:00+11:00,-33.8725,151.213333,pm10,µg/m³,13.5
7428,21615,Cook And Phillip-7428,2020-01-10T06:00:00+11:00,-33.8725,151.213333,pm10,µg/m³,12.9
7428,21615,Cook And Phillip-7428,2020-01-10T07:00:00+11:00,-33.8725,151.213333,pm10,µg/m³,13.4
7428,21615,Cook And Phillip-7428,2020-01-10T08:00:00+11:00,-33.8725,151.213333,pm10,µg/m³,14.7
7428,21615,Cook And Phillip-7428,2020-01-10T09:00:00+11:00,-33.8725,151.213333,pm10,µg/m³,15.7
7428,21615,Cook And Phillip-7428,2020-01-10T10:00:00+11:00,-33.8725,151.213333,pm10,µg/m³,16.9
7428,21615,Cook And Phillip-7428,2020-01-10T11:00:00+11:00,-33.8725,151.213333,pm10,µg/m³,17.4
7428,21615,Cook And Phillip-7428,2020-01-10T12:00:00+11:00,-33.8725,151.213333,pm10,µg/m³,18.0
7428,21615,Cook And Phillip-7428,2020-01-10T13:00:00+11:00,-33.8725,151.213333,pm10,µg/m³,19.0
7428,21615,Cook And Phillip-7428,2020-01-10T14:00:00+11:00,-33.8725,151.213333,pm10,µg/m³,19.9
7428,21615,Cook And Phillip-7428,2020-01-10T15:00:00+11:00,-33.8725,151.213333,pm10,µg/m³,20.7
7428,21615,Cook And Phillip-7428,2020-01-10T16:00:00+11:00,-33.8725,151.213333,pm10,µg/m³,21.9
7428,21615,Cook And Phillip-7428,2020-01-10T17:00:00+11:00,-33.8725,151.213333,pm10,µg/m³,23.2
7428,21615,Cook And Phillip-7428,2020-01-10T18:00:00+11:00,-33.8725,151.213333,pm10,µg/m³,23.4
7428,21615,Cook And Phillip-7428,2020-01-10T19:00:00+11:00,-33.8725,151.213333,pm10,µg/m³,23.7
7428,21615,Cook And Phillip-7428,2020-01-10T20:00:00+11:00,-33.8725,151.213333,pm10,µg/m³,23.9
7428,21615,Cook And Phillip-7428,2020-01-10T21:00:00+11:00,-33.8725,151.213333,pm10,µg/m³,25.3
7428,21615,Cook And Phillip-7428,2020-01-10T22:00:00+11:00,-33.8725,151.213333,pm10,µg/m³,26.7
7428,21615,Cook And Phillip-7428,2020-01-10T23:00:00+11:00,-33.8725,151.213333,pm10,µg/m³,27.5
7428,21614,Cook And Phillip-7428,2020-01-10T01:00:00+11:00,-33.8725,151.213333,pm25,µg/m³,13.4
7428,21614,Cook And Phillip-7428,2020-01-10T02:00:00+11:00,-33.8725,151.213333,pm25,µg/m³,10.9
7428,21614,Cook And Phillip-7428,2020-01-10T03:00:00+11:00,-33.8725,151.213333,pm25,µg/m³,9.2
7428,21614,Cook And Phillip-7428,2020-01-10T04:00:00+11:00,-33.8725,151.213333,pm25,µg/m³,7.3
7428,21614,Cook And Phillip-7428,2020-01-10T05:00:00+11:00,-33.8725,151.213333,pm25,µg/m³,7.2
7428,21614,Cook And Phillip-7428,2020-01-10T06:00:00+11:00,-33.8725,151.213333,pm25,µg/m³,6.8
7428,21614,Cook And Phillip-7428,2020-01-10T07:00:00+11:00,-33.8725,151.213333,pm25,µg/m³,7.3
7428,21614,Cook And Phillip-7428,2020-01-10T08:00:00+11:00,-33.8725,151.213333,pm25,µg/m³,8.0
7428,21614,Cook And Phillip-7428,2020-01-10T09:00:00+11:00,-33.8725,151.213333,pm25,µg/m³,8.8
7428,21614,Cook And Phillip-7428,2020-01-10T10:00:00+11:00,-33.8725,151.213333,pm25,µg/m³,8.8
7428,21614,Cook And Phillip-7428,2020-01-10T11:00:00+11:00,-33.8725,151.213333,pm25,µg/m³,9.3
7428,21614,Cook And Phillip-7428,2020-01-10T12:00:00+11:00,-33.8725,151.213333,pm25,µg/m³,9.8
7428,21614,Cook And Phillip-7428,2020-01-10T13:00:00+11:00,-33.8725,151.213333,pm25,µg/m³,10.7
7428,21614,Cook And Phillip-7428,2020-01-10T14:00:00+11:00,-33.8725,151.213333,pm25,µg/m³,11.6
7428,21614,Cook And Phillip-7428,2020-01-10T15:00:00+11:00,-33.8725,151.213333,pm25,µg/m³,12.4
7428,21614,Cook And Phillip-7428,2020-01-10T16:00:00+11:00,-33.8725,151.213333,pm25,µg/m³,13.2
7428,21614,Cook And Phillip-7428,2020-01-10T17:00:00+11:00,-33.8725,151.213333,pm25,µg/m³,14.2
7428,21614,Cook And Phillip-7428,2020-01-10T18:00:00+11:00,-33.8725,151.213333,pm25,µg/m³,14.2
7428,21614,Cook And Phillip-7428,2020-01-10T19:00:00+11:00,-33.8725,151.213333,pm25,µg/m³,14.3
7428,21614,Cook And Phillip-7428,2020-01-10T20:00:00+11:00,-33.8725,151.213333,pm25,µg/m³,14.4
7428,21614,Cook And Phillip-7428,2020-01-10T21:00:00+11:00,-33.8725,151.213333,pm25,µg/m³,15.2
7428,21614,Cook And Phillip-7428,2020-01-10T22:00:00+11:00,-33.8725,151.213333,pm25,µg/m³,15.8
7428,21614,Cook And Phillip-7428,2020-01-10T23:00:00+11:00,-33.8725,151.213333,pm25,µg/m³,15.6
7428,25546,Cook And Phillip-7428,2020-01-10T01:00:00+11:00,-33.8725,151.213333,no2,ppm,0.015
7428,25546,Cook And Phillip-7428,2020-01-10T03:00:00+11:00,-33.8725,151.213333,no2,ppm,0.009
7428,25546,Cook And Phillip-7428,2020-01-10T04:00:00+11:00,-33.8725,151.213333,no2,ppm,0.009
7428,25546,Cook And Phillip-7428,2020-01-10T05:00:00+11:00,-33.8725,151.213333,no2,ppm,0.01
7428,25546,Cook And Phillip-7428,2020-01-10T06:00:00+11:00,-33.8725,151.213333,no2,ppm,0.015
7428,25546,Cook And Phillip-7428,2020-01-10T07:00:00+11:00,-33.8725,151.213333,no2,ppm,0.019
7428,25546,Cook And Phillip-7428,2020-01-10T08:00:00+11:00,-33.8725,151.213333,no2,ppm,0.017
7428,25546,Cook And Phillip-7428,2020-01-10T09:00:00+11:00,-33.8725,151.213333,no2,ppm,0.01
7428,25546,Cook And Phillip-7428,2020-01-10T10:00:00+11:00,-33.8725,151.213333,no2,ppm,0.012
7428,25546,Cook And Phillip-7428,2020-01-10T11:00:00+11:00,-33.8725,151.213333,no2,ppm,0.018
7428,25546,Cook And Phillip-7428,2020-01-10T12:00:00+11:00,-33.8725,151.213333,no2,ppm,0.013
7428,25546,Cook And Phillip-7428,2020-01-10T13:00:00+11:00,-33.8725,151.213333,no2,ppm,0.013
7428,25546,Cook And Phillip-7428,2020-01-10T14:00:00+11:00,-33.8725,151.213333,no2,ppm,0.015
7428,25546,Cook And Phillip-7428,2020-01-10T15:00:00+11:00,-33.8725,151.213333,no2,ppm,0.01
7428,25546,Cook And Phillip-7428,2020-01-10T16:00:00+11:00,-33.8725,151.213333,no2,ppm,0.011
7428,25546,Cook And Phillip-7428,2020-01-10T17:00:00+11:00,-33.8725,151.213333,no2,ppm,0.011
7428,25546,Cook And Phillip-7428,2020-01-10T18:00:00+11:00,-33.8725,151.213333,no2,ppm,0.009
7428,25546,Cook And Phillip-7428,2020-01-10T19:00:00+11:00,-33.8725,151.213333,no2,ppm,0.008
7428,25546,Cook And Phillip-7428,2020-01-10T20:00:00+11:00,-33.8725,151.213333,no2,ppm,0.007
7428,25546,Cook And Phillip-7428,2020-01-10T21:00:00+11:00,-33.8725,151.213333,no2,ppm,0.008
7428,25546,Cook And Phillip-7428,2020-01-10T22:00:00+11:00,-33.8725,151.213333,no2,ppm,0.007
7428,25546,Cook And Phillip-7428,2020-01-10T23:00:00+11:00,-33.8725,151.213333,no2,ppm,0.005
7428,28686,Cook And Phillip-7428,2020-01-10T01:00:00+11:00,-33.8725,151.213333,co,ppm,0.2
7428,28686,Cook And Phillip-7428,2020-01-10T02:00:00+11:00,-33.8725,151.213333,co,ppm,0.2
7428,28686,Cook And Phillip-7428,2020-01-10T03:00:00+11:00,-33.8725,151.213333,co,ppm,0.2
7428,28686,Cook And Phillip-7428,2020-01-10T04:00:00+11:00,-33.8725,151.213333,co,ppm,0.2
7428,28686,Cook And Phillip-7428,2020-01-10T05:00:00+11:00,-33.8725,151.213333,co,ppm,0.2
7428,28686,Cook And Phillip-7428,2020-01-10T06:00:00+11:00,-33.8725,151.213333,co,ppm,0.2
7428,28686,Cook And Phillip-7428,2020-01-10T07:00:00+11:00,-33.8725,151.213333,co,ppm,0.2
7428,28686,Cook And Phillip-7428,2020-01-10T08:00:00+11:00,-33.8725,151.213333,co,ppm,0.2
7428,28686,Cook And Phillip-7428,2020-01-10T09:00:00+11:00,-33.8725,151.213333,co,ppm,0.3
7428,28686,Cook And Phillip-7428,2020-01-10T10:00:00+11:00,-33.8725,151.213333,co,ppm,0.3
7428,28686,Cook And Phillip-7428,2020-01-10T11:00:00+11:00,-33.8725,151.213333,co,ppm,0.3
7428,28686,Cook And Phillip-7428,2020-01-10T12:00:00+11:00,-33.8725,151.213333,co,ppm,0.3
7428,28686,Cook And Phillip-7428,2020-01-10T13:00:00+11:00,-33.8725,151.213333,co,ppm,0.3
7428,28686,Cook And Phillip-7428,2020-01-10T14:00:00+11:00,-33.8725,151.213333,co,ppm,0.3
7428,28686,Cook And Phillip-7428,2020-01-10T15:00:00+11:00,-33.8725,151.213333,co,ppm,0.4
7428,28686,Cook And Phillip-7428,2020-01-10T16:00:00+11:00,-33.8725,151.213333,co,ppm,0.4
7428,28686,Cook And Phillip-7428,2020-01-10T17:00:00+11:00,-33.8725,151.213333,co,ppm,0.4
7428,28686,Cook And Phillip-7428,2020-01-10T18:00:00+11:00,-33.8725,151.213333,co,ppm,0.4
7428,28686,Cook And Phillip-7428,2020-01-10T19:00:00+11:00,-33.8725,151.213333,co,ppm,0.4
7428,28686,Cook And Phillip-7428,2020-01-10T20:00:00+11:00,-33.8725,151.213333,co,ppm,0.4
7428,28686,Cook And Phillip-7428,2020-01-10T21:00:00+11:00,-33.8725,151.213333,co,ppm,0.4
7428,28686,Cook And Phillip-7428,2020-01-10T22:00:00+11:00,-33.8725,151.213333,co,ppm,0.4
7428,28686,Cook And Phillip-7428,2020-01-10T23:00:00+11:00,-33.8725,151.213333,co,ppm,0.4
7428,25544,Cook And Phillip-7428,2020-01-10T01:00:00+11:00,-33.8725,151.213333,so2,ppm,0.0
7428,25544,Cook And Phillip-7428,2020-01-10T03:00:00+11:00,-33.8725,151.213333,so2,ppm,0.001
7428,25544,Cook And Phillip-7428,2020-01-10T04:00:00+11:00,-33.8725,151.213333,so2,ppm,0.0
7428,25544,Cook And Phillip-7428,2020-01-10T05:00:00+11:00,-33.8725,151.213333,so2,ppm,0.0
7428,25544,Cook And Phillip-7428,2020-01-10T06:00:00+11:00,-33.8725,151.213333,so2,ppm,0.0
7428,25544,Cook And Phillip-7428,2020-01-10T07:00:00+11:00,-33.8725,151.213333,so2,ppm,0.0
7428,25544,Cook And Phillip-7428,2020-01-10T08:00:00+11:00,-33.8725,151.213333,so2,ppm,0.0
7428,25544,Cook And Phillip-7428,2020-01-10T09:00:00+11:00,-33.8725,151.213333,so2,ppm,0.0
7428,25544,Cook And Phillip-7428,2020-01-10T10:00:00+11:00,-33.8725,151.213333,so2,ppm,0.0
7428,25544,Cook And Phillip-7428,2020-01-10T11:00:00+11:00,-33.8725,151.213333,so2,ppm,0.0
7428,25544,Cook And Phillip-7428,2020-01-10T12:00:00+11:00,-33.8725,151.213333,so2,ppm,0.0
7428,25544,Cook And Phillip-7428,2020-01-10T13:00:00+11:00,-33.8725,151.213333,so2,ppm,0.0
7428,25544,Cook And Phillip-7428,2020-01-10T14:00:00+11:00,-33.8725,151.213333,so2,ppm,0.0
7428,25544,Cook And Phillip-7428,2020-01-10T15:00:00+11:00,-33.8725,151.213333,so2,ppm,0.0
7428,25544,Cook And Phillip-7428,2020-01-10T16:00:00+11:00,-33.8725,151.213333,so2,ppm,0.0
7428,25544,Cook And Phillip-7428,2020-01-10T17:00:00+11:00,-33.8725,151.213333,so2,ppm,0.0
7428,25544,Cook And Phillip-7428,2020-01-10T18:00:00+11:00,-33.8725,151.213333,so2,ppm,0.0
7428,25544,Cook And Phillip-7428,2020-01-10T19:00:00+11:00,-33.8725,151.213333,so2,ppm,0.0
7428,25544,Cook And Phillip-7428,2020-01-10T20:00:00+11:00,-33.8725,151.213333,so2,ppm,0.0
7428,25544,Cook And Phillip-7428,2020-01-10T21:00:00+11:00,-33.8725,151.213333,so2,ppm,0.0
7428,25544,Cook And Phillip-7428,2020-01-10T22:00:00+11:00,-33.8725,151.213333,so2,ppm,0.0
7428,25544,Cook And Phillip-7428,2020-01-10T23:00:00+11:00,-33.8725,151.213333,so2,ppm,0.0
7428,25545,Cook And Phillip-7428,2020-01-10T01:00:00+11:00,-33.8725,151.213333,o3,ppm,0.006
7428,25545,Cook And Phillip-7428,2020-01-10T02:00:00+11:00,-33.8725,151.213333,o3,ppm,0.004
7428,25545,Cook And Phillip-7428,2020-01-10T03:00:00+11:00,-33.8725,151.213333,o3,ppm,0.007
7428,25545,Cook And Phillip-7428,2020-01-10T04:00:00+11:00,-33.8725,151.213333,o3,ppm,0.006
7428,25545,Cook And Phillip-7428,2020-01-10T05:00:00+11:00,-33.8725,151.213333,o3,ppm,0.003
7428,25545,Cook And Phillip-7428,2020-01-10T06:00:00+11:00,-33.8725,151.213333,o3,ppm,0.0
7428,25545,Cook And Phillip-7428,2020-01-10T07:00:00+11:00,-33.8725,151.213333,o3,ppm,-0.001
7428,25545,Cook And Phillip-7428,2020-01-10T08:00:00+11:00,-33.8725,151.213333,o3,ppm,0.003
7428,25545,Cook And Phillip-7428,2020-01-10T09:00:00+11:00,-33.8725,151.213333,o3,ppm,0.012
7428,25545,Cook And Phillip-7428,2020-01-10T10:00:00+11:00,-33.8725,151.213333,o3,ppm,0.012
7428,25545,Cook And Phillip-7428,2020-01-10T11:00:00+11:00,-33.8725,151.213333,o3,ppm,0.011
7428,25545,Cook And Phillip-7428,2020-01-10T12:00:00+11:00,-33.8725,151.213333,o3,ppm,0.015
7428,25545,Cook And Phillip-7428,2020-01-10T13:00:00+11:00,-33.8725,151.213333,o3,ppm,0.015
7428,25545,Cook And Phillip-7428,2020-01-10T14:00:00+11:00,-33.8725,151.213333,o3,ppm,0.014
7428,25545,Cook And Phillip-7428,2020-01-10T15:00:00+11:00,-33.8725,151.213333,o3,ppm,0.019
7428,25545,Cook And Phillip-7428,2020-01-10T16:00:00+11:00,-33.8725,151.213333,o3,ppm,0.021
7428,25545,Cook And Phillip-7428,2020-01-10T17:00:00+11:00,-33.8725,151.213333,o3,ppm,0.023
7428,25545,Cook And Phillip-7428,2020-01-10T18:00:00+11:00,-33.8725,151.213333,o3,ppm,0.027
7428,25545,Cook And Phillip-7428,2020-01-10T19:00:00+11:00,-33.8725,151.213333,o3,ppm,0.026
7428,25545,Cook And Phillip-7428,2020-01-10T20:00:00+11:00,-33.8725,151.213333,o3,ppm,0.026
7428,25545,Cook And Phillip-7428,2020-01-10T21:00:00+11:00,-33.8725,151.213333,o3,ppm,0.02
7428,25545,Cook And Phillip-7428,2020-01-10T22:00:00+11:00,-33.8725,151.213333,o3,ppm,0.019
7428,25545,Cook And Phillip-7428,2020-01-10T23:00:00+11:00,-33.8725,151.213333,o3,ppm,0.021
7428,21615,Cook And Phillip-7428,2020-01-11T01:00:00+11:00,-33.8725,151.213333,pm10,µg/m³,33.0
7428,21615,Cook And Phillip-7428,2020-01-11T02:00:00+11:00,-33.8725,151.213333,pm10,µg/m³,36.6
7428,21615,Cook And Phillip-7428,2020-01-11T03:00:00+11:00,-33.8725,151.213333,pm10,µg/m³,40.8
7428,21615,Cook And Phillip-7428,2020-01-11T04:00:00+11:00,-33.8725,151.213333,pm10,µg/m³,44.4
7428,21615,Cook And Phillip-7428,2020-01-11T05:00:00+11:00,-33.8725,151.213333,pm10,µg/m³,46.5
7428,21615,Cook And Phillip-7428,2020-01-11T06:00:00+11:00,-33.8725,151.213333,pm10,µg/m³,48.5
7428,21615,Cook And Phillip-7428,2020-01-11T07:00:00+11:00,-33.8725,151.213333,pm10,µg/m³,48.9
7428,21615,Cook And Phillip-7428,2020-01-11T08:00:00+11:00,-33.8725,151.213333,pm10,µg/m³,49.2
7428,21615,Cook And Phillip-7428,2020-01-11T09:00:00+11:00,-33.8725,151.213333,pm10,µg/m³,49.5
7428,21615,Cook And Phillip-7428,2020-01-11T10:00:00+11:00,-33.8725,151.213333,pm10,µg/m³,50.7
7428,21615,Cook And Phillip-7428,2020-01-11T11:00:00+11:00,-33.8725,151.213333,pm10,µg/m³,51.0
7428,21615,Cook And Phillip-7428,2020-01-11T12:00:00+11:00,-33.8725,151.213333,pm10,µg/m³,50.7
7428,21615,Cook And Phillip-7428,2020-01-11T13:00:00+11:00,-33.8725,151.213333,pm10,µg/m³,50.6
7428,21615,Cook And Phillip-7428,2020-01-11T14:00:00+11:00,-33.8725,151.213333,pm10,µg/m³,51.4
7428,21615,Cook And Phillip-7428,2020-01-11T15:00:00+11:00,-33.8725,151.213333,pm10,µg/m³,53.3
7428,21615,Cook And Phillip-7428,2020-01-11T16:00:00+11:00,-33.8725,151.213333,pm10,µg/m³,53.5
7428,21615,Cook And Phillip-7428,2020-01-11T17:00:00+11:00,-33.8725,151.213333,pm10,µg/m³,52.5
7428,21615,Cook And Phillip-7428,2020-01-11T18:00:00+11:00,-33.8725,151.213333,pm10,µg/m³,53.6
7428,21615,Cook And Phillip-7428,2020-01-11T19:00:00+11:00,-33.8725,151.213333,pm10,µg/m³,53.4
7428,21615,Cook And Phillip-7428,2020-01-11T20:00:00+11:00,-33.8725,151.213333,pm10,µg/m³,54.1
7428,21615,Cook And Phillip-7428,2020-01-11T21:00:00+11:00,-33.8725,151.213333,pm10,µg/m³,53.6
7428,21615,Cook And Phillip-7428,2020-01-11T22:00:00+11:00,-33.8725,151.213333,pm10,µg/m³,52.5
7428,21615,Cook And Phillip-7428,2020-01-11T23:00:00+11:00,-33.8725,151.213333,pm10,µg/m³,52.7
7428,21614,Cook And Phillip-7428,2020-01-11T01:00:00+11:00,-33.8725,151.213333,pm25,µg/m³,18.8
7428,21614,Cook And Phillip-7428,2020-01-11T02:00:00+11:00,-33.8725,151.213333,pm25,µg/m³,20.2
7428,21614,Cook And Phillip-7428,2020-01-11T03:00:00+11:00,-33.8725,151.213333,pm25,µg/m³,21.0
7428,21614,Cook And Phillip-7428,2020-01-11T04:00:00+11:00,-33.8725,151.213333,pm25,µg/m³,23.2
7428,21614,Cook And Phillip-7428,2020-01-11T05:00:00+11:00,-33.8725,151.213333,pm25,µg/m³,24.4
7428,21614,Cook And Phillip-7428,2020-01-11T06:00:00+11:00,-33.8725,151.213333,pm25,µg/m³,25.5
7428,21614,Cook And Phillip-7428,2020-01-11T07:00:00+11:00,-33.8725,151.213333,pm25,µg/m³,25.8
7428,21614,Cook And Phillip-7428,2020-01-11T08:00:00+11:00,-33.8725,151.213333,pm25,µg/m³,26.1
7428,21614,Cook And Phillip-7428,2020-01-11T09:00:00+11:00,-33.8725,151.213333,pm25,µg/m³,26.2
7428,21614,Cook And Phillip-7428,2020-01-11T10:00:00+11:00,-33.8725,151.213333,pm25,µg/m³,27.0
7428,21614,Cook And Phillip-7428,2020-01-11T11:00:00+11:00,-33.8725,151.213333,pm25,µg/m³,27.0
7428,21614,Cook And Phillip-7428,2020-01-11T12:00:00+11:00,-33.8725,151.213333,pm25,µg/m³,26.4
7428,21614,Cook And Phillip-7428,2020-01-11T13:00:00+11:00,-33.8725,151.213333,pm25,µg/m³,25.9
7428,21614,Cook And Phillip-7428,2020-01-11T14:00:00+11:00,-33.8725,151.213333,pm25,µg/m³,26.3
7428,21614,Cook And Phillip-7428,2020-01-11T15:00:00+11:00,-33.8725,151.213333,pm25,µg/m³,27.4
7428,21614,Cook And Phillip-7428,2020-01-11T16:00:00+11:00,-33.8725,151.213333,pm25,µg/m³,27.3
7428,21614,Cook And Phillip-7428,2020-01-11T17:00:00+11:00,-33.8725,151.213333,pm25,µg/m³,26.4
7428,21614,Cook And Phillip-7428,2020-01-11T18:00:00+11:00,-33.8725,151.213333,pm25,µg/m³,27.4
7428,21614,Cook And Phillip-7428,2020-01-11T19:00:00+11:00,-33.8725,151.213333,pm25,µg/m³,27.2
7428,21614,Cook And Phillip-7428,2020-01-11T20:00:00+11:00,-33.8725,151.213333,pm25,µg/m³,27.8
7428,21614,Cook And Phillip-7428,2020-01-11T21:00:00+11:00,-33.8725,151.213333,pm25,µg/m³,27.6
7428,21614,Cook And Phillip-7428,2020-01-11T22:00:00+11:00,-33.8725,151.213333,pm25,µg/m³,27.0
7428,21614,Cook And Phillip-7428,2020-01-11T23:00:00+11:00,-33.8725,151.213333,pm25,µg/m³,27.5
7428,25546,Cook And Phillip-7428,2020-01-11T01:00:00+11:00,-33.8725,151.213333,no2,ppm,0.01
7428,25546,Cook And Phillip-7428,2020-01-11T03:00:00+11:00,-33.8725,151.213333,no2,ppm,0.002
7428,25546,Cook And Phillip-7428,2020-01-11T04:00:00+11:00,-33.8725,151.213333,no2,ppm,0.002
7428,25546,Cook And Phillip-7428,2020-01-11T05:00:00+11:00,-33.8725,151.213333,no2,ppm,0.002
7428,25546,Cook And Phillip-7428,2020-01-11T06:00:00+11:00,-33.8725,151.213333,no2,ppm,0.003
7428,25546,Cook And Phillip-7428,2020-01-11T07:00:00+11:00,-33.8725,151.213333,no2,ppm,0.004
7428,25546,Cook And Phillip-7428,2020-01-11T08:00:00+11:00,-33.8725,151.213333,no2,ppm,0.005
7428,25546,Cook And Phillip-7428,2020-01-11T09:00:00+11:00,-33.8725,151.213333,no2,ppm,0.005
7428,25546,Cook And Phillip-7428,2020-01-11T10:00:00+11:00,-33.8725,151.213333,no2,ppm,0.006
7428,25546,Cook And Phillip-7428,2020-01-11T11:00:00+11:00,-33.8725,151.213333,no2,ppm,0.006
7428,25546,Cook And Phillip-7428,2020-01-11T12:00:00+11:00,-33.8725,151.213333,no2,ppm,0.005
7428,25546,Cook And Phillip-7428,2020-01-11T13:00:00+11:00,-33.8725,151.213333,no2,ppm,0.004
7428,25546,Cook And Phillip-7428,2020-01-11T14:00:00+11:00,-33.8725,151.213333,no2,ppm,0.004
7428,25546,Cook And Phillip-7428,2020-01-11T15:00:00+11:00,-33.8725,151.213333,no2,ppm,0.004
7428,25546,Cook And Phillip-7428,2020-01-11T16:00:00+11:00,-33.8725,151.213333,no2,ppm,0.004
7428,25546,Cook And Phillip-7428,2020-01-11T17:00:00+11:00,-33.8725,151.213333,no2,ppm,0.005
7428,25546,Cook And Phillip-7428,2020-01-11T18:00:00+11:00,-33.8725,151.213333,no2,ppm,0.005
7428,25546,Cook And Phillip-7428,2020-01-11T19:00:00+11:00,-33.8725,151.213333,no2,ppm,0.006
7428,25546,Cook And Phillip-7428,2020-01-11T20:00:00+11:00,-33.8725,151.213333,no2,ppm,0.005
7428,25546,Cook And Phillip-7428,2020-01-11T21:00:00+11:00,-33.8725,151.213333,no2,ppm,0.002
7428,25546,Cook And Phillip-7428,2020-01-11T22:00:00+11:00,-33.8725,151.213333,no2,ppm,0.002
7428,25546,Cook And Phillip-7428,2020-01-11T23:00:00+11:00,-33.8725,151.213333,no2,ppm,0.002
7428,28686,Cook And Phillip-7428,2020-01-11T01:00:00+11:00,-33.8725,151.213333,co,ppm,0.3
7428,28686,Cook And Phillip-7428,2020-01-11T02:00:00+11:00,-33.8725,151.213333,co,ppm,0.3
7428,28686,Cook And Phillip-7428,2020-01-11T03:00:00+11:00,-33.8725,151.213333,co,ppm,0.3
7428,28686,Cook And Phillip-7428,2020-01-11T04:00:00+11:00,-33.8725,151.213333,co,ppm,0.3
7428,28686,Cook And Phillip-7428,2020-01-11T05:00:00+11:00,-33.8725,151.213333,co,ppm,0.3
7428,28686,Cook And Phillip-7428,2020-01-11T06:00:00+11:00,-33.8725,151.213333,co,ppm,0.3
7428,28686,Cook And Phillip-7428,2020-01-11T07:00:00+11:00,-33.8725,151.213333,co,ppm,0.3
7428,28686,Cook And Phillip-7428,2020-01-11T08:00:00+11:00,-33.8725,151.213333,co,ppm,0.3
7428,28686,Cook And Phillip-7428,2020-01-11T09:00:00+11:00,-33.8725,151.213333,co,ppm,0.3
7428,28686,Cook And Phillip-7428,2020-01-11T10:00:00+11:00,-33.8725,151.213333,co,ppm,0.3
7428,28686,Cook And Phillip-7428,2020-01-11T11:00:00+11:00,-33.8725,151.213333,co,ppm,0.2
7428,28686,Cook And Phillip-7428,2020-01-11T12:00:00+11:00,-33.8725,151.213333,co,ppm,0.2
7428,28686,Cook And Phillip-7428,2020-01-11T13:00:00+11:00,-33.8725,151.213333,co,ppm,0.2
7428,28686,Cook And Phillip-7428,2020-01-11T14:00:00+11:00,-33.8725,151.213333,co,ppm,0.2
7428,28686,Cook And Phillip-7428,2020-01-11T15:00:00+11:00,-33.8725,151.213333,co,ppm,0.2
7428,28686,Cook And Phillip-7428,2020-01-11T16:00:00+11:00,-33.8725,151.213333,co,ppm,0.2
7428,28686,Cook And Phillip-7428,2020-01-11T17:00:00+11:00,-33.8725,151.213333,co,ppm,0.3
7428,28686,Cook And Phillip-7428,2020-01-11T18:00:00+11:00,-33.8725,151.213333,co,ppm,0.3
7428,28686,Cook And Phillip-7428,2020-01-11T19:00:00+11:00,-33.8725,151.213333,co,ppm,0.3
7428,28686,Cook And Phillip-7428,2020-01-11T20:00:00+11:00,-33.8725,151.213333,co,ppm,0.3
7428,28686,Cook And Phillip-7428,2020-01-11T21:00:00+11:00,-33.8725,151.213333,co,ppm,0.3
7428,28686,Cook And Phillip-7428,2020-01-11T22:00:00+11:00,-33.8725,151.213333,co,ppm,0.3
7428,28686,Cook And Phillip-7428,2020-01-11T23:00:00+11:00,-33.8725,151.213333,co,ppm,0.3
7428,25544,Cook And Phillip-7428,2020-01-11T01:00:00+11:00,-33.8725,151.213333,so2,ppm,0.0
7428,25544,Cook And Phillip-7428,2020-01-11T03:00:00+11:00,-33.8725,151.213333,so2,ppm,0.0
7428,25544,Cook And Phillip-7428,2020-01-11T04:00:00+11:00,-33.8725,151.213333,so2,ppm,0.0
7428,25544,Cook And Phillip-7428,2020-01-11T05:00:00+11:00,-33.8725,151.213333,so2,ppm,0.0
7428,25544,Cook And Phillip-7428,2020-01-11T06:00:00+11:00,-33.8725,151.213333,so2,ppm,0.0
7428,25544,Cook And Phillip-7428,2020-01-11T07:00:00+11:00,-33.8725,151.213333,so2,ppm,0.0
7428,25544,Cook And Phillip-7428,2020-01-11T08:00:00+11:00,-33.8725,151.213333,so2,ppm,0.0
7428,25544,Cook And Phillip-7428,2020-01-11T09:00:00+11:00,-33.8725,151.213333,so2,ppm,0.0
7428,25544,Cook And Phillip-7428,2020-01-11T10:00:00+11:00,-33.8725,151.213333,so2,ppm,0.0
7428,25544,Cook And Phillip-7428,2020-01-11T11:00:00+11:00,-33.8725,151.213333,so2,ppm,0.0
7428,25544,Cook And Phillip-7428,2020-01-11T12:00:00+11:00,-33.8725,151.213333,so2,ppm,0.0
7428,25544,Cook And Phillip-7428,2020-01-11T13:00:00+11:00,-33.8725,151.213333,so2,ppm,0.0
7428,25544,Cook And Phillip-7428,2020-01-11T14:00:00+11:00,-33.8725,151.213333,so2,ppm,0.0
7428,25544,Cook And Phillip-7428,2020-01-11T15:00:00+11:00,-33.8725,151.213333,so2,ppm,0.0
7428,25544,Cook And Phillip-7428,2020-01-11T16:00:00+11:00,-33.8725,151.213333,so2,ppm,0.0
7428,25544,Cook And Phillip-7428,2020-01-11T17:00:00+11:00,-33.8725,151.213333,so2,ppm,0.0
7428,25544,Cook And Phillip-7428,2020-01-11T18:00:00+11:00,-33.8725,151.213333,so2,ppm,0.0
7428,25544,Cook And Phillip-7428,2020-01-11T19:00:00+11:00,-33.8725,151.213333,so2,ppm,0.0
7428,25544,Cook And Phillip-7428,2020-01-11T20:00:00+11:00,-33.8725,151.213333,so2,ppm,0.0
7428,25544,Cook And Phillip-7428,2020-01-11T21:00:00+11:00,-33.8725,151.213333,so2,ppm,0.0
7428,25544,Cook And Phillip-7428,2020-01-11T22:00:00+11:00,-33.8725,151.213333,so2,ppm,0.0
7428,25544,Cook And Phillip-7428,2020-01-11T23:00:00+11:00,-33.8725,151.213333,so2,ppm,0.0
7428,25545,Cook And Phillip-7428,2020-01-11T01:00:00+11:00,-33.8725,151.213333,o3,ppm,0.015
7428,25545,Cook And Phillip-7428,2020-01-11T02:00:00+11:00,-33.8725,151.213333,o3,ppm,0.018
7428,25545,Cook And Phillip-7428,2020-01-11T03:00:00+11:00,-33.8725,151.213333,o3,ppm,0.022
7428,25545,Cook And Phillip-7428,2020-01-11T04:00:00+11:00,-33.8725,151.213333,o3,ppm,0.021
7428,25545,Cook And Phillip-7428,2020-01-11T05:00:00+11:00,-33.8725,151.213333,o3,ppm,0.022
7428,25545,Cook And Phillip-7428,2020-01-11T06:00:00+11:00,-33.8725,151.213333,o3,ppm,0.02
7428,25545,Cook And Phillip-7428,2020-01-11T07:00:00+11:00,-33.8725,151.213333,o3,ppm,0.015
7428,25545,Cook And Phillip-7428,2020-01-11T08:00:00+11:00,-33.8725,151.213333,o3,ppm,0.012
7428,25545,Cook And Phillip-7428,2020-01-11T09:00:00+11:00,-33.8725,151.213333,o3,ppm,0.012
7428,25545,Cook And Phillip-7428,2020-01-11T10:00:00+11:00,-33.8725,151.213333,o3,ppm,0.011
7428,25545,Cook And Phillip-7428,2020-01-11T11:00:00+11:00,-33.8725,151.213333,o3,ppm,0.011
7428,25545,Cook And Phillip-7428,2020-01-11T12:00:00+11:00,-33.8725,151.213333,o3,ppm,0.012
7428,25545,Cook And Phillip-7428,2020-01-11T13:00:00+11:00,-33.8725,151.213333,o3,ppm,0.016
7428,25545,Cook And Phillip-7428,2020-01-11T14:00:00+11:00,-33.8725,151.213333,o3,ppm,0.019
7428,25545,Cook And Phillip-7428,2020-01-11T15:00:00+11:00,-33.8725,151.213333,o3,ppm,0.021
7428,25545,Cook And Phillip-7428,2020-01-11T16:00:00+11:00,-33.8725,151.213333,o3,ppm,0.024
7428,25545,Cook And Phillip-7428,2020-01-11T17:00:00+11:00,-33.8725,151.213333,o3,ppm,0.021
7428,25545,Cook And Phillip-7428,2020-01-11T18:00:00+11:00,-33.8725,151.213333,o3,ppm,0.022
7428,25545,Cook And Phillip-7428,2020-01-11T19:00:00+11:00,-33.8725,151.213333,o3,ppm,0.023
7428,25545,Cook And Phillip-7428,2020-01-11T20:00:00+11:00,-33.8725,151.213333,o3,ppm,0.021
7428,25545,Cook And Phillip-7428,2020-01-11T21:00:00+11:00,-33.8725,151.213333,o3,ppm,0.022
7428,25545,Cook And Phillip-7428,2020-01-11T22:00:00+11:00,-33.8725,151.213333,o3,ppm,0.02
7428,25545,Cook And Phillip-7428,2020-01-11T23:00:00+11:00,-33.8725,151.213333,o3,ppm,0.022
7428,21615,Cook And Phillip-7428,2020-01-12T01:00:00+11:00,-33.8725,151.213333,pm10,µg/m³,48.4
7428,21615,Cook And Phillip-7428,2020-01-12T02:00:00+11:00,-33.8725,151.213333,pm10,µg/m³,45.9
7428,21615,Cook And Phillip-7428,2020-01-12T03:00:00+11:00,-33.8725,151.213333,pm10,µg/m³,45.5
7428,21615,Cook And Phillip-7428,2020-01-12T04:00:00+11:00,-33.8725,151.213333,pm10,µg/m³,44.2
7428,21615,Cook And Phillip-7428,2020-01-12T05:00:00+11:00,-33.8725,151.213333,pm10,µg/m³,43.4
7428,21615,Cook And Phillip-7428,2020-01-12T06:00:00+11:00,-33.8725,151.213333,pm10,µg/m³,42.5
7428,21615,Cook And Phillip-7428,2020-01-12T07:00:00+11:00,-33.8725,151.213333,pm10,µg/m³,42.6
7428,21615,Cook And Phillip-7428,2020-01-12T08:00:00+11:00,-33.8725,151.213333,pm10,µg/m³,42.9
7428,21615,Cook And Phillip-7428,2020-01-12T09:00:00+11:00,-33.8725,151.213333,pm10,µg/m³,44.4
7428,21615,Cook And Phillip-7428,2020-01-12T10:00:00+11:00,-33.8725,151.213333,pm10,µg/m³,47.2
7428,21615,Cook And Phillip-7428,2020-01-12T11:00:00+11:00,-33.8725,151.213333,pm10,µg/m³,50.5
7428,21615,Cook And Phillip-7428,2020-01-12T12:00:00+11:00,-33.8725,151.213333,pm10,µg/m³,54.7
7428,21615,Cook And Phillip-7428,2020-01-12T13:00:00+11:00,-33.8725,151.213333,pm10,µg/m³,58.3
7428,21615,Cook And Phillip-7428,2020-01-12T14:00:00+11:00,-33.8725,151.213333,pm10,µg/m³,59.6
7428,21615,Cook And Phillip-7428,2020-01-12T15:00:00+11:00,-33.8725,151.213333,pm10,µg/m³,58.7
7428,21615,Cook And Phillip-7428,2020-01-12T16:00:00+11:00,-33.8725,151.213333,pm10,µg/m³,59.7
7428,21615,Cook And Phillip-7428,2020-01-12T17:00:00+11:00,-33.8725,151.213333,pm10,µg/m³,60.7
7428,21615,Cook And Phillip-7428,2020-01-12T18:00:00+11:00,-33.8725,151.213333,pm10,µg/m³,59.0
7428,21615,Cook And Phillip-7428,2020-01-12T19:00:00+11:00,-33.8725,151.213333,pm10,µg/m³,58.5
7428,21615,Cook And Phillip-7428,2020-01-12T20:00:00+11:00,-33.8725,151.213333,pm10,µg/m³,57.4
7428,21615,Cook And Phillip-7428,2020-01-12T21:00:00+11:00,-33.8725,151.213333,pm10,µg/m³,57.5
7428,21615,Cook And Phillip-7428,2020-01-12T22:00:00+11:00,-33.8725,151.213333,pm10,µg/m³,57.5
7428,21615,Cook And Phillip-7428,2020-01-12T23:00:00+11:00,-33.8725,151.213333,pm10,µg/m³,57.2
7428,21614,Cook And Phillip-7428,2020-01-12T01:00:00+11:00,-33.8725,151.213333,pm25,µg/m³,24.9
7428,21614,Cook And Phillip-7428,2020-01-12T02:00:00+11:00,-33.8725,151.213333,pm25,µg/m³,24.4
7428,21614,Cook And Phillip-7428,2020-01-12T03:00:00+11:00,-33.8725,151.213333,pm25,µg/m³,25.3
7428,21614,Cook And Phillip-7428,2020-01-12T04:00:00+11:00,-33.8725,151.213333,pm25,µg/m³,24.6
7428,21614,Cook And Phillip-7428,2020-01-12T05:00:00+11:00,-33.8725,151.213333,pm25,µg/m³,24.4
7428,21614,Cook And Phillip-7428,2020-01-12T06:00:00+11:00,-33.8725,151.213333,pm25,µg/m³,23.7
7428,21614,Cook And Phillip-7428,2020-01-12T07:00:00+11:00,-33.8725,151.213333,pm25,µg/m³,23.5
7428,21614,Cook And Phillip-7428,2020-01-12T08:00:00+11:00,-33.8725,151.213333,pm25,µg/m³,23.7
7428,21614,Cook And Phillip-7428,2020-01-12T09:00:00+11:00,-33.8725,151.213333,pm25,µg/m³,25.0
7428,21614,Cook And Phillip-7428,2020-01-12T10:00:00+11:00,-33.8725,151.213333,pm25,µg/m³,27.6
7428,21614,Cook And Phillip-7428,2020-01-12T11:00:00+11:00,-33.8725,151.213333,pm25,µg/m³,30.9
7428,21614,Cook And Phillip-7428,2020-01-12T12:00:00+11:00,-33.8725,151.213333,pm25,µg/m³,35.1
7428,21614,Cook And Phillip-7428,2020-01-12T13:00:00+11:00,-33.8725,151.213333,pm25,µg/m³,39.0
7428,21614,Cook And Phillip-7428,2020-01-12T14:00:00+11:00,-33.8725,151.213333,pm25,µg/m³,40.6
7428,21614,Cook And Phillip-7428,2020-01-12T15:00:00+11:00,-33.8725,151.213333,pm25,µg/m³,40.4
7428,21614,Cook And Phillip-7428,2020-01-12T16:00:00+11:00,-33.8725,151.213333,pm25,µg/m³,41.8
7428,21614,Cook And Phillip-7428,2020-01-12T17:00:00+11:00,-33.8725,151.213333,pm25,µg/m³,42.9
7428,21614,Cook And Phillip-7428,2020-01-12T18:00:00+11:00,-33.8725,151.213333,pm25,µg/m³,41.7
7428,21614,Cook And Phillip-7428,2020-01-12T19:00:00+11:00,-33.8725,151.213333,pm25,µg/m³,41.4
7428,21614,Cook And Phillip-7428,2020-01-12T20:00:00+11:00,-33.8725,151.213333,pm25,µg/m³,40.6
7428,21614,Cook And Phillip-7428,2020-01-12T21:00:00+11:00,-33.8725,151.213333,pm25,µg/m³,40.8
7428,21614,Cook And Phillip-7428,2020-01-12T22:00:00+11:00,-33.8725,151.213333,pm25,µg/m³,41.0
7428,21614,Cook And Phillip-7428,2020-01-12T23:00:00+11:00,-33.8725,151.213333,pm25,µg/m³,41.1
7428,25546,Cook And Phillip-7428,2020-01-12T01:00:00+11:00,-33.8725,151.213333,no2,ppm,0.001
7428,25546,Cook And Phillip-7428,2020-01-12T03:00:00+11:00,-33.8725,151.213333,no2,ppm,0.001
7428,25546,Cook And Phillip-7428,2020-01-12T04:00:00+11:00,-33.8725,151.213333,no2,ppm,0.001
7428,25546,Cook And Phillip-7428,2020-01-12T05:00:00+11:00,-33.8725,151.213333,no2,ppm,0.0
7428,25546,Cook And Phillip-7428,2020-01-12T06:00:00+11:00,-33.8725,151.213333,no2,ppm,0.001
7428,25546,Cook And Phillip-7428,2020-01-12T07:00:00+11:00,-33.8725,151.213333,no2,ppm,0.002
7428,25546,Cook And Phillip-7428,2020-01-12T08:00:00+11:00,-33.8725,151.213333,no2,ppm,0.003
7428,25546,Cook And Phillip-7428,2020-01-12T09:00:00+11:00,-33.8725,151.213333,no2,ppm,0.003
7428,25546,Cook And Phillip-7428,2020-01-12T10:00:00+11:00,-33.8725,151.213333,no2,ppm,0.004
7428,25546,Cook And Phillip-7428,2020-01-12T11:00:00+11:00,-33.8725,151.213333,no2,ppm,0.008
7428,25546,Cook And Phillip-7428,2020-01-12T12:00:00+11:00,-33.8725,151.213333,no2,ppm,0.01
7428,25546,Cook And Phillip-7428,2020-01-12T13:00:00+11:00,-33.8725,151.213333,no2,ppm,0.01
7428,25546,Cook And Phillip-7428,2020-01-12T14:00:00+11:00,-33.8725,151.213333,no2,ppm,0.012
7428,25546,Cook And Phillip-7428,2020-01-12T15:00:00+11:00,-33.8725,151.213333,no2,ppm,0.01
7428,25546,Cook And Phillip-7428,2020-01-12T16:00:00+11:00,-33.8725,151.213333,no2,ppm,0.007
7428,25546,Cook And Phillip-7428,2020-01-12T17:00:00+11:00,-33.8725,151.213333,no2,ppm,0.005
7428,25546,Cook And Phillip-7428,2020-01-12T18:00:00+11:00,-33.8725,151.213333,no2,ppm,0.005
7428,25546,Cook And Phillip-7428,2020-01-12T19:00:00+11:00,-33.8725,151.213333,no2,ppm,0.004
7428,25546,Cook And Phillip-7428,2020-01-12T20:00:00+11:00,-33.8725,151.213333,no2,ppm,0.005
7428,25546,Cook And Phillip-7428,2020-01-12T21:00:00+11:00,-33.8725,151.213333,no2,ppm,0.01
7428,25546,Cook And Phillip-7428,2020-01-12T22:00:00+11:00,-33.8725,151.213333,no2,ppm,0.003
7428,25546,Cook And Phillip-7428,2020-01-12T23:00:00+11:00,-33.8725,151.213333,no2,ppm,0.002
7428,28686,Cook And Phillip-7428,2020-01-12T01:00:00+11:00,-33.8725,151.213333,co,ppm,0.2
7428,28686,Cook And Phillip-7428,2020-01-12T02:00:00+11:00,-33.8725,151.213333,co,ppm,0.2
7428,28686,Cook And Phillip-7428,2020-01-12T03:00:00+11:00,-33.8725,151.213333,co,ppm,0.2
7428,28686,Cook And Phillip-7428,2020-01-12T04:00:00+11:00,-33.8725,151.213333,co,ppm,0.2
7428,28686,Cook And Phillip-7428,2020-01-12T05:00:00+11:00,-33.8725,151.213333,co,ppm,0.1
7428,28686,Cook And Phillip-7428,2020-01-12T06:00:00+11:00,-33.8725,151.213333,co,ppm,0.1
7428,28686,Cook And Phillip-7428,2020-01-12T07:00:00+11:00,-33.8725,151.213333,co,ppm,0.1
7428,28686,Cook And Phillip-7428,2020-01-12T08:00:00+11:00,-33.8725,151.213333,co,ppm,0.1
7428,28686,Cook And Phillip-7428,2020-01-12T09:00:00+11:00,-33.8725,151.213333,co,ppm,0.2
7428,28686,Cook And Phillip-7428,2020-01-12T10:00:00+11:00,-33.8725,151.213333,co,ppm,0.2
7428,28686,Cook And Phillip-7428,2020-01-12T11:00:00+11:00,-33.8725,151.213333,co,ppm,0.3
7428,28686,Cook And Phillip-7428,2020-01-12T12:00:00+11:00,-33.8725,151.213333,co,ppm,0.4
7428,28686,Cook And Phillip-7428,2020-01-12T13:00:00+11:00,-33.8725,151.213333,co,ppm,0.4
7428,28686,Cook And Phillip-7428,2020-01-12T14:00:00+11:00,-33.8725,151.213333,co,ppm,0.5
7428,28686,Cook And Phillip-7428,2020-01-12T15:00:00+11:00,-33.8725,151.213333,co,ppm,0.5
7428,28686,Cook And Phillip-7428,2020-01-12T16:00:00+11:00,-33.8725,151.213333,co,ppm,0.5
7428,28686,Cook And Phillip-7428,2020-01-12T17:00:00+11:00,-33.8725,151.213333,co,ppm,0.5
7428,28686,Cook And Phillip-7428,2020-01-12T18:00:00+11:00,-33.8725,151.213333,co,ppm,0.5
7428,28686,Cook And Phillip-7428,2020-01-12T19:00:00+11:00,-33.8725,151.213333,co,ppm,0.4
7428,28686,Cook And Phillip-7428,2020-01-12T20:00:00+11:00,-33.8725,151.213333,co,ppm,0.3
7428,28686,Cook And Phillip-7428,2020-01-12T21:00:00+11:00,-33.8725,151.213333,co,ppm,0.3
7428,28686,Cook And Phillip-7428,2020-01-12T22:00:00+11:00,-33.8725,151.213333,co,ppm,0.2
7428,28686,Cook And Phillip-7428,2020-01-12T23:00:00+11:00,-33.8725,151.213333,co,ppm,0.2
7428,25544,Cook And Phillip-7428,2020-01-12T01:00:00+11:00,-33.8725,151.213333,so2,ppm,0.0
7428,25544,Cook And Phillip-7428,2020-01-12T03:00:00+11:00,-33.8725,151.213333,so2,ppm,0.0
7428,25544,Cook And Phillip-7428,2020-01-12T04:00:00+11:00,-33.8725,151.213333,so2,ppm,0.0
7428,25544,Cook And Phillip-7428,2020-01-12T05:00:00+11:00,-33.8725,151.213333,so2,ppm,0.0
7428,25544,Cook And Phillip-7428,2020-01-12T06:00:00+11:00,-33.8725,151.213333,so2,ppm,0.0
7428,25544,Cook And Phillip-7428,2020-01-12T07:00:00+11:00,-33.8725,151.213333,so2,ppm,0.0
7428,25544,Cook And Phillip-7428,2020-01-12T08:00:00+11:00,-33.8725,151.213333,so2,ppm,0.0
7428,25544,Cook And Phillip-7428,2020-01-12T09:00:00+11:00,-33.8725,151.213333,so2,ppm,0.0
7428,25544,Cook And Phillip-7428,2020-01-12T10:00:00+11:00,-33.8725,151.213333,so2,ppm,0.0
7428,25544,Cook And Phillip-7428,2020-01-12T11:00:00+11:00,-33.8725,151.213333,so2,ppm,0.0
7428,25544,Cook And Phillip-7428,2020-01-12T12:00:00+11:00,-33.8725,151.213333,so2,ppm,0.0
7428,25544,Cook And Phillip-7428,2020-01-12T13:00:00+11:00,-33.8725,151.213333,so2,ppm,0.0
7428,25544,Cook And Phillip-7428,2020-01-12T14:00:00+11:00,-33.8725,151.213333,so2,ppm,0.0
7428,25544,Cook And Phillip-7428,2020-01-12T15:00:00+11:00,-33.8725,151.213333,so2,ppm,0.0
7428,25544,Cook And Phillip-7428,2020-01-12T16:00:00+11:00,-33.8725,151.213333,so2,ppm,0.0
7428,25544,Cook And Phillip-7428,2020-01-12T17:00:00+11:00,-33.8725,151.213333,so2,ppm,0.0
7428,25544,Cook And Phillip-7428,2020-01-12T18:00:00+11:00,-33.8725,151.213333,so2,ppm,0.0
7428,25544,Cook And Phillip-7428,2020-01-12T19:00:00+11:00,-33.8725,151.213333,so2,ppm,0.0
7428,25544,Cook And Phillip-7428,2020-01-12T20:00:00+11:00,-33.8725,151.213333,so2,ppm,0.0
7428,25544,Cook And Phillip-7428,2020-01-12T21:00:00+11:00,-33.8725,151.213333,so2,ppm,0.0
7428,25544,Cook And Phillip-7428,2020-01-12T22:00:00+11:00,-33.8725,151.213333,so2,ppm,0.0
7428,25544,Cook And Phillip-7428,2020-01-12T23:00:00+11:00,-33.8725,151.213333,so2,ppm,0.0
7428,25545,Cook And Phillip-7428,2020-01-12T01:00:00+11:00,-33.8725,151.213333,o3,ppm,0.022
7428,25545,Cook And Phillip-7428,2020-01-12T02:00:00+11:00,-33.8725,151.213333,o3,ppm,0.022
7428,25545,Cook And Phillip-7428,2020-01-12T03:00:00+11:00,-33.8725,151.213333,o3,ppm,0.02
7428,25545,Cook And Phillip-7428,2020-01-12T04:00:00+11:00,-33.8725,151.213333,o3,ppm,0.02
7428,25545,Cook And Phillip-7428,2020-01-12T05:00:00+11:00,-33.8725,151.213333,o3,ppm,0.018
7428,25545,Cook And Phillip-7428,2020-01-12T06:00:00+11:00,-33.8725,151.213333,o3,ppm,0.016
7428,25545,Cook And Phillip-7428,2020-01-12T07:00:00+11:00,-33.8725,151.213333,o3,ppm,0.015
7428,25545,Cook And Phillip-7428,2020-01-12T08:00:00+11:00,-33.8725,151.213333,o3,ppm,0.015
7428,25545,Cook And Phillip-7428,2020-01-12T09:00:00+11:00,-33.8725,151.213333,o3,ppm,0.015
7428,25545,Cook And Phillip-7428,2020-01-12T10:00:00+11:00,-33.8725,151.213333,o3,ppm,0.017
7428,25545,Cook And Phillip-7428,2020-01-12T11:00:00+11:00,-33.8725,151.213333,o3,ppm,0.011
7428,25545,Cook And Phillip-7428,2020-01-12T12:00:00+11:00,-33.8725,151.213333,o3,ppm,0.007
7428,25545,Cook And Phillip-7428,2020-01-12T13:00:00+11:00,-33.8725,151.213333,o3,ppm,0.006
7428,25545,Cook And Phillip-7428,2020-01-12T14:00:00+11:00,-33.8725,151.213333,o3,ppm,0.006
7428,25545,Cook And Phillip-7428,2020-01-12T15:00:00+11:00,-33.8725,151.213333,o3,ppm,0.01
7428,25545,Cook And Phillip-7428,2020-01-12T16:00:00+11:00,-33.8725,151.213333,o3,ppm,0.014
7428,25545,Cook And Phillip-7428,2020-01-12T17:00:00+11:00,-33.8725,151.213333,o3,ppm,0.015
7428,25545,Cook And Phillip-7428,2020-01-12T18:00:00+11:00,-33.8725,151.213333,o3,ppm,0.014
7428,25545,Cook And Phillip-7428,2020-01-12T19:00:00+11:00,-33.8725,151.213333,o3,ppm,0.015
7428,25545,Cook And Phillip-7428,2020-01-12T20:00:00+11:00,-33.8725,151.213333,o3,ppm,0.016
7428,25545,Cook And Phillip-7428,2020-01-12T21:00:00+11:00,-33.8725,151.213333,o3,ppm,0.009
7428,25545,Cook And Phillip-7428,2020-01-12T22:00:00+11:00,-33.8725,151.213333,o3,ppm,0.018
7428,25545,Cook And Phillip-7428,2020-01-12T23:00:00+11:00,-33.8725,151.213333,o3,ppm,0.02
7428,21615,Cook And Phillip-7428,2020-01-13T01:00:00+11:00,-33.8725,151.213333,pm10,µg/m³,58.9
7428,21615,Cook And Phillip-7428,2020-01-13T02:00:00+11:00,-33.8725,151.213333,pm10,µg/m³,59.1
7428,21615,Cook And Phillip-7428,2020-01-13T03:00:00+11:00,-33.8725,151.213333,pm10,µg/m³,57.5
7428,21615,Cook And Phillip-7428,2020-01-13T04:00:00+11:00,-33.8725,151.213333,pm10,µg/m³,56.8
7428,21615,Cook And Phillip-7428,2020-01-13T05:00:00+11:00,-33.8725,151.213333,pm10,µg/m³,56.1
7428,21615,Cook And Phillip-7428,2020-01-13T06:00:00+11:00,-33.8725,151.213333,pm10,µg/m³,56.7
7428,21615,Cook And Phillip-7428,2020-01-13T07:00:00+11:00,-33.8725,151.213333,pm10,µg/m³,57.1
7428,21615,Cook And Phillip-7428,2020-01-13T08:00:00+11:00,-33.8725,151.213333,pm10,µg/m³,57.2
7428,21615,Cook And Phillip-7428,2020-01-13T09:00:00+11:00,-33.8725,151.213333,pm10,µg/m³,57.2
7428,21615,Cook And Phillip-7428,2020-01-13T10:00:00+11:00,-33.8725,151.213333,pm10,µg/m³,54.8
7428,21615,Cook And Phillip-7428,2020-01-13T11:00:00+11:00,-33.8725,151.213333,pm10,µg/m³,50.8
7428,21615,Cook And Phillip-7428,2020-01-13T12:00:00+11:00,-33.8725,151.213333,pm10,µg/m³,46.7
7428,21615,Cook And Phillip-7428,2020-01-13T13:00:00+11:00,-33.8725,151.213333,pm10,µg/m³,42.7
7428,21615,Cook And Phillip-7428,2020-01-13T14:00:00+11:00,-33.8725,151.213333,pm10,µg/m³,40.2
7428,21615,Cook And Phillip-7428,2020-01-13T15:00:00+11:00,-33.8725,151.213333,pm10,µg/m³,38.7
7428,21615,Cook And Phillip-7428,2020-01-13T16:00:00+11:00,-33.8725,151.213333,pm10,µg/m³,37.0
7428,21615,Cook And Phillip-7428,2020-01-13T17:00:00+11:00,-33.8725,151.213333,pm10,µg/m³,36.0
7428,21615,Cook And Phillip-7428,2020-01-13T18:00:00+11:00,-33.8725,151.213333,pm10,µg/m³,35.7
7428,21615,Cook And Phillip-7428,2020-01-13T19:00:00+11:00,-33.8725,151.213333,pm10,µg/m³,35.0
7428,21615,Cook And Phillip-7428,2020-01-13T20:00:00+11:00,-33.8725,151.213333,pm10,µg/m³,35.4
7428,21615,Cook And Phillip-7428,2020-01-13T21:00:00+11:00,-33.8725,151.213333,pm10,µg/m³,35.7
7428,21615,Cook And Phillip-7428,2020-01-13T22:00:00+11:00,-33.8725,151.213333,pm10,µg/m³,35.1
7428,21615,Cook And Phillip-7428,2020-01-13T23:00:00+11:00,-33.8725,151.213333,pm10,µg/m³,34.5
7428,21614,Cook And Phillip-7428,2020-01-13T01:00:00+11:00,-33.8725,151.213333,pm25,µg/m³,43.2
7428,21614,Cook And Phillip-7428,2020-01-13T02:00:00+11:00,-33.8725,151.213333,pm25,µg/m³,43.7
7428,21614,Cook And Phillip-7428,2020-01-13T03:00:00+11:00,-33.8725,151.213333,pm25,µg/m³,42.5
7428,21614,Cook And Phillip-7428,2020-01-13T04:00:00+11:00,-33.8725,151.213333,pm25,µg/m³,42.2
7428,21614,Cook And Phillip-7428,2020-01-13T05:00:00+11:00,-33.8725,151.213333,pm25,µg/m³,42.0
7428,21614,Cook And Phillip-7428,2020-01-13T06:00:00+11:00,-33.8725,151.213333,pm25,µg/m³,43.0
7428,21614,Cook And Phillip-7428,2020-01-13T07:00:00+11:00,-33.8725,151.213333,pm25,µg/m³,43.8
7428,21614,Cook And Phillip-7428,2020-01-13T08:00:00+11:00,-33.8725,151.213333,pm25,µg/m³,44.2
7428,21614,Cook And Phillip-7428,2020-01-13T09:00:00+11:00,-33.8725,151.213333,pm25,µg/m³,44.3
7428,21614,Cook And Phillip-7428,2020-01-13T10:00:00+11:00,-33.8725,151.213333,pm25,µg/m³,41.9
7428,21614,Cook And Phillip-7428,2020-01-13T11:00:00+11:00,-33.8725,151.213333,pm25,µg/m³,38.3
7428,21614,Cook And Phillip-7428,2020-01-13T12:00:00+11:00,-33.8725,151.213333,pm25,µg/m³,34.2
7428,21614,Cook And Phillip-7428,2020-01-13T13:00:00+11:00,-33.8725,151.213333,pm25,µg/m³,30.2
7428,21614,Cook And Phillip-7428,2020-01-13T14:00:00+11:00,-33.8725,151.213333,pm25,µg/m³,27.6
7428,21614,Cook And Phillip-7428,2020-01-13T15:00:00+11:00,-33.8725,151.213333,pm25,µg/m³,26.0
7428,21614,Cook And Phillip-7428,2020-01-13T16:00:00+11:00,-33.8725,151.213333,pm25,µg/m³,24.2
7428,21614,Cook And Phillip-7428,2020-01-13T17:00:00+11:00,-33.8725,151.213333,pm25,µg/m³,23.2
7428,21614,Cook And Phillip-7428,2020-01-13T18:00:00+11:00,-33.8725,151.213333,pm25,µg/m³,22.7
7428,21614,Cook And Phillip-7428,2020-01-13T19:00:00+11:00,-33.8725,151.213333,pm25,µg/m³,22.1
7428,21614,Cook And Phillip-7428,2020-01-13T20:00:00+11:00,-33.8725,151.213333,pm25,µg/m³,22.4
7428,21614,Cook And Phillip-7428,2020-01-13T21:00:00+11:00,-33.8725,151.213333,pm25,µg/m³,22.7
7428,21614,Cook And Phillip-7428,2020-01-13T22:00:00+11:00,-33.8725,151.213333,pm25,µg/m³,22.3
7428,21614,Cook And Phillip-7428,2020-01-13T23:00:00+11:00,-33.8725,151.213333,pm25,µg/m³,21.6
7428,25546,Cook And Phillip-7428,2020-01-13T01:00:00+11:00,-33.8725,151.213333,no2,ppm,0.005
7428,25546,Cook And Phillip-7428,2020-01-13T03:00:00+11:00,-33.8725,151.213333,no2,ppm,0.016
7428,25546,Cook And Phillip-7428,2020-01-13T04:00:00+11:00,-33.8725,151.213333,no2,ppm,0.016
7428,25546,Cook And Phillip-7428,2020-01-13T05:00:00+11:00,-33.8725,151.213333,no2,ppm,0.018
7428,25546,Cook And Phillip-7428,2020-01-13T06:00:00+11:00,-33.8725,151.213333,no2,ppm,0.019
7428,25546,Cook And Phillip-7428,2020-01-13T07:00:00+11:00,-33.8725,151.213333,no2,ppm,0.023
7428,25546,Cook And Phillip-7428,2020-01-13T08:00:00+11:00,-33.8725,151.213333,no2,ppm,0.026
7428,25546,Cook And Phillip-7428,2020-01-13T09:00:00+11:00,-33.8725,151.213333,no2,ppm,0.02
7428,25546,Cook And Phillip-7428,2020-01-13T10:00:00+11:00,-33.8725,151.213333,no2,ppm,0.004
7428,25546,Cook And Phillip-7428,2020-01-13T11:00:00+11:00,-33.8725,151.213333,no2,ppm,0.004
7428,25546,Cook And Phillip-7428,2020-01-13T12:00:00+11:00,-33.8725,151.213333,no2,ppm,0.003
7428,25546,Cook And Phillip-7428,2020-01-13T13:00:00+11:00,-33.8725,151.213333,no2,ppm,0.003
7428,25546,Cook And Phillip-7428,2020-01-13T14:00:00+11:00,-33.8725,151.213333,no2,ppm,0.003
7428,25546,Cook And Phillip-7428,2020-01-13T15:00:00+11:00,-33.8725,151.213333,no2,ppm,0.003
7428,25546,Cook And Phillip-7428,2020-01-13T16:00:00+11:00,-33.8725,151.213333,no2,ppm,0.004
7428,25546,Cook And Phillip-7428,2020-01-13T17:00:00+11:00,-33.8725,151.213333,no2,ppm,0.004
7428,25546,Cook And Phillip-7428,2020-01-13T18:00:00+11:00,-33.8725,151.213333,no2,ppm,0.004
7428,25546,Cook And Phillip-7428,2020-01-13T19:00:00+11:00,-33.8725,151.213333,no2,ppm,0.006
7428,25546,Cook And Phillip-7428,2020-01-13T20:00:00+11:00,-33.8725,151.213333,no2,ppm,0.005
7428,25546,Cook And Phillip-7428,2020-01-13T21:00:00+11:00,-33.8725,151.213333,no2,ppm,0.003
7428,25546,Cook And Phillip-7428,2020-01-13T22:00:00+11:00,-33.8725,151.213333,no2,ppm,0.003
7428,25546,Cook And Phillip-7428,2020-01-13T23:00:00+11:00,-33.8725,151.213333,no2,ppm,0.002
7428,28686,Cook And Phillip-7428,2020-01-13T01:00:00+11:00,-33.8725,151.213333,co,ppm,0.2
7428,28686,Cook And Phillip-7428,2020-01-13T02:00:00+11:00,-33.8725,151.213333,co,ppm,0.2
7428,28686,Cook And Phillip-7428,2020-01-13T03:00:00+11:00,-33.8725,151.213333,co,ppm,0.3
7428,28686,Cook And Phillip-7428,2020-01-13T04:00:00+11:00,-33.8725,151.213333,co,ppm,0.3
7428,28686,Cook And Phillip-7428,2020-01-13T05:00:00+11:00,-33.8725,151.213333,co,ppm,0.3
7428,28686,Cook And Phillip-7428,2020-01-13T06:00:00+11:00,-33.8725,151.213333,co,ppm,0.3
7428,28686,Cook And Phillip-7428,2020-01-13T07:00:00+11:00,-33.8725,151.213333,co,ppm,0.4
7428,28686,Cook And Phillip-7428,2020-01-13T08:00:00+11:00,-33.8725,151.213333,co,ppm,0.4
7428,28686,Cook And Phillip-7428,2020-01-13T09:00:00+11:00,-33.8725,151.213333,co,ppm,0.4
7428,28686,Cook And Phillip-7428,2020-01-13T10:00:00+11:00,-33.8725,151.213333,co,ppm,0.4
7428,28686,Cook And Phillip-7428,2020-01-13T11:00:00+11:00,-33.8725,151.213333,co,ppm,0.3
7428,28686,Cook And Phillip-7428,2020-01-13T12:00:00+11:00,-33.8725,151.213333,co,ppm,0.3
7428,28686,Cook And Phillip-7428,2020-01-13T13:00:00+11:00,-33.8725,151.213333,co,ppm,0.3
7428,28686,Cook And Phillip-7428,2020-01-13T14:00:00+11:00,-33.8725,151.213333,co,ppm,0.2
7428,28686,Cook And Phillip-7428,2020-01-13T15:00:00+11:00,-33.8725,151.213333,co,ppm,0.2
7428,28686,Cook And Phillip-7428,2020-01-13T16:00:00+11:00,-33.8725,151.213333,co,ppm,0.1
7428,28686,Cook And Phillip-7428,2020-01-13T17:00:00+11:00,-33.8725,151.213333,co,ppm,0.1
7428,28686,Cook And Phillip-7428,2020-01-13T18:00:00+11:00,-33.8725,151.213333,co,ppm,0.1
7428,28686,Cook And Phillip-7428,2020-01-13T19:00:00+11:00,-33.8725,151.213333,co,ppm,0.1
7428,28686,Cook And Phillip-7428,2020-01-13T20:00:00+11:00,-33.8725,151.213333,co,ppm,0.1
7428,28686,Cook And Phillip-7428,2020-01-13T21:00:00+11:00,-33.8725,151.213333,co,ppm,0.1
7428,28686,Cook And Phillip-7428,2020-01-13T22:00:00+11:00,-33.8725,151.213333,co,ppm,0.1
7428,28686,Cook And Phillip-7428,2020-01-13T23:00:00+11:00,-33.8725,151.213333,co,ppm,0.1
7428,25544,Cook And Phillip-7428,2020-01-13T01:00:00+11:00,-33.8725,151.213333,so2,ppm,0.0
7428,25544,Cook And Phillip-7428,2020-01-13T03:00:00+11:00,-33.8725,151.213333,so2,ppm,0.0
7428,25544,Cook And Phillip-7428,2020-01-13T04:00:00+11:00,-33.8725,151.213333,so2,ppm,0.0
7428,25544,Cook And Phillip-7428,2020-01-13T05:00:00+11:00,-33.8725,151.213333,so2,ppm,0.0
7428,25544,Cook And Phillip-7428,2020-01-13T06:00:00+11:00,-33.8725,151.213333,so2,ppm,0.0
7428,25544,Cook And Phillip-7428,2020-01-13T07:00:00+11:00,-33.8725,151.213333,so2,ppm,0.001
7428,25544,Cook And Phillip-7428,2020-01-13T08:00:00+11:00,-33.8725,151.213333,so2,ppm,0.001
7428,25544,Cook And Phillip-7428,2020-01-13T09:00:00+11:00,-33.8725,151.213333,so2,ppm,0.0
7428,25544,Cook And Phillip-7428,2020-01-13T10:00:00+11:00,-33.8725,151.213333,so2,ppm,0.0
7428,25544,Cook And Phillip-7428,2020-01-13T11:00:00+11:00,-33.8725,151.213333,so2,ppm,0.0
7428,25544,Cook And Phillip-7428,2020-01-13T12:00:00+11:00,-33.8725,151.213333,so2,ppm,0.0
7428,25544,Cook And Phillip-7428,2020-01-13T13:00:00+11:00,-33.8725,151.213333,so2,ppm,0.0
7428,25544,Cook And Phillip-7428,2020-01-13T14:00:00+11:00,-33.8725,151.213333,so2,ppm,0.0
7428,25544,Cook And Phillip-7428,2020-01-13T15:00:00+11:00,-33.8725,151.213333,so2,ppm,0.0
7428,25544,Cook And Phillip-7428,2020-01-13T16:00:00+11:00,-33.8725,151.213333,so2,ppm,0.0
7428,25544,Cook And Phillip-7428,2020-01-13T17:00:00+11:00,-33.8725,151.213333,so2,ppm,0.0
7428,25544,Cook And Phillip-7428,2020-01-13T18:00:00+11:00,-33.8725,151.213333,so2,ppm,0.0
7428,25544,Cook And Phillip-7428,2020-01-13T19:00:00+11:00,-33.8725,151.213333,so2,ppm,0.0
7428,25544,Cook And Phillip-7428,2020-01-13T20:00:00+11:00,-33.8725,151.213333,so2,ppm,0.0
7428,25544,Cook And Phillip-7428,2020-01-13T21:00:00+11:00,-33.8725,151.213333,so2,ppm,0.0
7428,25544,Cook And Phillip-7428,2020-01-13T22:00:00+11:00,-33.8725,151.213333,so2,ppm,0.0
7428,25544,Cook And Phillip-7428,2020-01-13T23:00:00+11:00,-33.8725,151.213333,so2,ppm,0.0
7428,25545,Cook And Phillip-7428,2020-01-13T01:00:00+11:00,-33.8725,151.213333,o3,ppm,0.019
7428,25545,Cook And Phillip-7428,2020-01-13T02:00:00+11:00,-33.8725,151.213333,o3,ppm,0.019
7428,25545,Cook And Phillip-7428,2020-01-13T04:00:00+11:00,-33.8725,151.213333,o3,ppm,-0.001
7428,25545,Cook And Phillip-7428,2020-01-13T05:00:00+11:00,-33.8725,151.213333,o3,ppm,-0.001
7428,25545,Cook And Phillip-7428,2020-01-13T06:00:00+11:00,-33.8725,151.213333,o3,ppm,-0.001
7428,25545,Cook And Phillip-7428,2020-01-13T07:00:00+11:00,-33.8725,151.213333,o3,ppm,-0.001
7428,25545,Cook And Phillip-7428,2020-01-13T08:00:00+11:00,-33.8725,151.213333,o3,ppm,0.0
7428,25545,Cook And Phillip-7428,2020-01-13T09:00:00+11:00,-33.8725,151.213333,o3,ppm,0.005
7428,25545,Cook And Phillip-7428,2020-01-13T10:00:00+11:00,-33.8725,151.213333,o3,ppm,0.013
7428,25545,Cook And Phillip-7428,2020-01-13T11:00:00+11:00,-33.8725,151.213333,o3,ppm,0.012
7428,25545,Cook And Phillip-7428,2020-01-13T12:00:00+11:00,-33.8725,151.213333,o3,ppm,0.012
7428,25545,Cook And Phillip-7428,2020-01-13T13:00:00+11:00,-33.8725,151.213333,o3,ppm,0.012
7428,25545,Cook And Phillip-7428,2020-01-13T14:00:00+11:00,-33.8725,151.213333,o3,ppm,0.011
7428,25545,Cook And Phillip-7428,2020-01-13T15:00:00+11:00,-33.8725,151.213333,o3,ppm,0.011
7428,25545,Cook And Phillip-7428,2020-01-13T16:00:00+11:00,-33.8725,151.213333,o3,ppm,0.01
7428,25545,Cook And Phillip-7428,2020-01-13T17:00:00+11:00,-33.8725,151.213333,o3,ppm,0.009
7428,25545,Cook And Phillip-7428,2020-01-13T18:00:00+11:00,-33.8725,151.213333,o3,ppm,0.008
7428,25545,Cook And Phillip-7428,2020-01-13T19:00:00+11:00,-33.8725,151.213333,o3,ppm,0.006
7428,25545,Cook And Phillip-7428,2020-01-13T20:00:00+11:00,-33.8725,151.213333,o3,ppm,0.009
7428,25545,Cook And Phillip-7428,2020-01-13T21:00:00+11:00,-33.8725,151.213333,o3,ppm,0.01
7428,25545,Cook And Phillip-7428,2020-01-13T22:00:00+11:00,-33.8725,151.213333,o3,ppm,0.01
7428,25545,Cook And Phillip-7428,2020-01-13T23:00:00+11:00,-33.8725,151.213333,o3,ppm,0.011
7428,21615,Cook And Phillip-7428,2020-01-14T01:00:00+11:00,-33.8725,151.213333,pm10,µg/m³,31.5
7428,21615,Cook And Phillip-7428,2020-01-14T02:00:00+11:00,-33.8725,151.213333,pm10,µg/m³,30.5
7428,21615,Cook And Phillip-7428,2020-01-14T03:00:00+11:00,-33.8725,151.213333,pm10,µg/m³,28.5
7428,21615,Cook And Phillip-7428,2020-01-14T04:00:00+11:00,-33.8725,151.213333,pm10,µg/m³,28.2
7428,21615,Cook And Phillip-7428,2020-01-14T05:00:00+11:00,-33.8725,151.213333,pm10,µg/m³,26.9
7428,21615,Cook And Phillip-7428,2020-01-14T06:00:00+11:00,-33.8725,151.213333,pm10,µg/m³,25.6
7428,21615,Cook And Phillip-7428,2020-01-14T07:00:00+11:00,-33.8725,151.213333,pm10,µg/m³,24.2
7428,21615,Cook And Phillip-7428,2020-01-14T08:00:00+11:00,-33.8725,151.213333,pm10,µg/m³,23.6
7428,21615,Cook And Phillip-7428,2020-01-14T09:00:00+11:00,-33.8725,151.213333,pm10,µg/m³,22.4
7428,21615,Cook And Phillip-7428,2020-01-14T10:00:00+11:00,-33.8725,151.213333,pm10,µg/m³,21.2
7428,21615,Cook And Phillip-7428,2020-01-14T11:00:00+11:00,-33.8725,151.213333,pm10,µg/m³,21.1
7428,21615,Cook And Phillip-7428,2020-01-14T12:00:00+11:00,-33.8725,151.213333,pm10,µg/m³,21.1
7428,21615,Cook And Phillip-7428,2020-01-14T13:00:00+11:00,-33.8725,151.213333,pm10,µg/m³,21.4
7428,21615,Cook And Phillip-7428,2020-01-14T14:00:00+11:00,-33.8725,151.213333,pm10,µg/m³,21.4
7428,21615,Cook And Phillip-7428,2020-01-14T15:00:00+11:00,-33.8725,151.213333,pm10,µg/m³,21.4
7428,21615,Cook And Phillip-7428,2020-01-14T16:00:00+11:00,-33.8725,151.213333,pm10,µg/m³,21.5
7428,21615,Cook And Phillip-7428,2020-01-14T17:00:00+11:00,-33.8725,151.213333,pm10,µg/m³,21.5
7428,21615,Cook And Phillip-7428,2020-01-14T18:00:00+11:00,-33.8725,151.213333,pm10,µg/m³,21.3
7428,21615,Cook And Phillip-7428,2020-01-14T19:00:00+11:00,-33.8725,151.213333,pm10,µg/m³,21.1
7428,21615,Cook And Phillip-7428,2020-01-14T20:00:00+11:00,-33.8725,151.213333,pm10,µg/m³,21.6
7428,21615,Cook And Phillip-7428,2020-01-14T21:00:00+11:00,-33.8725,151.213333,pm10,µg/m³,22.6
7428,21615,Cook And Phillip-7428,2020-01-14T22:00:00+11:00,-33.8725,151.213333,pm10,µg/m³,22.8
7428,21615,Cook And Phillip-7428,2020-01-14T23:00:00+11:00,-33.8725,151.213333,pm10,µg/m³,23.1
7428,21614,Cook And Phillip-7428,2020-01-14T01:00:00+11:00,-33.8725,151.213333,pm25,µg/m³,18.7
7428,21614,Cook And Phillip-7428,2020-01-14T02:00:00+11:00,-33.8725,151.213333,pm25,µg/m³,17.6
7428,21614,Cook And Phillip-7428,2020-01-14T03:00:00+11:00,-33.8725,151.213333,pm25,µg/m³,15.8
7428,21614,Cook And Phillip-7428,2020-01-14T04:00:00+11:00,-33.8725,151.213333,pm25,µg/m³,15.3
7428,21614,Cook And Phillip-7428,2020-01-14T05:00:00+11:00,-33.8725,151.213333,pm25,µg/m³,13.8
7428,21614,Cook And Phillip-7428,2020-01-14T06:00:00+11:00,-33.8725,151.213333,pm25,µg/m³,12.4
7428,21614,Cook And Phillip-7428,2020-01-14T07:00:00+11:00,-33.8725,151.213333,pm25,µg/m³,10.9
7428,21614,Cook And Phillip-7428,2020-01-14T08:00:00+11:00,-33.8725,151.213333,pm25,µg/m³,10.0
7428,21614,Cook And Phillip-7428,2020-01-14T09:00:00+11:00,-33.8725,151.213333,pm25,µg/m³,8.8
7428,21614,Cook And Phillip-7428,2020-01-14T10:00:00+11:00,-33.8725,151.213333,pm25,µg/m³,7.9
7428,21614,Cook And Phillip-7428,2020-01-14T11:00:00+11:00,-33.8725,151.213333,pm25,µg/m³,7.8
7428,21614,Cook And Phillip-7428,2020-01-14T12:00:00+11:00,-33.8725,151.213333,pm25,µg/m³,7.9
7428,21614,Cook And Phillip-7428,2020-01-14T13:00:00+11:00,-33.8725,151.213333,pm25,µg/m³,8.2
7428,21614,Cook And Phillip-7428,2020-01-14T14:00:00+11:00,-33.8725,151.213333,pm25,µg/m³,8.3
7428,21614,Cook And Phillip-7428,2020-01-14T15:00:00+11:00,-33.8725,151.213333,pm25,µg/m³,8.4
7428,21614,Cook And Phillip-7428,2020-01-14T16:00:00+11:00,-33.8725,151.213333,pm25,µg/m³,8.2
7428,21614,Cook And Phillip-7428,2020-01-14T17:00:00+11:00,-33.8725,151.213333,pm25,µg/m³,8.3
7428,21614,Cook And Phillip-7428,2020-01-14T18:00:00+11:00,-33.8725,151.213333,pm25,µg/m³,8.2
7428,21614,Cook And Phillip-7428,2020-01-14T19:00:00+11:00,-33.8725,151.213333,pm25,µg/m³,8.1
7428,21614,Cook And Phillip-7428,2020-01-14T20:00:00+11:00,-33.8725,151.213333,pm25,µg/m³,8.5
7428,21614,Cook And Phillip-7428,2020-01-14T21:00:00+11:00,-33.8725,151.213333,pm25,µg/m³,9.4
7428,21614,Cook And Phillip-7428,2020-01-14T22:00:00+11:00,-33.8725,151.213333,pm25,µg/m³,9.6
7428,21614,Cook And Phillip-7428,2020-01-14T23:00:00+11:00,-33.8725,151.213333,pm25,µg/m³,9.9
7428,28686,Cook And Phillip-7428,2020-01-14T01:00:00+11:00,-33.8725,151.213333,co,ppm,0.0
7428,28686,Cook And Phillip-7428,2020-01-14T02:00:00+11:00,-33.8725,151.213333,co,ppm,0.0
7428,28686,Cook And Phillip-7428,2020-01-14T03:00:00+11:00,-33.8725,151.213333,co,ppm,0.0
7428,28686,Cook And Phillip-7428,2020-01-14T04:00:00+11:00,-33.8725,151.213333,co,ppm,0.1
7428,28686,Cook And Phillip-7428,2020-01-14T05:00:00+11:00,-33.8725,151.213333,co,ppm,0.1
7428,28686,Cook And Phillip-7428,2020-01-14T06:00:00+11:00,-33.8725,151.213333,co,ppm,0.1
7428,28686,Cook And Phillip-7428,2020-01-14T07:00:00+11:00,-33.8725,151.213333,co,ppm,0.1
7428,28686,Cook And Phillip-7428,2020-01-14T08:00:00+11:00,-33.8725,151.213333,co,ppm,0.1
7428,28686,Cook And Phillip-7428,2020-01-14T09:00:00+11:00,-33.8725,151.213333,co,ppm,0.2
7428,25546,Cook And Phillip-7428,2020-01-14T01:00:00+11:00,-33.8725,151.213333,no2,ppm,0.004
7428,25546,Cook And Phillip-7428,2020-01-14T03:00:00+11:00,-33.8725,151.213333,no2,ppm,0.007
7428,25546,Cook And Phillip-7428,2020-01-14T04:00:00+11:00,-33.8725,151.213333,no2,ppm,0.012
7428,25546,Cook And Phillip-7428,2020-01-14T05:00:00+11:00,-33.8725,151.213333,no2,ppm,0.013
7428,25546,Cook And Phillip-7428,2020-01-14T06:00:00+11:00,-33.8725,151.213333,no2,ppm,0.017
7428,25546,Cook And Phillip-7428,2020-01-14T07:00:00+11:00,-33.8725,151.213333,no2,ppm,0.019
7428,25546,Cook And Phillip-7428,2020-01-14T08:00:00+11:00,-33.8725,151.213333,no2,ppm,0.013
7428,25546,Cook And Phillip-7428,2020-01-14T09:00:00+11:00,-33.8725,151.213333,no2,ppm,0.009
7428,25546,Cook And Phillip-7428,2020-01-14T10:00:00+11:00,-33.8725,151.213333,no2,ppm,0.008
7428,25546,Cook And Phillip-7428,2020-01-14T11:00:00+11:00,-33.8725,151.213333,no2,ppm,0.009
7428,25546,Cook And Phillip-7428,2020-01-14T12:00:00+11:00,-33.8725,151.213333,no2,ppm,0.011
7428,25546,Cook And Phillip-7428,2020-01-14T13:00:00+11:00,-33.8725,151.213333,no2,ppm,0.011
7428,25546,Cook And Phillip-7428,2020-01-14T14:00:00+11:00,-33.8725,151.213333,no2,ppm,0.012
7428,25546,Cook And Phillip-7428,2020-01-14T15:00:00+11:00,-33.8725,151.213333,no2,ppm,0.01
7428,25546,Cook And Phillip-7428,2020-01-14T16:00:00+11:00,-33.8725,151.213333,no2,ppm,0.007
7428,25546,Cook And Phillip-7428,2020-01-14T17:00:00+11:00,-33.8725,151.213333,no2,ppm,0.007
7428,25546,Cook And Phillip-7428,2020-01-14T18:00:00+11:00,-33.8725,151.213333,no2,ppm,0.006
7428,25546,Cook And Phillip-7428,2020-01-14T19:00:00+11:00,-33.8725,151.213333,no2,ppm,0.005
7428,25546,Cook And Phillip-7428,2020-01-14T20:00:00+11:00,-33.8725,151.213333,no2,ppm,0.005
7428,25546,Cook And Phillip-7428,2020-01-14T21:00:00+11:00,-33.8725,151.213333,no2,ppm,0.006
7428,25546,Cook And Phillip-7428,2020-01-14T22:00:00+11:00,-33.8725,151.213333,no2,ppm,0.002
7428,25546,Cook And Phillip-7428,2020-01-14T23:00:00+11:00,-33.8725,151.213333,no2,ppm,0.004
7428,28686,Cook And Phillip-7428,2020-01-14T10:00:00+11:00,-33.8725,151.213333,co,ppm,0.1
7428,28686,Cook And Phillip-7428,2020-01-14T11:00:00+11:00,-33.8725,151.213333,co,ppm,0.1
7428,28686,Cook And Phillip-7428,2020-01-14T12:00:00+11:00,-33.8725,151.213333,co,ppm,0.1
7428,28686,Cook And Phillip-7428,2020-01-14T13:00:00+11:00,-33.8725,151.213333,co,ppm,0.1
7428,28686,Cook And Phillip-7428,2020-01-14T14:00:00+11:00,-33.8725,151.213333,co,ppm,0.1
7428,28686,Cook And Phillip-7428,2020-01-14T15:00:00+11:00,-33.8725,151.213333,co,ppm,0.1
7428,28686,Cook And Phillip-7428,2020-01-14T16:00:00+11:00,-33.8725,151.213333,co,ppm,0.1
7428,28686,Cook And Phillip-7428,2020-01-14T17:00:00+11:00,-33.8725,151.213333,co,ppm,0.1
7428,28686,Cook And Phillip-7428,2020-01-14T18:00:00+11:00,-33.8725,151.213333,co,ppm,0.1
7428,28686,Cook And Phillip-7428,2020-01-14T19:00:00+11:00,-33.8725,151.213333,co,ppm,0.1
7428,28686,Cook And Phillip-7428,2020-01-14T20:00:00+11:00,-33.8725,151.213333,co,ppm,0.1
7428,28686,Cook And Phillip-7428,2020-01-14T21:00:00+11:00,-33.8725,151.213333,co,ppm,0.1
7428,28686,Cook And Phillip-7428,2020-01-14T22:00:00+11:00,-33.8725,151.213333,co,ppm,0.1
7428,28686,Cook And Phillip-7428,2020-01-14T23:00:00+11:00,-33.8725,151.213333,co,ppm,0.1
7428,25545,Cook And Phillip-7428,2020-01-14T01:00:00+11:00,-33.8725,151.213333,o3,ppm,0.009
7428,25545,Cook And Phillip-7428,2020-01-14T02:00:00+11:00,-33.8725,151.213333,o3,ppm,0.01
7428,25545,Cook And Phillip-7428,2020-01-14T03:00:00+11:00,-33.8725,151.213333,o3,ppm,0.0
7428,25545,Cook And Phillip-7428,2020-01-14T04:00:00+11:00,-33.8725,151.213333,o3,ppm,-0.001
7428,25545,Cook And Phillip-7428,2020-01-14T05:00:00+11:00,-33.8725,151.213333,o3,ppm,-0.002
7428,25545,Cook And Phillip-7428,2020-01-14T06:00:00+11:00,-33.8725,151.213333,o3,ppm,-0.001
7428,25545,Cook And Phillip-7428,2020-01-14T07:00:00+11:00,-33.8725,151.213333,o3,ppm,-0.001
7428,25545,Cook And Phillip-7428,2020-01-14T08:00:00+11:00,-33.8725,151.213333,o3,ppm,0.004
7428,25545,Cook And Phillip-7428,2020-01-14T09:00:00+11:00,-33.8725,151.213333,o3,ppm,0.007
7428,25545,Cook And Phillip-7428,2020-01-14T10:00:00+11:00,-33.8725,151.213333,o3,ppm,0.01
7428,25545,Cook And Phillip-7428,2020-01-14T11:00:00+11:00,-33.8725,151.213333,o3,ppm,0.009
7428,25545,Cook And Phillip-7428,2020-01-14T12:00:00+11:00,-33.8725,151.213333,o3,ppm,0.008
7428,25545,Cook And Phillip-7428,2020-01-14T13:00:00+11:00,-33.8725,151.213333,o3,ppm,0.009
7428,25545,Cook And Phillip-7428,2020-01-14T14:00:00+11:00,-33.8725,151.213333,o3,ppm,0.007
7428,25545,Cook And Phillip-7428,2020-01-14T15:00:00+11:00,-33.8725,151.213333,o3,ppm,0.007
7428,25545,Cook And Phillip-7428,2020-01-14T16:00:00+11:00,-33.8725,151.213333,o3,ppm,0.01
7428,25545,Cook And Phillip-7428,2020-01-14T17:00:00+11:00,-33.8725,151.213333,o3,ppm,0.007
7428,25545,Cook And Phillip-7428,2020-01-14T18:00:00+11:00,-33.8725,151.213333,o3,ppm,0.006
7428,25545,Cook And Phillip-7428,2020-01-14T19:00:00+11:00,-33.8725,151.213333,o3,ppm,0.006
7428,25545,Cook And Phillip-7428,2020-01-14T20:00:00+11:00,-33.8725,151.213333,o3,ppm,0.006
7428,25545,Cook And Phillip-7428,2020-01-14T21:00:00+11:00,-33.8725,151.213333,o3,ppm,0.006
7428,25545,Cook And Phillip-7428,2020-01-14T22:00:00+11:00,-33.8725,151.213333,o3,ppm,0.011
7428,25545,Cook And Phillip-7428,2020-01-14T23:00:00+11:00,-33.8725,151.213333,o3,ppm,0.009
7428,25544,Cook And Phillip-7428,2020-01-14T01:00:00+11:00,-33.8725,151.213333,so2,ppm,0.0
7428,25544,Cook And Phillip-7428,2020-01-14T03:00:00+11:00,-33.8725,151.213333,so2,ppm,0.0
7428,25544,Cook And Phillip-7428,2020-01-14T04:00:00+11:00,-33.8725,151.213333,so2,ppm,0.0
7428,25544,Cook And Phillip-7428,2020-01-14T05:00:00+11:00,-33.8725,151.213333,so2,ppm,0.0
7428,25544,Cook And Phillip-7428,2020-01-14T06:00:00+11:00,-33.8725,151.213333,so2,ppm,0.0
7428,25544,Cook And Phillip-7428,2020-01-14T07:00:00+11:00,-33.8725,151.213333,so2,ppm,0.0
7428,25544,Cook And Phillip-7428,2020-01-14T08:00:00+11:00,-33.8725,151.213333,so2,ppm,0.0
7428,25544,Cook And Phillip-7428,2020-01-14T09:00:00+11:00,-33.8725,151.213333,so2,ppm,0.0
7428,25544,Cook And Phillip-7428,2020-01-14T10:00:00+11:00,-33.8725,151.213333,so2,ppm,0.0
7428,25544,Cook And Phillip-7428,2020-01-14T11:00:00+11:00,-33.8725,151.213333,so2,ppm,0.0
7428,25544,Cook And Phillip-7428,2020-01-14T12:00:00+11:00,-33.8725,151.213333,so2,ppm,0.0
7428,25544,Cook And Phillip-7428,2020-01-14T13:00:00+11:00,-33.8725,151.213333,so2,ppm,0.0
7428,25544,Cook And Phillip-7428,2020-01-14T14:00:00+11:00,-33.8725,151.213333,so2,ppm,0.0
7428,25544,Cook And Phillip-7428,2020-01-14T15:00:00+11:00,-33.8725,151.213333,so2,ppm,0.0
7428,25544,Cook And Phillip-7428,2020-01-14T16:00:00+11:00,-33.8725,151.213333,so2,ppm,0.0
7428,25544,Cook And Phillip-7428,2020-01-14T17:00:00+11:00,-33.8725,151.213333,so2,ppm,0.0
7428,25544,Cook And Phillip-7428,2020-01-14T18:00:00+11:00,-33.8725,151.213333,so2,ppm,0.0
7428,25544,Cook And Phillip-7428,2020-01-14T19:00:00+11:00,-33.8725,151.213333,so2,ppm,0.0
7428,25544,Cook And Phillip-7428,2020-01-14T20:00:00+11:00,-33.8725,151.213333,so2,ppm,0.0
7428,25544,Cook And Phillip-7428,2020-01-14T21:00:00+11:00,-33.8725,151.213333,so2,ppm,0.0
7428,25544,Cook And Phillip-7428,2020-01-14T22:00:00+11:00,-33.8725,151.213333,so2,ppm,0.0
7428,25544,Cook And Phillip-7428,2020-01-14T23:00:00+11:00,-33.8725,151.213333,so2,ppm,0.0
7428,21615,Cook And Phillip-7428,2020-01-15T01:00:00+11:00,-33.8725,151.213333,pm10,µg/m³,23.0
7428,21615,Cook And Phillip-7428,2020-01-15T02:00:00+11:00,-33.8725,151.213333,pm10,µg/m³,22.1
7428,21615,Cook And Phillip-7428,2020-01-15T03:00:00+11:00,-33.8725,151.213333,pm10,µg/m³,22.8
7428,21615,Cook And Phillip-7428,2020-01-15T04:00:00+11:00,-33.8725,151.213333,pm10,µg/m³,22.3
7428,21615,Cook And Phillip-7428,2020-01-15T05:00:00+11:00,-33.8725,151.213333,pm10,µg/m³,22.2
7428,21615,Cook And Phillip-7428,2020-01-15T06:00:00+11:00,-33.8725,151.213333,pm10,µg/m³,22.1
7428,21615,Cook And Phillip-7428,2020-01-15T07:00:00+11:00,-33.8725,151.213333,pm10,µg/m³,22.1
7428,21615,Cook And Phillip-7428,2020-01-15T08:00:00+11:00,-33.8725,151.213333,pm10,µg/m³,21.3
7428,21615,Cook And Phillip-7428,2020-01-15T09:00:00+11:00,-33.8725,151.213333,pm10,µg/m³,19.4
7428,21615,Cook And Phillip-7428,2020-01-15T10:00:00+11:00,-33.8725,151.213333,pm10,µg/m³,18.6
7428,21615,Cook And Phillip-7428,2020-01-15T11:00:00+11:00,-33.8725,151.213333,pm10,µg/m³,18.8
7428,21615,Cook And Phillip-7428,2020-01-15T12:00:00+11:00,-33.8725,151.213333,pm10,µg/m³,18.7
7428,21615,Cook And Phillip-7428,2020-01-15T13:00:00+11:00,-33.8725,151.213333,pm10,µg/m³,18.5
7428,21615,Cook And Phillip-7428,2020-01-15T14:00:00+11:00,-33.8725,151.213333,pm10,µg/m³,18.4
7428,21615,Cook And Phillip-7428,2020-01-15T15:00:00+11:00,-33.8725,151.213333,pm10,µg/m³,18.3
7428,21615,Cook And Phillip-7428,2020-01-15T16:00:00+11:00,-33.8725,151.213333,pm10,µg/m³,18.0
7428,21615,Cook And Phillip-7428,2020-01-15T17:00:00+11:00,-33.8725,151.213333,pm10,µg/m³,17.9
7428,21615,Cook And Phillip-7428,2020-01-15T18:00:00+11:00,-33.8725,151.213333,pm10,µg/m³,18.3
7428,21615,Cook And Phillip-7428,2020-01-15T19:00:00+11:00,-33.8725,151.213333,pm10,µg/m³,18.8
7428,21615,Cook And Phillip-7428,2020-01-15T20:00:00+11:00,-33.8725,151.213333,pm10,µg/m³,18.1
7428,21615,Cook And Phillip-7428,2020-01-15T21:00:00+11:00,-33.8725,151.213333,pm10,µg/m³,17.0
7428,21615,Cook And Phillip-7428,2020-01-15T22:00:00+11:00,-33.8725,151.213333,pm10,µg/m³,16.6
7428,21615,Cook And Phillip-7428,2020-01-15T23:00:00+11:00,-33.8725,151.213333,pm10,µg/m³,16.3
7428,21614,Cook And Phillip-7428,2020-01-15T01:00:00+11:00,-33.8725,151.213333,pm25,µg/m³,10.2
7428,21614,Cook And Phillip-7428,2020-01-15T02:00:00+11:00,-33.8725,151.213333,pm25,µg/m³,9.8
7428,21614,Cook And Phillip-7428,2020-01-15T03:00:00+11:00,-33.8725,151.213333,pm25,µg/m³,10.5
7428,21614,Cook And Phillip-7428,2020-01-15T04:00:00+11:00,-33.8725,151.213333,pm25,µg/m³,10.1
7428,21614,Cook And Phillip-7428,2020-01-15T05:00:00+11:00,-33.8725,151.213333,pm25,µg/m³,10.2
7428,21614,Cook And Phillip-7428,2020-01-15T06:00:00+11:00,-33.8725,151.213333,pm25,µg/m³,10.3
7428,21614,Cook And Phillip-7428,2020-01-15T07:00:00+11:00,-33.8725,151.213333,pm25,µg/m³,10.4
7428,21614,Cook And Phillip-7428,2020-01-15T08:00:00+11:00,-33.8725,151.213333,pm25,µg/m³,10.0
7428,21614,Cook And Phillip-7428,2020-01-15T09:00:00+11:00,-33.8725,151.213333,pm25,µg/m³,8.9
7428,21614,Cook And Phillip-7428,2020-01-15T10:00:00+11:00,-33.8725,151.213333,pm25,µg/m³,8.5
7428,21614,Cook And Phillip-7428,2020-01-15T11:00:00+11:00,-33.8725,151.213333,pm25,µg/m³,8.7
7428,21614,Cook And Phillip-7428,2020-01-15T12:00:00+11:00,-33.8725,151.213333,pm25,µg/m³,8.6
7428,21614,Cook And Phillip-7428,2020-01-15T13:00:00+11:00,-33.8725,151.213333,pm25,µg/m³,8.4
7428,21614,Cook And Phillip-7428,2020-01-15T14:00:00+11:00,-33.8725,151.213333,pm25,µg/m³,8.4
7428,21614,Cook And Phillip-7428,2020-01-15T15:00:00+11:00,-33.8725,151.213333,pm25,µg/m³,8.5
7428,21614,Cook And Phillip-7428,2020-01-15T16:00:00+11:00,-33.8725,151.213333,pm25,µg/m³,8.7
7428,21614,Cook And Phillip-7428,2020-01-15T17:00:00+11:00,-33.8725,151.213333,pm25,µg/m³,8.7
7428,21614,Cook And Phillip-7428,2020-01-15T18:00:00+11:00,-33.8725,151.213333,pm25,µg/m³,9.0
7428,21614,Cook And Phillip-7428,2020-01-15T19:00:00+11:00,-33.8725,151.213333,pm25,µg/m³,9.5
7428,21614,Cook And Phillip-7428,2020-01-15T20:00:00+11:00,-33.8725,151.213333,pm25,µg/m³,9.1
7428,21614,Cook And Phillip-7428,2020-01-15T21:00:00+11:00,-33.8725,151.213333,pm25,µg/m³,8.5
7428,21614,Cook And Phillip-7428,2020-01-15T22:00:00+11:00,-33.8725,151.213333,pm25,µg/m³,8.2
7428,21614,Cook And Phillip-7428,2020-01-15T23:00:00+11:00,-33.8725,151.213333,pm25,µg/m³,7.6
7428,28686,Cook And Phillip-7428,2020-01-15T01:00:00+11:00,-33.8725,151.213333,co,ppm,0.1
7428,28686,Cook And Phillip-7428,2020-01-15T02:00:00+11:00,-33.8725,151.213333,co,ppm,0.1
7428,28686,Cook And Phillip-7428,2020-01-15T03:00:00+11:00,-33.8725,151.213333,co,ppm,0.1
7428,28686,Cook And Phillip-7428,2020-01-15T04:00:00+11:00,-33.8725,151.213333,co,ppm,0.1
7428,28686,Cook And Phillip-7428,2020-01-15T05:00:00+11:00,-33.8725,151.213333,co,ppm,0.1
7428,28686,Cook And Phillip-7428,2020-01-15T06:00:00+11:00,-33.8725,151.213333,co,ppm,0.1
7428,28686,Cook And Phillip-7428,2020-01-15T07:00:00+11:00,-33.8725,151.213333,co,ppm,0.2
7428,28686,Cook And Phillip-7428,2020-01-15T08:00:00+11:00,-33.8725,151.213333,co,ppm,0.2
7428,28686,Cook And Phillip-7428,2020-01-15T09:00:00+11:00,-33.8725,151.213333,co,ppm,0.2
7428,28686,Cook And Phillip-7428,2020-01-15T10:00:00+11:00,-33.8725,151.213333,co,ppm,0.2
7428,28686,Cook And Phillip-7428,2020-01-15T11:00:00+11:00,-33.8725,151.213333,co,ppm,0.2
7428,28686,Cook And Phillip-7428,2020-01-15T12:00:00+11:00,-33.8725,151.213333,co,ppm,0.2
7428,28686,Cook And Phillip-7428,2020-01-15T13:00:00+11:00,-33.8725,151.213333,co,ppm,0.2
7428,28686,Cook And Phillip-7428,2020-01-15T14:00:00+11:00,-33.8725,151.213333,co,ppm,0.2
7428,28686,Cook And Phillip-7428,2020-01-15T15:00:00+11:00,-33.8725,151.213333,co,ppm,0.1
7428,28686,Cook And Phillip-7428,2020-01-15T16:00:00+11:00,-33.8725,151.213333,co,ppm,0.1
7428,28686,Cook And Phillip-7428,2020-01-15T17:00:00+11:00,-33.8725,151.213333,co,ppm,0.1
7428,28686,Cook And Phillip-7428,2020-01-15T18:00:00+11:00,-33.8725,151.213333,co,ppm,0.2
7428,28686,Cook And Phillip-7428,2020-01-15T19:00:00+11:00,-33.8725,151.213333,co,ppm,0.2
7428,28686,Cook And Phillip-7428,2020-01-15T20:00:00+11:00,-33.8725,151.213333,co,ppm,0.2
7428,28686,Cook And Phillip-7428,2020-01-15T21:00:00+11:00,-33.8725,151.213333,co,ppm,0.2
7428,28686,Cook And Phillip-7428,2020-01-15T22:00:00+11:00,-33.8725,151.213333,co,ppm,0.2
7428,28686,Cook And Phillip-7428,2020-01-15T23:00:00+11:00,-33.8725,151.213333,co,ppm,0.2
7428,25545,Cook And Phillip-7428,2020-01-15T01:00:00+11:00,-33.8725,151.213333,o3,ppm,0.006
7428,25545,Cook And Phillip-7428,2020-01-15T02:00:00+11:00,-33.8725,151.213333,o3,ppm,0.007
7428,25545,Cook And Phillip-7428,2020-01-15T04:00:00+11:00,-33.8725,151.213333,o3,ppm,-0.002
7428,25545,Cook And Phillip-7428,2020-01-15T05:00:00+11:00,-33.8725,151.213333,o3,ppm,-0.002
7428,25545,Cook And Phillip-7428,2020-01-15T06:00:00+11:00,-33.8725,151.213333,o3,ppm,-0.001
7428,25545,Cook And Phillip-7428,2020-01-15T07:00:00+11:00,-33.8725,151.213333,o3,ppm,-0.001
7428,25545,Cook And Phillip-7428,2020-01-15T08:00:00+11:00,-33.8725,151.213333,o3,ppm,0.0
7428,25545,Cook And Phillip-7428,2020-01-15T09:00:00+11:00,-33.8725,151.213333,o3,ppm,0.006
7428,25545,Cook And Phillip-7428,2020-01-15T10:00:00+11:00,-33.8725,151.213333,o3,ppm,0.003
7428,25545,Cook And Phillip-7428,2020-01-15T11:00:00+11:00,-33.8725,151.213333,o3,ppm,0.004
7428,25545,Cook And Phillip-7428,2020-01-15T12:00:00+11:00,-33.8725,151.213333,o3,ppm,0.008
7428,25545,Cook And Phillip-7428,2020-01-15T13:00:00+11:00,-33.8725,151.213333,o3,ppm,0.006
7428,25545,Cook And Phillip-7428,2020-01-15T14:00:00+11:00,-33.8725,151.213333,o3,ppm,0.007
7428,25545,Cook And Phillip-7428,2020-01-15T15:00:00+11:00,-33.8725,151.213333,o3,ppm,0.009
7428,25545,Cook And Phillip-7428,2020-01-15T16:00:00+11:00,-33.8725,151.213333,o3,ppm,0.013
7428,25545,Cook And Phillip-7428,2020-01-15T17:00:00+11:00,-33.8725,151.213333,o3,ppm,0.009
7428,25545,Cook And Phillip-7428,2020-01-15T18:00:00+11:00,-33.8725,151.213333,o3,ppm,0.011
7428,25545,Cook And Phillip-7428,2020-01-15T19:00:00+11:00,-33.8725,151.213333,o3,ppm,0.013
7428,25545,Cook And Phillip-7428,2020-01-15T20:00:00+11:00,-33.8725,151.213333,o3,ppm,0.009
7428,25545,Cook And Phillip-7428,2020-01-15T21:00:00+11:00,-33.8725,151.213333,o3,ppm,0.007
7428,25545,Cook And Phillip-7428,2020-01-15T22:00:00+11:00,-33.8725,151.213333,o3,ppm,0.006
7428,25545,Cook And Phillip-7428,2020-01-15T23:00:00+11:00,-33.8725,151.213333,o3,ppm,0.007
7428,25546,Cook And Phillip-7428,2020-01-15T01:00:00+11:00,-33.8725,151.213333,no2,ppm,0.006
7428,25546,Cook And Phillip-7428,2020-01-15T03:00:00+11:00,-33.8725,151.213333,no2,ppm,0.014
7428,25546,Cook And Phillip-7428,2020-01-15T04:00:00+11:00,-33.8725,151.213333,no2,ppm,0.015
7428,25546,Cook And Phillip-7428,2020-01-15T05:00:00+11:00,-33.8725,151.213333,no2,ppm,0.014
7428,25546,Cook And Phillip-7428,2020-01-15T06:00:00+11:00,-33.8725,151.213333,no2,ppm,0.016
7428,25546,Cook And Phillip-7428,2020-01-15T07:00:00+11:00,-33.8725,151.213333,no2,ppm,0.019
7428,25546,Cook And Phillip-7428,2020-01-15T08:00:00+11:00,-33.8725,151.213333,no2,ppm,0.02
7428,25546,Cook And Phillip-7428,2020-01-15T09:00:00+11:00,-33.8725,151.213333,no2,ppm,0.012
7428,25546,Cook And Phillip-7428,2020-01-15T10:00:00+11:00,-33.8725,151.213333,no2,ppm,0.019
7428,25546,Cook And Phillip-7428,2020-01-15T11:00:00+11:00,-33.8725,151.213333,no2,ppm,0.017
7428,25546,Cook And Phillip-7428,2020-01-15T12:00:00+11:00,-33.8725,151.213333,no2,ppm,0.017
7428,25546,Cook And Phillip-7428,2020-01-15T13:00:00+11:00,-33.8725,151.213333,no2,ppm,0.016
7428,25546,Cook And Phillip-7428,2020-01-15T14:00:00+11:00,-33.8725,151.213333,no2,ppm,0.014
7428,25546,Cook And Phillip-7428,2020-01-15T15:00:00+11:00,-33.8725,151.213333,no2,ppm,0.015
7428,25546,Cook And Phillip-7428,2020-01-15T16:00:00+11:00,-33.8725,151.213333,no2,ppm,0.008
7428,25546,Cook And Phillip-7428,2020-01-15T17:00:00+11:00,-33.8725,151.213333,no2,ppm,0.011
7428,25546,Cook And Phillip-7428,2020-01-15T18:00:00+11:00,-33.8725,151.213333,no2,ppm,0.009
7428,25546,Cook And Phillip-7428,2020-01-15T19:00:00+11:00,-33.8725,151.213333,no2,ppm,0.005
7428,25546,Cook And Phillip-7428,2020-01-15T20:00:00+11:00,-33.8725,151.213333,no2,ppm,0.007
7428,25546,Cook And Phillip-7428,2020-01-15T21:00:00+11:00,-33.8725,151.213333,no2,ppm,0.004
7428,25546,Cook And Phillip-7428,2020-01-15T22:00:00+11:00,-33.8725,151.213333,no2,ppm,0.004
7428,25546,Cook And Phillip-7428,2020-01-15T23:00:00+11:00,-33.8725,151.213333,no2,ppm,0.002
7428,25544,Cook And Phillip-7428,2020-01-15T01:00:00+11:00,-33.8725,151.213333,so2,ppm,0.0
7428,25544,Cook And Phillip-7428,2020-01-15T03:00:00+11:00,-33.8725,151.213333,so2,ppm,0.0
7428,25544,Cook And Phillip-7428,2020-01-15T04:00:00+11:00,-33.8725,151.213333,so2,ppm,0.0
7428,25544,Cook And Phillip-7428,2020-01-15T05:00:00+11:00,-33.8725,151.213333,so2,ppm,0.0
7428,25544,Cook And Phillip-7428,2020-01-15T06:00:00+11:00,-33.8725,151.213333,so2,ppm,0.0
7428,25544,Cook And Phillip-7428,2020-01-15T07:00:00+11:00,-33.8725,151.213333,so2,ppm,0.001
7428,25544,Cook And Phillip-7428,2020-01-15T08:00:00+11:00,-33.8725,151.213333,so2,ppm,0.001
7428,25544,Cook And Phillip-7428,2020-01-15T09:00:00+11:00,-33.8725,151.213333,so2,ppm,0.0
7428,25544,Cook And Phillip-7428,2020-01-15T10:00:00+11:00,-33.8725,151.213333,so2,ppm,0.0
7428,25544,Cook And Phillip-7428,2020-01-15T11:00:00+11:00,-33.8725,151.213333,so2,ppm,0.0
7428,25544,Cook And Phillip-7428,2020-01-15T12:00:00+11:00,-33.8725,151.213333,so2,ppm,0.001
7428,25544,Cook And Phillip-7428,2020-01-15T13:00:00+11:00,-33.8725,151.213333,so2,ppm,0.001
7428,25544,Cook And Phillip-7428,2020-01-15T14:00:00+11:00,-33.8725,151.213333,so2,ppm,0.0
7428,25544,Cook And Phillip-7428,2020-01-15T15:00:00+11:00,-33.8725,151.213333,so2,ppm,0.0
7428,25544,Cook And Phillip-7428,2020-01-15T16:00:00+11:00,-33.8725,151.213333,so2,ppm,0.0
7428,25544,Cook And Phillip-7428,2020-01-15T17:00:00+11:00,-33.8725,151.213333,so2,ppm,0.0
7428,25544,Cook And Phillip-7428,2020-01-15T18:00:00+11:00,-33.8725,151.213333,so2,ppm,0.0
7428,25544,Cook And Phillip-7428,2020-01-15T19:00:00+11:00,-33.8725,151.213333,so2,ppm,0.0
7428,25544,Cook And Phillip-7428,2020-01-15T20:00:00+11:00,-33.8725,151.213333,so2,ppm,0.0
7428,25544,Cook And Phillip-7428,2020-01-15T21:00:00+11:00,-33.8725,151.213333,so2,ppm,0.0
7428,25544,Cook And Phillip-7428,2020-01-15T22:00:00+11:00,-33.8725,151.213333,so2,ppm,0.0
7428,25544,Cook And Phillip-7428,2020-01-15T23:00:00+11:00,-33.8725,151.213333,so2,ppm,0.0
7428,21615,Cook And Phillip-7428,2020-01-16T01:00:00+11:00,-33.8725,151.213333,pm10,µg/m³,17.4
7428,21615,Cook And Phillip-7428,2020-01-16T02:00:00+11:00,-33.8725,151.213333,pm10,µg/m³,17.0
7428,21615,Cook And Phillip-7428,2020-01-16T03:00:00+11:00,-33.8725,151.213333,pm10,µg/m³,16.3
7428,21615,Cook And Phillip-7428,2020-01-16T04:00:00+11:00,-33.8725,151.213333,pm10,µg/m³,16.6
7428,21615,Cook And Phillip-7428,2020-01-16T05:00:00+11:00,-33.8725,151.213333,pm10,µg/m³,16.4
7428,21615,Cook And Phillip-7428,2020-01-16T06:00:00+11:00,-33.8725,151.213333,pm10,µg/m³,15.5
7428,21615,Cook And Phillip-7428,2020-01-16T07:00:00+11:00,-33.8725,151.213333,pm10,µg/m³,15.8
7428,21615,Cook And Phillip-7428,2020-01-16T08:00:00+11:00,-33.8725,151.213333,pm10,µg/m³,17.1
7428,21615,Cook And Phillip-7428,2020-01-16T09:00:00+11:00,-33.8725,151.213333,pm10,µg/m³,18.4
7428,21615,Cook And Phillip-7428,2020-01-16T10:00:00+11:00,-33.8725,151.213333,pm10,µg/m³,20.5
7428,21615,Cook And Phillip-7428,2020-01-16T11:00:00+11:00,-33.8725,151.213333,pm10,µg/m³,22.3
7428,21615,Cook And Phillip-7428,2020-01-16T12:00:00+11:00,-33.8725,151.213333,pm10,µg/m³,23.1
7428,21615,Cook And Phillip-7428,2020-01-16T13:00:00+11:00,-33.8725,151.213333,pm10,µg/m³,23.0
7428,21615,Cook And Phillip-7428,2020-01-16T14:00:00+11:00,-33.8725,151.213333,pm10,µg/m³,23.6
7428,21615,Cook And Phillip-7428,2020-01-16T15:00:00+11:00,-33.8725,151.213333,pm10,µg/m³,25.2
7428,21615,Cook And Phillip-7428,2020-01-16T16:00:00+11:00,-33.8725,151.213333,pm10,µg/m³,26.4
7428,21615,Cook And Phillip-7428,2020-01-16T17:00:00+11:00,-33.8725,151.213333,pm10,µg/m³,27.9
7428,21615,Cook And Phillip-7428,2020-01-16T18:00:00+11:00,-33.8725,151.213333,pm10,µg/m³,29.0
7428,21615,Cook And Phillip-7428,2020-01-16T19:00:00+11:00,-33.8725,151.213333,pm10,µg/m³,30.9
7428,21615,Cook And Phillip-7428,2020-01-16T20:00:00+11:00,-33.8725,151.213333,pm10,µg/m³,32.4
7428,21615,Cook And Phillip-7428,2020-01-16T21:00:00+11:00,-33.8725,151.213333,pm10,µg/m³,32.8
7428,21615,Cook And Phillip-7428,2020-01-16T22:00:00+11:00,-33.8725,151.213333,pm10,µg/m³,32.8
7428,21615,Cook And Phillip-7428,2020-01-16T23:00:00+11:00,-33.8725,151.213333,pm10,µg/m³,33.7
7428,21614,Cook And Phillip-7428,2020-01-16T01:00:00+11:00,-33.8725,151.213333,pm25,µg/m³,7.4
7428,21614,Cook And Phillip-7428,2020-01-16T02:00:00+11:00,-33.8725,151.213333,pm25,µg/m³,7.7
7428,21614,Cook And Phillip-7428,2020-01-16T03:00:00+11:00,-33.8725,151.213333,pm25,µg/m³,7.7
7428,21614,Cook And Phillip-7428,2020-01-16T04:00:00+11:00,-33.8725,151.213333,pm25,µg/m³,7.5
7428,21614,Cook And Phillip-7428,2020-01-16T05:00:00+11:00,-33.8725,151.213333,pm25,µg/m³,7.0
7428,21614,Cook And Phillip-7428,2020-01-16T06:00:00+11:00,-33.8725,151.213333,pm25,µg/m³,7.2
7428,21614,Cook And Phillip-7428,2020-01-16T07:00:00+11:00,-33.8725,151.213333,pm25,µg/m³,7.5
7428,21614,Cook And Phillip-7428,2020-01-16T08:00:00+11:00,-33.8725,151.213333,pm25,µg/m³,9.0
7428,21614,Cook And Phillip-7428,2020-01-16T09:00:00+11:00,-33.8725,151.213333,pm25,µg/m³,10.3
7428,21614,Cook And Phillip-7428,2020-01-16T10:00:00+11:00,-33.8725,151.213333,pm25,µg/m³,12.6
7428,21614,Cook And Phillip-7428,2020-01-16T11:00:00+11:00,-33.8725,151.213333,pm25,µg/m³,14.3
7428,21614,Cook And Phillip-7428,2020-01-16T12:00:00+11:00,-33.8725,151.213333,pm25,µg/m³,15.2
7428,21614,Cook And Phillip-7428,2020-01-16T13:00:00+11:00,-33.8725,151.213333,pm25,µg/m³,15.4
7428,21614,Cook And Phillip-7428,2020-01-16T14:00:00+11:00,-33.8725,151.213333,pm25,µg/m³,15.9
7428,21614,Cook And Phillip-7428,2020-01-16T15:00:00+11:00,-33.8725,151.213333,pm25,µg/m³,17.4
7428,21614,Cook And Phillip-7428,2020-01-16T16:00:00+11:00,-33.8725,151.213333,pm25,µg/m³,18.6
7428,21614,Cook And Phillip-7428,2020-01-16T17:00:00+11:00,-33.8725,151.213333,pm25,µg/m³,20.0
7428,21614,Cook And Phillip-7428,2020-01-16T18:00:00+11:00,-33.8725,151.213333,pm25,µg/m³,21.1
7428,21614,Cook And Phillip-7428,2020-01-16T19:00:00+11:00,-33.8725,151.213333,pm25,µg/m³,23.0
7428,21614,Cook And Phillip-7428,2020-01-16T20:00:00+11:00,-33.8725,151.213333,pm25,µg/m³,24.1
7428,21614,Cook And Phillip-7428,2020-01-16T21:00:00+11:00,-33.8725,151.213333,pm25,µg/m³,24.5
7428,21614,Cook And Phillip-7428,2020-01-16T22:00:00+11:00,-33.8725,151.213333,pm25,µg/m³,24.7
7428,21614,Cook And Phillip-7428,2020-01-16T23:00:00+11:00,-33.8725,151.213333,pm25,µg/m³,26.2
7428,25546,Cook And Phillip-7428,2020-01-16T01:00:00+11:00,-33.8725,151.213333,no2,ppm,0.002
7428,25546,Cook And Phillip-7428,2020-01-16T03:00:00+11:00,-33.8725,151.213333,no2,ppm,0.002
7428,25546,Cook And Phillip-7428,2020-01-16T04:00:00+11:00,-33.8725,151.213333,no2,ppm,0.004
7428,25546,Cook And Phillip-7428,2020-01-16T05:00:00+11:00,-33.8725,151.213333,no2,ppm,0.008
7428,25546,Cook And Phillip-7428,2020-01-16T06:00:00+11:00,-33.8725,151.213333,no2,ppm,0.015
7428,25546,Cook And Phillip-7428,2020-01-16T07:00:00+11:00,-33.8725,151.213333,no2,ppm,0.018
7428,25546,Cook And Phillip-7428,2020-01-16T08:00:00+11:00,-33.8725,151.213333,no2,ppm,0.034
7428,25546,Cook And Phillip-7428,2020-01-16T09:00:00+11:00,-33.8725,151.213333,no2,ppm,0.046
7428,25546,Cook And Phillip-7428,2020-01-16T10:00:00+11:00,-33.8725,151.213333,no2,ppm,0.039
7428,25546,Cook And Phillip-7428,2020-01-16T11:00:00+11:00,-33.8725,151.213333,no2,ppm,0.034
7428,25546,Cook And Phillip-7428,2020-01-16T12:00:00+11:00,-33.8725,151.213333,no2,ppm,0.034
7428,25546,Cook And Phillip-7428,2020-01-16T13:00:00+11:00,-33.8725,151.213333,no2,ppm,0.036
7428,25546,Cook And Phillip-7428,2020-01-16T14:00:00+11:00,-33.8725,151.213333,no2,ppm,0.037
7428,25546,Cook And Phillip-7428,2020-01-16T15:00:00+11:00,-33.8725,151.213333,no2,ppm,0.03
7428,25546,Cook And Phillip-7428,2020-01-16T16:00:00+11:00,-33.8725,151.213333,no2,ppm,0.021
7428,25546,Cook And Phillip-7428,2020-01-16T17:00:00+11:00,-33.8725,151.213333,no2,ppm,0.022
7428,25546,Cook And Phillip-7428,2020-01-16T18:00:00+11:00,-33.8725,151.213333,no2,ppm,0.014
7428,25546,Cook And Phillip-7428,2020-01-16T19:00:00+11:00,-33.8725,151.213333,no2,ppm,0.011
7428,25546,Cook And Phillip-7428,2020-01-16T20:00:00+11:00,-33.8725,151.213333,no2,ppm,0.013
7428,25546,Cook And Phillip-7428,2020-01-16T21:00:00+11:00,-33.8725,151.213333,no2,ppm,0.018
7428,25546,Cook And Phillip-7428,2020-01-16T22:00:00+11:00,-33.8725,151.213333,no2,ppm,0.022
7428,25546,Cook And Phillip-7428,2020-01-16T23:00:00+11:00,-33.8725,151.213333,no2,ppm,0.02
7428,28686,Cook And Phillip-7428,2020-01-16T01:00:00+11:00,-33.8725,151.213333,co,ppm,0.2
7428,28686,Cook And Phillip-7428,2020-01-16T02:00:00+11:00,-33.8725,151.213333,co,ppm,0.1
7428,28686,Cook And Phillip-7428,2020-01-16T03:00:00+11:00,-33.8725,151.213333,co,ppm,0.1
7428,28686,Cook And Phillip-7428,2020-01-16T04:00:00+11:00,-33.8725,151.213333,co,ppm,0.1
7428,28686,Cook And Phillip-7428,2020-01-16T05:00:00+11:00,-33.8725,151.213333,co,ppm,0.1
7428,28686,Cook And Phillip-7428,2020-01-16T06:00:00+11:00,-33.8725,151.213333,co,ppm,0.1
7428,28686,Cook And Phillip-7428,2020-01-16T07:00:00+11:00,-33.8725,151.213333,co,ppm,0.2
7428,28686,Cook And Phillip-7428,2020-01-16T08:00:00+11:00,-33.8725,151.213333,co,ppm,0.2
7428,28686,Cook And Phillip-7428,2020-01-16T09:00:00+11:00,-33.8725,151.213333,co,ppm,0.3
7428,28686,Cook And Phillip-7428,2020-01-16T10:00:00+11:00,-33.8725,151.213333,co,ppm,0.3
7428,28686,Cook And Phillip-7428,2020-01-16T11:00:00+11:00,-33.8725,151.213333,co,ppm,0.4
7428,28686,Cook And Phillip-7428,2020-01-16T12:00:00+11:00,-33.8725,151.213333,co,ppm,0.4
7428,28686,Cook And Phillip-7428,2020-01-16T13:00:00+11:00,-33.8725,151.213333,co,ppm,0.4
7428,28686,Cook And Phillip-7428,2020-01-16T14:00:00+11:00,-33.8725,151.213333,co,ppm,0.5
7428,28686,Cook And Phillip-7428,2020-01-16T15:00:00+11:00,-33.8725,151.213333,co,ppm,0.5
7428,28686,Cook And Phillip-7428,2020-01-16T16:00:00+11:00,-33.8725,151.213333,co,ppm,0.5
7428,28686,Cook And Phillip-7428,2020-01-16T17:00:00+11:00,-33.8725,151.213333,co,ppm,0.5
7428,28686,Cook And Phillip-7428,2020-01-16T18:00:00+11:00,-33.8725,151.213333,co,ppm,0.4
7428,28686,Cook And Phillip-7428,2020-01-16T19:00:00+11:00,-33.8725,151.213333,co,ppm,0.4
7428,28686,Cook And Phillip-7428,2020-01-16T20:00:00+11:00,-33.8725,151.213333,co,ppm,0.4
7428,28686,Cook And Phillip-7428,2020-01-16T21:00:00+11:00,-33.8725,151.213333,co,ppm,0.4
7428,28686,Cook And Phillip-7428,2020-01-16T22:00:00+11:00,-33.8725,151.213333,co,ppm,0.4
7428,28686,Cook And Phillip-7428,2020-01-16T23:00:00+11:00,-33.8725,151.213333,co,ppm,0.3
7428,25544,Cook And Phillip-7428,2020-01-16T01:00:00+11:00,-33.8725,151.213333,so2,ppm,0.0
7428,25544,Cook And Phillip-7428,2020-01-16T03:00:00+11:00,-33.8725,151.213333,so2,ppm,0.0
7428,25544,Cook And Phillip-7428,2020-01-16T04:00:00+11:00,-33.8725,151.213333,so2,ppm,0.0
7428,25544,Cook And Phillip-7428,2020-01-16T05:00:00+11:00,-33.8725,151.213333,so2,ppm,0.0
7428,25544,Cook And Phillip-7428,2020-01-16T06:00:00+11:00,-33.8725,151.213333,so2,ppm,0.0
7428,25544,Cook And Phillip-7428,2020-01-16T07:00:00+11:00,-33.8725,151.213333,so2,ppm,0.0
7428,25544,Cook And Phillip-7428,2020-01-16T08:00:00+11:00,-33.8725,151.213333,so2,ppm,0.0
7428,25544,Cook And Phillip-7428,2020-01-16T09:00:00+11:00,-33.8725,151.213333,so2,ppm,0.0
7428,25544,Cook And Phillip-7428,2020-01-16T10:00:00+11:00,-33.8725,151.213333,so2,ppm,0.0
7428,25544,Cook And Phillip-7428,2020-01-16T11:00:00+11:00,-33.8725,151.213333,so2,ppm,0.0
7428,25544,Cook And Phillip-7428,2020-01-16T12:00:00+11:00,-33.8725,151.213333,so2,ppm,0.0
7428,25544,Cook And Phillip-7428,2020-01-16T13:00:00+11:00,-33.8725,151.213333,so2,ppm,0.0
7428,25544,Cook And Phillip-7428,2020-01-16T14:00:00+11:00,-33.8725,151.213333,so2,ppm,0.0
7428,25544,Cook And Phillip-7428,2020-01-16T15:00:00+11:00,-33.8725,151.213333,so2,ppm,0.0
7428,25544,Cook And Phillip-7428,2020-01-16T16:00:00+11:00,-33.8725,151.213333,so2,ppm,0.0
7428,25544,Cook And Phillip-7428,2020-01-16T17:00:00+11:00,-33.8725,151.213333,so2,ppm,0.0
7428,25544,Cook And Phillip-7428,2020-01-16T18:00:00+11:00,-33.8725,151.213333,so2,ppm,0.0
7428,25544,Cook And Phillip-7428,2020-01-16T19:00:00+11:00,-33.8725,151.213333,so2,ppm,0.0
7428,25544,Cook And Phillip-7428,2020-01-16T20:00:00+11:00,-33.8725,151.213333,so2,ppm,0.0
7428,25544,Cook And Phillip-7428,2020-01-16T21:00:00+11:00,-33.8725,151.213333,so2,ppm,0.0
7428,25544,Cook And Phillip-7428,2020-01-16T22:00:00+11:00,-33.8725,151.213333,so2,ppm,0.0
7428,25544,Cook And Phillip-7428,2020-01-16T23:00:00+11:00,-33.8725,151.213333,so2,ppm,0.0
7428,25545,Cook And Phillip-7428,2020-01-16T01:00:00+11:00,-33.8725,151.213333,o3,ppm,0.007
7428,25545,Cook And Phillip-7428,2020-01-16T02:00:00+11:00,-33.8725,151.213333,o3,ppm,0.007
7428,25545,Cook And Phillip-7428,2020-01-16T03:00:00+11:00,-33.8725,151.213333,o3,ppm,0.004
7428,25545,Cook And Phillip-7428,2020-01-16T04:00:00+11:00,-33.8725,151.213333,o3,ppm,0.005
7428,25545,Cook And Phillip-7428,2020-01-16T05:00:00+11:00,-33.8725,151.213333,o3,ppm,0.0
7428,25545,Cook And Phillip-7428,2020-01-16T06:00:00+11:00,-33.8725,151.213333,o3,ppm,-0.002
7428,25545,Cook And Phillip-7428,2020-01-16T07:00:00+11:00,-33.8725,151.213333,o3,ppm,0.004
7428,25545,Cook And Phillip-7428,2020-01-16T08:00:00+11:00,-33.8725,151.213333,o3,ppm,0.009
7428,25545,Cook And Phillip-7428,2020-01-16T09:00:00+11:00,-33.8725,151.213333,o3,ppm,0.001
7428,25545,Cook And Phillip-7428,2020-01-16T10:00:00+11:00,-33.8725,151.213333,o3,ppm,0.004
7428,25545,Cook And Phillip-7428,2020-01-16T11:00:00+11:00,-33.8725,151.213333,o3,ppm,0.005
7428,25545,Cook And Phillip-7428,2020-01-16T12:00:00+11:00,-33.8725,151.213333,o3,ppm,0.003
7428,25545,Cook And Phillip-7428,2020-01-16T13:00:00+11:00,-33.8725,151.213333,o3,ppm,0.002
7428,25545,Cook And Phillip-7428,2020-01-16T14:00:00+11:00,-33.8725,151.213333,o3,ppm,0.01
7428,25545,Cook And Phillip-7428,2020-01-16T15:00:00+11:00,-33.8725,151.213333,o3,ppm,0.025
7428,25545,Cook And Phillip-7428,2020-01-16T16:00:00+11:00,-33.8725,151.213333,o3,ppm,0.037
7428,25545,Cook And Phillip-7428,2020-01-16T17:00:00+11:00,-33.8725,151.213333,o3,ppm,0.033
7428,25545,Cook And Phillip-7428,2020-01-16T18:00:00+11:00,-33.8725,151.213333,o3,ppm,0.042
7428,25545,Cook And Phillip-7428,2020-01-16T19:00:00+11:00,-33.8725,151.213333,o3,ppm,0.038
7428,25545,Cook And Phillip-7428,2020-01-16T20:00:00+11:00,-33.8725,151.213333,o3,ppm,0.031
7428,25545,Cook And Phillip-7428,2020-01-16T21:00:00+11:00,-33.8725,151.213333,o3,ppm,0.023
7428,25545,Cook And Phillip-7428,2020-01-16T22:00:00+11:00,-33.8725,151.213333,o3,ppm,0.014
7428,25545,Cook And Phillip-7428,2020-01-16T23:00:00+11:00,-33.8725,151.213333,o3,ppm,0.013
7428,21615,Cook And Phillip-7428,2020-01-17T01:00:00+11:00,-33.8725,151.213333,pm10,µg/m³,34.4
7428,21615,Cook And Phillip-7428,2020-01-17T02:00:00+11:00,-33.8725,151.213333,pm10,µg/m³,38.0
7428,21615,Cook And Phillip-7428,2020-01-17T03:00:00+11:00,-33.8725,151.213333,pm10,µg/m³,39.2
7428,21615,Cook And Phillip-7428,2020-01-17T04:00:00+11:00,-33.8725,151.213333,pm10,µg/m³,39.9
7428,21615,Cook And Phillip-7428,2020-01-17T05:00:00+11:00,-33.8725,151.213333,pm10,µg/m³,41.9
7428,21615,Cook And Phillip-7428,2020-01-17T06:00:00+11:00,-33.8725,151.213333,pm10,µg/m³,43.3
7428,21615,Cook And Phillip-7428,2020-01-17T07:00:00+11:00,-33.8725,151.213333,pm10,µg/m³,43.7
7428,21615,Cook And Phillip-7428,2020-01-17T08:00:00+11:00,-33.8725,151.213333,pm10,µg/m³,42.1
7428,21615,Cook And Phillip-7428,2020-01-17T09:00:00+11:00,-33.8725,151.213333,pm10,µg/m³,41.4
7428,21615,Cook And Phillip-7428,2020-01-17T10:00:00+11:00,-33.8725,151.213333,pm10,µg/m³,40.3
7428,21615,Cook And Phillip-7428,2020-01-17T11:00:00+11:00,-33.8725,151.213333,pm10,µg/m³,41.0
7428,21615,Cook And Phillip-7428,2020-01-17T12:00:00+11:00,-33.8725,151.213333,pm10,µg/m³,44.6
7428,21615,Cook And Phillip-7428,2020-01-17T13:00:00+11:00,-33.8725,151.213333,pm10,µg/m³,47.7
7428,21615,Cook And Phillip-7428,2020-01-17T14:00:00+11:00,-33.8725,151.213333,pm10,µg/m³,49.9
7428,21615,Cook And Phillip-7428,2020-01-17T15:00:00+11:00,-33.8725,151.213333,pm10,µg/m³,51.4
7428,21615,Cook And Phillip-7428,2020-01-17T16:00:00+11:00,-33.8725,151.213333,pm10,µg/m³,52.8
7428,21615,Cook And Phillip-7428,2020-01-17T17:00:00+11:00,-33.8725,151.213333,pm10,µg/m³,52.8
7428,21615,Cook And Phillip-7428,2020-01-17T18:00:00+11:00,-33.8725,151.213333,pm10,µg/m³,52.9
7428,21615,Cook And Phillip-7428,2020-01-17T21:00:00+11:00,-33.8725,151.213333,pm10,µg/m³,50.6
7428,21615,Cook And Phillip-7428,2020-01-17T22:00:00+11:00,-33.8725,151.213333,pm10,µg/m³,50.5
7428,21615,Cook And Phillip-7428,2020-01-17T23:00:00+11:00,-33.8725,151.213333,pm10,µg/m³,50.2
7428,21614,Cook And Phillip-7428,2020-01-17T01:00:00+11:00,-33.8725,151.213333,pm25,µg/m³,28.3
7428,21614,Cook And Phillip-7428,2020-01-17T02:00:00+11:00,-33.8725,151.213333,pm25,µg/m³,30.1
7428,21614,Cook And Phillip-7428,2020-01-17T03:00:00+11:00,-33.8725,151.213333,pm25,µg/m³,29.7
7428,21614,Cook And Phillip-7428,2020-01-17T04:00:00+11:00,-33.8725,151.213333,pm25,µg/m³,30.9
7428,21614,Cook And Phillip-7428,2020-01-17T05:00:00+11:00,-33.8725,151.213333,pm25,µg/m³,32.7
7428,21614,Cook And Phillip-7428,2020-01-17T06:00:00+11:00,-33.8725,151.213333,pm25,µg/m³,31.9
7428,21614,Cook And Phillip-7428,2020-01-17T07:00:00+11:00,-33.8725,151.213333,pm25,µg/m³,32.1
7428,21614,Cook And Phillip-7428,2020-01-17T08:00:00+11:00,-33.8725,151.213333,pm25,µg/m³,30.8
7428,21614,Cook And Phillip-7428,2020-01-17T09:00:00+11:00,-33.8725,151.213333,pm25,µg/m³,30.2
7428,21614,Cook And Phillip-7428,2020-01-17T10:00:00+11:00,-33.8725,151.213333,pm25,µg/m³,29.4
7428,21614,Cook And Phillip-7428,2020-01-17T11:00:00+11:00,-33.8725,151.213333,pm25,µg/m³,30.6
7428,21614,Cook And Phillip-7428,2020-01-17T12:00:00+11:00,-33.8725,151.213333,pm25,µg/m³,34.1
7428,21614,Cook And Phillip-7428,2020-01-17T13:00:00+11:00,-33.8725,151.213333,pm25,µg/m³,37.1
7428,21614,Cook And Phillip-7428,2020-01-17T14:00:00+11:00,-33.8725,151.213333,pm25,µg/m³,39.3
7428,21614,Cook And Phillip-7428,2020-01-17T15:00:00+11:00,-33.8725,151.213333,pm25,µg/m³,40.8
7428,21614,Cook And Phillip-7428,2020-01-17T16:00:00+11:00,-33.8725,151.213333,pm25,µg/m³,41.9
7428,21614,Cook And Phillip-7428,2020-01-17T17:00:00+11:00,-33.8725,151.213333,pm25,µg/m³,41.9
7428,21614,Cook And Phillip-7428,2020-01-17T18:00:00+11:00,-33.8725,151.213333,pm25,µg/m³,41.9
7428,21614,Cook And Phillip-7428,2020-01-17T21:00:00+11:00,-33.8725,151.213333,pm25,µg/m³,40.2
7428,21614,Cook And Phillip-7428,2020-01-17T22:00:00+11:00,-33.8725,151.213333,pm25,µg/m³,40.0
7428,21614,Cook And Phillip-7428,2020-01-17T23:00:00+11:00,-33.8725,151.213333,pm25,µg/m³,39.6
7428,25546,Cook And Phillip-7428,2020-01-17T01:00:00+11:00,-33.8725,151.213333,no2,ppm,0.013
7428,25546,Cook And Phillip-7428,2020-01-17T03:00:00+11:00,-33.8725,151.213333,no2,ppm,0.005
7428,25546,Cook And Phillip-7428,2020-01-17T04:00:00+11:00,-33.8725,151.213333,no2,ppm,0.003
7428,25546,Cook And Phillip-7428,2020-01-17T05:00:00+11:00,-33.8725,151.213333,no2,ppm,0.002
7428,25546,Cook And Phillip-7428,2020-01-17T06:00:00+11:00,-33.8725,151.213333,no2,ppm,0.009
7428,25546,Cook And Phillip-7428,2020-01-17T07:00:00+11:00,-33.8725,151.213333,no2,ppm,0.019
7428,25546,Cook And Phillip-7428,2020-01-17T08:00:00+11:00,-33.8725,151.213333,no2,ppm,0.016
7428,25546,Cook And Phillip-7428,2020-01-17T09:00:00+11:00,-33.8725,151.213333,no2,ppm,0.019
7428,25546,Cook And Phillip-7428,2020-01-17T10:00:00+11:00,-33.8725,151.213333,no2,ppm,0.022
7428,25546,Cook And Phillip-7428,2020-01-17T11:00:00+11:00,-33.8725,151.213333,no2,ppm,0.017
7428,25546,Cook And Phillip-7428,2020-01-17T12:00:00+11:00,-33.8725,151.213333,no2,ppm,0.015
7428,25546,Cook And Phillip-7428,2020-01-17T13:00:00+11:00,-33.8725,151.213333,no2,ppm,0.013
7428,25546,Cook And Phillip-7428,2020-01-17T14:00:00+11:00,-33.8725,151.213333,no2,ppm,0.012
7428,25546,Cook And Phillip-7428,2020-01-17T15:00:00+11:00,-33.8725,151.213333,no2,ppm,0.011
7428,25546,Cook And Phillip-7428,2020-01-17T16:00:00+11:00,-33.8725,151.213333,no2,ppm,0.005
7428,25546,Cook And Phillip-7428,2020-01-17T17:00:00+11:00,-33.8725,151.213333,no2,ppm,0.008
7428,25546,Cook And Phillip-7428,2020-01-17T18:00:00+11:00,-33.8725,151.213333,no2,ppm,0.01
7428,25546,Cook And Phillip-7428,2020-01-17T21:00:00+11:00,-33.8725,151.213333,no2,ppm,0.007
7428,25546,Cook And Phillip-7428,2020-01-17T22:00:00+11:00,-33.8725,151.213333,no2,ppm,0.009
7428,25546,Cook And Phillip-7428,2020-01-17T23:00:00+11:00,-33.8725,151.213333,no2,ppm,0.009
7428,28686,Cook And Phillip-7428,2020-01-17T01:00:00+11:00,-33.8725,151.213333,co,ppm,0.3
7428,28686,Cook And Phillip-7428,2020-01-17T02:00:00+11:00,-33.8725,151.213333,co,ppm,0.3
7428,28686,Cook And Phillip-7428,2020-01-17T03:00:00+11:00,-33.8725,151.213333,co,ppm,0.4
7428,28686,Cook And Phillip-7428,2020-01-17T04:00:00+11:00,-33.8725,151.213333,co,ppm,0.4
7428,28686,Cook And Phillip-7428,2020-01-17T05:00:00+11:00,-33.8725,151.213333,co,ppm,0.4
7428,28686,Cook And Phillip-7428,2020-01-17T06:00:00+11:00,-33.8725,151.213333,co,ppm,0.4
7428,28686,Cook And Phillip-7428,2020-01-17T07:00:00+11:00,-33.8725,151.213333,co,ppm,0.4
7428,28686,Cook And Phillip-7428,2020-01-17T08:00:00+11:00,-33.8725,151.213333,co,ppm,0.4
7428,28686,Cook And Phillip-7428,2020-01-17T09:00:00+11:00,-33.8725,151.213333,co,ppm,0.3
7428,28686,Cook And Phillip-7428,2020-01-17T10:00:00+11:00,-33.8725,151.213333,co,ppm,0.4
7428,28686,Cook And Phillip-7428,2020-01-17T11:00:00+11:00,-33.8725,151.213333,co,ppm,0.5
7428,28686,Cook And Phillip-7428,2020-01-17T12:00:00+11:00,-33.8725,151.213333,co,ppm,0.6
7428,28686,Cook And Phillip-7428,2020-01-17T13:00:00+11:00,-33.8725,151.213333,co,ppm,0.7
7428,28686,Cook And Phillip-7428,2020-01-17T14:00:00+11:00,-33.8725,151.213333,co,ppm,0.8
7428,28686,Cook And Phillip-7428,2020-01-17T15:00:00+11:00,-33.8725,151.213333,co,ppm,0.8
7428,28686,Cook And Phillip-7428,2020-01-17T16:00:00+11:00,-33.8725,151.213333,co,ppm,0.9
7428,28686,Cook And Phillip-7428,2020-01-17T17:00:00+11:00,-33.8725,151.213333,co,ppm,0.9
7428,28686,Cook And Phillip-7428,2020-01-17T18:00:00+11:00,-33.8725,151.213333,co,ppm,0.9
7428,28686,Cook And Phillip-7428,2020-01-17T21:00:00+11:00,-33.8725,151.213333,co,ppm,0.6
7428,28686,Cook And Phillip-7428,2020-01-17T22:00:00+11:00,-33.8725,151.213333,co,ppm,0.6
7428,28686,Cook And Phillip-7428,2020-01-17T23:00:00+11:00,-33.8725,151.213333,co,ppm,0.5
7428,25544,Cook And Phillip-7428,2020-01-17T01:00:00+11:00,-33.8725,151.213333,so2,ppm,0.0
7428,25544,Cook And Phillip-7428,2020-01-17T03:00:00+11:00,-33.8725,151.213333,so2,ppm,0.0
7428,25544,Cook And Phillip-7428,2020-01-17T04:00:00+11:00,-33.8725,151.213333,so2,ppm,0.0
7428,25544,Cook And Phillip-7428,2020-01-17T05:00:00+11:00,-33.8725,151.213333,so2,ppm,0.0
7428,25544,Cook And Phillip-7428,2020-01-17T06:00:00+11:00,-33.8725,151.213333,so2,ppm,0.0
7428,25544,Cook And Phillip-7428,2020-01-17T07:00:00+11:00,-33.8725,151.213333,so2,ppm,0.0
7428,25544,Cook And Phillip-7428,2020-01-17T08:00:00+11:00,-33.8725,151.213333,so2,ppm,0.0
7428,25544,Cook And Phillip-7428,2020-01-17T09:00:00+11:00,-33.8725,151.213333,so2,ppm,0.0
7428,25544,Cook And Phillip-7428,2020-01-17T10:00:00+11:00,-33.8725,151.213333,so2,ppm,0.0
7428,25544,Cook And Phillip-7428,2020-01-17T11:00:00+11:00,-33.8725,151.213333,so2,ppm,0.0
7428,25544,Cook And Phillip-7428,2020-01-17T12:00:00+11:00,-33.8725,151.213333,so2,ppm,0.0
7428,25544,Cook And Phillip-7428,2020-01-17T13:00:00+11:00,-33.8725,151.213333,so2,ppm,0.0
7428,25544,Cook And Phillip-7428,2020-01-17T14:00:00+11:00,-33.8725,151.213333,so2,ppm,0.0
7428,25544,Cook And Phillip-7428,2020-01-17T15:00:00+11:00,-33.8725,151.213333,so2,ppm,0.0
7428,25544,Cook And Phillip-7428,2020-01-17T16:00:00+11:00,-33.8725,151.213333,so2,ppm,0.0
7428,25544,Cook And Phillip-7428,2020-01-17T17:00:00+11:00,-33.8725,151.213333,so2,ppm,0.0
7428,25544,Cook And Phillip-7428,2020-01-17T18:00:00+11:00,-33.8725,151.213333,so2,ppm,0.0
7428,25544,Cook And Phillip-7428,2020-01-17T21:00:00+11:00,-33.8725,151.213333,so2,ppm,0.0
7428,25544,Cook And Phillip-7428,2020-01-17T22:00:00+11:00,-33.8725,151.213333,so2,ppm,0.0
7428,25544,Cook And Phillip-7428,2020-01-17T23:00:00+11:00,-33.8725,151.213333,so2,ppm,0.0
7428,25545,Cook And Phillip-7428,2020-01-17T01:00:00+11:00,-33.8725,151.213333,o3,ppm,0.022
7428,25545,Cook And Phillip-7428,2020-01-17T02:00:00+11:00,-33.8725,151.213333,o3,ppm,0.016
7428,25545,Cook And Phillip-7428,2020-01-17T03:00:00+11:00,-33.8725,151.213333,o3,ppm,0.034
7428,25545,Cook And Phillip-7428,2020-01-17T04:00:00+11:00,-33.8725,151.213333,o3,ppm,0.032
7428,25545,Cook And Phillip-7428,2020-01-17T05:00:00+11:00,-33.8725,151.213333,o3,ppm,0.029
7428,25545,Cook And Phillip-7428,2020-01-17T06:00:00+11:00,-33.8725,151.213333,o3,ppm,0.02
7428,25545,Cook And Phillip-7428,2020-01-17T07:00:00+11:00,-33.8725,151.213333,o3,ppm,0.012
7428,25545,Cook And Phillip-7428,2020-01-17T08:00:00+11:00,-33.8725,151.213333,o3,ppm,0.007
7428,25545,Cook And Phillip-7428,2020-01-17T09:00:00+11:00,-33.8725,151.213333,o3,ppm,0.005
7428,25545,Cook And Phillip-7428,2020-01-17T10:00:00+11:00,-33.8725,151.213333,o3,ppm,0.003
7428,25545,Cook And Phillip-7428,2020-01-17T11:00:00+11:00,-33.8725,151.213333,o3,ppm,0.005
7428,25545,Cook And Phillip-7428,2020-01-17T12:00:00+11:00,-33.8725,151.213333,o3,ppm,0.008
7428,25545,Cook And Phillip-7428,2020-01-17T13:00:00+11:00,-33.8725,151.213333,o3,ppm,0.011
7428,25545,Cook And Phillip-7428,2020-01-17T14:00:00+11:00,-33.8725,151.213333,o3,ppm,0.015
7428,25545,Cook And Phillip-7428,2020-01-17T15:00:00+11:00,-33.8725,151.213333,o3,ppm,0.016
7428,25545,Cook And Phillip-7428,2020-01-17T16:00:00+11:00,-33.8725,151.213333,o3,ppm,0.022
7428,25545,Cook And Phillip-7428,2020-01-17T17:00:00+11:00,-33.8725,151.213333,o3,ppm,0.021
7428,25545,Cook And Phillip-7428,2020-01-17T18:00:00+11:00,-33.8725,151.213333,o3,ppm,0.016
7428,25545,Cook And Phillip-7428,2020-01-17T21:00:00+11:00,-33.8725,151.213333,o3,ppm,0.015
7428,25545,Cook And Phillip-7428,2020-01-17T22:00:00+11:00,-33.8725,151.213333,o3,ppm,0.013
7428,25545,Cook And Phillip-7428,2020-01-17T23:00:00+11:00,-33.8725,151.213333,o3,ppm,0.016
7428,21615,Cook And Phillip-7428,2020-01-18T01:00:00+11:00,-33.8725,151.213333,pm10,µg/m³,49.5
7428,21615,Cook And Phillip-7428,2020-01-18T02:00:00+11:00,-33.8725,151.213333,pm10,µg/m³,47.4
7428,21615,Cook And Phillip-7428,2020-01-18T03:00:00+11:00,-33.8725,151.213333,pm10,µg/m³,48.0
7428,21615,Cook And Phillip-7428,2020-01-18T04:00:00+11:00,-33.8725,151.213333,pm10,µg/m³,47.4
7428,21615,Cook And Phillip-7428,2020-01-18T05:00:00+11:00,-33.8725,151.213333,pm10,µg/m³,46.1
7428,21615,Cook And Phillip-7428,2020-01-18T06:00:00+11:00,-33.8725,151.213333,pm10,µg/m³,46.5
7428,21615,Cook And Phillip-7428,2020-01-18T07:00:00+11:00,-33.8725,151.213333,pm10,µg/m³,46.7
7428,21615,Cook And Phillip-7428,2020-01-18T08:00:00+11:00,-33.8725,151.213333,pm10,µg/m³,47.3
7428,21615,Cook And Phillip-7428,2020-01-18T09:00:00+11:00,-33.8725,151.213333,pm10,µg/m³,47.6
7428,21615,Cook And Phillip-7428,2020-01-18T10:00:00+11:00,-33.8725,151.213333,pm10,µg/m³,47.2
7428,21615,Cook And Phillip-7428,2020-01-18T11:00:00+11:00,-33.8725,151.213333,pm10,µg/m³,44.8
7428,21615,Cook And Phillip-7428,2020-01-18T12:00:00+11:00,-33.8725,151.213333,pm10,µg/m³,40.6
7428,21615,Cook And Phillip-7428,2020-01-18T13:00:00+11:00,-33.8725,151.213333,pm10,µg/m³,37.6
7428,21615,Cook And Phillip-7428,2020-01-18T14:00:00+11:00,-33.8725,151.213333,pm10,µg/m³,35.2
7428,21615,Cook And Phillip-7428,2020-01-18T15:00:00+11:00,-33.8725,151.213333,pm10,µg/m³,32.7
7428,21615,Cook And Phillip-7428,2020-01-18T16:00:00+11:00,-33.8725,151.213333,pm10,µg/m³,30.1
7428,21615,Cook And Phillip-7428,2020-01-18T17:00:00+11:00,-33.8725,151.213333,pm10,µg/m³,28.9
7428,21615,Cook And Phillip-7428,2020-01-18T18:00:00+11:00,-33.8725,151.213333,pm10,µg/m³,28.0
7428,21615,Cook And Phillip-7428,2020-01-18T19:00:00+11:00,-33.8725,151.213333,pm10,µg/m³,27.6
7428,21615,Cook And Phillip-7428,2020-01-18T20:00:00+11:00,-33.8725,151.213333,pm10,µg/m³,27.4
7428,21615,Cook And Phillip-7428,2020-01-18T21:00:00+11:00,-33.8725,151.213333,pm10,µg/m³,26.8
7428,21615,Cook And Phillip-7428,2020-01-18T22:00:00+11:00,-33.8725,151.213333,pm10,µg/m³,26.1
7428,21615,Cook And Phillip-7428,2020-01-18T23:00:00+11:00,-33.8725,151.213333,pm10,µg/m³,25.6
7428,21614,Cook And Phillip-7428,2020-01-18T01:00:00+11:00,-33.8725,151.213333,pm25,µg/m³,38.8
7428,21614,Cook And Phillip-7428,2020-01-18T02:00:00+11:00,-33.8725,151.213333,pm25,µg/m³,36.9
7428,21614,Cook And Phillip-7428,2020-01-18T03:00:00+11:00,-33.8725,151.213333,pm25,µg/m³,37.2
7428,21614,Cook And Phillip-7428,2020-01-18T04:00:00+11:00,-33.8725,151.213333,pm25,µg/m³,36.5
7428,21614,Cook And Phillip-7428,2020-01-18T05:00:00+11:00,-33.8725,151.213333,pm25,µg/m³,35.5
7428,21614,Cook And Phillip-7428,2020-01-18T06:00:00+11:00,-33.8725,151.213333,pm25,µg/m³,35.9
7428,21614,Cook And Phillip-7428,2020-01-18T07:00:00+11:00,-33.8725,151.213333,pm25,µg/m³,35.9
7428,21614,Cook And Phillip-7428,2020-01-18T08:00:00+11:00,-33.8725,151.213333,pm25,µg/m³,36.3
7428,21614,Cook And Phillip-7428,2020-01-18T09:00:00+11:00,-33.8725,151.213333,pm25,µg/m³,36.2
7428,21614,Cook And Phillip-7428,2020-01-18T10:00:00+11:00,-33.8725,151.213333,pm25,µg/m³,35.6
7428,21614,Cook And Phillip-7428,2020-01-18T11:00:00+11:00,-33.8725,151.213333,pm25,µg/m³,33.0
7428,21614,Cook And Phillip-7428,2020-01-18T12:00:00+11:00,-33.8725,151.213333,pm25,µg/m³,29.0
7428,21614,Cook And Phillip-7428,2020-01-18T13:00:00+11:00,-33.8725,151.213333,pm25,µg/m³,26.2
7428,21614,Cook And Phillip-7428,2020-01-18T14:00:00+11:00,-33.8725,151.213333,pm25,µg/m³,24.0
7428,21614,Cook And Phillip-7428,2020-01-18T15:00:00+11:00,-33.8725,151.213333,pm25,µg/m³,21.7
7428,21614,Cook And Phillip-7428,2020-01-18T16:00:00+11:00,-33.8725,151.213333,pm25,µg/m³,19.5
7428,21614,Cook And Phillip-7428,2020-01-18T17:00:00+11:00,-33.8725,151.213333,pm25,µg/m³,18.6
7428,21614,Cook And Phillip-7428,2020-01-18T18:00:00+11:00,-33.8725,151.213333,pm25,µg/m³,17.9
7428,21614,Cook And Phillip-7428,2020-01-18T19:00:00+11:00,-33.8725,151.213333,pm25,µg/m³,17.6
7428,21614,Cook And Phillip-7428,2020-01-18T20:00:00+11:00,-33.8725,151.213333,pm25,µg/m³,17.4
7428,21614,Cook And Phillip-7428,2020-01-18T21:00:00+11:00,-33.8725,151.213333,pm25,µg/m³,17.0
7428,21614,Cook And Phillip-7428,2020-01-18T22:00:00+11:00,-33.8725,151.213333,pm25,µg/m³,16.5
7428,21614,Cook And Phillip-7428,2020-01-18T23:00:00+11:00,-33.8725,151.213333,pm25,µg/m³,16.2
7428,25546,Cook And Phillip-7428,2020-01-18T01:00:00+11:00,-33.8725,151.213333,no2,ppm,0.007
7428,25546,Cook And Phillip-7428,2020-01-18T03:00:00+11:00,-33.8725,151.213333,no2,ppm,0.003
7428,25546,Cook And Phillip-7428,2020-01-18T04:00:00+11:00,-33.8725,151.213333,no2,ppm,0.003
7428,25546,Cook And Phillip-7428,2020-01-18T05:00:00+11:00,-33.8725,151.213333,no2,ppm,0.003
7428,25546,Cook And Phillip-7428,2020-01-18T06:00:00+11:00,-33.8725,151.213333,no2,ppm,0.007
7428,25546,Cook And Phillip-7428,2020-01-18T07:00:00+11:00,-33.8725,151.213333,no2,ppm,0.009
7428,25546,Cook And Phillip-7428,2020-01-18T08:00:00+11:00,-33.8725,151.213333,no2,ppm,0.01
7428,25546,Cook And Phillip-7428,2020-01-18T09:00:00+11:00,-33.8725,151.213333,no2,ppm,0.009
7428,25546,Cook And Phillip-7428,2020-01-18T10:00:00+11:00,-33.8725,151.213333,no2,ppm,0.009
7428,25546,Cook And Phillip-7428,2020-01-18T11:00:00+11:00,-33.8725,151.213333,no2,ppm,0.01
7428,25546,Cook And Phillip-7428,2020-01-18T12:00:00+11:00,-33.8725,151.213333,no2,ppm,0.011
7428,25546,Cook And Phillip-7428,2020-01-18T13:00:00+11:00,-33.8725,151.213333,no2,ppm,0.01
7428,25546,Cook And Phillip-7428,2020-01-18T14:00:00+11:00,-33.8725,151.213333,no2,ppm,0.014
7428,25546,Cook And Phillip-7428,2020-01-18T15:00:00+11:00,-33.8725,151.213333,no2,ppm,0.01
7428,25546,Cook And Phillip-7428,2020-01-18T16:00:00+11:00,-33.8725,151.213333,no2,ppm,0.009
7428,25546,Cook And Phillip-7428,2020-01-18T17:00:00+11:00,-33.8725,151.213333,no2,ppm,0.011
7428,25546,Cook And Phillip-7428,2020-01-18T18:00:00+11:00,-33.8725,151.213333,no2,ppm,0.012
7428,25546,Cook And Phillip-7428,2020-01-18T19:00:00+11:00,-33.8725,151.213333,no2,ppm,0.014
7428,25546,Cook And Phillip-7428,2020-01-18T20:00:00+11:00,-33.8725,151.213333,no2,ppm,0.017
7428,25546,Cook And Phillip-7428,2020-01-18T21:00:00+11:00,-33.8725,151.213333,no2,ppm,0.015
7428,25546,Cook And Phillip-7428,2020-01-18T22:00:00+11:00,-33.8725,151.213333,no2,ppm,0.013
7428,25546,Cook And Phillip-7428,2020-01-18T23:00:00+11:00,-33.8725,151.213333,no2,ppm,0.012
7428,28686,Cook And Phillip-7428,2020-01-18T01:00:00+11:00,-33.8725,151.213333,co,ppm,0.4
7428,28686,Cook And Phillip-7428,2020-01-18T02:00:00+11:00,-33.8725,151.213333,co,ppm,0.4
7428,28686,Cook And Phillip-7428,2020-01-18T03:00:00+11:00,-33.8725,151.213333,co,ppm,0.4
7428,28686,Cook And Phillip-7428,2020-01-18T04:00:00+11:00,-33.8725,151.213333,co,ppm,0.4
7428,28686,Cook And Phillip-7428,2020-01-18T05:00:00+11:00,-33.8725,151.213333,co,ppm,0.3
7428,28686,Cook And Phillip-7428,2020-01-18T06:00:00+11:00,-33.8725,151.213333,co,ppm,0.3
7428,28686,Cook And Phillip-7428,2020-01-18T07:00:00+11:00,-33.8725,151.213333,co,ppm,0.3
7428,28686,Cook And Phillip-7428,2020-01-18T08:00:00+11:00,-33.8725,151.213333,co,ppm,0.3
7428,28686,Cook And Phillip-7428,2020-01-18T09:00:00+11:00,-33.8725,151.213333,co,ppm,0.3
7428,28686,Cook And Phillip-7428,2020-01-18T10:00:00+11:00,-33.8725,151.213333,co,ppm,0.3
7428,28686,Cook And Phillip-7428,2020-01-18T11:00:00+11:00,-33.8725,151.213333,co,ppm,0.3
7428,28686,Cook And Phillip-7428,2020-01-18T12:00:00+11:00,-33.8725,151.213333,co,ppm,0.3
7428,28686,Cook And Phillip-7428,2020-01-18T13:00:00+11:00,-33.8725,151.213333,co,ppm,0.3
7428,28686,Cook And Phillip-7428,2020-01-18T14:00:00+11:00,-33.8725,151.213333,co,ppm,0.3
7428,28686,Cook And Phillip-7428,2020-01-18T15:00:00+11:00,-33.8725,151.213333,co,ppm,0.3
7428,28686,Cook And Phillip-7428,2020-01-18T16:00:00+11:00,-33.8725,151.213333,co,ppm,0.3
7428,28686,Cook And Phillip-7428,2020-01-18T17:00:00+11:00,-33.8725,151.213333,co,ppm,0.3
7428,28686,Cook And Phillip-7428,2020-01-18T18:00:00+11:00,-33.8725,151.213333,co,ppm,0.3
7428,28686,Cook And Phillip-7428,2020-01-18T19:00:00+11:00,-33.8725,151.213333,co,ppm,0.3
7428,28686,Cook And Phillip-7428,2020-01-18T20:00:00+11:00,-33.8725,151.213333,co,ppm,0.3
7428,28686,Cook And Phillip-7428,2020-01-18T21:00:00+11:00,-33.8725,151.213333,co,ppm,0.3
7428,28686,Cook And Phillip-7428,2020-01-18T22:00:00+11:00,-33.8725,151.213333,co,ppm,0.3
7428,28686,Cook And Phillip-7428,2020-01-18T23:00:00+11:00,-33.8725,151.213333,co,ppm,0.3
7428,25544,Cook And Phillip-7428,2020-01-18T01:00:00+11:00,-33.8725,151.213333,so2,ppm,0.0
7428,25544,Cook And Phillip-7428,2020-01-18T03:00:00+11:00,-33.8725,151.213333,so2,ppm,0.0
7428,25544,Cook And Phillip-7428,2020-01-18T04:00:00+11:00,-33.8725,151.213333,so2,ppm,0.0
7428,25544,Cook And Phillip-7428,2020-01-18T05:00:00+11:00,-33.8725,151.213333,so2,ppm,0.0
7428,25544,Cook And Phillip-7428,2020-01-18T06:00:00+11:00,-33.8725,151.213333,so2,ppm,0.0
7428,25544,Cook And Phillip-7428,2020-01-18T07:00:00+11:00,-33.8725,151.213333,so2,ppm,0.0
7428,25544,Cook And Phillip-7428,2020-01-18T08:00:00+11:00,-33.8725,151.213333,so2,ppm,0.0
7428,25544,Cook And Phillip-7428,2020-01-18T09:00:00+11:00,-33.8725,151.213333,so2,ppm,0.0
7428,25544,Cook And Phillip-7428,2020-01-18T10:00:00+11:00,-33.8725,151.213333,so2,ppm,0.0
7428,25544,Cook And Phillip-7428,2020-01-18T11:00:00+11:00,-33.8725,151.213333,so2,ppm,0.0
7428,25544,Cook And Phillip-7428,2020-01-18T12:00:00+11:00,-33.8725,151.213333,so2,ppm,0.0
7428,25544,Cook And Phillip-7428,2020-01-18T13:00:00+11:00,-33.8725,151.213333,so2,ppm,0.0
7428,25544,Cook And Phillip-7428,2020-01-18T14:00:00+11:00,-33.8725,151.213333,so2,ppm,0.0
7428,25544,Cook And Phillip-7428,2020-01-18T15:00:00+11:00,-33.8725,151.213333,so2,ppm,0.0
7428,25544,Cook And Phillip-7428,2020-01-18T16:00:00+11:00,-33.8725,151.213333,so2,ppm,0.0
7428,25544,Cook And Phillip-7428,2020-01-18T17:00:00+11:00,-33.8725,151.213333,so2,ppm,0.0
7428,25544,Cook And Phillip-7428,2020-01-18T18:00:00+11:00,-33.8725,151.213333,so2,ppm,0.0
7428,25544,Cook And Phillip-7428,2020-01-18T19:00:00+11:00,-33.8725,151.213333,so2,ppm,0.0
7428,25544,Cook And Phillip-7428,2020-01-18T20:00:00+11:00,-33.8725,151.213333,so2,ppm,0.0
7428,25544,Cook And Phillip-7428,2020-01-18T21:00:00+11:00,-33.8725,151.213333,so2,ppm,0.0
7428,25544,Cook And Phillip-7428,2020-01-18T22:00:00+11:00,-33.8725,151.213333,so2,ppm,0.0
7428,25544,Cook And Phillip-7428,2020-01-18T23:00:00+11:00,-33.8725,151.213333,so2,ppm,0.0
7428,25545,Cook And Phillip-7428,2020-01-18T01:00:00+11:00,-33.8725,151.213333,o3,ppm,0.02
7428,25545,Cook And Phillip-7428,2020-01-18T02:00:00+11:00,-33.8725,151.213333,o3,ppm,0.018
7428,25545,Cook And Phillip-7428,2020-01-18T03:00:00+11:00,-33.8725,151.213333,o3,ppm,0.021
7428,25545,Cook And Phillip-7428,2020-01-18T04:00:00+11:00,-33.8725,151.213333,o3,ppm,0.023
7428,25545,Cook And Phillip-7428,2020-01-18T05:00:00+11:00,-33.8725,151.213333,o3,ppm,0.023
7428,25545,Cook And Phillip-7428,2020-01-18T06:00:00+11:00,-33.8725,151.213333,o3,ppm,0.019
7428,25545,Cook And Phillip-7428,2020-01-18T07:00:00+11:00,-33.8725,151.213333,o3,ppm,0.018
7428,25545,Cook And Phillip-7428,2020-01-18T08:00:00+11:00,-33.8725,151.213333,o3,ppm,0.017
7428,25545,Cook And Phillip-7428,2020-01-18T09:00:00+11:00,-33.8725,151.213333,o3,ppm,0.017
7428,25545,Cook And Phillip-7428,2020-01-18T10:00:00+11:00,-33.8725,151.213333,o3,ppm,0.018
7428,25545,Cook And Phillip-7428,2020-01-18T11:00:00+11:00,-33.8725,151.213333,o3,ppm,0.019
7428,25545,Cook And Phillip-7428,2020-01-18T12:00:00+11:00,-33.8725,151.213333,o3,ppm,0.02
7428,25545,Cook And Phillip-7428,2020-01-18T13:00:00+11:00,-33.8725,151.213333,o3,ppm,0.022
7428,25545,Cook And Phillip-7428,2020-01-18T14:00:00+11:00,-33.8725,151.213333,o3,ppm,0.022
7428,25545,Cook And Phillip-7428,2020-01-18T15:00:00+11:00,-33.8725,151.213333,o3,ppm,0.025
7428,25545,Cook And Phillip-7428,2020-01-18T16:00:00+11:00,-33.8725,151.213333,o3,ppm,0.022
7428,25545,Cook And Phillip-7428,2020-01-18T17:00:00+11:00,-33.8725,151.213333,o3,ppm,0.017
7428,25545,Cook And Phillip-7428,2020-01-18T18:00:00+11:00,-33.8725,151.213333,o3,ppm,0.015
7428,25545,Cook And Phillip-7428,2020-01-18T19:00:00+11:00,-33.8725,151.213333,o3,ppm,0.013
7428,25545,Cook And Phillip-7428,2020-01-18T20:00:00+11:00,-33.8725,151.213333,o3,ppm,0.008
7428,25545,Cook And Phillip-7428,2020-01-18T21:00:00+11:00,-33.8725,151.213333,o3,ppm,0.01
7428,25545,Cook And Phillip-7428,2020-01-18T22:00:00+11:00,-33.8725,151.213333,o3,ppm,0.013
7428,25545,Cook And Phillip-7428,2020-01-18T23:00:00+11:00,-33.8725,151.213333,o3,ppm,0.012
7428,21615,Cook And Phillip-7428,2020-01-19T01:00:00+11:00,-33.8725,151.213333,pm10,µg/m³,24.3
7428,21615,Cook And Phillip-7428,2020-01-19T02:00:00+11:00,-33.8725,151.213333,pm10,µg/m³,23.4
7428,21615,Cook And Phillip-7428,2020-01-19T03:00:00+11:00,-33.8725,151.213333,pm10,µg/m³,21.9
7428,21615,Cook And Phillip-7428,2020-01-19T04:00:00+11:00,-33.8725,151.213333,pm10,µg/m³,21.3
7428,21615,Cook And Phillip-7428,2020-01-19T06:00:00+11:00,-33.8725,151.213333,pm10,µg/m³,19.9
7428,21615,Cook And Phillip-7428,2020-01-19T07:00:00+11:00,-33.8725,151.213333,pm10,µg/m³,19.0
7428,21615,Cook And Phillip-7428,2020-01-19T08:00:00+11:00,-33.8725,151.213333,pm10,µg/m³,18.5
7428,21615,Cook And Phillip-7428,2020-01-19T09:00:00+11:00,-33.8725,151.213333,pm10,µg/m³,17.9
7428,21615,Cook And Phillip-7428,2020-01-19T10:00:00+11:00,-33.8725,151.213333,pm10,µg/m³,18.0
7428,21615,Cook And Phillip-7428,2020-01-19T11:00:00+11:00,-33.8725,151.213333,pm10,µg/m³,18.5
7428,21615,Cook And Phillip-7428,2020-01-19T12:00:00+11:00,-33.8725,151.213333,pm10,µg/m³,17.6
7428,21615,Cook And Phillip-7428,2020-01-19T13:00:00+11:00,-33.8725,151.213333,pm10,µg/m³,16.1
7428,21615,Cook And Phillip-7428,2020-01-19T14:00:00+11:00,-33.8725,151.213333,pm10,µg/m³,16.1
7428,21615,Cook And Phillip-7428,2020-01-19T15:00:00+11:00,-33.8725,151.213333,pm10,µg/m³,14.9
7428,21615,Cook And Phillip-7428,2020-01-19T16:00:00+11:00,-33.8725,151.213333,pm10,µg/m³,15.1
7428,21615,Cook And Phillip-7428,2020-01-19T17:00:00+11:00,-33.8725,151.213333,pm10,µg/m³,13.9
7428,21615,Cook And Phillip-7428,2020-01-19T18:00:00+11:00,-33.8725,151.213333,pm10,µg/m³,12.9
7428,21615,Cook And Phillip-7428,2020-01-19T19:00:00+11:00,-33.8725,151.213333,pm10,µg/m³,12.7
7428,21615,Cook And Phillip-7428,2020-01-19T20:00:00+11:00,-33.8725,151.213333,pm10,µg/m³,12.8
7428,21615,Cook And Phillip-7428,2020-01-19T21:00:00+11:00,-33.8725,151.213333,pm10,µg/m³,12.1
7428,21615,Cook And Phillip-7428,2020-01-19T22:00:00+11:00,-33.8725,151.213333,pm10,µg/m³,13.2
7428,21615,Cook And Phillip-7428,2020-01-19T23:00:00+11:00,-33.8725,151.213333,pm10,µg/m³,13.5
7428,21614,Cook And Phillip-7428,2020-01-19T01:00:00+11:00,-33.8725,151.213333,pm25,µg/m³,15.3
7428,21614,Cook And Phillip-7428,2020-01-19T02:00:00+11:00,-33.8725,151.213333,pm25,µg/m³,14.8
7428,21614,Cook And Phillip-7428,2020-01-19T03:00:00+11:00,-33.8725,151.213333,pm25,µg/m³,13.8
7428,21614,Cook And Phillip-7428,2020-01-19T04:00:00+11:00,-33.8725,151.213333,pm25,µg/m³,13.7
7428,21614,Cook And Phillip-7428,2020-01-19T06:00:00+11:00,-33.8725,151.213333,pm25,µg/m³,13.2
7428,21614,Cook And Phillip-7428,2020-01-19T07:00:00+11:00,-33.8725,151.213333,pm25,µg/m³,12.7
7428,21614,Cook And Phillip-7428,2020-01-19T08:00:00+11:00,-33.8725,151.213333,pm25,µg/m³,12.4
7428,21614,Cook And Phillip-7428,2020-01-19T09:00:00+11:00,-33.8725,151.213333,pm25,µg/m³,12.2
7428,21614,Cook And Phillip-7428,2020-01-19T10:00:00+11:00,-33.8725,151.213333,pm25,µg/m³,12.4
7428,21614,Cook And Phillip-7428,2020-01-19T11:00:00+11:00,-33.8725,151.213333,pm25,µg/m³,12.5
7428,21614,Cook And Phillip-7428,2020-01-19T12:00:00+11:00,-33.8725,151.213333,pm25,µg/m³,11.5
7428,21614,Cook And Phillip-7428,2020-01-19T13:00:00+11:00,-33.8725,151.213333,pm25,µg/m³,11.1
7428,21614,Cook And Phillip-7428,2020-01-19T14:00:00+11:00,-33.8725,151.213333,pm25,µg/m³,10.9
7428,21614,Cook And Phillip-7428,2020-01-19T15:00:00+11:00,-33.8725,151.213333,pm25,µg/m³,10.0
7428,21614,Cook And Phillip-7428,2020-01-19T16:00:00+11:00,-33.8725,151.213333,pm25,µg/m³,10.3
7428,21614,Cook And Phillip-7428,2020-01-19T17:00:00+11:00,-33.8725,151.213333,pm25,µg/m³,10.2
7428,21614,Cook And Phillip-7428,2020-01-19T18:00:00+11:00,-33.8725,151.213333,pm25,µg/m³,9.2
7428,21614,Cook And Phillip-7428,2020-01-19T19:00:00+11:00,-33.8725,151.213333,pm25,µg/m³,8.7
7428,21614,Cook And Phillip-7428,2020-01-19T20:00:00+11:00,-33.8725,151.213333,pm25,µg/m³,8.6
7428,21614,Cook And Phillip-7428,2020-01-19T21:00:00+11:00,-33.8725,151.213333,pm25,µg/m³,7.9
7428,21614,Cook And Phillip-7428,2020-01-19T22:00:00+11:00,-33.8725,151.213333,pm25,µg/m³,8.7
7428,21614,Cook And Phillip-7428,2020-01-19T23:00:00+11:00,-33.8725,151.213333,pm25,µg/m³,8.8
7428,25546,Cook And Phillip-7428,2020-01-19T01:00:00+11:00,-33.8725,151.213333,no2,ppm,0.016
7428,25546,Cook And Phillip-7428,2020-01-19T03:00:00+11:00,-33.8725,151.213333,no2,ppm,0.014
7428,25546,Cook And Phillip-7428,2020-01-19T04:00:00+11:00,-33.8725,151.213333,no2,ppm,0.012
7428,25546,Cook And Phillip-7428,2020-01-19T06:00:00+11:00,-33.8725,151.213333,no2,ppm,0.01
7428,25546,Cook And Phillip-7428,2020-01-19T07:00:00+11:00,-33.8725,151.213333,no2,ppm,0.013
7428,25546,Cook And Phillip-7428,2020-01-19T08:00:00+11:00,-33.8725,151.213333,no2,ppm,0.012
7428,25546,Cook And Phillip-7428,2020-01-19T09:00:00+11:00,-33.8725,151.213333,no2,ppm,0.013
7428,25546,Cook And Phillip-7428,2020-01-19T10:00:00+11:00,-33.8725,151.213333,no2,ppm,0.008
7428,25546,Cook And Phillip-7428,2020-01-19T11:00:00+11:00,-33.8725,151.213333,no2,ppm,0.006
7428,25546,Cook And Phillip-7428,2020-01-19T12:00:00+11:00,-33.8725,151.213333,no2,ppm,0.006
7428,25546,Cook And Phillip-7428,2020-01-19T13:00:00+11:00,-33.8725,151.213333,no2,ppm,0.006
7428,25546,Cook And Phillip-7428,2020-01-19T14:00:00+11:00,-33.8725,151.213333,no2,ppm,0.007
7428,25546,Cook And Phillip-7428,2020-01-19T15:00:00+11:00,-33.8725,151.213333,no2,ppm,0.005
7428,25546,Cook And Phillip-7428,2020-01-19T16:00:00+11:00,-33.8725,151.213333,no2,ppm,0.007
7428,25546,Cook And Phillip-7428,2020-01-19T17:00:00+11:00,-33.8725,151.213333,no2,ppm,0.005
7428,25546,Cook And Phillip-7428,2020-01-19T18:00:00+11:00,-33.8725,151.213333,no2,ppm,0.004
7428,25546,Cook And Phillip-7428,2020-01-19T19:00:00+11:00,-33.8725,151.213333,no2,ppm,0.004
7428,25546,Cook And Phillip-7428,2020-01-19T20:00:00+11:00,-33.8725,151.213333,no2,ppm,0.006
7428,25546,Cook And Phillip-7428,2020-01-19T21:00:00+11:00,-33.8725,151.213333,no2,ppm,0.01
7428,25546,Cook And Phillip-7428,2020-01-19T22:00:00+11:00,-33.8725,151.213333,no2,ppm,0.015
7428,25546,Cook And Phillip-7428,2020-01-19T23:00:00+11:00,-33.8725,151.213333,no2,ppm,0.019
7428,28686,Cook And Phillip-7428,2020-01-19T01:00:00+11:00,-33.8725,151.213333,co,ppm,0.3
7428,28686,Cook And Phillip-7428,2020-01-19T02:00:00+11:00,-33.8725,151.213333,co,ppm,0.3
7428,28686,Cook And Phillip-7428,2020-01-19T03:00:00+11:00,-33.8725,151.213333,co,ppm,0.3
7428,28686,Cook And Phillip-7428,2020-01-19T04:00:00+11:00,-33.8725,151.213333,co,ppm,0.3
7428,28686,Cook And Phillip-7428,2020-01-19T06:00:00+11:00,-33.8725,151.213333,co,ppm,0.3
7428,28686,Cook And Phillip-7428,2020-01-19T07:00:00+11:00,-33.8725,151.213333,co,ppm,0.2
7428,28686,Cook And Phillip-7428,2020-01-19T08:00:00+11:00,-33.8725,151.213333,co,ppm,0.2
7428,28686,Cook And Phillip-7428,2020-01-19T09:00:00+11:00,-33.8725,151.213333,co,ppm,0.2
7428,28686,Cook And Phillip-7428,2020-01-19T10:00:00+11:00,-33.8725,151.213333,co,ppm,0.2
7428,28686,Cook And Phillip-7428,2020-01-19T11:00:00+11:00,-33.8725,151.213333,co,ppm,0.2
7428,28686,Cook And Phillip-7428,2020-01-19T12:00:00+11:00,-33.8725,151.213333,co,ppm,0.2
7428,28686,Cook And Phillip-7428,2020-01-19T13:00:00+11:00,-33.8725,151.213333,co,ppm,0.2
7428,28686,Cook And Phillip-7428,2020-01-19T14:00:00+11:00,-33.8725,151.213333,co,ppm,0.2
7428,28686,Cook And Phillip-7428,2020-01-19T15:00:00+11:00,-33.8725,151.213333,co,ppm,0.2
7428,28686,Cook And Phillip-7428,2020-01-19T16:00:00+11:00,-33.8725,151.213333,co,ppm,0.2
7428,28686,Cook And Phillip-7428,2020-01-19T17:00:00+11:00,-33.8725,151.213333,co,ppm,0.2
7428,28686,Cook And Phillip-7428,2020-01-19T18:00:00+11:00,-33.8725,151.213333,co,ppm,0.2
7428,28686,Cook And Phillip-7428,2020-01-19T19:00:00+11:00,-33.8725,151.213333,co,ppm,0.1
7428,28686,Cook And Phillip-7428,2020-01-19T20:00:00+11:00,-33.8725,151.213333,co,ppm,0.1
7428,28686,Cook And Phillip-7428,2020-01-19T21:00:00+11:00,-33.8725,151.213333,co,ppm,0.1
7428,28686,Cook And Phillip-7428,2020-01-19T22:00:00+11:00,-33.8725,151.213333,co,ppm,0.1
7428,28686,Cook And Phillip-7428,2020-01-19T23:00:00+11:00,-33.8725,151.213333,co,ppm,0.1
7428,25544,Cook And Phillip-7428,2020-01-19T01:00:00+11:00,-33.8725,151.213333,so2,ppm,0.0
7428,25544,Cook And Phillip-7428,2020-01-19T03:00:00+11:00,-33.8725,151.213333,so2,ppm,0.0
7428,25544,Cook And Phillip-7428,2020-01-19T04:00:00+11:00,-33.8725,151.213333,so2,ppm,0.0
7428,25544,Cook And Phillip-7428,2020-01-19T06:00:00+11:00,-33.8725,151.213333,so2,ppm,0.0
7428,25544,Cook And Phillip-7428,2020-01-19T07:00:00+11:00,-33.8725,151.213333,so2,ppm,0.0
7428,25544,Cook And Phillip-7428,2020-01-19T08:00:00+11:00,-33.8725,151.213333,so2,ppm,0.0
7428,25544,Cook And Phillip-7428,2020-01-19T09:00:00+11:00,-33.8725,151.213333,so2,ppm,0.0
7428,25544,Cook And Phillip-7428,2020-01-19T10:00:00+11:00,-33.8725,151.213333,so2,ppm,0.001
7428,25544,Cook And Phillip-7428,2020-01-19T11:00:00+11:00,-33.8725,151.213333,so2,ppm,0.0
7428,25544,Cook And Phillip-7428,2020-01-19T12:00:00+11:00,-33.8725,151.213333,so2,ppm,0.0
7428,25544,Cook And Phillip-7428,2020-01-19T13:00:00+11:00,-33.8725,151.213333,so2,ppm,0.001
7428,25544,Cook And Phillip-7428,2020-01-19T14:00:00+11:00,-33.8725,151.213333,so2,ppm,0.001
7428,25544,Cook And Phillip-7428,2020-01-19T15:00:00+11:00,-33.8725,151.213333,so2,ppm,0.001
7428,25544,Cook And Phillip-7428,2020-01-19T16:00:00+11:00,-33.8725,151.213333,so2,ppm,0.001
7428,25544,Cook And Phillip-7428,2020-01-19T17:00:00+11:00,-33.8725,151.213333,so2,ppm,0.0
7428,25544,Cook And Phillip-7428,2020-01-19T18:00:00+11:00,-33.8725,151.213333,so2,ppm,0.0
7428,25544,Cook And Phillip-7428,2020-01-19T19:00:00+11:00,-33.8725,151.213333,so2,ppm,0.0
7428,25544,Cook And Phillip-7428,2020-01-19T20:00:00+11:00,-33.8725,151.213333,so2,ppm,0.0
7428,25544,Cook And Phillip-7428,2020-01-19T21:00:00+11:00,-33.8725,151.213333,so2,ppm,0.0
7428,25544,Cook And Phillip-7428,2020-01-19T22:00:00+11:00,-33.8725,151.213333,so2,ppm,0.0
7428,25544,Cook And Phillip-7428,2020-01-19T23:00:00+11:00,-33.8725,151.213333,so2,ppm,0.0
7428,25545,Cook And Phillip-7428,2020-01-19T01:00:00+11:00,-33.8725,151.213333,o3,ppm,0.003
7428,25545,Cook And Phillip-7428,2020-01-19T02:00:00+11:00,-33.8725,151.213333,o3,ppm,0.008
7428,25545,Cook And Phillip-7428,2020-01-19T03:00:00+11:00,-33.8725,151.213333,o3,ppm,0.001
7428,25545,Cook And Phillip-7428,2020-01-19T04:00:00+11:00,-33.8725,151.213333,o3,ppm,0.006
7428,25545,Cook And Phillip-7428,2020-01-19T06:00:00+11:00,-33.8725,151.213333,o3,ppm,0.006
7428,25545,Cook And Phillip-7428,2020-01-19T07:00:00+11:00,-33.8725,151.213333,o3,ppm,0.003
7428,25545,Cook And Phillip-7428,2020-01-19T08:00:00+11:00,-33.8725,151.213333,o3,ppm,0.003
7428,25545,Cook And Phillip-7428,2020-01-19T09:00:00+11:00,-33.8725,151.213333,o3,ppm,0.008
7428,25545,Cook And Phillip-7428,2020-01-19T10:00:00+11:00,-33.8725,151.213333,o3,ppm,0.017
7428,25545,Cook And Phillip-7428,2020-01-19T11:00:00+11:00,-33.8725,151.213333,o3,ppm,0.021
7428,25545,Cook And Phillip-7428,2020-01-19T12:00:00+11:00,-33.8725,151.213333,o3,ppm,0.022
7428,25545,Cook And Phillip-7428,2020-01-19T13:00:00+11:00,-33.8725,151.213333,o3,ppm,0.025
7428,25545,Cook And Phillip-7428,2020-01-19T14:00:00+11:00,-33.8725,151.213333,o3,ppm,0.026
7428,25545,Cook And Phillip-7428,2020-01-19T15:00:00+11:00,-33.8725,151.213333,o3,ppm,0.022
7428,25545,Cook And Phillip-7428,2020-01-19T16:00:00+11:00,-33.8725,151.213333,o3,ppm,0.021
7428,25545,Cook And Phillip-7428,2020-01-19T17:00:00+11:00,-33.8725,151.213333,o3,ppm,0.018
7428,25545,Cook And Phillip-7428,2020-01-19T18:00:00+11:00,-33.8725,151.213333,o3,ppm,0.013
7428,25545,Cook And Phillip-7428,2020-01-19T19:00:00+11:00,-33.8725,151.213333,o3,ppm,0.012
7428,25545,Cook And Phillip-7428,2020-01-19T20:00:00+11:00,-33.8725,151.213333,o3,ppm,0.009
7428,25545,Cook And Phillip-7428,2020-01-19T21:00:00+11:00,-33.8725,151.213333,o3,ppm,0.005
7428,25545,Cook And Phillip-7428,2020-01-19T22:00:00+11:00,-33.8725,151.213333,o3,ppm,0.001
7428,25545,Cook And Phillip-7428,2020-01-19T23:00:00+11:00,-33.8725,151.213333,o3,ppm,-0.001
7428,21615,Cook And Phillip-7428,2020-01-20T01:00:00+11:00,-33.8725,151.213333,pm10,µg/m³,13.9
7428,25545,Cook And Phillip-7428,2020-01-20T01:00:00+11:00,-33.8725,151.213333,o3,ppm,-0.002
7428,25545,Cook And Phillip-7428,2020-01-20T02:00:00+11:00,-33.8725,151.213333,o3,ppm,-0.002
7428,25545,Cook And Phillip-7428,2020-01-20T03:00:00+11:00,-33.8725,151.213333,o3,ppm,0.001
7428,21615,Cook And Phillip-7428,2020-01-20T02:00:00+11:00,-33.8725,151.213333,pm10,µg/m³,14.0
7428,21615,Cook And Phillip-7428,2020-01-20T03:00:00+11:00,-33.8725,151.213333,pm10,µg/m³,13.7
7428,21615,Cook And Phillip-7428,2020-01-20T04:00:00+11:00,-33.8725,151.213333,pm10,µg/m³,12.8
7428,21615,Cook And Phillip-7428,2020-01-20T05:00:00+11:00,-33.8725,151.213333,pm10,µg/m³,13.1
7428,21615,Cook And Phillip-7428,2020-01-20T06:00:00+11:00,-33.8725,151.213333,pm10,µg/m³,13.1
7428,21615,Cook And Phillip-7428,2020-01-20T07:00:00+11:00,-33.8725,151.213333,pm10,µg/m³,13.5
7428,21615,Cook And Phillip-7428,2020-01-20T08:00:00+11:00,-33.8725,151.213333,pm10,µg/m³,13.7
7428,21615,Cook And Phillip-7428,2020-01-20T09:00:00+11:00,-33.8725,151.213333,pm10,µg/m³,12.8
7428,21615,Cook And Phillip-7428,2020-01-20T10:00:00+11:00,-33.8725,151.213333,pm10,µg/m³,12.4
7428,21615,Cook And Phillip-7428,2020-01-20T11:00:00+11:00,-33.8725,151.213333,pm10,µg/m³,12.0
7428,21615,Cook And Phillip-7428,2020-01-20T12:00:00+11:00,-33.8725,151.213333,pm10,µg/m³,12.9
7428,21615,Cook And Phillip-7428,2020-01-20T13:00:00+11:00,-33.8725,151.213333,pm10,µg/m³,14.3
7428,21615,Cook And Phillip-7428,2020-01-20T14:00:00+11:00,-33.8725,151.213333,pm10,µg/m³,13.7
7428,21615,Cook And Phillip-7428,2020-01-20T15:00:00+11:00,-33.8725,151.213333,pm10,µg/m³,14.2
7428,21615,Cook And Phillip-7428,2020-01-20T16:00:00+11:00,-33.8725,151.213333,pm10,µg/m³,13.8
7428,21615,Cook And Phillip-7428,2020-01-20T17:00:00+11:00,-33.8725,151.213333,pm10,µg/m³,14.9
7428,21615,Cook And Phillip-7428,2020-01-20T18:00:00+11:00,-33.8725,151.213333,pm10,µg/m³,15.2
7428,21615,Cook And Phillip-7428,2020-01-20T19:00:00+11:00,-33.8725,151.213333,pm10,µg/m³,15.9
7428,21615,Cook And Phillip-7428,2020-01-20T20:00:00+11:00,-33.8725,151.213333,pm10,µg/m³,15.7
7428,21615,Cook And Phillip-7428,2020-01-20T21:00:00+11:00,-33.8725,151.213333,pm10,µg/m³,17.6
7428,21615,Cook And Phillip-7428,2020-01-20T22:00:00+11:00,-33.8725,151.213333,pm10,µg/m³,16.6
7428,21615,Cook And Phillip-7428,2020-01-20T23:00:00+11:00,-33.8725,151.213333,pm10,µg/m³,17.3
7428,21614,Cook And Phillip-7428,2020-01-20T01:00:00+11:00,-33.8725,151.213333,pm25,µg/m³,9.1
7428,21614,Cook And Phillip-7428,2020-01-20T02:00:00+11:00,-33.8725,151.213333,pm25,µg/m³,9.1
7428,21614,Cook And Phillip-7428,2020-01-20T03:00:00+11:00,-33.8725,151.213333,pm25,µg/m³,8.6
7428,21614,Cook And Phillip-7428,2020-01-20T04:00:00+11:00,-33.8725,151.213333,pm25,µg/m³,7.7
7428,21614,Cook And Phillip-7428,2020-01-20T05:00:00+11:00,-33.8725,151.213333,pm25,µg/m³,7.9
7428,21614,Cook And Phillip-7428,2020-01-20T06:00:00+11:00,-33.8725,151.213333,pm25,µg/m³,8.0
7428,21614,Cook And Phillip-7428,2020-01-20T07:00:00+11:00,-33.8725,151.213333,pm25,µg/m³,8.2
7428,21614,Cook And Phillip-7428,2020-01-20T08:00:00+11:00,-33.8725,151.213333,pm25,µg/m³,8.1
7428,21614,Cook And Phillip-7428,2020-01-20T09:00:00+11:00,-33.8725,151.213333,pm25,µg/m³,8.0
7428,21614,Cook And Phillip-7428,2020-01-20T10:00:00+11:00,-33.8725,151.213333,pm25,µg/m³,7.6
7428,21614,Cook And Phillip-7428,2020-01-20T11:00:00+11:00,-33.8725,151.213333,pm25,µg/m³,7.7
7428,21614,Cook And Phillip-7428,2020-01-20T12:00:00+11:00,-33.8725,151.213333,pm25,µg/m³,8.7
7428,21614,Cook And Phillip-7428,2020-01-20T13:00:00+11:00,-33.8725,151.213333,pm25,µg/m³,9.0
7428,21614,Cook And Phillip-7428,2020-01-20T14:00:00+11:00,-33.8725,151.213333,pm25,µg/m³,8.3
7428,21614,Cook And Phillip-7428,2020-01-20T15:00:00+11:00,-33.8725,151.213333,pm25,µg/m³,8.7
7428,21614,Cook And Phillip-7428,2020-01-20T16:00:00+11:00,-33.8725,151.213333,pm25,µg/m³,8.2
7428,21614,Cook And Phillip-7428,2020-01-20T17:00:00+11:00,-33.8725,151.213333,pm25,µg/m³,8.1
7428,21614,Cook And Phillip-7428,2020-01-20T18:00:00+11:00,-33.8725,151.213333,pm25,µg/m³,8.4
7428,21614,Cook And Phillip-7428,2020-01-20T19:00:00+11:00,-33.8725,151.213333,pm25,µg/m³,8.9
7428,21614,Cook And Phillip-7428,2020-01-20T20:00:00+11:00,-33.8725,151.213333,pm25,µg/m³,8.7
7428,25545,Cook And Phillip-7428,2020-01-20T04:00:00+11:00,-33.8725,151.213333,o3,ppm,0.003
7428,25545,Cook And Phillip-7428,2020-01-20T05:00:00+11:00,-33.8725,151.213333,o3,ppm,0.0
7428,25545,Cook And Phillip-7428,2020-01-20T06:00:00+11:00,-33.8725,151.213333,o3,ppm,-0.001
7428,25545,Cook And Phillip-7428,2020-01-20T07:00:00+11:00,-33.8725,151.213333,o3,ppm,0.001
7428,25545,Cook And Phillip-7428,2020-01-20T08:00:00+11:00,-33.8725,151.213333,o3,ppm,0.009
7428,25545,Cook And Phillip-7428,2020-01-20T09:00:00+11:00,-33.8725,151.213333,o3,ppm,0.015
7428,25545,Cook And Phillip-7428,2020-01-20T10:00:00+11:00,-33.8725,151.213333,o3,ppm,0.015
7428,25545,Cook And Phillip-7428,2020-01-20T11:00:00+11:00,-33.8725,151.213333,o3,ppm,0.01
7428,25545,Cook And Phillip-7428,2020-01-20T12:00:00+11:00,-33.8725,151.213333,o3,ppm,0.013
7428,25545,Cook And Phillip-7428,2020-01-20T13:00:00+11:00,-33.8725,151.213333,o3,ppm,0.016
7428,25545,Cook And Phillip-7428,2020-01-20T14:00:00+11:00,-33.8725,151.213333,o3,ppm,0.011
7428,25545,Cook And Phillip-7428,2020-01-20T15:00:00+11:00,-33.8725,151.213333,o3,ppm,0.014
7428,25545,Cook And Phillip-7428,2020-01-20T16:00:00+11:00,-33.8725,151.213333,o3,ppm,0.012
7428,25545,Cook And Phillip-7428,2020-01-20T17:00:00+11:00,-33.8725,151.213333,o3,ppm,0.02
7428,25545,Cook And Phillip-7428,2020-01-20T18:00:00+11:00,-33.8725,151.213333,o3,ppm,0.027
7428,25545,Cook And Phillip-7428,2020-01-20T19:00:00+11:00,-33.8725,151.213333,o3,ppm,0.023
7428,25545,Cook And Phillip-7428,2020-01-20T20:00:00+11:00,-33.8725,151.213333,o3,ppm,0.028
7428,25545,Cook And Phillip-7428,2020-01-20T21:00:00+11:00,-33.8725,151.213333,o3,ppm,0.019
7428,25545,Cook And Phillip-7428,2020-01-20T22:00:00+11:00,-33.8725,151.213333,o3,ppm,0.014
7428,25545,Cook And Phillip-7428,2020-01-20T23:00:00+11:00,-33.8725,151.213333,o3,ppm,0.012
7428,21614,Cook And Phillip-7428,2020-01-20T21:00:00+11:00,-33.8725,151.213333,pm25,µg/m³,9.9
7428,21614,Cook And Phillip-7428,2020-01-20T22:00:00+11:00,-33.8725,151.213333,pm25,µg/m³,8.8
7428,21614,Cook And Phillip-7428,2020-01-20T23:00:00+11:00,-33.8725,151.213333,pm25,µg/m³,9.1
7428,25546,Cook And Phillip-7428,2020-01-20T01:00:00+11:00,-33.8725,151.213333,no2,ppm,0.015
7428,25546,Cook And Phillip-7428,2020-01-20T03:00:00+11:00,-33.8725,151.213333,no2,ppm,0.01
7428,25546,Cook And Phillip-7428,2020-01-20T04:00:00+11:00,-33.8725,151.213333,no2,ppm,0.01
7428,25546,Cook And Phillip-7428,2020-01-20T05:00:00+11:00,-33.8725,151.213333,no2,ppm,0.014
7428,25546,Cook And Phillip-7428,2020-01-20T06:00:00+11:00,-33.8725,151.213333,no2,ppm,0.017
7428,25546,Cook And Phillip-7428,2020-01-20T07:00:00+11:00,-33.8725,151.213333,no2,ppm,0.013
7428,25546,Cook And Phillip-7428,2020-01-20T08:00:00+11:00,-33.8725,151.213333,no2,ppm,0.012
7428,25546,Cook And Phillip-7428,2020-01-20T09:00:00+11:00,-33.8725,151.213333,no2,ppm,0.011
7428,25546,Cook And Phillip-7428,2020-01-20T10:00:00+11:00,-33.8725,151.213333,no2,ppm,0.008
7428,25546,Cook And Phillip-7428,2020-01-20T11:00:00+11:00,-33.8725,151.213333,no2,ppm,0.009
7428,25546,Cook And Phillip-7428,2020-01-20T12:00:00+11:00,-33.8725,151.213333,no2,ppm,0.009
7428,25546,Cook And Phillip-7428,2020-01-20T13:00:00+11:00,-33.8725,151.213333,no2,ppm,0.007
7428,25546,Cook And Phillip-7428,2020-01-20T14:00:00+11:00,-33.8725,151.213333,no2,ppm,0.011
7428,25546,Cook And Phillip-7428,2020-01-20T15:00:00+11:00,-33.8725,151.213333,no2,ppm,0.009
7428,25546,Cook And Phillip-7428,2020-01-20T16:00:00+11:00,-33.8725,151.213333,no2,ppm,0.013
7428,25546,Cook And Phillip-7428,2020-01-20T17:00:00+11:00,-33.8725,151.213333,no2,ppm,0.015
7428,25546,Cook And Phillip-7428,2020-01-20T18:00:00+11:00,-33.8725,151.213333,no2,ppm,0.02
7428,25546,Cook And Phillip-7428,2020-01-20T19:00:00+11:00,-33.8725,151.213333,no2,ppm,0.022
7428,25546,Cook And Phillip-7428,2020-01-20T20:00:00+11:00,-33.8725,151.213333,no2,ppm,0.014
7428,25546,Cook And Phillip-7428,2020-01-20T21:00:00+11:00,-33.8725,151.213333,no2,ppm,0.018
7428,25546,Cook And Phillip-7428,2020-01-20T22:00:00+11:00,-33.8725,151.213333,no2,ppm,0.023
7428,25546,Cook And Phillip-7428,2020-01-20T23:00:00+11:00,-33.8725,151.213333,no2,ppm,0.022
7428,28686,Cook And Phillip-7428,2020-01-20T01:00:00+11:00,-33.8725,151.213333,co,ppm,0.2
7428,28686,Cook And Phillip-7428,2020-01-20T02:00:00+11:00,-33.8725,151.213333,co,ppm,0.2
7428,28686,Cook And Phillip-7428,2020-01-20T03:00:00+11:00,-33.8725,151.213333,co,ppm,0.2
7428,28686,Cook And Phillip-7428,2020-01-20T04:00:00+11:00,-33.8725,151.213333,co,ppm,0.2
7428,28686,Cook And Phillip-7428,2020-01-20T05:00:00+11:00,-33.8725,151.213333,co,ppm,0.2
7428,28686,Cook And Phillip-7428,2020-01-20T06:00:00+11:00,-33.8725,151.213333,co,ppm,0.2
7428,28686,Cook And Phillip-7428,2020-01-20T07:00:00+11:00,-33.8725,151.213333,co,ppm,0.2
7428,28686,Cook And Phillip-7428,2020-01-20T08:00:00+11:00,-33.8725,151.213333,co,ppm,0.3
7428,28686,Cook And Phillip-7428,2020-01-20T09:00:00+11:00,-33.8725,151.213333,co,ppm,0.3
7428,28686,Cook And Phillip-7428,2020-01-20T10:00:00+11:00,-33.8725,151.213333,co,ppm,0.3
7428,28686,Cook And Phillip-7428,2020-01-20T11:00:00+11:00,-33.8725,151.213333,co,ppm,0.2
7428,28686,Cook And Phillip-7428,2020-01-20T12:00:00+11:00,-33.8725,151.213333,co,ppm,0.2
7428,28686,Cook And Phillip-7428,2020-01-20T13:00:00+11:00,-33.8725,151.213333,co,ppm,0.2
7428,28686,Cook And Phillip-7428,2020-01-20T14:00:00+11:00,-33.8725,151.213333,co,ppm,0.2
7428,28686,Cook And Phillip-7428,2020-01-20T15:00:00+11:00,-33.8725,151.213333,co,ppm,0.2
7428,28686,Cook And Phillip-7428,2020-01-20T16:00:00+11:00,-33.8725,151.213333,co,ppm,0.2
7428,28686,Cook And Phillip-7428,2020-01-20T17:00:00+11:00,-33.8725,151.213333,co,ppm,0.2
7428,28686,Cook And Phillip-7428,2020-01-20T18:00:00+11:00,-33.8725,151.213333,co,ppm,0.2
7428,28686,Cook And Phillip-7428,2020-01-20T19:00:00+11:00,-33.8725,151.213333,co,ppm,0.2
7428,28686,Cook And Phillip-7428,2020-01-20T20:00:00+11:00,-33.8725,151.213333,co,ppm,0.2
7428,28686,Cook And Phillip-7428,2020-01-20T21:00:00+11:00,-33.8725,151.213333,co,ppm,0.2
7428,28686,Cook And Phillip-7428,2020-01-20T22:00:00+11:00,-33.8725,151.213333,co,ppm,0.2
7428,28686,Cook And Phillip-7428,2020-01-20T23:00:00+11:00,-33.8725,151.213333,co,ppm,0.2
7428,25544,Cook And Phillip-7428,2020-01-20T01:00:00+11:00,-33.8725,151.213333,so2,ppm,0.0
7428,25544,Cook And Phillip-7428,2020-01-20T03:00:00+11:00,-33.8725,151.213333,so2,ppm,0.0
7428,25544,Cook And Phillip-7428,2020-01-20T04:00:00+11:00,-33.8725,151.213333,so2,ppm,0.0
7428,25544,Cook And Phillip-7428,2020-01-20T05:00:00+11:00,-33.8725,151.213333,so2,ppm,0.0
7428,25544,Cook And Phillip-7428,2020-01-20T06:00:00+11:00,-33.8725,151.213333,so2,ppm,0.001
7428,25544,Cook And Phillip-7428,2020-01-20T07:00:00+11:00,-33.8725,151.213333,so2,ppm,0.0
7428,25544,Cook And Phillip-7428,2020-01-20T08:00:00+11:00,-33.8725,151.213333,so2,ppm,0.0
7428,25544,Cook And Phillip-7428,2020-01-20T09:00:00+11:00,-33.8725,151.213333,so2,ppm,0.001
7428,25544,Cook And Phillip-7428,2020-01-20T10:00:00+11:00,-33.8725,151.213333,so2,ppm,0.0
7428,25544,Cook And Phillip-7428,2020-01-20T11:00:00+11:00,-33.8725,151.213333,so2,ppm,0.001
7428,25544,Cook And Phillip-7428,2020-01-20T12:00:00+11:00,-33.8725,151.213333,so2,ppm,0.001
7428,25544,Cook And Phillip-7428,2020-01-20T13:00:00+11:00,-33.8725,151.213333,so2,ppm,0.001
7428,25544,Cook And Phillip-7428,2020-01-20T14:00:00+11:00,-33.8725,151.213333,so2,ppm,0.0
7428,25544,Cook And Phillip-7428,2020-01-20T15:00:00+11:00,-33.8725,151.213333,so2,ppm,0.0
7428,25544,Cook And Phillip-7428,2020-01-20T16:00:00+11:00,-33.8725,151.213333,so2,ppm,0.001
7428,25544,Cook And Phillip-7428,2020-01-20T17:00:00+11:00,-33.8725,151.213333,so2,ppm,0.0
7428,25544,Cook And Phillip-7428,2020-01-20T18:00:00+11:00,-33.8725,151.213333,so2,ppm,0.0
7428,25544,Cook And Phillip-7428,2020-01-20T19:00:00+11:00,-33.8725,151.213333,so2,ppm,0.0
7428,25544,Cook And Phillip-7428,2020-01-20T20:00:00+11:00,-33.8725,151.213333,so2,ppm,0.0
7428,25544,Cook And Phillip-7428,2020-01-20T21:00:00+11:00,-33.8725,151.213333,so2,ppm,0.0
7428,25544,Cook And Phillip-7428,2020-01-20T22:00:00+11:00,-33.8725,151.213333,so2,ppm,0.0
7428,25544,Cook And Phillip-7428,2020-01-20T23:00:00+11:00,-33.8725,151.213333,so2,ppm,0.0
7428,21615,Cook And Phillip-7428,2020-01-21T01:00:00+11:00,-33.8725,151.213333,pm10,µg/m³,17.9
7428,21615,Cook And Phillip-7428,2020-01-21T02:00:00+11:00,-33.8725,151.213333,pm10,µg/m³,18.1
7428,21615,Cook And Phillip-7428,2020-01-21T03:00:00+11:00,-33.8725,151.213333,pm10,µg/m³,19.3
7428,21614,Cook And Phillip-7428,2020-01-21T01:00:00+11:00,-33.8725,151.213333,pm25,µg/m³,9.0
7428,21614,Cook And Phillip-7428,2020-01-21T02:00:00+11:00,-33.8725,151.213333,pm25,µg/m³,9.0
7428,21614,Cook And Phillip-7428,2020-01-21T03:00:00+11:00,-33.8725,151.213333,pm25,µg/m³,9.8
7428,25546,Cook And Phillip-7428,2020-01-21T01:00:00+11:00,-33.8725,151.213333,no2,ppm,0.026
7428,28686,Cook And Phillip-7428,2020-01-21T01:00:00+11:00,-33.8725,151.213333,co,ppm,0.2
7428,28686,Cook And Phillip-7428,2020-01-21T02:00:00+11:00,-33.8725,151.213333,co,ppm,0.2
7428,28686,Cook And Phillip-7428,2020-01-21T03:00:00+11:00,-33.8725,151.213333,co,ppm,0.2
7428,25544,Cook And Phillip-7428,2020-01-21T01:00:00+11:00,-33.8725,151.213333,so2,ppm,0.0
7428,25545,Cook And Phillip-7428,2020-01-21T01:00:00+11:00,-33.8725,151.213333,o3,ppm,0.005
7428,25545,Cook And Phillip-7428,2020-01-21T02:00:00+11:00,-33.8725,151.213333,o3,ppm,0.007
7428,25546,Cook And Phillip-7428,2020-01-31T09:00:00+11:00,-33.8725,151.213333,no2,ppm,0.015
7428,25546,Cook And Phillip-7428,2020-01-31T10:00:00+11:00,-33.8725,151.213333,no2,ppm,0.011
7428,25546,Cook And Phillip-7428,2020-01-31T11:00:00+11:00,-33.8725,151.213333,no2,ppm,0.011
7428,25546,Cook And Phillip-7428,2020-01-31T12:00:00+11:00,-33.8725,151.213333,no2,ppm,0.012
7428,25546,Cook And Phillip-7428,2020-01-31T13:00:00+11:00,-33.8725,151.213333,no2,ppm,0.012
7428,25546,Cook And Phillip-7428,2020-01-31T14:00:00+11:00,-33.8725,151.213333,no2,ppm,0.015
7428,25546,Cook And Phillip-7428,2020-01-31T15:00:00+11:00,-33.8725,151.213333,no2,ppm,0.016
7428,25546,Cook And Phillip-7428,2020-01-31T16:00:00+11:00,-33.8725,151.213333,no2,ppm,0.014
7428,25546,Cook And Phillip-7428,2020-01-31T17:00:00+11:00,-33.8725,151.213333,no2,ppm,0.016
7428,25546,Cook And Phillip-7428,2020-01-31T18:00:00+11:00,-33.8725,151.213333,no2,ppm,0.013
7428,25546,Cook And Phillip-7428,2020-01-31T19:00:00+11:00,-33.8725,151.213333,no2,ppm,0.009
7428,25546,Cook And Phillip-7428,2020-01-31T20:00:00+11:00,-33.8725,151.213333,no2,ppm,0.009
7428,25546,Cook And Phillip-7428,2020-01-31T21:00:00+11:00,-33.8725,151.213333,no2,ppm,0.011
7428,25546,Cook And Phillip-7428,2020-01-31T22:00:00+11:00,-33.8725,151.213333,no2,ppm,0.01
7428,25546,Cook And Phillip-7428,2020-01-31T23:00:00+11:00,-33.8725,151.213333,no2,ppm,0.009
7428,28686,Cook And Phillip-7428,2020-01-31T11:00:00+11:00,-33.8725,151.213333,co,ppm,0.4
7428,28686,Cook And Phillip-7428,2020-01-31T12:00:00+11:00,-33.8725,151.213333,co,ppm,0.4
7428,28686,Cook And Phillip-7428,2020-01-31T13:00:00+11:00,-33.8725,151.213333,co,ppm,0.4
7428,28686,Cook And Phillip-7428,2020-01-31T14:00:00+11:00,-33.8725,151.213333,co,ppm,0.4
7428,28686,Cook And Phillip-7428,2020-01-31T15:00:00+11:00,-33.8725,151.213333,co,ppm,0.4
7428,28686,Cook And Phillip-7428,2020-01-31T16:00:00+11:00,-33.8725,151.213333,co,ppm,0.3
7428,28686,Cook And Phillip-7428,2020-01-31T17:00:00+11:00,-33.8725,151.213333,co,ppm,0.3
7428,28686,Cook And Phillip-7428,2020-01-31T18:00:00+11:00,-33.8725,151.213333,co,ppm,0.3
7428,28686,Cook And Phillip-7428,2020-01-31T19:00:00+11:00,-33.8725,151.213333,co,ppm,0.3
7428,28686,Cook And Phillip-7428,2020-01-31T20:00:00+11:00,-33.8725,151.213333,co,ppm,0.3
7428,28686,Cook And Phillip-7428,2020-01-31T21:00:00+11:00,-33.8725,151.213333,co,ppm,0.3
7428,28686,Cook And Phillip-7428,2020-01-31T22:00:00+11:00,-33.8725,151.213333,co,ppm,0.2
7428,28686,Cook And Phillip-7428,2020-01-31T23:00:00+11:00,-33.8725,151.213333,co,ppm,0.2
7428,25544,Cook And Phillip-7428,2020-01-31T06:00:00+11:00,-33.8725,151.213333,so2,ppm,0.006
7428,25544,Cook And Phillip-7428,2020-01-31T07:00:00+11:00,-33.8725,151.213333,so2,ppm,0.001
7428,25544,Cook And Phillip-7428,2020-01-31T08:00:00+11:00,-33.8725,151.213333,so2,ppm,0.002
7428,25544,Cook And Phillip-7428,2020-01-31T09:00:00+11:00,-33.8725,151.213333,so2,ppm,0.001
7428,25544,Cook And Phillip-7428,2020-01-31T10:00:00+11:00,-33.8725,151.213333,so2,ppm,0.0
7428,25544,Cook And Phillip-7428,2020-01-31T11:00:00+11:00,-33.8725,151.213333,so2,ppm,0.001
7428,25544,Cook And Phillip-7428,2020-01-31T12:00:00+11:00,-33.8725,151.213333,so2,ppm,0.002
7428,25544,Cook And Phillip-7428,2020-01-31T13:00:00+11:00,-33.8725,151.213333,so2,ppm,0.001
7428,25544,Cook And Phillip-7428,2020-01-31T14:00:00+11:00,-33.8725,151.213333,so2,ppm,0.002
7428,25544,Cook And Phillip-7428,2020-01-31T15:00:00+11:00,-33.8725,151.213333,so2,ppm,0.002
7428,25544,Cook And Phillip-7428,2020-01-31T16:00:00+11:00,-33.8725,151.213333,so2,ppm,0.001
7428,25544,Cook And Phillip-7428,2020-01-31T17:00:00+11:00,-33.8725,151.213333,so2,ppm,0.001
7428,25544,Cook And Phillip-7428,2020-01-31T18:00:00+11:00,-33.8725,151.213333,so2,ppm,0.001
7428,25544,Cook And Phillip-7428,2020-01-31T19:00:00+11:00,-33.8725,151.213333,so2,ppm,0.001
7428,25544,Cook And Phillip-7428,2020-01-31T20:00:00+11:00,-33.8725,151.213333,so2,ppm,0.001
7428,25544,Cook And Phillip-7428,2020-01-31T21:00:00+11:00,-33.8725,151.213333,so2,ppm,0.001
7428,25544,Cook And Phillip-7428,2020-01-31T22:00:00+11:00,-33.8725,151.213333,so2,ppm,0.001
7428,25544,Cook And Phillip-7428,2020-01-31T23:00:00+11:00,-33.8725,151.213333,so2,ppm,0.001
7428,25545,Cook And Phillip-7428,2020-01-31T09:00:00+11:00,-33.8725,151.213333,o3,ppm,0.008
7428,25545,Cook And Phillip-7428,2020-01-31T10:00:00+11:00,-33.8725,151.213333,o3,ppm,0.013
7428,25545,Cook And Phillip-7428,2020-01-31T11:00:00+11:00,-33.8725,151.213333,o3,ppm,0.015
7428,25545,Cook And Phillip-7428,2020-01-31T12:00:00+11:00,-33.8725,151.213333,o3,ppm,0.019
7428,25545,Cook And Phillip-7428,2020-01-31T13:00:00+11:00,-33.8725,151.213333,o3,ppm,0.024
7428,25545,Cook And Phillip-7428,2020-01-31T14:00:00+11:00,-33.8725,151.213333,o3,ppm,0.017
7428,25545,Cook And Phillip-7428,2020-01-31T15:00:00+11:00,-33.8725,151.213333,o3,ppm,0.017
7428,25545,Cook And Phillip-7428,2020-01-31T16:00:00+11:00,-33.8725,151.213333,o3,ppm,0.012
7428,25545,Cook And Phillip-7428,2020-01-31T17:00:00+11:00,-33.8725,151.213333,o3,ppm,0.01
7428,25545,Cook And Phillip-7428,2020-01-31T18:00:00+11:00,-33.8725,151.213333,o3,ppm,0.007
7428,25545,Cook And Phillip-7428,2020-01-31T19:00:00+11:00,-33.8725,151.213333,o3,ppm,0.006
7428,25545,Cook And Phillip-7428,2020-01-31T20:00:00+11:00,-33.8725,151.213333,o3,ppm,0.006
7428,25545,Cook And Phillip-7428,2020-01-31T21:00:00+11:00,-33.8725,151.213333,o3,ppm,0.004
7428,25545,Cook And Phillip-7428,2020-01-31T22:00:00+11:00,-33.8725,151.213333,o3,ppm,0.003
7428,25545,Cook And Phillip-7428,2020-01-31T23:00:00+11:00,-33.8725,151.213333,o3,ppm,0.003
