location_id,sensors_id,location,datetime,lat,lon,parameter,units,value
7427,21612,Rouse Hill-7427,2020-03-01T01:00:00+11:00,-33.682778,150.903611,pm10,µg/m³,21.2
7427,21612,Rouse Hill-7427,2020-03-01T02:00:00+11:00,-33.682778,150.903611,pm10,µg/m³,18.1
7427,21612,Rouse Hill-7427,2020-03-01T03:00:00+11:00,-33.682778,150.903611,pm10,µg/m³,15.9
7427,21612,Rouse Hill-7427,2020-03-01T05:00:00+11:00,-33.682778,150.903611,pm10,µg/m³,12.4
7427,21612,Rouse Hill-7427,2020-03-01T06:00:00+11:00,-33.682778,150.903611,pm10,µg/m³,15.5
7427,21612,Rouse Hill-7427,2020-03-01T07:00:00+11:00,-33.682778,150.903611,pm10,µg/m³,28.0
7427,21612,Rouse Hill-7427,2020-03-01T08:00:00+11:00,-33.682778,150.903611,pm10,µg/m³,15.5
7427,21612,Rouse Hill-7427,2020-03-01T09:00:00+11:00,-33.682778,150.903611,pm10,µg/m³,24.2
7427,21612,Rouse Hill-7427,2020-03-01T10:00:00+11:00,-33.682778,150.903611,pm10,µg/m³,22.3
7427,21612,Rouse Hill-7427,2020-03-01T11:00:00+11:00,-33.682778,150.903611,pm10,µg/m³,20.1
7427,21612,Rouse Hill-7427,2020-03-01T12:00:00+11:00,-33.682778,150.903611,pm10,µg/m³,17.5
7427,21612,Rouse Hill-7427,2020-03-01T13:00:00+11:00,-33.682778,150.903611,pm10,µg/m³,8.6
7427,21612,Rouse Hill-7427,2020-03-01T14:00:00+11:00,-33.682778,150.903611,pm10,µg/m³,11.6
7427,21612,Rouse Hill-7427,2020-03-01T15:00:00+11:00,-33.682778,150.903611,pm10,µg/m³,26.9
7427,21612,Rouse Hill-7427,2020-03-01T16:00:00+11:00,-33.682778,150.903611,pm10,µg/m³,43.9
7427,21612,Rouse Hill-7427,2020-03-01T17:00:00+11:00,-33.682778,150.903611,pm10,µg/m³,27.5
7427,21612,Rouse Hill-7427,2020-03-01T18:00:00+11:00,-33.682778,150.903611,pm10,µg/m³,27.4
7427,21612,Rouse Hill-7427,2020-03-01T19:00:00+11:00,-33.682778,150.903611,pm10,µg/m³,26.1
7427,21612,Rouse Hill-7427,2020-03-01T20:00:00+11:00,-33.682778,150.903611,pm10,µg/m³,26.3
7427,21612,Rouse Hill-7427,2020-03-01T21:00:00+11:00,-33.682778,150.903611,pm10,µg/m³,23.1
7427,21612,Rouse Hill-7427,2020-03-01T23:00:00+11:00,-33.682778,150.903611,pm10,µg/m³,22.5
7427,21611,Rouse Hill-7427,2020-03-01T01:00:00+11:00,-33.682778,150.903611,pm25,µg/m³,5.4
7427,21611,Rouse Hill-7427,2020-03-01T02:00:00+11:00,-33.682778,150.903611,pm25,µg/m³,9.6
7427,21611,Rouse Hill-7427,2020-03-01T03:00:00+11:00,-33.682778,150.903611,pm25,µg/m³,10.6
7427,21611,Rouse Hill-7427,2020-03-01T05:00:00+11:00,-33.682778,150.903611,pm25,µg/m³,8.9
7427,21611,Rouse Hill-7427,2020-03-01T06:00:00+11:00,-33.682778,150.903611,pm25,µg/m³,9.1
7427,21611,Rouse Hill-7427,2020-03-01T07:00:00+11:00,-33.682778,150.903611,pm25,µg/m³,8.9
7427,21611,Rouse Hill-7427,2020-03-01T08:00:00+11:00,-33.682778,150.903611,pm25,µg/m³,6.5
7427,21611,Rouse Hill-7427,2020-03-01T09:00:00+11:00,-33.682778,150.903611,pm25,µg/m³,8.9
7427,21611,Rouse Hill-7427,2020-03-01T10:00:00+11:00,-33.682778,150.903611,pm25,µg/m³,6.3
7427,21611,Rouse Hill-7427,2020-03-01T11:00:00+11:00,-33.682778,150.903611,pm25,µg/m³,4.5
7427,21611,Rouse Hill-7427,2020-03-01T12:00:00+11:00,-33.682778,150.903611,pm25,µg/m³,5.4
7427,21611,Rouse Hill-7427,2020-03-01T13:00:00+11:00,-33.682778,150.903611,pm25,µg/m³,2.2
7427,21611,Rouse Hill-7427,2020-03-01T14:00:00+11:00,-33.682778,150.903611,pm25,µg/m³,1.9
7427,21611,Rouse Hill-7427,2020-03-01T15:00:00+11:00,-33.682778,150.903611,pm25,µg/m³,8.5
7427,21611,Rouse Hill-7427,2020-03-01T16:00:00+11:00,-33.682778,150.903611,pm25,µg/m³,8.9
7427,21611,Rouse Hill-7427,2020-03-01T17:00:00+11:00,-33.682778,150.903611,pm25,µg/m³,12.8
7427,21611,Rouse Hill-7427,2020-03-01T18:00:00+11:00,-33.682778,150.903611,pm25,µg/m³,12.3
7427,21611,Rouse Hill-7427,2020-03-01T19:00:00+11:00,-33.682778,150.903611,pm25,µg/m³,12.1
7427,21611,Rouse Hill-7427,2020-03-01T20:00:00+11:00,-33.682778,150.903611,pm25,µg/m³,9.1
7427,21611,Rouse Hill-7427,2020-03-01T21:00:00+11:00,-33.682778,150.903611,pm25,µg/m³,4.2
7427,21611,Rouse Hill-7427,2020-03-01T23:00:00+11:00,-33.682778,150.903611,pm25,µg/m³,6.8
7427,25601,Rouse Hill-7427,2020-03-01T01:00:00+11:00,-33.682778,150.903611,no2,ppm,0.014
7427,25601,Rouse Hill-7427,2020-03-01T03:00:00+11:00,-33.682778,150.903611,no2,ppm,0.006
7427,25601,Rouse Hill-7427,2020-03-01T05:00:00+11:00,-33.682778,150.903611,no2,ppm,0.003
7427,25601,Rouse Hill-7427,2020-03-01T06:00:00+11:00,-33.682778,150.903611,no2,ppm,0.003
7427,25601,Rouse Hill-7427,2020-03-01T07:00:00+11:00,-33.682778,150.903611,no2,ppm,0.003
7427,25601,Rouse Hill-7427,2020-03-01T08:00:00+11:00,-33.682778,150.903611,no2,ppm,0.003
7427,25601,Rouse Hill-7427,2020-03-01T09:00:00+11:00,-33.682778,150.903611,no2,ppm,0.002
7427,25601,Rouse Hill-7427,2020-03-01T10:00:00+11:00,-33.682778,150.903611,no2,ppm,0.001
7427,25601,Rouse Hill-7427,2020-03-01T11:00:00+11:00,-33.682778,150.903611,no2,ppm,0.0
7427,25601,Rouse Hill-7427,2020-03-01T12:00:00+11:00,-33.682778,150.903611,no2,ppm,0.0
7427,25601,Rouse Hill-7427,2020-03-01T13:00:00+11:00,-33.682778,150.903611,no2,ppm,0.0
7427,25601,Rouse Hill-7427,2020-03-01T14:00:00+11:00,-33.682778,150.903611,no2,ppm,0.0
7427,25601,Rouse Hill-7427,2020-03-01T15:00:00+11:00,-33.682778,150.903611,no2,ppm,0.0
7427,25601,Rouse Hill-7427,2020-03-01T16:00:00+11:00,-33.682778,150.903611,no2,ppm,0.001
7427,25601,Rouse Hill-7427,2020-03-01T17:00:00+11:00,-33.682778,150.903611,no2,ppm,0.002
7427,25601,Rouse Hill-7427,2020-03-01T18:00:00+11:00,-33.682778,150.903611,no2,ppm,0.004
7427,25601,Rouse Hill-7427,2020-03-01T19:00:00+11:00,-33.682778,150.903611,no2,ppm,0.007
7427,25601,Rouse Hill-7427,2020-03-01T20:00:00+11:00,-33.682778,150.903611,no2,ppm,0.012
7427,25601,Rouse Hill-7427,2020-03-01T21:00:00+11:00,-33.682778,150.903611,no2,ppm,0.016
7427,25601,Rouse Hill-7427,2020-03-01T23:00:00+11:00,-33.682778,150.903611,no2,ppm,0.017
7427,28892,Rouse Hill-7427,2020-03-01T01:00:00+11:00,-33.682778,150.903611,co,ppm,0.2
7427,28892,Rouse Hill-7427,2020-03-01T02:00:00+11:00,-33.682778,150.903611,co,ppm,0.2
7427,28892,Rouse Hill-7427,2020-03-01T03:00:00+11:00,-33.682778,150.903611,co,ppm,0.2
7427,28892,Rouse Hill-7427,2020-03-01T05:00:00+11:00,-33.682778,150.903611,co,ppm,0.2
7427,28892,Rouse Hill-7427,2020-03-01T06:00:00+11:00,-33.682778,150.903611,co,ppm,0.2
7427,28892,Rouse Hill-7427,2020-03-01T07:00:00+11:00,-33.682778,150.903611,co,ppm,0.2
7427,28892,Rouse Hill-7427,2020-03-01T08:00:00+11:00,-33.682778,150.903611,co,ppm,0.2
7427,28892,Rouse Hill-7427,2020-03-01T09:00:00+11:00,-33.682778,150.903611,co,ppm,0.2
7427,28892,Rouse Hill-7427,2020-03-01T10:00:00+11:00,-33.682778,150.903611,co,ppm,0.2
7427,28892,Rouse Hill-7427,2020-03-01T11:00:00+11:00,-33.682778,150.903611,co,ppm,0.2
7427,28892,Rouse Hill-7427,2020-03-01T12:00:00+11:00,-33.682778,150.903611,co,ppm,0.2
7427,28892,Rouse Hill-7427,2020-03-01T13:00:00+11:00,-33.682778,150.903611,co,ppm,0.2
7427,28892,Rouse Hill-7427,2020-03-01T14:00:00+11:00,-33.682778,150.903611,co,ppm,0.2
7427,28892,Rouse Hill-7427,2020-03-01T15:00:00+11:00,-33.682778,150.903611,co,ppm,0.2
7427,28892,Rouse Hill-7427,2020-03-01T16:00:00+11:00,-33.682778,150.903611,co,ppm,0.2
7427,28892,Rouse Hill-7427,2020-03-01T17:00:00+11:00,-33.682778,150.903611,co,ppm,0.2
7427,28892,Rouse Hill-7427,2020-03-01T18:00:00+11:00,-33.682778,150.903611,co,ppm,0.2
7427,28892,Rouse Hill-7427,2020-03-01T19:00:00+11:00,-33.682778,150.903611,co,ppm,0.2
7427,28892,Rouse Hill-7427,2020-03-01T20:00:00+11:00,-33.682778,150.903611,co,ppm,0.2
7427,28892,Rouse Hill-7427,2020-03-01T21:00:00+11:00,-33.682778,150.903611,co,ppm,0.2
7427,28892,Rouse Hill-7427,2020-03-01T23:00:00+11:00,-33.682778,150.903611,co,ppm,0.2
7427,25603,Rouse Hill-7427,2020-03-01T01:00:00+11:00,-33.682778,150.903611,so2,ppm,0.001
7427,25603,Rouse Hill-7427,2020-03-01T03:00:00+11:00,-33.682778,150.903611,so2,ppm,0.0
7427,25603,Rouse Hill-7427,2020-03-01T05:00:00+11:00,-33.682778,150.903611,so2,ppm,0.0
7427,25603,Rouse Hill-7427,2020-03-01T06:00:00+11:00,-33.682778,150.903611,so2,ppm,0.0
7427,25603,Rouse Hill-7427,2020-03-01T07:00:00+11:00,-33.682778,150.903611,so2,ppm,0.0
7427,25603,Rouse Hill-7427,2020-03-01T08:00:00+11:00,-33.682778,150.903611,so2,ppm,0.002
7427,25603,Rouse Hill-7427,2020-03-01T09:00:00+11:00,-33.682778,150.903611,so2,ppm,0.002
7427,25603,Rouse Hill-7427,2020-03-01T10:00:00+11:00,-33.682778,150.903611,so2,ppm,0.002
7427,25603,Rouse Hill-7427,2020-03-01T11:00:00+11:00,-33.682778,150.903611,so2,ppm,0.001
7427,25603,Rouse Hill-7427,2020-03-01T12:00:00+11:00,-33.682778,150.903611,so2,ppm,0.001
7427,25603,Rouse Hill-7427,2020-03-01T13:00:00+11:00,-33.682778,150.903611,so2,ppm,0.0
7427,25603,Rouse Hill-7427,2020-03-01T14:00:00+11:00,-33.682778,150.903611,so2,ppm,0.001
7427,25603,Rouse Hill-7427,2020-03-01T15:00:00+11:00,-33.682778,150.903611,so2,ppm,0.0
7427,25603,Rouse Hill-7427,2020-03-01T16:00:00+11:00,-33.682778,150.903611,so2,ppm,0.002
7427,25603,Rouse Hill-7427,2020-03-01T17:00:00+11:00,-33.682778,150.903611,so2,ppm,0.002
7427,25603,Rouse Hill-7427,2020-03-01T18:00:00+11:00,-33.682778,150.903611,so2,ppm,0.005
7427,25603,Rouse Hill-7427,2020-03-01T19:00:00+11:00,-33.682778,150.903611,so2,ppm,0.007
7427,25603,Rouse Hill-7427,2020-03-01T20:00:00+11:00,-33.682778,150.903611,so2,ppm,0.008
7427,25603,Rouse Hill-7427,2020-03-01T21:00:00+11:00,-33.682778,150.903611,so2,ppm,0.009
7427,25603,Rouse Hill-7427,2020-03-01T23:00:00+11:00,-33.682778,150.903611,so2,ppm,0.007
7427,25602,Rouse Hill-7427,2020-03-01T01:00:00+11:00,-33.682778,150.903611,o3,ppm,0.002
7427,25602,Rouse Hill-7427,2020-03-01T02:00:00+11:00,-33.682778,150.903611,o3,ppm,0.011
7427,25602,Rouse Hill-7427,2020-03-01T03:00:00+11:00,-33.682778,150.903611,o3,ppm,0.004
7427,25602,Rouse Hill-7427,2020-03-01T05:00:00+11:00,-33.682778,150.903611,o3,ppm,0.005
7427,25602,Rouse Hill-7427,2020-03-01T06:00:00+11:00,-33.682778,150.903611,o3,ppm,0.003
7427,25602,Rouse Hill-7427,2020-03-01T07:00:00+11:00,-33.682778,150.903611,o3,ppm,0.005
7427,25602,Rouse Hill-7427,2020-03-01T08:00:00+11:00,-33.682778,150.903611,o3,ppm,0.009
7427,25602,Rouse Hill-7427,2020-03-01T09:00:00+11:00,-33.682778,150.903611,o3,ppm,0.016
7427,25602,Rouse Hill-7427,2020-03-01T10:00:00+11:00,-33.682778,150.903611,o3,ppm,0.023
7427,25602,Rouse Hill-7427,2020-03-01T11:00:00+11:00,-33.682778,150.903611,o3,ppm,0.026
7427,25602,Rouse Hill-7427,2020-03-01T12:00:00+11:00,-33.682778,150.903611,o3,ppm,0.028
7427,25602,Rouse Hill-7427,2020-03-01T13:00:00+11:00,-33.682778,150.903611,o3,ppm,0.031
7427,25602,Rouse Hill-7427,2020-03-01T14:00:00+11:00,-33.682778,150.903611,o3,ppm,0.035
7427,25602,Rouse Hill-7427,2020-03-01T15:00:00+11:00,-33.682778,150.903611,o3,ppm,0.039
7427,25602,Rouse Hill-7427,2020-03-01T16:00:00+11:00,-33.682778,150.903611,o3,ppm,0.052
7427,25602,Rouse Hill-7427,2020-03-01T17:00:00+11:00,-33.682778,150.903611,o3,ppm,0.05
7427,25602,Rouse Hill-7427,2020-03-01T18:00:00+11:00,-33.682778,150.903611,o3,ppm,0.046
7427,25602,Rouse Hill-7427,2020-03-01T19:00:00+11:00,-33.682778,150.903611,o3,ppm,0.035
7427,25602,Rouse Hill-7427,2020-03-01T20:00:00+11:00,-33.682778,150.903611,o3,ppm,0.022
7427,25602,Rouse Hill-7427,2020-03-01T21:00:00+11:00,-33.682778,150.903611,o3,ppm,0.015
7427,25602,Rouse Hill-7427,2020-03-01T23:00:00+11:00,-33.682778,150.903611,o3,ppm,0.009
7427,21612,Rouse Hill-7427,2020-03-02T01:00:00+11:00,-33.682778,150.903611,pm10,µg/m³,19.5
7427,21612,Rouse Hill-7427,2020-03-02T02:00:00+11:00,-33.682778,150.903611,pm10,µg/m³,19.1
7427,21612,Rouse Hill-7427,2020-03-02T03:00:00+11:00,-33.682778,150.903611,pm10,µg/m³,21.9
7427,21612,Rouse Hill-7427,2020-03-02T04:00:00+11:00,-33.682778,150.903611,pm10,µg/m³,14.7
7427,21612,Rouse Hill-7427,2020-03-02T05:00:00+11:00,-33.682778,150.903611,pm10,µg/m³,9.3
7427,21612,Rouse Hill-7427,2020-03-02T06:00:00+11:00,-33.682778,150.903611,pm10,µg/m³,9.3
7427,21612,Rouse Hill-7427,2020-03-02T07:00:00+11:00,-33.682778,150.903611,pm10,µg/m³,16.5
7427,21612,Rouse Hill-7427,2020-03-02T08:00:00+11:00,-33.682778,150.903611,pm10,µg/m³,20.6
7427,21612,Rouse Hill-7427,2020-03-02T09:00:00+11:00,-33.682778,150.903611,pm10,µg/m³,13.4
7427,21612,Rouse Hill-7427,2020-03-02T10:00:00+11:00,-33.682778,150.903611,pm10,µg/m³,24.6
7427,21612,Rouse Hill-7427,2020-03-02T11:00:00+11:00,-33.682778,150.903611,pm10,µg/m³,26.9
7427,21612,Rouse Hill-7427,2020-03-02T12:00:00+11:00,-33.682778,150.903611,pm10,µg/m³,15.2
7427,21612,Rouse Hill-7427,2020-03-02T13:00:00+11:00,-33.682778,150.903611,pm10,µg/m³,16.4
7427,21612,Rouse Hill-7427,2020-03-02T14:00:00+11:00,-33.682778,150.903611,pm10,µg/m³,18.1
7427,21612,Rouse Hill-7427,2020-03-02T15:00:00+11:00,-33.682778,150.903611,pm10,µg/m³,34.2
7427,21612,Rouse Hill-7427,2020-03-02T16:00:00+11:00,-33.682778,150.903611,pm10,µg/m³,297.9
7427,21612,Rouse Hill-7427,2020-03-02T17:00:00+11:00,-33.682778,150.903611,pm10,µg/m³,137.1
7427,21612,Rouse Hill-7427,2020-03-02T18:00:00+11:00,-33.682778,150.903611,pm10,µg/m³,44.9
7427,21612,Rouse Hill-7427,2020-03-02T19:00:00+11:00,-33.682778,150.903611,pm10,µg/m³,37.9
7427,21612,Rouse Hill-7427,2020-03-02T20:00:00+11:00,-33.682778,150.903611,pm10,µg/m³,38.0
7427,21612,Rouse Hill-7427,2020-03-02T21:00:00+11:00,-33.682778,150.903611,pm10,µg/m³,36.8
7427,21612,Rouse Hill-7427,2020-03-02T22:00:00+11:00,-33.682778,150.903611,pm10,µg/m³,35.6
7427,21612,Rouse Hill-7427,2020-03-02T23:00:00+11:00,-33.682778,150.903611,pm10,µg/m³,34.6
7427,21611,Rouse Hill-7427,2020-03-02T01:00:00+11:00,-33.682778,150.903611,pm25,µg/m³,9.3
7427,21611,Rouse Hill-7427,2020-03-02T02:00:00+11:00,-33.682778,150.903611,pm25,µg/m³,7.9
7427,21611,Rouse Hill-7427,2020-03-02T03:00:00+11:00,-33.682778,150.903611,pm25,µg/m³,7.1
7427,21611,Rouse Hill-7427,2020-03-02T04:00:00+11:00,-33.682778,150.903611,pm25,µg/m³,6.2
7427,21611,Rouse Hill-7427,2020-03-02T05:00:00+11:00,-33.682778,150.903611,pm25,µg/m³,9.9
7427,21611,Rouse Hill-7427,2020-03-02T06:00:00+11:00,-33.682778,150.903611,pm25,µg/m³,13.5
7427,21611,Rouse Hill-7427,2020-03-02T07:00:00+11:00,-33.682778,150.903611,pm25,µg/m³,6.3
7427,21611,Rouse Hill-7427,2020-03-02T08:00:00+11:00,-33.682778,150.903611,pm25,µg/m³,0.9
7427,21611,Rouse Hill-7427,2020-03-02T09:00:00+11:00,-33.682778,150.903611,pm25,µg/m³,0.3
7427,21611,Rouse Hill-7427,2020-03-02T10:00:00+11:00,-33.682778,150.903611,pm25,µg/m³,1.3
7427,21611,Rouse Hill-7427,2020-03-02T11:00:00+11:00,-33.682778,150.903611,pm25,µg/m³,1.3
7427,21611,Rouse Hill-7427,2020-03-02T12:00:00+11:00,-33.682778,150.903611,pm25,µg/m³,0.8
7427,21611,Rouse Hill-7427,2020-03-02T13:00:00+11:00,-33.682778,150.903611,pm25,µg/m³,0.8
7427,21611,Rouse Hill-7427,2020-03-02T14:00:00+11:00,-33.682778,150.903611,pm25,µg/m³,0.0
7427,21611,Rouse Hill-7427,2020-03-02T15:00:00+11:00,-33.682778,150.903611,pm25,µg/m³,1.7
7427,21611,Rouse Hill-7427,2020-03-02T18:00:00+11:00,-33.682778,150.903611,pm25,µg/m³,22.0
7427,21611,Rouse Hill-7427,2020-03-02T19:00:00+11:00,-33.682778,150.903611,pm25,µg/m³,17.1
7427,21611,Rouse Hill-7427,2020-03-02T20:00:00+11:00,-33.682778,150.903611,pm25,µg/m³,8.6
7427,21611,Rouse Hill-7427,2020-03-02T21:00:00+11:00,-33.682778,150.903611,pm25,µg/m³,8.1
7427,21611,Rouse Hill-7427,2020-03-02T22:00:00+11:00,-33.682778,150.903611,pm25,µg/m³,10.6
7427,21611,Rouse Hill-7427,2020-03-02T23:00:00+11:00,-33.682778,150.903611,pm25,µg/m³,6.8
7427,25601,Rouse Hill-7427,2020-03-02T01:00:00+11:00,-33.682778,150.903611,no2,ppm,0.014
7427,25601,Rouse Hill-7427,2020-03-02T03:00:00+11:00,-33.682778,150.903611,no2,ppm,0.007
7427,25601,Rouse Hill-7427,2020-03-02T04:00:00+11:00,-33.682778,150.903611,no2,ppm,0.006
7427,25601,Rouse Hill-7427,2020-03-02T05:00:00+11:00,-33.682778,150.903611,no2,ppm,0.004
7427,25601,Rouse Hill-7427,2020-03-02T06:00:00+11:00,-33.682778,150.903611,no2,ppm,0.005
7427,25601,Rouse Hill-7427,2020-03-02T07:00:00+11:00,-33.682778,150.903611,no2,ppm,0.006
7427,25601,Rouse Hill-7427,2020-03-02T08:00:00+11:00,-33.682778,150.903611,no2,ppm,0.009
7427,25601,Rouse Hill-7427,2020-03-02T09:00:00+11:00,-33.682778,150.903611,no2,ppm,0.003
7427,25601,Rouse Hill-7427,2020-03-02T10:00:00+11:00,-33.682778,150.903611,no2,ppm,0.002
7427,25601,Rouse Hill-7427,2020-03-02T11:00:00+11:00,-33.682778,150.903611,no2,ppm,0.003
7427,25601,Rouse Hill-7427,2020-03-02T12:00:00+11:00,-33.682778,150.903611,no2,ppm,0.002
7427,25601,Rouse Hill-7427,2020-03-02T13:00:00+11:00,-33.682778,150.903611,no2,ppm,0.001
7427,25601,Rouse Hill-7427,2020-03-02T14:00:00+11:00,-33.682778,150.903611,no2,ppm,0.001
7427,25601,Rouse Hill-7427,2020-03-02T15:00:00+11:00,-33.682778,150.903611,no2,ppm,0.002
7427,25601,Rouse Hill-7427,2020-03-02T16:00:00+11:00,-33.682778,150.903611,no2,ppm,0.004
7427,25601,Rouse Hill-7427,2020-03-02T17:00:00+11:00,-33.682778,150.903611,no2,ppm,0.002
7427,25601,Rouse Hill-7427,2020-03-02T18:00:00+11:00,-33.682778,150.903611,no2,ppm,0.002
7427,25601,Rouse Hill-7427,2020-03-02T19:00:00+11:00,-33.682778,150.903611,no2,ppm,0.001
7427,25601,Rouse Hill-7427,2020-03-02T20:00:00+11:00,-33.682778,150.903611,no2,ppm,0.001
7427,25601,Rouse Hill-7427,2020-03-02T21:00:00+11:00,-33.682778,150.903611,no2,ppm,0.001
7427,25601,Rouse Hill-7427,2020-03-02T22:00:00+11:00,-33.682778,150.903611,no2,ppm,0.001
7427,25601,Rouse Hill-7427,2020-03-02T23:00:00+11:00,-33.682778,150.903611,no2,ppm,0.0
7427,28892,Rouse Hill-7427,2020-03-02T01:00:00+11:00,-33.682778,150.903611,co,ppm,0.2
7427,25603,Rouse Hill-7427,2020-03-02T01:00:00+11:00,-33.682778,150.903611,so2,ppm,0.005
7427,25603,Rouse Hill-7427,2020-03-02T03:00:00+11:00,-33.682778,150.903611,so2,ppm,0.002
7427,25603,Rouse Hill-7427,2020-03-02T04:00:00+11:00,-33.682778,150.903611,so2,ppm,0.001
7427,25603,Rouse Hill-7427,2020-03-02T05:00:00+11:00,-33.682778,150.903611,so2,ppm,0.001
7427,25603,Rouse Hill-7427,2020-03-02T06:00:00+11:00,-33.682778,150.903611,so2,ppm,0.001
7427,25603,Rouse Hill-7427,2020-03-02T07:00:00+11:00,-33.682778,150.903611,so2,ppm,0.0
7427,25603,Rouse Hill-7427,2020-03-02T08:00:00+11:00,-33.682778,150.903611,so2,ppm,0.0
7427,25603,Rouse Hill-7427,2020-03-02T09:00:00+11:00,-33.682778,150.903611,so2,ppm,0.0
7427,25603,Rouse Hill-7427,2020-03-02T10:00:00+11:00,-33.682778,150.903611,so2,ppm,0.0
7427,25603,Rouse Hill-7427,2020-03-02T11:00:00+11:00,-33.682778,150.903611,so2,ppm,0.0
7427,25603,Rouse Hill-7427,2020-03-02T12:00:00+11:00,-33.682778,150.903611,so2,ppm,0.0
7427,25603,Rouse Hill-7427,2020-03-02T13:00:00+11:00,-33.682778,150.903611,so2,ppm,0.0
7427,25603,Rouse Hill-7427,2020-03-02T14:00:00+11:00,-33.682778,150.903611,so2,ppm,0.0
7427,25603,Rouse Hill-7427,2020-03-02T15:00:00+11:00,-33.682778,150.903611,so2,ppm,0.0
7427,25603,Rouse Hill-7427,2020-03-02T16:00:00+11:00,-33.682778,150.903611,so2,ppm,0.0
7427,25603,Rouse Hill-7427,2020-03-02T17:00:00+11:00,-33.682778,150.903611,so2,ppm,0.0
7427,25603,Rouse Hill-7427,2020-03-02T18:00:00+11:00,-33.682778,150.903611,so2,ppm,0.0
7427,25603,Rouse Hill-7427,2020-03-02T19:00:00+11:00,-33.682778,150.903611,so2,ppm,0.0
7427,25603,Rouse Hill-7427,2020-03-02T20:00:00+11:00,-33.682778,150.903611,so2,ppm,0.0
7427,25603,Rouse Hill-7427,2020-03-02T21:00:00+11:00,-33.682778,150.903611,so2,ppm,0.0
7427,25603,Rouse Hill-7427,2020-03-02T22:00:00+11:00,-33.682778,150.903611,so2,ppm,0.0
7427,25603,Rouse Hill-7427,2020-03-02T23:00:00+11:00,-33.682778,150.903611,so2,ppm,0.0
7427,28892,Rouse Hill-7427,2020-03-02T02:00:00+11:00,-33.682778,150.903611,co,ppm,0.2
7427,28892,Rouse Hill-7427,2020-03-02T03:00:00+11:00,-33.682778,150.903611,co,ppm,0.2
7427,28892,Rouse Hill-7427,2020-03-02T04:00:00+11:00,-33.682778,150.903611,co,ppm,0.2
7427,28892,Rouse Hill-7427,2020-03-02T05:00:00+11:00,-33.682778,150.903611,co,ppm,0.2
7427,28892,Rouse Hill-7427,2020-03-02T06:00:00+11:00,-33.682778,150.903611,co,ppm,0.2
7427,28892,Rouse Hill-7427,2020-03-02T07:00:00+11:00,-33.682778,150.903611,co,ppm,0.2
7427,28892,Rouse Hill-7427,2020-03-02T08:00:00+11:00,-33.682778,150.903611,co,ppm,0.2
7427,28892,Rouse Hill-7427,2020-03-02T09:00:00+11:00,-33.682778,150.903611,co,ppm,0.2
7427,28892,Rouse Hill-7427,2020-03-02T10:00:00+11:00,-33.682778,150.903611,co,ppm,0.2
7427,28892,Rouse Hill-7427,2020-03-02T11:00:00+11:00,-33.682778,150.903611,co,ppm,0.2
7427,28892,Rouse Hill-7427,2020-03-02T12:00:00+11:00,-33.682778,150.903611,co,ppm,0.2
7427,28892,Rouse Hill-7427,2020-03-02T13:00:00+11:00,-33.682778,150.903611,co,ppm,0.2
7427,28892,Rouse Hill-7427,2020-03-02T14:00:00+11:00,-33.682778,150.903611,co,ppm,0.2
7427,28892,Rouse Hill-7427,2020-03-02T15:00:00+11:00,-33.682778,150.903611,co,ppm,0.2
7427,28892,Rouse Hill-7427,2020-03-02T16:00:00+11:00,-33.682778,150.903611,co,ppm,0.2
7427,28892,Rouse Hill-7427,2020-03-02T17:00:00+11:00,-33.682778,150.903611,co,ppm,0.2
7427,28892,Rouse Hill-7427,2020-03-02T18:00:00+11:00,-33.682778,150.903611,co,ppm,0.2
7427,28892,Rouse Hill-7427,2020-03-02T19:00:00+11:00,-33.682778,150.903611,co,ppm,0.2
7427,28892,Rouse Hill-7427,2020-03-02T20:00:00+11:00,-33.682778,150.903611,co,ppm,0.2
7427,28892,Rouse Hill-7427,2020-03-02T21:00:00+11:00,-33.682778,150.903611,co,ppm,0.2
7427,28892,Rouse Hill-7427,2020-03-02T22:00:00+11:00,-33.682778,150.903611,co,ppm,0.2
7427,28892,Rouse Hill-7427,2020-03-02T23:00:00+11:00,-33.682778,150.903611,co,ppm,0.2
7427,25602,Rouse Hill-7427,2020-03-02T01:00:00+11:00,-33.682778,150.903611,o3,ppm,0.009
7427,25602,Rouse Hill-7427,2020-03-02T02:00:00+11:00,-33.682778,150.903611,o3,ppm,0.01
7427,25602,Rouse Hill-7427,2020-03-02T03:00:00+11:00,-33.682778,150.903611,o3,ppm,0.015
7427,25602,Rouse Hill-7427,2020-03-02T04:00:00+11:00,-33.682778,150.903611,o3,ppm,0.011
7427,25602,Rouse Hill-7427,2020-03-02T05:00:00+11:00,-33.682778,150.903611,o3,ppm,0.019
7427,25602,Rouse Hill-7427,2020-03-02T06:00:00+11:00,-33.682778,150.903611,o3,ppm,0.019
7427,25602,Rouse Hill-7427,2020-03-02T07:00:00+11:00,-33.682778,150.903611,o3,ppm,0.018
7427,25602,Rouse Hill-7427,2020-03-02T08:00:00+11:00,-33.682778,150.903611,o3,ppm,0.017
7427,25602,Rouse Hill-7427,2020-03-02T09:00:00+11:00,-33.682778,150.903611,o3,ppm,0.03
7427,25602,Rouse Hill-7427,2020-03-02T10:00:00+11:00,-33.682778,150.903611,o3,ppm,0.035
7427,25602,Rouse Hill-7427,2020-03-02T11:00:00+11:00,-33.682778,150.903611,o3,ppm,0.042
7427,25602,Rouse Hill-7427,2020-03-02T12:00:00+11:00,-33.682778,150.903611,o3,ppm,0.046
7427,25602,Rouse Hill-7427,2020-03-02T13:00:00+11:00,-33.682778,150.903611,o3,ppm,0.044
7427,25602,Rouse Hill-7427,2020-03-02T14:00:00+11:00,-33.682778,150.903611,o3,ppm,0.045
7427,25602,Rouse Hill-7427,2020-03-02T15:00:00+11:00,-33.682778,150.903611,o3,ppm,0.046
7427,25602,Rouse Hill-7427,2020-03-02T16:00:00+11:00,-33.682778,150.903611,o3,ppm,0.051
7427,25602,Rouse Hill-7427,2020-03-02T17:00:00+11:00,-33.682778,150.903611,o3,ppm,0.031
7427,25602,Rouse Hill-7427,2020-03-02T18:00:00+11:00,-33.682778,150.903611,o3,ppm,0.029
7427,25602,Rouse Hill-7427,2020-03-02T19:00:00+11:00,-33.682778,150.903611,o3,ppm,0.026
7427,25602,Rouse Hill-7427,2020-03-02T20:00:00+11:00,-33.682778,150.903611,o3,ppm,0.024
7427,25602,Rouse Hill-7427,2020-03-02T21:00:00+11:00,-33.682778,150.903611,o3,ppm,0.023
7427,25602,Rouse Hill-7427,2020-03-02T22:00:00+11:00,-33.682778,150.903611,o3,ppm,0.023
7427,25602,Rouse Hill-7427,2020-03-02T23:00:00+11:00,-33.682778,150.903611,o3,ppm,0.023
7427,21612,Rouse Hill-7427,2020-03-03T01:00:00+11:00,-33.682778,150.903611,pm10,µg/m³,31.4
7427,21612,Rouse Hill-7427,2020-03-03T02:00:00+11:00,-33.682778,150.903611,pm10,µg/m³,27.6
7427,21612,Rouse Hill-7427,2020-03-03T03:00:00+11:00,-33.682778,150.903611,pm10,µg/m³,28.5
7427,21612,Rouse Hill-7427,2020-03-03T04:00:00+11:00,-33.682778,150.903611,pm10,µg/m³,26.9
7427,21612,Rouse Hill-7427,2020-03-03T05:00:00+11:00,-33.682778,150.903611,pm10,µg/m³,32.0
7427,21612,Rouse Hill-7427,2020-03-03T06:00:00+11:00,-33.682778,150.903611,pm10,µg/m³,29.6
7427,21612,Rouse Hill-7427,2020-03-03T07:00:00+11:00,-33.682778,150.903611,pm10,µg/m³,31.4
7427,21612,Rouse Hill-7427,2020-03-03T08:00:00+11:00,-33.682778,150.903611,pm10,µg/m³,36.2
7427,21612,Rouse Hill-7427,2020-03-03T09:00:00+11:00,-33.682778,150.903611,pm10,µg/m³,39.1
7427,21612,Rouse Hill-7427,2020-03-03T10:00:00+11:00,-33.682778,150.903611,pm10,µg/m³,41.3
7427,21612,Rouse Hill-7427,2020-03-03T11:00:00+11:00,-33.682778,150.903611,pm10,µg/m³,44.7
7427,21612,Rouse Hill-7427,2020-03-03T12:00:00+11:00,-33.682778,150.903611,pm10,µg/m³,37.2
7427,21612,Rouse Hill-7427,2020-03-03T13:00:00+11:00,-33.682778,150.903611,pm10,µg/m³,36.5
7427,21612,Rouse Hill-7427,2020-03-03T14:00:00+11:00,-33.682778,150.903611,pm10,µg/m³,37.2
7427,21612,Rouse Hill-7427,2020-03-03T15:00:00+11:00,-33.682778,150.903611,pm10,µg/m³,26.6
7427,21612,Rouse Hill-7427,2020-03-03T16:00:00+11:00,-33.682778,150.903611,pm10,µg/m³,23.2
7427,21612,Rouse Hill-7427,2020-03-03T17:00:00+11:00,-33.682778,150.903611,pm10,µg/m³,18.4
7427,21612,Rouse Hill-7427,2020-03-03T18:00:00+11:00,-33.682778,150.903611,pm10,µg/m³,15.2
7427,21612,Rouse Hill-7427,2020-03-03T19:00:00+11:00,-33.682778,150.903611,pm10,µg/m³,14.0
7427,21612,Rouse Hill-7427,2020-03-03T20:00:00+11:00,-33.682778,150.903611,pm10,µg/m³,11.9
7427,21612,Rouse Hill-7427,2020-03-03T21:00:00+11:00,-33.682778,150.903611,pm10,µg/m³,13.7
7427,21612,Rouse Hill-7427,2020-03-03T22:00:00+11:00,-33.682778,150.903611,pm10,µg/m³,10.2
7427,21612,Rouse Hill-7427,2020-03-03T23:00:00+11:00,-33.682778,150.903611,pm10,µg/m³,14.8
7427,21611,Rouse Hill-7427,2020-03-03T01:00:00+11:00,-33.682778,150.903611,pm25,µg/m³,8.0
7427,21611,Rouse Hill-7427,2020-03-03T02:00:00+11:00,-33.682778,150.903611,pm25,µg/m³,5.5
7427,21611,Rouse Hill-7427,2020-03-03T03:00:00+11:00,-33.682778,150.903611,pm25,µg/m³,6.1
7427,21611,Rouse Hill-7427,2020-03-03T04:00:00+11:00,-33.682778,150.903611,pm25,µg/m³,6.0
7427,21611,Rouse Hill-7427,2020-03-03T05:00:00+11:00,-33.682778,150.903611,pm25,µg/m³,7.7
7427,21611,Rouse Hill-7427,2020-03-03T06:00:00+11:00,-33.682778,150.903611,pm25,µg/m³,7.5
7427,21611,Rouse Hill-7427,2020-03-03T07:00:00+11:00,-33.682778,150.903611,pm25,µg/m³,6.8
7427,21611,Rouse Hill-7427,2020-03-03T08:00:00+11:00,-33.682778,150.903611,pm25,µg/m³,5.5
7427,21611,Rouse Hill-7427,2020-03-03T09:00:00+11:00,-33.682778,150.903611,pm25,µg/m³,8.9
7427,21611,Rouse Hill-7427,2020-03-03T10:00:00+11:00,-33.682778,150.903611,pm25,µg/m³,9.8
7427,21611,Rouse Hill-7427,2020-03-03T11:00:00+11:00,-33.682778,150.903611,pm25,µg/m³,8.6
7427,21611,Rouse Hill-7427,2020-03-03T12:00:00+11:00,-33.682778,150.903611,pm25,µg/m³,9.7
7427,21611,Rouse Hill-7427,2020-03-03T13:00:00+11:00,-33.682778,150.903611,pm25,µg/m³,10.7
7427,21611,Rouse Hill-7427,2020-03-03T14:00:00+11:00,-33.682778,150.903611,pm25,µg/m³,20.1
7427,21611,Rouse Hill-7427,2020-03-03T15:00:00+11:00,-33.682778,150.903611,pm25,µg/m³,6.2
7427,21611,Rouse Hill-7427,2020-03-03T16:00:00+11:00,-33.682778,150.903611,pm25,µg/m³,3.9
7427,21611,Rouse Hill-7427,2020-03-03T17:00:00+11:00,-33.682778,150.903611,pm25,µg/m³,1.6
7427,21611,Rouse Hill-7427,2020-03-03T18:00:00+11:00,-33.682778,150.903611,pm25,µg/m³,4.1
7427,21611,Rouse Hill-7427,2020-03-03T19:00:00+11:00,-33.682778,150.903611,pm25,µg/m³,2.5
7427,21611,Rouse Hill-7427,2020-03-03T20:00:00+11:00,-33.682778,150.903611,pm25,µg/m³,0.7
7427,21611,Rouse Hill-7427,2020-03-03T21:00:00+11:00,-33.682778,150.903611,pm25,µg/m³,1.1
7427,21611,Rouse Hill-7427,2020-03-03T22:00:00+11:00,-33.682778,150.903611,pm25,µg/m³,2.9
7427,21611,Rouse Hill-7427,2020-03-03T23:00:00+11:00,-33.682778,150.903611,pm25,µg/m³,4.8
7427,25601,Rouse Hill-7427,2020-03-03T01:00:00+11:00,-33.682778,150.903611,no2,ppm,0.0
7427,25601,Rouse Hill-7427,2020-03-03T03:00:00+11:00,-33.682778,150.903611,no2,ppm,0.001
7427,25601,Rouse Hill-7427,2020-03-03T04:00:00+11:00,-33.682778,150.903611,no2,ppm,0.0
7427,25601,Rouse Hill-7427,2020-03-03T05:00:00+11:00,-33.682778,150.903611,no2,ppm,0.0
7427,25601,Rouse Hill-7427,2020-03-03T06:00:00+11:00,-33.682778,150.903611,no2,ppm,0.003
7427,25601,Rouse Hill-7427,2020-03-03T07:00:00+11:00,-33.682778,150.903611,no2,ppm,0.007
7427,25601,Rouse Hill-7427,2020-03-03T08:00:00+11:00,-33.682778,150.903611,no2,ppm,0.012
7427,25601,Rouse Hill-7427,2020-03-03T09:00:00+11:00,-33.682778,150.903611,no2,ppm,0.01
7427,25601,Rouse Hill-7427,2020-03-03T10:00:00+11:00,-33.682778,150.903611,no2,ppm,0.009
7427,25601,Rouse Hill-7427,2020-03-03T11:00:00+11:00,-33.682778,150.903611,no2,ppm,0.007
7427,25601,Rouse Hill-7427,2020-03-03T12:00:00+11:00,-33.682778,150.903611,no2,ppm,0.005
7427,25601,Rouse Hill-7427,2020-03-03T13:00:00+11:00,-33.682778,150.903611,no2,ppm,0.005
7427,25601,Rouse Hill-7427,2020-03-03T14:00:00+11:00,-33.682778,150.903611,no2,ppm,0.006
7427,25601,Rouse Hill-7427,2020-03-03T15:00:00+11:00,-33.682778,150.903611,no2,ppm,0.007
7427,25601,Rouse Hill-7427,2020-03-03T16:00:00+11:00,-33.682778,150.903611,no2,ppm,0.008
7427,25601,Rouse Hill-7427,2020-03-03T17:00:00+11:00,-33.682778,150.903611,no2,ppm,0.007
7427,25601,Rouse Hill-7427,2020-03-03T18:00:00+11:00,-33.682778,150.903611,no2,ppm,0.01
7427,25601,Rouse Hill-7427,2020-03-03T19:00:00+11:00,-33.682778,150.903611,no2,ppm,0.012
7427,25601,Rouse Hill-7427,2020-03-03T20:00:00+11:00,-33.682778,150.903611,no2,ppm,0.009
7427,25601,Rouse Hill-7427,2020-03-03T21:00:00+11:00,-33.682778,150.903611,no2,ppm,0.009
7427,25601,Rouse Hill-7427,2020-03-03T22:00:00+11:00,-33.682778,150.903611,no2,ppm,0.005
7427,25601,Rouse Hill-7427,2020-03-03T23:00:00+11:00,-33.682778,150.903611,no2,ppm,0.006
7427,28892,Rouse Hill-7427,2020-03-03T01:00:00+11:00,-33.682778,150.903611,co,ppm,0.2
7427,28892,Rouse Hill-7427,2020-03-03T02:00:00+11:00,-33.682778,150.903611,co,ppm,0.2
7427,28892,Rouse Hill-7427,2020-03-03T03:00:00+11:00,-33.682778,150.903611,co,ppm,0.2
7427,28892,Rouse Hill-7427,2020-03-03T04:00:00+11:00,-33.682778,150.903611,co,ppm,0.2
7427,28892,Rouse Hill-7427,2020-03-03T05:00:00+11:00,-33.682778,150.903611,co,ppm,0.1
7427,28892,Rouse Hill-7427,2020-03-03T06:00:00+11:00,-33.682778,150.903611,co,ppm,0.1
7427,28892,Rouse Hill-7427,2020-03-03T07:00:00+11:00,-33.682778,150.903611,co,ppm,0.1
7427,28892,Rouse Hill-7427,2020-03-03T08:00:00+11:00,-33.682778,150.903611,co,ppm,0.1
7427,28892,Rouse Hill-7427,2020-03-03T09:00:00+11:00,-33.682778,150.903611,co,ppm,0.1
7427,28892,Rouse Hill-7427,2020-03-03T10:00:00+11:00,-33.682778,150.903611,co,ppm,0.1
7427,28892,Rouse Hill-7427,2020-03-03T11:00:00+11:00,-33.682778,150.903611,co,ppm,0.1
7427,28892,Rouse Hill-7427,2020-03-03T12:00:00+11:00,-33.682778,150.903611,co,ppm,0.1
7427,28892,Rouse Hill-7427,2020-03-03T13:00:00+11:00,-33.682778,150.903611,co,ppm,0.1
7427,28892,Rouse Hill-7427,2020-03-03T14:00:00+11:00,-33.682778,150.903611,co,ppm,0.1
7427,28892,Rouse Hill-7427,2020-03-03T15:00:00+11:00,-33.682778,150.903611,co,ppm,0.1
7427,28892,Rouse Hill-7427,2020-03-03T16:00:00+11:00,-33.682778,150.903611,co,ppm,0.2
7427,28892,Rouse Hill-7427,2020-03-03T17:00:00+11:00,-33.682778,150.903611,co,ppm,0.2
7427,28892,Rouse Hill-7427,2020-03-03T18:00:00+11:00,-33.682778,150.903611,co,ppm,0.2
7427,28892,Rouse Hill-7427,2020-03-03T19:00:00+11:00,-33.682778,150.903611,co,ppm,0.2
7427,28892,Rouse Hill-7427,2020-03-03T20:00:00+11:00,-33.682778,150.903611,co,ppm,0.2
7427,28892,Rouse Hill-7427,2020-03-03T21:00:00+11:00,-33.682778,150.903611,co,ppm,0.2
7427,28892,Rouse Hill-7427,2020-03-03T22:00:00+11:00,-33.682778,150.903611,co,ppm,0.2
7427,28892,Rouse Hill-7427,2020-03-03T23:00:00+11:00,-33.682778,150.903611,co,ppm,0.2
7427,25603,Rouse Hill-7427,2020-03-03T01:00:00+11:00,-33.682778,150.903611,so2,ppm,0.0
7427,25603,Rouse Hill-7427,2020-03-03T03:00:00+11:00,-33.682778,150.903611,so2,ppm,0.0
7427,25603,Rouse Hill-7427,2020-03-03T04:00:00+11:00,-33.682778,150.903611,so2,ppm,0.001
7427,25603,Rouse Hill-7427,2020-03-03T05:00:00+11:00,-33.682778,150.903611,so2,ppm,0.002
7427,25603,Rouse Hill-7427,2020-03-03T06:00:00+11:00,-33.682778,150.903611,so2,ppm,0.001
7427,25603,Rouse Hill-7427,2020-03-03T07:00:00+11:00,-33.682778,150.903611,so2,ppm,0.002
7427,25603,Rouse Hill-7427,2020-03-03T08:00:00+11:00,-33.682778,150.903611,so2,ppm,0.002
7427,25603,Rouse Hill-7427,2020-03-03T09:00:00+11:00,-33.682778,150.903611,so2,ppm,0.002
7427,25603,Rouse Hill-7427,2020-03-03T10:00:00+11:00,-33.682778,150.903611,so2,ppm,0.002
7427,25603,Rouse Hill-7427,2020-03-03T11:00:00+11:00,-33.682778,150.903611,so2,ppm,0.001
7427,25603,Rouse Hill-7427,2020-03-03T12:00:00+11:00,-33.682778,150.903611,so2,ppm,0.001
7427,25603,Rouse Hill-7427,2020-03-03T13:00:00+11:00,-33.682778,150.903611,so2,ppm,0.002
7427,25603,Rouse Hill-7427,2020-03-03T14:00:00+11:00,-33.682778,150.903611,so2,ppm,0.002
7427,25603,Rouse Hill-7427,2020-03-03T15:00:00+11:00,-33.682778,150.903611,so2,ppm,0.001
7427,25603,Rouse Hill-7427,2020-03-03T16:00:00+11:00,-33.682778,150.903611,so2,ppm,0.002
7427,25603,Rouse Hill-7427,2020-03-03T17:00:00+11:00,-33.682778,150.903611,so2,ppm,0.002
7427,25603,Rouse Hill-7427,2020-03-03T18:00:00+11:00,-33.682778,150.903611,so2,ppm,0.001
7427,25603,Rouse Hill-7427,2020-03-03T19:00:00+11:00,-33.682778,150.903611,so2,ppm,0.001
7427,25603,Rouse Hill-7427,2020-03-03T20:00:00+11:00,-33.682778,150.903611,so2,ppm,0.001
7427,25603,Rouse Hill-7427,2020-03-03T21:00:00+11:00,-33.682778,150.903611,so2,ppm,0.001
7427,25603,Rouse Hill-7427,2020-03-03T22:00:00+11:00,-33.682778,150.903611,so2,ppm,0.001
7427,25603,Rouse Hill-7427,2020-03-03T23:00:00+11:00,-33.682778,150.903611,so2,ppm,0.001
7427,25602,Rouse Hill-7427,2020-03-03T01:00:00+11:00,-33.682778,150.903611,o3,ppm,0.025
7427,25602,Rouse Hill-7427,2020-03-03T02:00:00+11:00,-33.682778,150.903611,o3,ppm,0.024
7427,25602,Rouse Hill-7427,2020-03-03T03:00:00+11:00,-33.682778,150.903611,o3,ppm,0.023
7427,25602,Rouse Hill-7427,2020-03-03T04:00:00+11:00,-33.682778,150.903611,o3,ppm,0.022
7427,25602,Rouse Hill-7427,2020-03-03T05:00:00+11:00,-33.682778,150.903611,o3,ppm,0.021
7427,25602,Rouse Hill-7427,2020-03-03T06:00:00+11:00,-33.682778,150.903611,o3,ppm,0.018
7427,25602,Rouse Hill-7427,2020-03-03T07:00:00+11:00,-33.682778,150.903611,o3,ppm,0.013
7427,25602,Rouse Hill-7427,2020-03-03T08:00:00+11:00,-33.682778,150.903611,o3,ppm,0.009
7427,25602,Rouse Hill-7427,2020-03-03T09:00:00+11:00,-33.682778,150.903611,o3,ppm,0.011
7427,25602,Rouse Hill-7427,2020-03-03T10:00:00+11:00,-33.682778,150.903611,o3,ppm,0.013
7427,25602,Rouse Hill-7427,2020-03-03T11:00:00+11:00,-33.682778,150.903611,o3,ppm,0.015
7427,25602,Rouse Hill-7427,2020-03-03T12:00:00+11:00,-33.682778,150.903611,o3,ppm,0.019
7427,25602,Rouse Hill-7427,2020-03-03T13:00:00+11:00,-33.682778,150.903611,o3,ppm,0.019
7427,25602,Rouse Hill-7427,2020-03-03T14:00:00+11:00,-33.682778,150.903611,o3,ppm,0.018
7427,25602,Rouse Hill-7427,2020-03-03T15:00:00+11:00,-33.682778,150.903611,o3,ppm,0.016
7427,25602,Rouse Hill-7427,2020-03-03T16:00:00+11:00,-33.682778,150.903611,o3,ppm,0.013
7427,25602,Rouse Hill-7427,2020-03-03T17:00:00+11:00,-33.682778,150.903611,o3,ppm,0.013
7427,25602,Rouse Hill-7427,2020-03-03T18:00:00+11:00,-33.682778,150.903611,o3,ppm,0.01
7427,25602,Rouse Hill-7427,2020-03-03T19:00:00+11:00,-33.682778,150.903611,o3,ppm,0.007
7427,25602,Rouse Hill-7427,2020-03-03T20:00:00+11:00,-33.682778,150.903611,o3,ppm,0.01
7427,25602,Rouse Hill-7427,2020-03-03T21:00:00+11:00,-33.682778,150.903611,o3,ppm,0.009
7427,25602,Rouse Hill-7427,2020-03-03T22:00:00+11:00,-33.682778,150.903611,o3,ppm,0.012
7427,25602,Rouse Hill-7427,2020-03-03T23:00:00+11:00,-33.682778,150.903611,o3,ppm,0.011
7427,21612,Rouse Hill-7427,2020-03-04T01:00:00+11:00,-33.682778,150.903611,pm10,µg/m³,13.1
7427,21612,Rouse Hill-7427,2020-03-04T02:00:00+11:00,-33.682778,150.903611,pm10,µg/m³,11.5
7427,21612,Rouse Hill-7427,2020-03-04T03:00:00+11:00,-33.682778,150.903611,pm10,µg/m³,13.7
7427,21612,Rouse Hill-7427,2020-03-04T04:00:00+11:00,-33.682778,150.903611,pm10,µg/m³,12.5
7427,21612,Rouse Hill-7427,2020-03-04T05:00:00+11:00,-33.682778,150.903611,pm10,µg/m³,11.6
7427,21612,Rouse Hill-7427,2020-03-04T06:00:00+11:00,-33.682778,150.903611,pm10,µg/m³,11.5
7427,21612,Rouse Hill-7427,2020-03-04T07:00:00+11:00,-33.682778,150.903611,pm10,µg/m³,9.4
7427,21612,Rouse Hill-7427,2020-03-04T08:00:00+11:00,-33.682778,150.903611,pm10,µg/m³,7.6
7427,21612,Rouse Hill-7427,2020-03-04T09:00:00+11:00,-33.682778,150.903611,pm10,µg/m³,10.4
7427,21612,Rouse Hill-7427,2020-03-04T10:00:00+11:00,-33.682778,150.903611,pm10,µg/m³,5.1
7427,21612,Rouse Hill-7427,2020-03-04T11:00:00+11:00,-33.682778,150.903611,pm10,µg/m³,7.4
7427,21612,Rouse Hill-7427,2020-03-04T12:00:00+11:00,-33.682778,150.903611,pm10,µg/m³,14.6
7427,21612,Rouse Hill-7427,2020-03-04T13:00:00+11:00,-33.682778,150.903611,pm10,µg/m³,15.3
7427,21612,Rouse Hill-7427,2020-03-04T14:00:00+11:00,-33.682778,150.903611,pm10,µg/m³,6.5
7427,21612,Rouse Hill-7427,2020-03-04T15:00:00+11:00,-33.682778,150.903611,pm10,µg/m³,13.2
7427,21612,Rouse Hill-7427,2020-03-04T16:00:00+11:00,-33.682778,150.903611,pm10,µg/m³,17.4
7427,21612,Rouse Hill-7427,2020-03-04T17:00:00+11:00,-33.682778,150.903611,pm10,µg/m³,23.1
7427,21612,Rouse Hill-7427,2020-03-04T18:00:00+11:00,-33.682778,150.903611,pm10,µg/m³,31.2
7427,21612,Rouse Hill-7427,2020-03-04T19:00:00+11:00,-33.682778,150.903611,pm10,µg/m³,29.4
7427,21612,Rouse Hill-7427,2020-03-04T20:00:00+11:00,-33.682778,150.903611,pm10,µg/m³,29.9
7427,21612,Rouse Hill-7427,2020-03-04T21:00:00+11:00,-33.682778,150.903611,pm10,µg/m³,26.7
7427,21612,Rouse Hill-7427,2020-03-04T22:00:00+11:00,-33.682778,150.903611,pm10,µg/m³,23.3
7427,21612,Rouse Hill-7427,2020-03-04T23:00:00+11:00,-33.682778,150.903611,pm10,µg/m³,22.1
7427,21611,Rouse Hill-7427,2020-03-04T01:00:00+11:00,-33.682778,150.903611,pm25,µg/m³,6.9
7427,21611,Rouse Hill-7427,2020-03-04T02:00:00+11:00,-33.682778,150.903611,pm25,µg/m³,2.7
7427,21611,Rouse Hill-7427,2020-03-04T03:00:00+11:00,-33.682778,150.903611,pm25,µg/m³,4.2
7427,21611,Rouse Hill-7427,2020-03-04T04:00:00+11:00,-33.682778,150.903611,pm25,µg/m³,6.1
7427,21611,Rouse Hill-7427,2020-03-04T05:00:00+11:00,-33.682778,150.903611,pm25,µg/m³,8.7
7427,21611,Rouse Hill-7427,2020-03-04T06:00:00+11:00,-33.682778,150.903611,pm25,µg/m³,10.0
7427,21611,Rouse Hill-7427,2020-03-04T07:00:00+11:00,-33.682778,150.903611,pm25,µg/m³,7.6
7427,21611,Rouse Hill-7427,2020-03-04T08:00:00+11:00,-33.682778,150.903611,pm25,µg/m³,8.1
7427,21611,Rouse Hill-7427,2020-03-04T09:00:00+11:00,-33.682778,150.903611,pm25,µg/m³,2.0
7427,21611,Rouse Hill-7427,2020-03-04T10:00:00+11:00,-33.682778,150.903611,pm25,µg/m³,3.4
7427,21611,Rouse Hill-7427,2020-03-04T11:00:00+11:00,-33.682778,150.903611,pm25,µg/m³,2.5
7427,21611,Rouse Hill-7427,2020-03-04T12:00:00+11:00,-33.682778,150.903611,pm25,µg/m³,1.2
7427,21611,Rouse Hill-7427,2020-03-04T13:00:00+11:00,-33.682778,150.903611,pm25,µg/m³,3.9
7427,21611,Rouse Hill-7427,2020-03-04T14:00:00+11:00,-33.682778,150.903611,pm25,µg/m³,6.0
7427,21611,Rouse Hill-7427,2020-03-04T15:00:00+11:00,-33.682778,150.903611,pm25,µg/m³,4.4
7427,21611,Rouse Hill-7427,2020-03-04T16:00:00+11:00,-33.682778,150.903611,pm25,µg/m³,1.2
7427,21611,Rouse Hill-7427,2020-03-04T17:00:00+11:00,-33.682778,150.903611,pm25,µg/m³,1.7
7427,21611,Rouse Hill-7427,2020-03-04T18:00:00+11:00,-33.682778,150.903611,pm25,µg/m³,3.3
7427,21611,Rouse Hill-7427,2020-03-04T19:00:00+11:00,-33.682778,150.903611,pm25,µg/m³,6.4
7427,21611,Rouse Hill-7427,2020-03-04T20:00:00+11:00,-33.682778,150.903611,pm25,µg/m³,5.7
7427,21611,Rouse Hill-7427,2020-03-04T21:00:00+11:00,-33.682778,150.903611,pm25,µg/m³,0.0
7427,21611,Rouse Hill-7427,2020-03-04T22:00:00+11:00,-33.682778,150.903611,pm25,µg/m³,0.0
7427,21611,Rouse Hill-7427,2020-03-04T23:00:00+11:00,-33.682778,150.903611,pm25,µg/m³,0.0
7427,25601,Rouse Hill-7427,2020-03-04T01:00:00+11:00,-33.682778,150.903611,no2,ppm,0.007
7427,25601,Rouse Hill-7427,2020-03-04T03:00:00+11:00,-33.682778,150.903611,no2,ppm,0.006
7427,25601,Rouse Hill-7427,2020-03-04T04:00:00+11:00,-33.682778,150.903611,no2,ppm,0.009
7427,25601,Rouse Hill-7427,2020-03-04T05:00:00+11:00,-33.682778,150.903611,no2,ppm,0.011
7427,25601,Rouse Hill-7427,2020-03-04T06:00:00+11:00,-33.682778,150.903611,no2,ppm,0.015
7427,25601,Rouse Hill-7427,2020-03-04T07:00:00+11:00,-33.682778,150.903611,no2,ppm,0.016
7427,25601,Rouse Hill-7427,2020-03-04T08:00:00+11:00,-33.682778,150.903611,no2,ppm,0.014
7427,25601,Rouse Hill-7427,2020-03-04T09:00:00+11:00,-33.682778,150.903611,no2,ppm,0.013
7427,25601,Rouse Hill-7427,2020-03-04T10:00:00+11:00,-33.682778,150.903611,no2,ppm,0.011
7427,25601,Rouse Hill-7427,2020-03-04T11:00:00+11:00,-33.682778,150.903611,no2,ppm,0.006
7427,25601,Rouse Hill-7427,2020-03-04T12:00:00+11:00,-33.682778,150.903611,no2,ppm,0.002
7427,25601,Rouse Hill-7427,2020-03-04T13:00:00+11:00,-33.682778,150.903611,no2,ppm,0.003
7427,25601,Rouse Hill-7427,2020-03-04T14:00:00+11:00,-33.682778,150.903611,no2,ppm,0.001
7427,25601,Rouse Hill-7427,2020-03-04T15:00:00+11:00,-33.682778,150.903611,no2,ppm,0.001
7427,25601,Rouse Hill-7427,2020-03-04T16:00:00+11:00,-33.682778,150.903611,no2,ppm,0.002
7427,25601,Rouse Hill-7427,2020-03-04T17:00:00+11:00,-33.682778,150.903611,no2,ppm,0.002
7427,25601,Rouse Hill-7427,2020-03-04T18:00:00+11:00,-33.682778,150.903611,no2,ppm,0.002
7427,25601,Rouse Hill-7427,2020-03-04T19:00:00+11:00,-33.682778,150.903611,no2,ppm,0.002
7427,25601,Rouse Hill-7427,2020-03-04T20:00:00+11:00,-33.682778,150.903611,no2,ppm,0.003
7427,25601,Rouse Hill-7427,2020-03-04T21:00:00+11:00,-33.682778,150.903611,no2,ppm,0.004
7427,25601,Rouse Hill-7427,2020-03-04T22:00:00+11:00,-33.682778,150.903611,no2,ppm,0.002
7427,25601,Rouse Hill-7427,2020-03-04T23:00:00+11:00,-33.682778,150.903611,no2,ppm,0.0
7427,28892,Rouse Hill-7427,2020-03-04T01:00:00+11:00,-33.682778,150.903611,co,ppm,0.2
7427,28892,Rouse Hill-7427,2020-03-04T02:00:00+11:00,-33.682778,150.903611,co,ppm,0.2
7427,28892,Rouse Hill-7427,2020-03-04T03:00:00+11:00,-33.682778,150.903611,co,ppm,0.2
7427,28892,Rouse Hill-7427,2020-03-04T04:00:00+11:00,-33.682778,150.903611,co,ppm,0.2
7427,28892,Rouse Hill-7427,2020-03-04T05:00:00+11:00,-33.682778,150.903611,co,ppm,0.2
7427,28892,Rouse Hill-7427,2020-03-04T06:00:00+11:00,-33.682778,150.903611,co,ppm,0.2
7427,28892,Rouse Hill-7427,2020-03-04T07:00:00+11:00,-33.682778,150.903611,co,ppm,0.2
7427,28892,Rouse Hill-7427,2020-03-04T08:00:00+11:00,-33.682778,150.903611,co,ppm,0.2
7427,28892,Rouse Hill-7427,2020-03-04T09:00:00+11:00,-33.682778,150.903611,co,ppm,0.3
7427,28892,Rouse Hill-7427,2020-03-04T10:00:00+11:00,-33.682778,150.903611,co,ppm,0.3
7427,28892,Rouse Hill-7427,2020-03-04T11:00:00+11:00,-33.682778,150.903611,co,ppm,0.3
7427,28892,Rouse Hill-7427,2020-03-04T12:00:00+11:00,-33.682778,150.903611,co,ppm,0.3
7427,28892,Rouse Hill-7427,2020-03-04T13:00:00+11:00,-33.682778,150.903611,co,ppm,0.2
7427,28892,Rouse Hill-7427,2020-03-04T14:00:00+11:00,-33.682778,150.903611,co,ppm,0.2
7427,28892,Rouse Hill-7427,2020-03-04T15:00:00+11:00,-33.682778,150.903611,co,ppm,0.2
7427,28892,Rouse Hill-7427,2020-03-04T16:00:00+11:00,-33.682778,150.903611,co,ppm,0.2
7427,28892,Rouse Hill-7427,2020-03-04T17:00:00+11:00,-33.682778,150.903611,co,ppm,0.2
7427,28892,Rouse Hill-7427,2020-03-04T18:00:00+11:00,-33.682778,150.903611,co,ppm,0.2
7427,28892,Rouse Hill-7427,2020-03-04T19:00:00+11:00,-33.682778,150.903611,co,ppm,0.2
7427,28892,Rouse Hill-7427,2020-03-04T20:00:00+11:00,-33.682778,150.903611,co,ppm,0.2
7427,28892,Rouse Hill-7427,2020-03-04T21:00:00+11:00,-33.682778,150.903611,co,ppm,0.2
7427,28892,Rouse Hill-7427,2020-03-04T22:00:00+11:00,-33.682778,150.903611,co,ppm,0.2
7427,28892,Rouse Hill-7427,2020-03-04T23:00:00+11:00,-33.682778,150.903611,co,ppm,0.2
7427,25603,Rouse Hill-7427,2020-03-04T01:00:00+11:00,-33.682778,150.903611,so2,ppm,0.001
7427,25603,Rouse Hill-7427,2020-03-04T03:00:00+11:00,-33.682778,150.903611,so2,ppm,0.001
7427,25603,Rouse Hill-7427,2020-03-04T04:00:00+11:00,-33.682778,150.903611,so2,ppm,0.0
7427,25603,Rouse Hill-7427,2020-03-04T05:00:00+11:00,-33.682778,150.903611,so2,ppm,0.0
7427,25603,Rouse Hill-7427,2020-03-04T06:00:00+11:00,-33.682778,150.903611,so2,ppm,0.001
7427,25603,Rouse Hill-7427,2020-03-04T07:00:00+11:00,-33.682778,150.903611,so2,ppm,0.001
7427,25603,Rouse Hill-7427,2020-03-04T08:00:00+11:00,-33.682778,150.903611,so2,ppm,0.0
7427,25603,Rouse Hill-7427,2020-03-04T09:00:00+11:00,-33.682778,150.903611,so2,ppm,0.001
7427,25603,Rouse Hill-7427,2020-03-04T10:00:00+11:00,-33.682778,150.903611,so2,ppm,0.001
7427,25603,Rouse Hill-7427,2020-03-04T11:00:00+11:00,-33.682778,150.903611,so2,ppm,0.0
7427,25603,Rouse Hill-7427,2020-03-04T12:00:00+11:00,-33.682778,150.903611,so2,ppm,0.001
7427,25603,Rouse Hill-7427,2020-03-04T13:00:00+11:00,-33.682778,150.903611,so2,ppm,0.0
7427,25603,Rouse Hill-7427,2020-03-04T14:00:00+11:00,-33.682778,150.903611,so2,ppm,0.0
7427,25603,Rouse Hill-7427,2020-03-04T15:00:00+11:00,-33.682778,150.903611,so2,ppm,0.0
7427,25603,Rouse Hill-7427,2020-03-04T16:00:00+11:00,-33.682778,150.903611,so2,ppm,0.0
7427,25603,Rouse Hill-7427,2020-03-04T17:00:00+11:00,-33.682778,150.903611,so2,ppm,0.001
7427,25603,Rouse Hill-7427,2020-03-04T18:00:00+11:00,-33.682778,150.903611,so2,ppm,0.001
7427,25603,Rouse Hill-7427,2020-03-04T19:00:00+11:00,-33.682778,150.903611,so2,ppm,0.0
7427,25603,Rouse Hill-7427,2020-03-04T20:00:00+11:00,-33.682778,150.903611,so2,ppm,0.0
7427,25603,Rouse Hill-7427,2020-03-04T21:00:00+11:00,-33.682778,150.903611,so2,ppm,0.0
7427,25603,Rouse Hill-7427,2020-03-04T22:00:00+11:00,-33.682778,150.903611,so2,ppm,0.001
7427,25603,Rouse Hill-7427,2020-03-04T23:00:00+11:00,-33.682778,150.903611,so2,ppm,0.0
7427,25602,Rouse Hill-7427,2020-03-04T01:00:00+11:00,-33.682778,150.903611,o3,ppm,0.008
7427,25602,Rouse Hill-7427,2020-03-04T02:00:00+11:00,-33.682778,150.903611,o3,ppm,0.009
7427,25602,Rouse Hill-7427,2020-03-04T03:00:00+11:00,-33.682778,150.903611,o3,ppm,0.006
7427,25602,Rouse Hill-7427,2020-03-04T04:00:00+11:00,-33.682778,150.903611,o3,ppm,0.005
7427,25602,Rouse Hill-7427,2020-03-04T05:00:00+11:00,-33.682778,150.903611,o3,ppm,0.002
7427,25602,Rouse Hill-7427,2020-03-04T06:00:00+11:00,-33.682778,150.903611,o3,ppm,0.0
7427,25602,Rouse Hill-7427,2020-03-04T07:00:00+11:00,-33.682778,150.903611,o3,ppm,0.0
7427,25602,Rouse Hill-7427,2020-03-04T08:00:00+11:00,-33.682778,150.903611,o3,ppm,0.001
7427,25602,Rouse Hill-7427,2020-03-04T09:00:00+11:00,-33.682778,150.903611,o3,ppm,0.003
7427,25602,Rouse Hill-7427,2020-03-04T10:00:00+11:00,-33.682778,150.903611,o3,ppm,0.007
7427,25602,Rouse Hill-7427,2020-03-04T11:00:00+11:00,-33.682778,150.903611,o3,ppm,0.014
7427,25602,Rouse Hill-7427,2020-03-04T12:00:00+11:00,-33.682778,150.903611,o3,ppm,0.019
7427,25602,Rouse Hill-7427,2020-03-04T13:00:00+11:00,-33.682778,150.903611,o3,ppm,0.019
7427,25602,Rouse Hill-7427,2020-03-04T14:00:00+11:00,-33.682778,150.903611,o3,ppm,0.023
7427,25602,Rouse Hill-7427,2020-03-04T15:00:00+11:00,-33.682778,150.903611,o3,ppm,0.023
7427,25602,Rouse Hill-7427,2020-03-04T16:00:00+11:00,-33.682778,150.903611,o3,ppm,0.022
7427,25602,Rouse Hill-7427,2020-03-04T17:00:00+11:00,-33.682778,150.903611,o3,ppm,0.023
7427,25602,Rouse Hill-7427,2020-03-04T18:00:00+11:00,-33.682778,150.903611,o3,ppm,0.021
7427,25602,Rouse Hill-7427,2020-03-04T19:00:00+11:00,-33.682778,150.903611,o3,ppm,0.019
7427,25602,Rouse Hill-7427,2020-03-04T20:00:00+11:00,-33.682778,150.903611,o3,ppm,0.017
7427,25602,Rouse Hill-7427,2020-03-04T21:00:00+11:00,-33.682778,150.903611,o3,ppm,0.017
7427,25602,Rouse Hill-7427,2020-03-04T22:00:00+11:00,-33.682778,150.903611,o3,ppm,0.019
7427,25602,Rouse Hill-7427,2020-03-04T23:00:00+11:00,-33.682778,150.903611,o3,ppm,0.021
7427,21612,Rouse Hill-7427,2020-03-05T01:00:00+11:00,-33.682778,150.903611,pm10,µg/m³,22.5
7427,21612,Rouse Hill-7427,2020-03-05T02:00:00+11:00,-33.682778,150.903611,pm10,µg/m³,24.2
7427,21612,Rouse Hill-7427,2020-03-05T03:00:00+11:00,-33.682778,150.903611,pm10,µg/m³,23.9
7427,21612,Rouse Hill-7427,2020-03-05T04:00:00+11:00,-33.682778,150.903611,pm10,µg/m³,27.2
7427,21612,Rouse Hill-7427,2020-03-05T05:00:00+11:00,-33.682778,150.903611,pm10,µg/m³,27.1
7427,21612,Rouse Hill-7427,2020-03-05T06:00:00+11:00,-33.682778,150.903611,pm10,µg/m³,23.5
7427,21612,Rouse Hill-7427,2020-03-05T07:00:00+11:00,-33.682778,150.903611,pm10,µg/m³,21.8
7427,21612,Rouse Hill-7427,2020-03-05T08:00:00+11:00,-33.682778,150.903611,pm10,µg/m³,18.2
7427,21612,Rouse Hill-7427,2020-03-05T09:00:00+11:00,-33.682778,150.903611,pm10,µg/m³,18.5
7427,21612,Rouse Hill-7427,2020-03-05T10:00:00+11:00,-33.682778,150.903611,pm10,µg/m³,13.7
7427,21612,Rouse Hill-7427,2020-03-05T11:00:00+11:00,-33.682778,150.903611,pm10,µg/m³,11.8
7427,21612,Rouse Hill-7427,2020-03-05T12:00:00+11:00,-33.682778,150.903611,pm10,µg/m³,16.7
7427,21612,Rouse Hill-7427,2020-03-05T13:00:00+11:00,-33.682778,150.903611,pm10,µg/m³,10.3
7427,21612,Rouse Hill-7427,2020-03-05T14:00:00+11:00,-33.682778,150.903611,pm10,µg/m³,0.0
7427,21612,Rouse Hill-7427,2020-03-05T15:00:00+11:00,-33.682778,150.903611,pm10,µg/m³,10.9
7427,21612,Rouse Hill-7427,2020-03-05T16:00:00+11:00,-33.682778,150.903611,pm10,µg/m³,6.4
7427,21612,Rouse Hill-7427,2020-03-05T17:00:00+11:00,-33.682778,150.903611,pm10,µg/m³,8.9
7427,21612,Rouse Hill-7427,2020-03-05T18:00:00+11:00,-33.682778,150.903611,pm10,µg/m³,2.6
7427,21612,Rouse Hill-7427,2020-03-05T19:00:00+11:00,-33.682778,150.903611,pm10,µg/m³,5.1
7427,21612,Rouse Hill-7427,2020-03-05T20:00:00+11:00,-33.682778,150.903611,pm10,µg/m³,8.0
7427,21612,Rouse Hill-7427,2020-03-05T21:00:00+11:00,-33.682778,150.903611,pm10,µg/m³,9.5
7427,21612,Rouse Hill-7427,2020-03-05T22:00:00+11:00,-33.682778,150.903611,pm10,µg/m³,8.0
7427,21612,Rouse Hill-7427,2020-03-05T23:00:00+11:00,-33.682778,150.903611,pm10,µg/m³,6.7
7427,21611,Rouse Hill-7427,2020-03-05T01:00:00+11:00,-33.682778,150.903611,pm25,µg/m³,4.2
7427,21611,Rouse Hill-7427,2020-03-05T02:00:00+11:00,-33.682778,150.903611,pm25,µg/m³,2.5
7427,21611,Rouse Hill-7427,2020-03-05T03:00:00+11:00,-33.682778,150.903611,pm25,µg/m³,1.1
7427,21611,Rouse Hill-7427,2020-03-05T04:00:00+11:00,-33.682778,150.903611,pm25,µg/m³,3.8
7427,21611,Rouse Hill-7427,2020-03-05T05:00:00+11:00,-33.682778,150.903611,pm25,µg/m³,10.2
7427,21611,Rouse Hill-7427,2020-03-05T06:00:00+11:00,-33.682778,150.903611,pm25,µg/m³,7.6
7427,21611,Rouse Hill-7427,2020-03-05T07:00:00+11:00,-33.682778,150.903611,pm25,µg/m³,7.5
7427,21611,Rouse Hill-7427,2020-03-05T08:00:00+11:00,-33.682778,150.903611,pm25,µg/m³,6.1
7427,21611,Rouse Hill-7427,2020-03-05T09:00:00+11:00,-33.682778,150.903611,pm25,µg/m³,5.5
7427,21611,Rouse Hill-7427,2020-03-05T10:00:00+11:00,-33.682778,150.903611,pm25,µg/m³,8.0
7427,21611,Rouse Hill-7427,2020-03-05T11:00:00+11:00,-33.682778,150.903611,pm25,µg/m³,4.7
7427,21611,Rouse Hill-7427,2020-03-05T12:00:00+11:00,-33.682778,150.903611,pm25,µg/m³,3.9
7427,21611,Rouse Hill-7427,2020-03-05T13:00:00+11:00,-33.682778,150.903611,pm25,µg/m³,10.0
7427,21611,Rouse Hill-7427,2020-03-05T14:00:00+11:00,-33.682778,150.903611,pm25,µg/m³,10.8
7427,21611,Rouse Hill-7427,2020-03-05T15:00:00+11:00,-33.682778,150.903611,pm25,µg/m³,0.0
7427,21611,Rouse Hill-7427,2020-03-05T16:00:00+11:00,-33.682778,150.903611,pm25,µg/m³,3.0
7427,21611,Rouse Hill-7427,2020-03-05T17:00:00+11:00,-33.682778,150.903611,pm25,µg/m³,4.0
7427,21611,Rouse Hill-7427,2020-03-05T18:00:00+11:00,-33.682778,150.903611,pm25,µg/m³,0.0
7427,21611,Rouse Hill-7427,2020-03-05T19:00:00+11:00,-33.682778,150.903611,pm25,µg/m³,4.6
7427,21611,Rouse Hill-7427,2020-03-05T20:00:00+11:00,-33.682778,150.903611,pm25,µg/m³,0.0
7427,21611,Rouse Hill-7427,2020-03-05T21:00:00+11:00,-33.682778,150.903611,pm25,µg/m³,0.0
7427,21611,Rouse Hill-7427,2020-03-05T22:00:00+11:00,-33.682778,150.903611,pm25,µg/m³,0.0
7427,21611,Rouse Hill-7427,2020-03-05T23:00:00+11:00,-33.682778,150.903611,pm25,µg/m³,0.4
7427,25601,Rouse Hill-7427,2020-03-05T01:00:00+11:00,-33.682778,150.903611,no2,ppm,0.0
7427,25601,Rouse Hill-7427,2020-03-05T03:00:00+11:00,-33.682778,150.903611,no2,ppm,0.002
7427,25601,Rouse Hill-7427,2020-03-05T04:00:00+11:00,-33.682778,150.903611,no2,ppm,0.004
7427,25601,Rouse Hill-7427,2020-03-05T05:00:00+11:00,-33.682778,150.903611,no2,ppm,0.006
7427,25601,Rouse Hill-7427,2020-03-05T06:00:00+11:00,-33.682778,150.903611,no2,ppm,0.012
7427,25601,Rouse Hill-7427,2020-03-05T07:00:00+11:00,-33.682778,150.903611,no2,ppm,0.009
7427,25601,Rouse Hill-7427,2020-03-05T08:00:00+11:00,-33.682778,150.903611,no2,ppm,0.007
7427,25601,Rouse Hill-7427,2020-03-05T09:00:00+11:00,-33.682778,150.903611,no2,ppm,0.004
7427,25601,Rouse Hill-7427,2020-03-05T10:00:00+11:00,-33.682778,150.903611,no2,ppm,0.003
7427,25601,Rouse Hill-7427,2020-03-05T11:00:00+11:00,-33.682778,150.903611,no2,ppm,0.011
7427,25601,Rouse Hill-7427,2020-03-05T12:00:00+11:00,-33.682778,150.903611,no2,ppm,0.009
7427,25601,Rouse Hill-7427,2020-03-05T13:00:00+11:00,-33.682778,150.903611,no2,ppm,0.007
7427,25601,Rouse Hill-7427,2020-03-05T14:00:00+11:00,-33.682778,150.903611,no2,ppm,0.002
7427,25601,Rouse Hill-7427,2020-03-05T15:00:00+11:00,-33.682778,150.903611,no2,ppm,0.003
7427,25601,Rouse Hill-7427,2020-03-05T16:00:00+11:00,-33.682778,150.903611,no2,ppm,0.003
7427,25601,Rouse Hill-7427,2020-03-05T17:00:00+11:00,-33.682778,150.903611,no2,ppm,0.002
7427,25601,Rouse Hill-7427,2020-03-05T18:00:00+11:00,-33.682778,150.903611,no2,ppm,0.002
7427,25601,Rouse Hill-7427,2020-03-05T19:00:00+11:00,-33.682778,150.903611,no2,ppm,0.001
7427,25601,Rouse Hill-7427,2020-03-05T20:00:00+11:00,-33.682778,150.903611,no2,ppm,0.002
7427,25601,Rouse Hill-7427,2020-03-05T21:00:00+11:00,-33.682778,150.903611,no2,ppm,0.001
7427,25601,Rouse Hill-7427,2020-03-05T22:00:00+11:00,-33.682778,150.903611,no2,ppm,0.002
7427,25601,Rouse Hill-7427,2020-03-05T23:00:00+11:00,-33.682778,150.903611,no2,ppm,0.003
7427,28892,Rouse Hill-7427,2020-03-05T01:00:00+11:00,-33.682778,150.903611,co,ppm,0.2
7427,28892,Rouse Hill-7427,2020-03-05T02:00:00+11:00,-33.682778,150.903611,co,ppm,0.2
7427,28892,Rouse Hill-7427,2020-03-05T03:00:00+11:00,-33.682778,150.903611,co,ppm,0.2
7427,28892,Rouse Hill-7427,2020-03-05T04:00:00+11:00,-33.682778,150.903611,co,ppm,0.2
7427,28892,Rouse Hill-7427,2020-03-05T05:00:00+11:00,-33.682778,150.903611,co,ppm,0.2
7427,28892,Rouse Hill-7427,2020-03-05T06:00:00+11:00,-33.682778,150.903611,co,ppm,0.2
7427,28892,Rouse Hill-7427,2020-03-05T07:00:00+11:00,-33.682778,150.903611,co,ppm,0.2
7427,28892,Rouse Hill-7427,2020-03-05T08:00:00+11:00,-33.682778,150.903611,co,ppm,0.2
7427,28892,Rouse Hill-7427,2020-03-05T09:00:00+11:00,-33.682778,150.903611,co,ppm,0.2
7427,28892,Rouse Hill-7427,2020-03-05T10:00:00+11:00,-33.682778,150.903611,co,ppm,0.2
7427,28892,Rouse Hill-7427,2020-03-05T11:00:00+11:00,-33.682778,150.903611,co,ppm,0.2
7427,28892,Rouse Hill-7427,2020-03-05T12:00:00+11:00,-33.682778,150.903611,co,ppm,0.3
7427,28892,Rouse Hill-7427,2020-03-05T13:00:00+11:00,-33.682778,150.903611,co,ppm,0.3
7427,28892,Rouse Hill-7427,2020-03-05T14:00:00+11:00,-33.682778,150.903611,co,ppm,0.3
7427,28892,Rouse Hill-7427,2020-03-05T15:00:00+11:00,-33.682778,150.903611,co,ppm,0.3
7427,28892,Rouse Hill-7427,2020-03-05T16:00:00+11:00,-33.682778,150.903611,co,ppm,0.3
7427,28892,Rouse Hill-7427,2020-03-05T17:00:00+11:00,-33.682778,150.903611,co,ppm,0.3
7427,28892,Rouse Hill-7427,2020-03-05T18:00:00+11:00,-33.682778,150.903611,co,ppm,0.3
7427,28892,Rouse Hill-7427,2020-03-05T19:00:00+11:00,-33.682778,150.903611,co,ppm,0.2
7427,28892,Rouse Hill-7427,2020-03-05T20:00:00+11:00,-33.682778,150.903611,co,ppm,0.2
7427,28892,Rouse Hill-7427,2020-03-05T21:00:00+11:00,-33.682778,150.903611,co,ppm,0.2
7427,28892,Rouse Hill-7427,2020-03-05T22:00:00+11:00,-33.682778,150.903611,co,ppm,0.2
7427,28892,Rouse Hill-7427,2020-03-05T23:00:00+11:00,-33.682778,150.903611,co,ppm,0.2
7427,25603,Rouse Hill-7427,2020-03-05T01:00:00+11:00,-33.682778,150.903611,so2,ppm,0.0
7427,25603,Rouse Hill-7427,2020-03-05T03:00:00+11:00,-33.682778,150.903611,so2,ppm,0.001
7427,25603,Rouse Hill-7427,2020-03-05T04:00:00+11:00,-33.682778,150.903611,so2,ppm,0.001
7427,25603,Rouse Hill-7427,2020-03-05T05:00:00+11:00,-33.682778,150.903611,so2,ppm,0.002
7427,25603,Rouse Hill-7427,2020-03-05T06:00:00+11:00,-33.682778,150.903611,so2,ppm,0.001
7427,25603,Rouse Hill-7427,2020-03-05T07:00:00+11:00,-33.682778,150.903611,so2,ppm,0.001
7427,25603,Rouse Hill-7427,2020-03-05T08:00:00+11:00,-33.682778,150.903611,so2,ppm,0.001
7427,25603,Rouse Hill-7427,2020-03-05T09:00:00+11:00,-33.682778,150.903611,so2,ppm,0.001
7427,25603,Rouse Hill-7427,2020-03-05T10:00:00+11:00,-33.682778,150.903611,so2,ppm,0.001
7427,25603,Rouse Hill-7427,2020-03-05T11:00:00+11:00,-33.682778,150.903611,so2,ppm,0.006
7427,25603,Rouse Hill-7427,2020-03-05T12:00:00+11:00,-33.682778,150.903611,so2,ppm,0.006
7427,25603,Rouse Hill-7427,2020-03-05T13:00:00+11:00,-33.682778,150.903611,so2,ppm,0.003
7427,25603,Rouse Hill-7427,2020-03-05T14:00:00+11:00,-33.682778,150.903611,so2,ppm,0.001
7427,25603,Rouse Hill-7427,2020-03-05T15:00:00+11:00,-33.682778,150.903611,so2,ppm,0.001
7427,25603,Rouse Hill-7427,2020-03-05T16:00:00+11:00,-33.682778,150.903611,so2,ppm,0.001
7427,25603,Rouse Hill-7427,2020-03-05T17:00:00+11:00,-33.682778,150.903611,so2,ppm,0.0
7427,25603,Rouse Hill-7427,2020-03-05T18:00:00+11:00,-33.682778,150.903611,so2,ppm,0.0
7427,25603,Rouse Hill-7427,2020-03-05T19:00:00+11:00,-33.682778,150.903611,so2,ppm,0.0
7427,25603,Rouse Hill-7427,2020-03-05T20:00:00+11:00,-33.682778,150.903611,so2,ppm,0.0
7427,25603,Rouse Hill-7427,2020-03-05T21:00:00+11:00,-33.682778,150.903611,so2,ppm,0.0
7427,25603,Rouse Hill-7427,2020-03-05T22:00:00+11:00,-33.682778,150.903611,so2,ppm,0.0
7427,25603,Rouse Hill-7427,2020-03-05T23:00:00+11:00,-33.682778,150.903611,so2,ppm,0.001
7427,25602,Rouse Hill-7427,2020-03-05T01:00:00+11:00,-33.682778,150.903611,o3,ppm,0.022
7427,25602,Rouse Hill-7427,2020-03-05T02:00:00+11:00,-33.682778,150.903611,o3,ppm,0.022
7427,25602,Rouse Hill-7427,2020-03-05T03:00:00+11:00,-33.682778,150.903611,o3,ppm,0.02
7427,25602,Rouse Hill-7427,2020-03-05T04:00:00+11:00,-33.682778,150.903611,o3,ppm,0.017
7427,25602,Rouse Hill-7427,2020-03-05T05:00:00+11:00,-33.682778,150.903611,o3,ppm,0.014
7427,25602,Rouse Hill-7427,2020-03-05T06:00:00+11:00,-33.682778,150.903611,o3,ppm,0.005
7427,25602,Rouse Hill-7427,2020-03-05T07:00:00+11:00,-33.682778,150.903611,o3,ppm,0.004
7427,25602,Rouse Hill-7427,2020-03-05T08:00:00+11:00,-33.682778,150.903611,o3,ppm,0.007
7427,25602,Rouse Hill-7427,2020-03-05T09:00:00+11:00,-33.682778,150.903611,o3,ppm,0.012
7427,25602,Rouse Hill-7427,2020-03-05T10:00:00+11:00,-33.682778,150.903611,o3,ppm,0.013
7427,25602,Rouse Hill-7427,2020-03-05T11:00:00+11:00,-33.682778,150.903611,o3,ppm,0.009
7427,25602,Rouse Hill-7427,2020-03-05T12:00:00+11:00,-33.682778,150.903611,o3,ppm,0.01
7427,25602,Rouse Hill-7427,2020-03-05T13:00:00+11:00,-33.682778,150.903611,o3,ppm,0.012
7427,25602,Rouse Hill-7427,2020-03-05T14:00:00+11:00,-33.682778,150.903611,o3,ppm,0.02
7427,25602,Rouse Hill-7427,2020-03-05T15:00:00+11:00,-33.682778,150.903611,o3,ppm,0.018
7427,25602,Rouse Hill-7427,2020-03-05T16:00:00+11:00,-33.682778,150.903611,o3,ppm,0.016
7427,25602,Rouse Hill-7427,2020-03-05T17:00:00+11:00,-33.682778,150.903611,o3,ppm,0.015
7427,25602,Rouse Hill-7427,2020-03-05T18:00:00+11:00,-33.682778,150.903611,o3,ppm,0.015
7427,25602,Rouse Hill-7427,2020-03-05T19:00:00+11:00,-33.682778,150.903611,o3,ppm,0.015
7427,25602,Rouse Hill-7427,2020-03-05T20:00:00+11:00,-33.682778,150.903611,o3,ppm,0.013
7427,25602,Rouse Hill-7427,2020-03-05T21:00:00+11:00,-33.682778,150.903611,o3,ppm,0.012
7427,25602,Rouse Hill-7427,2020-03-05T22:00:00+11:00,-33.682778,150.903611,o3,ppm,0.009
7427,25602,Rouse Hill-7427,2020-03-05T23:00:00+11:00,-33.682778,150.903611,o3,ppm,0.009
7427,21612,Rouse Hill-7427,2020-03-06T01:00:00+11:00,-33.682778,150.903611,pm10,µg/m³,4.2
7427,21612,Rouse Hill-7427,2020-03-06T02:00:00+11:00,-33.682778,150.903611,pm10,µg/m³,6.7
7427,21612,Rouse Hill-7427,2020-03-06T03:00:00+11:00,-33.682778,150.903611,pm10,µg/m³,9.8
7427,21612,Rouse Hill-7427,2020-03-06T04:00:00+11:00,-33.682778,150.903611,pm10,µg/m³,14.8
7427,21612,Rouse Hill-7427,2020-03-06T05:00:00+11:00,-33.682778,150.903611,pm10,µg/m³,15.9
7427,21612,Rouse Hill-7427,2020-03-06T06:00:00+11:00,-33.682778,150.903611,pm10,µg/m³,14.3
7427,21612,Rouse Hill-7427,2020-03-06T07:00:00+11:00,-33.682778,150.903611,pm10,µg/m³,12.8
7427,21612,Rouse Hill-7427,2020-03-06T08:00:00+11:00,-33.682778,150.903611,pm10,µg/m³,17.3
7427,21612,Rouse Hill-7427,2020-03-06T09:00:00+11:00,-33.682778,150.903611,pm10,µg/m³,5.7
7427,21612,Rouse Hill-7427,2020-03-06T10:00:00+11:00,-33.682778,150.903611,pm10,µg/m³,13.4
7427,21612,Rouse Hill-7427,2020-03-06T11:00:00+11:00,-33.682778,150.903611,pm10,µg/m³,3.1
7427,21612,Rouse Hill-7427,2020-03-06T12:00:00+11:00,-33.682778,150.903611,pm10,µg/m³,5.9
7427,21612,Rouse Hill-7427,2020-03-06T13:00:00+11:00,-33.682778,150.903611,pm10,µg/m³,13.2
7427,21612,Rouse Hill-7427,2020-03-06T14:00:00+11:00,-33.682778,150.903611,pm10,µg/m³,17.0
7427,21612,Rouse Hill-7427,2020-03-06T15:00:00+11:00,-33.682778,150.903611,pm10,µg/m³,21.3
7427,21612,Rouse Hill-7427,2020-03-06T16:00:00+11:00,-33.682778,150.903611,pm10,µg/m³,23.2
7427,21612,Rouse Hill-7427,2020-03-06T17:00:00+11:00,-33.682778,150.903611,pm10,µg/m³,16.2
7427,21612,Rouse Hill-7427,2020-03-06T18:00:00+11:00,-33.682778,150.903611,pm10,µg/m³,14.3
7427,21612,Rouse Hill-7427,2020-03-06T19:00:00+11:00,-33.682778,150.903611,pm10,µg/m³,21.4
7427,21612,Rouse Hill-7427,2020-03-06T20:00:00+11:00,-33.682778,150.903611,pm10,µg/m³,23.9
7427,21612,Rouse Hill-7427,2020-03-06T21:00:00+11:00,-33.682778,150.903611,pm10,µg/m³,21.2
7427,21612,Rouse Hill-7427,2020-03-06T22:00:00+11:00,-33.682778,150.903611,pm10,µg/m³,12.1
7427,21612,Rouse Hill-7427,2020-03-06T23:00:00+11:00,-33.682778,150.903611,pm10,µg/m³,15.8
7427,21611,Rouse Hill-7427,2020-03-06T01:00:00+11:00,-33.682778,150.903611,pm25,µg/m³,4.1
7427,21611,Rouse Hill-7427,2020-03-06T02:00:00+11:00,-33.682778,150.903611,pm25,µg/m³,2.3
7427,21611,Rouse Hill-7427,2020-03-06T03:00:00+11:00,-33.682778,150.903611,pm25,µg/m³,1.3
7427,21611,Rouse Hill-7427,2020-03-06T04:00:00+11:00,-33.682778,150.903611,pm25,µg/m³,5.6
7427,21611,Rouse Hill-7427,2020-03-06T05:00:00+11:00,-33.682778,150.903611,pm25,µg/m³,3.3
7427,21611,Rouse Hill-7427,2020-03-06T06:00:00+11:00,-33.682778,150.903611,pm25,µg/m³,0.0
7427,21611,Rouse Hill-7427,2020-03-06T07:00:00+11:00,-33.682778,150.903611,pm25,µg/m³,1.6
7427,21611,Rouse Hill-7427,2020-03-06T08:00:00+11:00,-33.682778,150.903611,pm25,µg/m³,4.9
7427,21611,Rouse Hill-7427,2020-03-06T09:00:00+11:00,-33.682778,150.903611,pm25,µg/m³,5.9
7427,21611,Rouse Hill-7427,2020-03-06T10:00:00+11:00,-33.682778,150.903611,pm25,µg/m³,3.8
7427,21611,Rouse Hill-7427,2020-03-06T11:00:00+11:00,-33.682778,150.903611,pm25,µg/m³,2.0
7427,21611,Rouse Hill-7427,2020-03-06T12:00:00+11:00,-33.682778,150.903611,pm25,µg/m³,2.8
7427,21611,Rouse Hill-7427,2020-03-06T13:00:00+11:00,-33.682778,150.903611,pm25,µg/m³,0.0
7427,21611,Rouse Hill-7427,2020-03-06T14:00:00+11:00,-33.682778,150.903611,pm25,µg/m³,2.5
7427,21611,Rouse Hill-7427,2020-03-06T15:00:00+11:00,-33.682778,150.903611,pm25,µg/m³,7.5
7427,21611,Rouse Hill-7427,2020-03-06T16:00:00+11:00,-33.682778,150.903611,pm25,µg/m³,9.4
7427,21611,Rouse Hill-7427,2020-03-06T17:00:00+11:00,-33.682778,150.903611,pm25,µg/m³,9.2
7427,21611,Rouse Hill-7427,2020-03-06T18:00:00+11:00,-33.682778,150.903611,pm25,µg/m³,8.4
7427,21611,Rouse Hill-7427,2020-03-06T19:00:00+11:00,-33.682778,150.903611,pm25,µg/m³,3.8
7427,21611,Rouse Hill-7427,2020-03-06T20:00:00+11:00,-33.682778,150.903611,pm25,µg/m³,4.4
7427,21611,Rouse Hill-7427,2020-03-06T21:00:00+11:00,-33.682778,150.903611,pm25,µg/m³,4.4
7427,21611,Rouse Hill-7427,2020-03-06T22:00:00+11:00,-33.682778,150.903611,pm25,µg/m³,1.0
7427,21611,Rouse Hill-7427,2020-03-06T23:00:00+11:00,-33.682778,150.903611,pm25,µg/m³,1.1
7427,25601,Rouse Hill-7427,2020-03-06T01:00:00+11:00,-33.682778,150.903611,no2,ppm,0.004
7427,25601,Rouse Hill-7427,2020-03-06T03:00:00+11:00,-33.682778,150.903611,no2,ppm,0.005
7427,25601,Rouse Hill-7427,2020-03-06T04:00:00+11:00,-33.682778,150.903611,no2,ppm,0.004
7427,25601,Rouse Hill-7427,2020-03-06T05:00:00+11:00,-33.682778,150.903611,no2,ppm,0.005
7427,25601,Rouse Hill-7427,2020-03-06T06:00:00+11:00,-33.682778,150.903611,no2,ppm,0.006
7427,25601,Rouse Hill-7427,2020-03-06T07:00:00+11:00,-33.682778,150.903611,no2,ppm,0.005
7427,25601,Rouse Hill-7427,2020-03-06T08:00:00+11:00,-33.682778,150.903611,no2,ppm,0.004
7427,25601,Rouse Hill-7427,2020-03-06T09:00:00+11:00,-33.682778,150.903611,no2,ppm,0.003
7427,25601,Rouse Hill-7427,2020-03-06T10:00:00+11:00,-33.682778,150.903611,no2,ppm,0.004
7427,25601,Rouse Hill-7427,2020-03-06T11:00:00+11:00,-33.682778,150.903611,no2,ppm,0.004
7427,25601,Rouse Hill-7427,2020-03-06T12:00:00+11:00,-33.682778,150.903611,no2,ppm,0.008
7427,25601,Rouse Hill-7427,2020-03-06T13:00:00+11:00,-33.682778,150.903611,no2,ppm,0.006
7427,25601,Rouse Hill-7427,2020-03-06T14:00:00+11:00,-33.682778,150.903611,no2,ppm,0.004
7427,25601,Rouse Hill-7427,2020-03-06T15:00:00+11:00,-33.682778,150.903611,no2,ppm,0.004
7427,25601,Rouse Hill-7427,2020-03-06T16:00:00+11:00,-33.682778,150.903611,no2,ppm,0.003
7427,25601,Rouse Hill-7427,2020-03-06T17:00:00+11:00,-33.682778,150.903611,no2,ppm,0.003
7427,25601,Rouse Hill-7427,2020-03-06T18:00:00+11:00,-33.682778,150.903611,no2,ppm,0.003
7427,25601,Rouse Hill-7427,2020-03-06T19:00:00+11:00,-33.682778,150.903611,no2,ppm,0.003
7427,25601,Rouse Hill-7427,2020-03-06T20:00:00+11:00,-33.682778,150.903611,no2,ppm,0.002
7427,25601,Rouse Hill-7427,2020-03-06T21:00:00+11:00,-33.682778,150.903611,no2,ppm,0.002
7427,25601,Rouse Hill-7427,2020-03-06T22:00:00+11:00,-33.682778,150.903611,no2,ppm,0.001
7427,25601,Rouse Hill-7427,2020-03-06T23:00:00+11:00,-33.682778,150.903611,no2,ppm,0.002
7427,28892,Rouse Hill-7427,2020-03-06T01:00:00+11:00,-33.682778,150.903611,co,ppm,0.2
7427,28892,Rouse Hill-7427,2020-03-06T02:00:00+11:00,-33.682778,150.903611,co,ppm,0.2
7427,28892,Rouse Hill-7427,2020-03-06T03:00:00+11:00,-33.682778,150.903611,co,ppm,0.2
7427,28892,Rouse Hill-7427,2020-03-06T04:00:00+11:00,-33.682778,150.903611,co,ppm,0.2
7427,28892,Rouse Hill-7427,2020-03-06T05:00:00+11:00,-33.682778,150.903611,co,ppm,0.2
7427,28892,Rouse Hill-7427,2020-03-06T06:00:00+11:00,-33.682778,150.903611,co,ppm,0.2
7427,28892,Rouse Hill-7427,2020-03-06T07:00:00+11:00,-33.682778,150.903611,co,ppm,0.2
7427,28892,Rouse Hill-7427,2020-03-06T08:00:00+11:00,-33.682778,150.903611,co,ppm,0.2
7427,28892,Rouse Hill-7427,2020-03-06T09:00:00+11:00,-33.682778,150.903611,co,ppm,0.2
7427,28892,Rouse Hill-7427,2020-03-06T10:00:00+11:00,-33.682778,150.903611,co,ppm,0.2
7427,28892,Rouse Hill-7427,2020-03-06T11:00:00+11:00,-33.682778,150.903611,co,ppm,0.2
7427,28892,Rouse Hill-7427,2020-03-06T12:00:00+11:00,-33.682778,150.903611,co,ppm,0.2
7427,28892,Rouse Hill-7427,2020-03-06T13:00:00+11:00,-33.682778,150.903611,co,ppm,0.2
7427,28892,Rouse Hill-7427,2020-03-06T14:00:00+11:00,-33.682778,150.903611,co,ppm,0.2
7427,28892,Rouse Hill-7427,2020-03-06T15:00:00+11:00,-33.682778,150.903611,co,ppm,0.2
7427,28892,Rouse Hill-7427,2020-03-06T16:00:00+11:00,-33.682778,150.903611,co,ppm,0.2
7427,28892,Rouse Hill-7427,2020-03-06T17:00:00+11:00,-33.682778,150.903611,co,ppm,0.2
7427,28892,Rouse Hill-7427,2020-03-06T18:00:00+11:00,-33.682778,150.903611,co,ppm,0.2
7427,28892,Rouse Hill-7427,2020-03-06T19:00:00+11:00,-33.682778,150.903611,co,ppm,0.2
7427,28892,Rouse Hill-7427,2020-03-06T20:00:00+11:00,-33.682778,150.903611,co,ppm,0.2
7427,28892,Rouse Hill-7427,2020-03-06T21:00:00+11:00,-33.682778,150.903611,co,ppm,0.2
7427,28892,Rouse Hill-7427,2020-03-06T22:00:00+11:00,-33.682778,150.903611,co,ppm,0.2
7427,28892,Rouse Hill-7427,2020-03-06T23:00:00+11:00,-33.682778,150.903611,co,ppm,0.2
7427,25603,Rouse Hill-7427,2020-03-06T01:00:00+11:00,-33.682778,150.903611,so2,ppm,0.001
7427,25603,Rouse Hill-7427,2020-03-06T03:00:00+11:00,-33.682778,150.903611,so2,ppm,0.0
7427,25603,Rouse Hill-7427,2020-03-06T04:00:00+11:00,-33.682778,150.903611,so2,ppm,0.0
7427,25603,Rouse Hill-7427,2020-03-06T05:00:00+11:00,-33.682778,150.903611,so2,ppm,0.0
7427,25603,Rouse Hill-7427,2020-03-06T06:00:00+11:00,-33.682778,150.903611,so2,ppm,0.0
7427,25603,Rouse Hill-7427,2020-03-06T07:00:00+11:00,-33.682778,150.903611,so2,ppm,0.0
7427,25603,Rouse Hill-7427,2020-03-06T08:00:00+11:00,-33.682778,150.903611,so2,ppm,0.0
7427,25603,Rouse Hill-7427,2020-03-06T09:00:00+11:00,-33.682778,150.903611,so2,ppm,0.0
7427,25603,Rouse Hill-7427,2020-03-06T10:00:00+11:00,-33.682778,150.903611,so2,ppm,0.0
7427,25603,Rouse Hill-7427,2020-03-06T11:00:00+11:00,-33.682778,150.903611,so2,ppm,0.0
7427,25603,Rouse Hill-7427,2020-03-06T12:00:00+11:00,-33.682778,150.903611,so2,ppm,0.0
7427,25603,Rouse Hill-7427,2020-03-06T13:00:00+11:00,-33.682778,150.903611,so2,ppm,0.0
7427,25603,Rouse Hill-7427,2020-03-06T14:00:00+11:00,-33.682778,150.903611,so2,ppm,0.0
7427,25603,Rouse Hill-7427,2020-03-06T15:00:00+11:00,-33.682778,150.903611,so2,ppm,0.0
7427,25603,Rouse Hill-7427,2020-03-06T16:00:00+11:00,-33.682778,150.903611,so2,ppm,0.0
7427,25603,Rouse Hill-7427,2020-03-06T17:00:00+11:00,-33.682778,150.903611,so2,ppm,0.0
7427,25603,Rouse Hill-7427,2020-03-06T18:00:00+11:00,-33.682778,150.903611,so2,ppm,0.0
7427,25603,Rouse Hill-7427,2020-03-06T19:00:00+11:00,-33.682778,150.903611,so2,ppm,0.0
7427,25603,Rouse Hill-7427,2020-03-06T20:00:00+11:00,-33.682778,150.903611,so2,ppm,0.0
7427,25603,Rouse Hill-7427,2020-03-06T21:00:00+11:00,-33.682778,150.903611,so2,ppm,0.0
7427,25603,Rouse Hill-7427,2020-03-06T22:00:00+11:00,-33.682778,150.903611,so2,ppm,0.0
7427,25603,Rouse Hill-7427,2020-03-06T23:00:00+11:00,-33.682778,150.903611,so2,ppm,0.0
7427,25602,Rouse Hill-7427,2020-03-06T01:00:00+11:00,-33.682778,150.903611,o3,ppm,0.01
7427,25602,Rouse Hill-7427,2020-03-06T02:00:00+11:00,-33.682778,150.903611,o3,ppm,0.01
7427,25602,Rouse Hill-7427,2020-03-06T03:00:00+11:00,-33.682778,150.903611,o3,ppm,0.007
7427,25602,Rouse Hill-7427,2020-03-06T04:00:00+11:00,-33.682778,150.903611,o3,ppm,0.007
7427,25602,Rouse Hill-7427,2020-03-06T05:00:00+11:00,-33.682778,150.903611,o3,ppm,0.006
7427,25602,Rouse Hill-7427,2020-03-06T06:00:00+11:00,-33.682778,150.903611,o3,ppm,0.005
7427,25602,Rouse Hill-7427,2020-03-06T07:00:00+11:00,-33.682778,150.903611,o3,ppm,0.005
7427,25602,Rouse Hill-7427,2020-03-06T08:00:00+11:00,-33.682778,150.903611,o3,ppm,0.007
7427,25602,Rouse Hill-7427,2020-03-06T09:00:00+11:00,-33.682778,150.903611,o3,ppm,0.01
7427,25602,Rouse Hill-7427,2020-03-06T10:00:00+11:00,-33.682778,150.903611,o3,ppm,0.014
7427,25602,Rouse Hill-7427,2020-03-06T11:00:00+11:00,-33.682778,150.903611,o3,ppm,0.022
7427,25602,Rouse Hill-7427,2020-03-06T12:00:00+11:00,-33.682778,150.903611,o3,ppm,0.026
7427,25602,Rouse Hill-7427,2020-03-06T13:00:00+11:00,-33.682778,150.903611,o3,ppm,0.035
7427,25602,Rouse Hill-7427,2020-03-06T14:00:00+11:00,-33.682778,150.903611,o3,ppm,0.041
7427,25602,Rouse Hill-7427,2020-03-06T15:00:00+11:00,-33.682778,150.903611,o3,ppm,0.033
7427,25602,Rouse Hill-7427,2020-03-06T16:00:00+11:00,-33.682778,150.903611,o3,ppm,0.027
7427,25602,Rouse Hill-7427,2020-03-06T17:00:00+11:00,-33.682778,150.903611,o3,ppm,0.026
7427,25602,Rouse Hill-7427,2020-03-06T18:00:00+11:00,-33.682778,150.903611,o3,ppm,0.026
7427,25602,Rouse Hill-7427,2020-03-06T19:00:00+11:00,-33.682778,150.903611,o3,ppm,0.025
7427,25602,Rouse Hill-7427,2020-03-06T20:00:00+11:00,-33.682778,150.903611,o3,ppm,0.025
7427,25602,Rouse Hill-7427,2020-03-06T21:00:00+11:00,-33.682778,150.903611,o3,ppm,0.025
7427,25602,Rouse Hill-7427,2020-03-06T22:00:00+11:00,-33.682778,150.903611,o3,ppm,0.022
7427,25602,Rouse Hill-7427,2020-03-06T23:00:00+11:00,-33.682778,150.903611,o3,ppm,0.02
7427,21612,Rouse Hill-7427,2020-03-07T01:00:00+11:00,-33.682778,150.903611,pm10,µg/m³,8.6
7427,21612,Rouse Hill-7427,2020-03-07T02:00:00+11:00,-33.682778,150.903611,pm10,µg/m³,9.2
7427,21612,Rouse Hill-7427,2020-03-07T03:00:00+11:00,-33.682778,150.903611,pm10,µg/m³,9.1
7427,21612,Rouse Hill-7427,2020-03-07T05:00:00+11:00,-33.682778,150.903611,pm10,µg/m³,12.6
7427,21612,Rouse Hill-7427,2020-03-07T08:00:00+11:00,-33.682778,150.903611,pm10,µg/m³,17.2
7427,21612,Rouse Hill-7427,2020-03-07T09:00:00+11:00,-33.682778,150.903611,pm10,µg/m³,18.3
7427,21612,Rouse Hill-7427,2020-03-07T10:00:00+11:00,-33.682778,150.903611,pm10,µg/m³,17.4
7427,21612,Rouse Hill-7427,2020-03-07T11:00:00+11:00,-33.682778,150.903611,pm10,µg/m³,14.9
7427,21612,Rouse Hill-7427,2020-03-07T12:00:00+11:00,-33.682778,150.903611,pm10,µg/m³,19.1
7427,21612,Rouse Hill-7427,2020-03-07T13:00:00+11:00,-33.682778,150.903611,pm10,µg/m³,14.5
7427,21612,Rouse Hill-7427,2020-03-07T14:00:00+11:00,-33.682778,150.903611,pm10,µg/m³,10.2
7427,21612,Rouse Hill-7427,2020-03-07T15:00:00+11:00,-33.682778,150.903611,pm10,µg/m³,14.6
7427,21612,Rouse Hill-7427,2020-03-07T16:00:00+11:00,-33.682778,150.903611,pm10,µg/m³,11.1
7427,21612,Rouse Hill-7427,2020-03-07T17:00:00+11:00,-33.682778,150.903611,pm10,µg/m³,4.9
7427,21612,Rouse Hill-7427,2020-03-07T18:00:00+11:00,-33.682778,150.903611,pm10,µg/m³,11.2
7427,21612,Rouse Hill-7427,2020-03-07T19:00:00+11:00,-33.682778,150.903611,pm10,µg/m³,21.3
7427,21612,Rouse Hill-7427,2020-03-07T20:00:00+11:00,-33.682778,150.903611,pm10,µg/m³,10.1
7427,21612,Rouse Hill-7427,2020-03-07T21:00:00+11:00,-33.682778,150.903611,pm10,µg/m³,9.7
7427,21612,Rouse Hill-7427,2020-03-07T22:00:00+11:00,-33.682778,150.903611,pm10,µg/m³,8.4
7427,21612,Rouse Hill-7427,2020-03-07T23:00:00+11:00,-33.682778,150.903611,pm10,µg/m³,3.4
7427,21611,Rouse Hill-7427,2020-03-07T01:00:00+11:00,-33.682778,150.903611,pm25,µg/m³,2.3
7427,21611,Rouse Hill-7427,2020-03-07T02:00:00+11:00,-33.682778,150.903611,pm25,µg/m³,1.0
7427,21611,Rouse Hill-7427,2020-03-07T03:00:00+11:00,-33.682778,150.903611,pm25,µg/m³,2.4
7427,21611,Rouse Hill-7427,2020-03-07T05:00:00+11:00,-33.682778,150.903611,pm25,µg/m³,0.0
7427,21611,Rouse Hill-7427,2020-03-07T08:00:00+11:00,-33.682778,150.903611,pm25,µg/m³,5.8
7427,21611,Rouse Hill-7427,2020-03-07T09:00:00+11:00,-33.682778,150.903611,pm25,µg/m³,7.2
7427,21611,Rouse Hill-7427,2020-03-07T10:00:00+11:00,-33.682778,150.903611,pm25,µg/m³,6.8
7427,21611,Rouse Hill-7427,2020-03-07T11:00:00+11:00,-33.682778,150.903611,pm25,µg/m³,8.3
7427,21611,Rouse Hill-7427,2020-03-07T12:00:00+11:00,-33.682778,150.903611,pm25,µg/m³,5.3
7427,21611,Rouse Hill-7427,2020-03-07T13:00:00+11:00,-33.682778,150.903611,pm25,µg/m³,10.1
7427,21611,Rouse Hill-7427,2020-03-07T14:00:00+11:00,-33.682778,150.903611,pm25,µg/m³,6.2
7427,21611,Rouse Hill-7427,2020-03-07T15:00:00+11:00,-33.682778,150.903611,pm25,µg/m³,3.8
7427,21611,Rouse Hill-7427,2020-03-07T16:00:00+11:00,-33.682778,150.903611,pm25,µg/m³,3.8
7427,21611,Rouse Hill-7427,2020-03-07T17:00:00+11:00,-33.682778,150.903611,pm25,µg/m³,3.7
7427,21611,Rouse Hill-7427,2020-03-07T18:00:00+11:00,-33.682778,150.903611,pm25,µg/m³,2.6
7427,21611,Rouse Hill-7427,2020-03-07T19:00:00+11:00,-33.682778,150.903611,pm25,µg/m³,1.9
7427,21611,Rouse Hill-7427,2020-03-07T20:00:00+11:00,-33.682778,150.903611,pm25,µg/m³,3.0
7427,21611,Rouse Hill-7427,2020-03-07T21:00:00+11:00,-33.682778,150.903611,pm25,µg/m³,7.0
7427,21611,Rouse Hill-7427,2020-03-07T22:00:00+11:00,-33.682778,150.903611,pm25,µg/m³,6.1
7427,21611,Rouse Hill-7427,2020-03-07T23:00:00+11:00,-33.682778,150.903611,pm25,µg/m³,5.1
7427,25601,Rouse Hill-7427,2020-03-07T01:00:00+11:00,-33.682778,150.903611,no2,ppm,0.002
7427,25601,Rouse Hill-7427,2020-03-07T03:00:00+11:00,-33.682778,150.903611,no2,ppm,0.001
7427,25601,Rouse Hill-7427,2020-03-07T05:00:00+11:00,-33.682778,150.903611,no2,ppm,0.001
7427,25601,Rouse Hill-7427,2020-03-07T08:00:00+11:00,-33.682778,150.903611,no2,ppm,0.003
7427,25601,Rouse Hill-7427,2020-03-07T09:00:00+11:00,-33.682778,150.903611,no2,ppm,0.002
7427,25601,Rouse Hill-7427,2020-03-07T10:00:00+11:00,-33.682778,150.903611,no2,ppm,0.003
7427,25601,Rouse Hill-7427,2020-03-07T11:00:00+11:00,-33.682778,150.903611,no2,ppm,0.002
7427,25601,Rouse Hill-7427,2020-03-07T12:00:00+11:00,-33.682778,150.903611,no2,ppm,0.004
7427,25601,Rouse Hill-7427,2020-03-07T13:00:00+11:00,-33.682778,150.903611,no2,ppm,0.002
7427,25601,Rouse Hill-7427,2020-03-07T14:00:00+11:00,-33.682778,150.903611,no2,ppm,0.0
7427,25601,Rouse Hill-7427,2020-03-07T15:00:00+11:00,-33.682778,150.903611,no2,ppm,0.0
7427,25601,Rouse Hill-7427,2020-03-07T16:00:00+11:00,-33.682778,150.903611,no2,ppm,0.0
7427,25601,Rouse Hill-7427,2020-03-07T17:00:00+11:00,-33.682778,150.903611,no2,ppm,0.0
7427,25601,Rouse Hill-7427,2020-03-07T18:00:00+11:00,-33.682778,150.903611,no2,ppm,0.0
7427,25601,Rouse Hill-7427,2020-03-07T19:00:00+11:00,-33.682778,150.903611,no2,ppm,0.001
7427,25601,Rouse Hill-7427,2020-03-07T20:00:00+11:00,-33.682778,150.903611,no2,ppm,0.001
7427,25601,Rouse Hill-7427,2020-03-07T21:00:00+11:00,-33.682778,150.903611,no2,ppm,0.0
7427,25601,Rouse Hill-7427,2020-03-07T22:00:00+11:00,-33.682778,150.903611,no2,ppm,0.001
7427,25601,Rouse Hill-7427,2020-03-07T23:00:00+11:00,-33.682778,150.903611,no2,ppm,0.0
7427,28892,Rouse Hill-7427,2020-03-07T01:00:00+11:00,-33.682778,150.903611,co,ppm,0.2
7427,28892,Rouse Hill-7427,2020-03-07T02:00:00+11:00,-33.682778,150.903611,co,ppm,0.2
7427,28892,Rouse Hill-7427,2020-03-07T03:00:00+11:00,-33.682778,150.903611,co,ppm,0.1
7427,28892,Rouse Hill-7427,2020-03-07T05:00:00+11:00,-33.682778,150.903611,co,ppm,0.1
7427,28892,Rouse Hill-7427,2020-03-07T08:00:00+11:00,-33.682778,150.903611,co,ppm,0.0
7427,28892,Rouse Hill-7427,2020-03-07T09:00:00+11:00,-33.682778,150.903611,co,ppm,0.0
7427,28892,Rouse Hill-7427,2020-03-07T10:00:00+11:00,-33.682778,150.903611,co,ppm,0.0
7427,28892,Rouse Hill-7427,2020-03-07T11:00:00+11:00,-33.682778,150.903611,co,ppm,0.0
7427,28892,Rouse Hill-7427,2020-03-07T12:00:00+11:00,-33.682778,150.903611,co,ppm,0.1
7427,28892,Rouse Hill-7427,2020-03-07T13:00:00+11:00,-33.682778,150.903611,co,ppm,0.1
7427,28892,Rouse Hill-7427,2020-03-07T14:00:00+11:00,-33.682778,150.903611,co,ppm,0.1
7427,28892,Rouse Hill-7427,2020-03-07T15:00:00+11:00,-33.682778,150.903611,co,ppm,0.1
7427,28892,Rouse Hill-7427,2020-03-07T16:00:00+11:00,-33.682778,150.903611,co,ppm,0.1
7427,28892,Rouse Hill-7427,2020-03-07T17:00:00+11:00,-33.682778,150.903611,co,ppm,0.1
7427,28892,Rouse Hill-7427,2020-03-07T18:00:00+11:00,-33.682778,150.903611,co,ppm,0.1
7427,28892,Rouse Hill-7427,2020-03-07T19:00:00+11:00,-33.682778,150.903611,co,ppm,0.0
7427,28892,Rouse Hill-7427,2020-03-07T20:00:00+11:00,-33.682778,150.903611,co,ppm,0.0
7427,28892,Rouse Hill-7427,2020-03-07T21:00:00+11:00,-33.682778,150.903611,co,ppm,0.0
7427,28892,Rouse Hill-7427,2020-03-07T22:00:00+11:00,-33.682778,150.903611,co,ppm,0.0
7427,28892,Rouse Hill-7427,2020-03-07T23:00:00+11:00,-33.682778,150.903611,co,ppm,0.0
7427,25603,Rouse Hill-7427,2020-03-07T01:00:00+11:00,-33.682778,150.903611,so2,ppm,0.0
7427,25603,Rouse Hill-7427,2020-03-07T03:00:00+11:00,-33.682778,150.903611,so2,ppm,0.001
7427,25603,Rouse Hill-7427,2020-03-07T05:00:00+11:00,-33.682778,150.903611,so2,ppm,0.001
7427,25603,Rouse Hill-7427,2020-03-07T08:00:00+11:00,-33.682778,150.903611,so2,ppm,0.002
7427,25603,Rouse Hill-7427,2020-03-07T09:00:00+11:00,-33.682778,150.903611,so2,ppm,0.002
7427,25603,Rouse Hill-7427,2020-03-07T10:00:00+11:00,-33.682778,150.903611,so2,ppm,0.002
7427,25603,Rouse Hill-7427,2020-03-07T11:00:00+11:00,-33.682778,150.903611,so2,ppm,0.002
7427,25603,Rouse Hill-7427,2020-03-07T12:00:00+11:00,-33.682778,150.903611,so2,ppm,0.002
7427,25603,Rouse Hill-7427,2020-03-07T13:00:00+11:00,-33.682778,150.903611,so2,ppm,0.002
7427,25603,Rouse Hill-7427,2020-03-07T14:00:00+11:00,-33.682778,150.903611,so2,ppm,0.001
7427,25603,Rouse Hill-7427,2020-03-07T15:00:00+11:00,-33.682778,150.903611,so2,ppm,0.001
7427,25603,Rouse Hill-7427,2020-03-07T16:00:00+11:00,-33.682778,150.903611,so2,ppm,0.001
7427,25603,Rouse Hill-7427,2020-03-07T17:00:00+11:00,-33.682778,150.903611,so2,ppm,0.001
7427,25603,Rouse Hill-7427,2020-03-07T18:00:00+11:00,-33.682778,150.903611,so2,ppm,0.001
7427,25603,Rouse Hill-7427,2020-03-07T19:00:00+11:00,-33.682778,150.903611,so2,ppm,0.001
7427,25603,Rouse Hill-7427,2020-03-07T20:00:00+11:00,-33.682778,150.903611,so2,ppm,0.001
7427,25603,Rouse Hill-7427,2020-03-07T21:00:00+11:00,-33.682778,150.903611,so2,ppm,0.001
7427,25603,Rouse Hill-7427,2020-03-07T22:00:00+11:00,-33.682778,150.903611,so2,ppm,0.001
7427,25603,Rouse Hill-7427,2020-03-07T23:00:00+11:00,-33.682778,150.903611,so2,ppm,0.001
7427,25602,Rouse Hill-7427,2020-03-07T01:00:00+11:00,-33.682778,150.903611,o3,ppm,0.019
7427,25602,Rouse Hill-7427,2020-03-07T02:00:00+11:00,-33.682778,150.903611,o3,ppm,0.019
7427,25602,Rouse Hill-7427,2020-03-07T03:00:00+11:00,-33.682778,150.903611,o3,ppm,0.019
7427,25602,Rouse Hill-7427,2020-03-07T05:00:00+11:00,-33.682778,150.903611,o3,ppm,0.019
7427,25602,Rouse Hill-7427,2020-03-07T08:00:00+11:00,-33.682778,150.903611,o3,ppm,0.016
7427,25602,Rouse Hill-7427,2020-03-07T09:00:00+11:00,-33.682778,150.903611,o3,ppm,0.018
7427,25602,Rouse Hill-7427,2020-03-07T10:00:00+11:00,-33.682778,150.903611,o3,ppm,0.017
7427,25602,Rouse Hill-7427,2020-03-07T11:00:00+11:00,-33.682778,150.903611,o3,ppm,0.018
7427,25602,Rouse Hill-7427,2020-03-07T12:00:00+11:00,-33.682778,150.903611,o3,ppm,0.018
7427,25602,Rouse Hill-7427,2020-03-07T13:00:00+11:00,-33.682778,150.903611,o3,ppm,0.023
7427,25602,Rouse Hill-7427,2020-03-07T14:00:00+11:00,-33.682778,150.903611,o3,ppm,0.028
7427,25602,Rouse Hill-7427,2020-03-07T15:00:00+11:00,-33.682778,150.903611,o3,ppm,0.026
7427,25602,Rouse Hill-7427,2020-03-07T16:00:00+11:00,-33.682778,150.903611,o3,ppm,0.024
7427,25602,Rouse Hill-7427,2020-03-07T17:00:00+11:00,-33.682778,150.903611,o3,ppm,0.024
7427,25602,Rouse Hill-7427,2020-03-07T18:00:00+11:00,-33.682778,150.903611,o3,ppm,0.022
7427,25602,Rouse Hill-7427,2020-03-07T19:00:00+11:00,-33.682778,150.903611,o3,ppm,0.02
7427,25602,Rouse Hill-7427,2020-03-07T20:00:00+11:00,-33.682778,150.903611,o3,ppm,0.016
7427,25602,Rouse Hill-7427,2020-03-07T21:00:00+11:00,-33.682778,150.903611,o3,ppm,0.016
7427,25602,Rouse Hill-7427,2020-03-07T22:00:00+11:00,-33.682778,150.903611,o3,ppm,0.013
7427,25602,Rouse Hill-7427,2020-03-07T23:00:00+11:00,-33.682778,150.903611,o3,ppm,0.015
7427,21612,Rouse Hill-7427,2020-03-08T01:00:00+11:00,-33.682778,150.903611,pm10,µg/m³,6.7
7427,21612,Rouse Hill-7427,2020-03-08T02:00:00+11:00,-33.682778,150.903611,pm10,µg/m³,6.5
7427,21612,Rouse Hill-7427,2020-03-08T04:00:00+11:00,-33.682778,150.903611,pm10,µg/m³,5.9
7427,21612,Rouse Hill-7427,2020-03-08T06:00:00+11:00,-33.682778,150.903611,pm10,µg/m³,4.2
7427,21612,Rouse Hill-7427,2020-03-08T07:00:00+11:00,-33.682778,150.903611,pm10,µg/m³,5.4
7427,21612,Rouse Hill-7427,2020-03-08T08:00:00+11:00,-33.682778,150.903611,pm10,µg/m³,9.3
7427,21612,Rouse Hill-7427,2020-03-08T09:00:00+11:00,-33.682778,150.903611,pm10,µg/m³,8.2
7427,21612,Rouse Hill-7427,2020-03-08T10:00:00+11:00,-33.682778,150.903611,pm10,µg/m³,1.8
7427,21612,Rouse Hill-7427,2020-03-08T11:00:00+11:00,-33.682778,150.903611,pm10,µg/m³,4.8
7427,21612,Rouse Hill-7427,2020-03-08T12:00:00+11:00,-33.682778,150.903611,pm10,µg/m³,3.5
7427,21612,Rouse Hill-7427,2020-03-08T13:00:00+11:00,-33.682778,150.903611,pm10,µg/m³,4.1
7427,21612,Rouse Hill-7427,2020-03-08T14:00:00+11:00,-33.682778,150.903611,pm10,µg/m³,5.1
7427,21612,Rouse Hill-7427,2020-03-08T15:00:00+11:00,-33.682778,150.903611,pm10,µg/m³,8.9
7427,21612,Rouse Hill-7427,2020-03-08T16:00:00+11:00,-33.682778,150.903611,pm10,µg/m³,13.5
7427,21612,Rouse Hill-7427,2020-03-08T17:00:00+11:00,-33.682778,150.903611,pm10,µg/m³,13.3
7427,21612,Rouse Hill-7427,2020-03-08T18:00:00+11:00,-33.682778,150.903611,pm10,µg/m³,9.2
7427,21612,Rouse Hill-7427,2020-03-08T19:00:00+11:00,-33.682778,150.903611,pm10,µg/m³,9.5
7427,21612,Rouse Hill-7427,2020-03-08T20:00:00+11:00,-33.682778,150.903611,pm10,µg/m³,11.6
7427,21612,Rouse Hill-7427,2020-03-08T21:00:00+11:00,-33.682778,150.903611,pm10,µg/m³,9.4
7427,21612,Rouse Hill-7427,2020-03-08T22:00:00+11:00,-33.682778,150.903611,pm10,µg/m³,8.8
7427,21612,Rouse Hill-7427,2020-03-08T23:00:00+11:00,-33.682778,150.903611,pm10,µg/m³,7.3
7427,21611,Rouse Hill-7427,2020-03-08T01:00:00+11:00,-33.682778,150.903611,pm25,µg/m³,2.5
7427,21611,Rouse Hill-7427,2020-03-08T02:00:00+11:00,-33.682778,150.903611,pm25,µg/m³,0.3
7427,21611,Rouse Hill-7427,2020-03-08T04:00:00+11:00,-33.682778,150.903611,pm25,µg/m³,2.4
7427,21611,Rouse Hill-7427,2020-03-08T06:00:00+11:00,-33.682778,150.903611,pm25,µg/m³,0.0
7427,21611,Rouse Hill-7427,2020-03-08T07:00:00+11:00,-33.682778,150.903611,pm25,µg/m³,0.0
7427,21611,Rouse Hill-7427,2020-03-08T08:00:00+11:00,-33.682778,150.903611,pm25,µg/m³,1.5
7427,21611,Rouse Hill-7427,2020-03-08T09:00:00+11:00,-33.682778,150.903611,pm25,µg/m³,0.1
7427,21611,Rouse Hill-7427,2020-03-08T10:00:00+11:00,-33.682778,150.903611,pm25,µg/m³,0.6
7427,21611,Rouse Hill-7427,2020-03-08T11:00:00+11:00,-33.682778,150.903611,pm25,µg/m³,0.0
7427,21611,Rouse Hill-7427,2020-03-08T12:00:00+11:00,-33.682778,150.903611,pm25,µg/m³,0.3
7427,21611,Rouse Hill-7427,2020-03-08T13:00:00+11:00,-33.682778,150.903611,pm25,µg/m³,3.9
7427,21611,Rouse Hill-7427,2020-03-08T14:00:00+11:00,-33.682778,150.903611,pm25,µg/m³,3.3
7427,21611,Rouse Hill-7427,2020-03-08T15:00:00+11:00,-33.682778,150.903611,pm25,µg/m³,0.3
7427,21611,Rouse Hill-7427,2020-03-08T16:00:00+11:00,-33.682778,150.903611,pm25,µg/m³,0.2
7427,21611,Rouse Hill-7427,2020-03-08T17:00:00+11:00,-33.682778,150.903611,pm25,µg/m³,1.5
7427,21611,Rouse Hill-7427,2020-03-08T18:00:00+11:00,-33.682778,150.903611,pm25,µg/m³,3.5
7427,21611,Rouse Hill-7427,2020-03-08T19:00:00+11:00,-33.682778,150.903611,pm25,µg/m³,2.1
7427,21611,Rouse Hill-7427,2020-03-08T20:00:00+11:00,-33.682778,150.903611,pm25,µg/m³,2.6
7427,21611,Rouse Hill-7427,2020-03-08T21:00:00+11:00,-33.682778,150.903611,pm25,µg/m³,1.6
7427,21611,Rouse Hill-7427,2020-03-08T22:00:00+11:00,-33.682778,150.903611,pm25,µg/m³,0.0
7427,21611,Rouse Hill-7427,2020-03-08T23:00:00+11:00,-33.682778,150.903611,pm25,µg/m³,0.4
7427,25601,Rouse Hill-7427,2020-03-08T01:00:00+11:00,-33.682778,150.903611,no2,ppm,0.001
7427,25601,Rouse Hill-7427,2020-03-08T04:00:00+11:00,-33.682778,150.903611,no2,ppm,0.003
7427,25601,Rouse Hill-7427,2020-03-08T06:00:00+11:00,-33.682778,150.903611,no2,ppm,0.001
7427,25601,Rouse Hill-7427,2020-03-08T07:00:00+11:00,-33.682778,150.903611,no2,ppm,0.001
7427,25601,Rouse Hill-7427,2020-03-08T08:00:00+11:00,-33.682778,150.903611,no2,ppm,0.003
7427,25601,Rouse Hill-7427,2020-03-08T09:00:00+11:00,-33.682778,150.903611,no2,ppm,0.002
7427,25601,Rouse Hill-7427,2020-03-08T10:00:00+11:00,-33.682778,150.903611,no2,ppm,0.002
7427,25601,Rouse Hill-7427,2020-03-08T11:00:00+11:00,-33.682778,150.903611,no2,ppm,0.001
7427,25601,Rouse Hill-7427,2020-03-08T12:00:00+11:00,-33.682778,150.903611,no2,ppm,0.002
7427,25601,Rouse Hill-7427,2020-03-08T13:00:00+11:00,-33.682778,150.903611,no2,ppm,0.002
7427,25601,Rouse Hill-7427,2020-03-08T14:00:00+11:00,-33.682778,150.903611,no2,ppm,0.001
7427,25601,Rouse Hill-7427,2020-03-08T15:00:00+11:00,-33.682778,150.903611,no2,ppm,0.001
7427,25601,Rouse Hill-7427,2020-03-08T16:00:00+11:00,-33.682778,150.903611,no2,ppm,0.001
7427,25601,Rouse Hill-7427,2020-03-08T17:00:00+11:00,-33.682778,150.903611,no2,ppm,0.001
7427,25601,Rouse Hill-7427,2020-03-08T18:00:00+11:00,-33.682778,150.903611,no2,ppm,0.002
7427,25601,Rouse Hill-7427,2020-03-08T19:00:00+11:00,-33.682778,150.903611,no2,ppm,0.003
7427,25601,Rouse Hill-7427,2020-03-08T20:00:00+11:00,-33.682778,150.903611,no2,ppm,0.005
7427,25601,Rouse Hill-7427,2020-03-08T21:00:00+11:00,-33.682778,150.903611,no2,ppm,0.004
7427,25601,Rouse Hill-7427,2020-03-08T22:00:00+11:00,-33.682778,150.903611,no2,ppm,0.004
7427,25601,Rouse Hill-7427,2020-03-08T23:00:00+11:00,-33.682778,150.903611,no2,ppm,0.004
7427,28892,Rouse Hill-7427,2020-03-08T01:00:00+11:00,-33.682778,150.903611,co,ppm,0.1
7427,28892,Rouse Hill-7427,2020-03-08T02:00:00+11:00,-33.682778,150.903611,co,ppm,0.1
7427,28892,Rouse Hill-7427,2020-03-08T04:00:00+11:00,-33.682778,150.903611,co,ppm,0.1
7427,28892,Rouse Hill-7427,2020-03-08T06:00:00+11:00,-33.682778,150.903611,co,ppm,0.1
7427,28892,Rouse Hill-7427,2020-03-08T07:00:00+11:00,-33.682778,150.903611,co,ppm,0.1
7427,28892,Rouse Hill-7427,2020-03-08T08:00:00+11:00,-33.682778,150.903611,co,ppm,0.1
7427,28892,Rouse Hill-7427,2020-03-08T09:00:00+11:00,-33.682778,150.903611,co,ppm,0.1
7427,28892,Rouse Hill-7427,2020-03-08T10:00:00+11:00,-33.682778,150.903611,co,ppm,0.1
7427,28892,Rouse Hill-7427,2020-03-08T11:00:00+11:00,-33.682778,150.903611,co,ppm,0.2
7427,28892,Rouse Hill-7427,2020-03-08T12:00:00+11:00,-33.682778,150.903611,co,ppm,0.2
7427,28892,Rouse Hill-7427,2020-03-08T13:00:00+11:00,-33.682778,150.903611,co,ppm,0.2
7427,28892,Rouse Hill-7427,2020-03-08T14:00:00+11:00,-33.682778,150.903611,co,ppm,0.2
7427,28892,Rouse Hill-7427,2020-03-08T15:00:00+11:00,-33.682778,150.903611,co,ppm,0.1
7427,28892,Rouse Hill-7427,2020-03-08T16:00:00+11:00,-33.682778,150.903611,co,ppm,0.1
7427,28892,Rouse Hill-7427,2020-03-08T17:00:00+11:00,-33.682778,150.903611,co,ppm,0.1
7427,28892,Rouse Hill-7427,2020-03-08T18:00:00+11:00,-33.682778,150.903611,co,ppm,0.1
7427,28892,Rouse Hill-7427,2020-03-08T19:00:00+11:00,-33.682778,150.903611,co,ppm,0.1
7427,28892,Rouse Hill-7427,2020-03-08T20:00:00+11:00,-33.682778,150.903611,co,ppm,0.1
7427,28892,Rouse Hill-7427,2020-03-08T21:00:00+11:00,-33.682778,150.903611,co,ppm,0.1
7427,28892,Rouse Hill-7427,2020-03-08T22:00:00+11:00,-33.682778,150.903611,co,ppm,0.1
7427,28892,Rouse Hill-7427,2020-03-08T23:00:00+11:00,-33.682778,150.903611,co,ppm,0.1
7427,25603,Rouse Hill-7427,2020-03-08T01:00:00+11:00,-33.682778,150.903611,so2,ppm,0.001
7427,25603,Rouse Hill-7427,2020-03-08T04:00:00+11:00,-33.682778,150.903611,so2,ppm,0.0
7427,25603,Rouse Hill-7427,2020-03-08T06:00:00+11:00,-33.682778,150.903611,so2,ppm,0.0
7427,25603,Rouse Hill-7427,2020-03-08T07:00:00+11:00,-33.682778,150.903611,so2,ppm,0.0
7427,25603,Rouse Hill-7427,2020-03-08T08:00:00+11:00,-33.682778,150.903611,so2,ppm,0.0
7427,25603,Rouse Hill-7427,2020-03-08T09:00:00+11:00,-33.682778,150.903611,so2,ppm,0.0
7427,25603,Rouse Hill-7427,2020-03-08T10:00:00+11:00,-33.682778,150.903611,so2,ppm,0.0
7427,25603,Rouse Hill-7427,2020-03-08T11:00:00+11:00,-33.682778,150.903611,so2,ppm,0.0
7427,25603,Rouse Hill-7427,2020-03-08T12:00:00+11:00,-33.682778,150.903611,so2,ppm,0.0
7427,25603,Rouse Hill-7427,2020-03-08T13:00:00+11:00,-33.682778,150.903611,so2,ppm,0.0
7427,25603,Rouse Hill-7427,2020-03-08T14:00:00+11:00,-33.682778,150.903611,so2,ppm,0.0
7427,25603,Rouse Hill-7427,2020-03-08T15:00:00+11:00,-33.682778,150.903611,so2,ppm,0.0
7427,25603,Rouse Hill-7427,2020-03-08T16:00:00+11:00,-33.682778,150.903611,so2,ppm,0.0
7427,25603,Rouse Hill-7427,2020-03-08T17:00:00+11:00,-33.682778,150.903611,so2,ppm,0.0
7427,25603,Rouse Hill-7427,2020-03-08T18:00:00+11:00,-33.682778,150.903611,so2,ppm,0.0
7427,25603,Rouse Hill-7427,2020-03-08T19:00:00+11:00,-33.682778,150.903611,so2,ppm,0.0
7427,25603,Rouse Hill-7427,2020-03-08T20:00:00+11:00,-33.682778,150.903611,so2,ppm,0.0
7427,25603,Rouse Hill-7427,2020-03-08T21:00:00+11:00,-33.682778,150.903611,so2,ppm,0.0
7427,25603,Rouse Hill-7427,2020-03-08T22:00:00+11:00,-33.682778,150.903611,so2,ppm,0.0
7427,25603,Rouse Hill-7427,2020-03-08T23:00:00+11:00,-33.682778,150.903611,so2,ppm,0.0
7427,25602,Rouse Hill-7427,2020-03-08T01:00:00+11:00,-33.682778,150.903611,o3,ppm,0.009
7427,25602,Rouse Hill-7427,2020-03-08T02:00:00+11:00,-33.682778,150.903611,o3,ppm,0.011
7427,25602,Rouse Hill-7427,2020-03-08T04:00:00+11:00,-33.682778,150.903611,o3,ppm,0.011
7427,25602,Rouse Hill-7427,2020-03-08T06:00:00+11:00,-33.682778,150.903611,o3,ppm,0.015
7427,25602,Rouse Hill-7427,2020-03-08T07:00:00+11:00,-33.682778,150.903611,o3,ppm,0.016
7427,25602,Rouse Hill-7427,2020-03-08T08:00:00+11:00,-33.682778,150.903611,o3,ppm,0.014
7427,25602,Rouse Hill-7427,2020-03-08T09:00:00+11:00,-33.682778,150.903611,o3,ppm,0.014
7427,25602,Rouse Hill-7427,2020-03-08T10:00:00+11:00,-33.682778,150.903611,o3,ppm,0.016
7427,25602,Rouse Hill-7427,2020-03-08T11:00:00+11:00,-33.682778,150.903611,o3,ppm,0.019
7427,25602,Rouse Hill-7427,2020-03-08T12:00:00+11:00,-33.682778,150.903611,o3,ppm,0.019
7427,25602,Rouse Hill-7427,2020-03-08T13:00:00+11:00,-33.682778,150.903611,o3,ppm,0.021
7427,25602,Rouse Hill-7427,2020-03-08T14:00:00+11:00,-33.682778,150.903611,o3,ppm,0.024
7427,25602,Rouse Hill-7427,2020-03-08T15:00:00+11:00,-33.682778,150.903611,o3,ppm,0.024
7427,25602,Rouse Hill-7427,2020-03-08T16:00:00+11:00,-33.682778,150.903611,o3,ppm,0.02
7427,25602,Rouse Hill-7427,2020-03-08T17:00:00+11:00,-33.682778,150.903611,o3,ppm,0.02
7427,25602,Rouse Hill-7427,2020-03-08T18:00:00+11:00,-33.682778,150.903611,o3,ppm,0.02
7427,25602,Rouse Hill-7427,2020-03-08T19:00:00+11:00,-33.682778,150.903611,o3,ppm,0.018
7427,25602,Rouse Hill-7427,2020-03-08T20:00:00+11:00,-33.682778,150.903611,o3,ppm,0.015
7427,25602,Rouse Hill-7427,2020-03-08T21:00:00+11:00,-33.682778,150.903611,o3,ppm,0.014
7427,25602,Rouse Hill-7427,2020-03-08T22:00:00+11:00,-33.682778,150.903611,o3,ppm,0.012
7427,25602,Rouse Hill-7427,2020-03-08T23:00:00+11:00,-33.682778,150.903611,o3,ppm,0.013
7427,21612,Rouse Hill-7427,2020-03-09T01:00:00+11:00,-33.682778,150.903611,pm10,µg/m³,10.1
7427,21612,Rouse Hill-7427,2020-03-09T02:00:00+11:00,-33.682778,150.903611,pm10,µg/m³,9.4
7427,21612,Rouse Hill-7427,2020-03-09T03:00:00+11:00,-33.682778,150.903611,pm10,µg/m³,11.7
7427,21612,Rouse Hill-7427,2020-03-09T04:00:00+11:00,-33.682778,150.903611,pm10,µg/m³,10.4
7427,21612,Rouse Hill-7427,2020-03-09T06:00:00+11:00,-33.682778,150.903611,pm10,µg/m³,9.7
7427,21612,Rouse Hill-7427,2020-03-09T07:00:00+11:00,-33.682778,150.903611,pm10,µg/m³,14.3
7427,21612,Rouse Hill-7427,2020-03-09T08:00:00+11:00,-33.682778,150.903611,pm10,µg/m³,18.0
7427,21612,Rouse Hill-7427,2020-03-09T09:00:00+11:00,-33.682778,150.903611,pm10,µg/m³,19.2
7427,21612,Rouse Hill-7427,2020-03-09T10:00:00+11:00,-33.682778,150.903611,pm10,µg/m³,21.9
7427,21612,Rouse Hill-7427,2020-03-09T11:00:00+11:00,-33.682778,150.903611,pm10,µg/m³,18.2
7427,21612,Rouse Hill-7427,2020-03-09T12:00:00+11:00,-33.682778,150.903611,pm10,µg/m³,7.1
7427,21612,Rouse Hill-7427,2020-03-09T13:00:00+11:00,-33.682778,150.903611,pm10,µg/m³,11.4
7427,21612,Rouse Hill-7427,2020-03-09T14:00:00+11:00,-33.682778,150.903611,pm10,µg/m³,7.5
7427,21612,Rouse Hill-7427,2020-03-09T15:00:00+11:00,-33.682778,150.903611,pm10,µg/m³,11.2
7427,21612,Rouse Hill-7427,2020-03-09T16:00:00+11:00,-33.682778,150.903611,pm10,µg/m³,3.3
7427,21612,Rouse Hill-7427,2020-03-09T17:00:00+11:00,-33.682778,150.903611,pm10,µg/m³,8.8
7427,21612,Rouse Hill-7427,2020-03-09T18:00:00+11:00,-33.682778,150.903611,pm10,µg/m³,7.7
7427,21612,Rouse Hill-7427,2020-03-09T19:00:00+11:00,-33.682778,150.903611,pm10,µg/m³,10.5
7427,21612,Rouse Hill-7427,2020-03-09T20:00:00+11:00,-33.682778,150.903611,pm10,µg/m³,9.7
7427,21612,Rouse Hill-7427,2020-03-09T21:00:00+11:00,-33.682778,150.903611,pm10,µg/m³,10.4
7427,21612,Rouse Hill-7427,2020-03-09T22:00:00+11:00,-33.682778,150.903611,pm10,µg/m³,6.9
7427,21612,Rouse Hill-7427,2020-03-09T23:00:00+11:00,-33.682778,150.903611,pm10,µg/m³,5.7
7427,21611,Rouse Hill-7427,2020-03-09T01:00:00+11:00,-33.682778,150.903611,pm25,µg/m³,4.7
7427,21611,Rouse Hill-7427,2020-03-09T02:00:00+11:00,-33.682778,150.903611,pm25,µg/m³,1.3
7427,21611,Rouse Hill-7427,2020-03-09T03:00:00+11:00,-33.682778,150.903611,pm25,µg/m³,2.7
7427,21611,Rouse Hill-7427,2020-03-09T04:00:00+11:00,-33.682778,150.903611,pm25,µg/m³,1.5
7427,21611,Rouse Hill-7427,2020-03-09T06:00:00+11:00,-33.682778,150.903611,pm25,µg/m³,5.2
7427,21611,Rouse Hill-7427,2020-03-09T07:00:00+11:00,-33.682778,150.903611,pm25,µg/m³,4.3
7427,21611,Rouse Hill-7427,2020-03-09T08:00:00+11:00,-33.682778,150.903611,pm25,µg/m³,2.6
7427,21611,Rouse Hill-7427,2020-03-09T09:00:00+11:00,-33.682778,150.903611,pm25,µg/m³,5.4
7427,21611,Rouse Hill-7427,2020-03-09T10:00:00+11:00,-33.682778,150.903611,pm25,µg/m³,4.5
7427,21611,Rouse Hill-7427,2020-03-09T11:00:00+11:00,-33.682778,150.903611,pm25,µg/m³,4.1
7427,21611,Rouse Hill-7427,2020-03-09T12:00:00+11:00,-33.682778,150.903611,pm25,µg/m³,2.5
7427,21611,Rouse Hill-7427,2020-03-09T13:00:00+11:00,-33.682778,150.903611,pm25,µg/m³,4.2
7427,21611,Rouse Hill-7427,2020-03-09T14:00:00+11:00,-33.682778,150.903611,pm25,µg/m³,5.5
7427,21611,Rouse Hill-7427,2020-03-09T15:00:00+11:00,-33.682778,150.903611,pm25,µg/m³,2.7
7427,21611,Rouse Hill-7427,2020-03-09T16:00:00+11:00,-33.682778,150.903611,pm25,µg/m³,3.3
7427,21611,Rouse Hill-7427,2020-03-09T17:00:00+11:00,-33.682778,150.903611,pm25,µg/m³,0.0
7427,21611,Rouse Hill-7427,2020-03-09T18:00:00+11:00,-33.682778,150.903611,pm25,µg/m³,1.2
7427,21611,Rouse Hill-7427,2020-03-09T19:00:00+11:00,-33.682778,150.903611,pm25,µg/m³,1.5
7427,21611,Rouse Hill-7427,2020-03-09T20:00:00+11:00,-33.682778,150.903611,pm25,µg/m³,0.6
7427,21611,Rouse Hill-7427,2020-03-09T21:00:00+11:00,-33.682778,150.903611,pm25,µg/m³,2.7
7427,21611,Rouse Hill-7427,2020-03-09T22:00:00+11:00,-33.682778,150.903611,pm25,µg/m³,2.6
7427,21611,Rouse Hill-7427,2020-03-09T23:00:00+11:00,-33.682778,150.903611,pm25,µg/m³,1.2
7427,25601,Rouse Hill-7427,2020-03-09T01:00:00+11:00,-33.682778,150.903611,no2,ppm,0.006
7427,25601,Rouse Hill-7427,2020-03-09T03:00:00+11:00,-33.682778,150.903611,no2,ppm,0.006
7427,25601,Rouse Hill-7427,2020-03-09T04:00:00+11:00,-33.682778,150.903611,no2,ppm,0.006
7427,25601,Rouse Hill-7427,2020-03-09T06:00:00+11:00,-33.682778,150.903611,no2,ppm,0.009
7427,25601,Rouse Hill-7427,2020-03-09T07:00:00+11:00,-33.682778,150.903611,no2,ppm,0.01
7427,25601,Rouse Hill-7427,2020-03-09T08:00:00+11:00,-33.682778,150.903611,no2,ppm,0.012
7427,25601,Rouse Hill-7427,2020-03-09T09:00:00+11:00,-33.682778,150.903611,no2,ppm,0.008
7427,25601,Rouse Hill-7427,2020-03-09T10:00:00+11:00,-33.682778,150.903611,no2,ppm,0.008
7427,25601,Rouse Hill-7427,2020-03-09T11:00:00+11:00,-33.682778,150.903611,no2,ppm,0.006
7427,25601,Rouse Hill-7427,2020-03-09T12:00:00+11:00,-33.682778,150.903611,no2,ppm,0.005
7427,25601,Rouse Hill-7427,2020-03-09T13:00:00+11:00,-33.682778,150.903611,no2,ppm,0.004
7427,25601,Rouse Hill-7427,2020-03-09T14:00:00+11:00,-33.682778,150.903611,no2,ppm,0.003
7427,25601,Rouse Hill-7427,2020-03-09T15:00:00+11:00,-33.682778,150.903611,no2,ppm,0.003
7427,25601,Rouse Hill-7427,2020-03-09T16:00:00+11:00,-33.682778,150.903611,no2,ppm,0.003
7427,25601,Rouse Hill-7427,2020-03-09T17:00:00+11:00,-33.682778,150.903611,no2,ppm,0.004
7427,25601,Rouse Hill-7427,2020-03-09T18:00:00+11:00,-33.682778,150.903611,no2,ppm,0.004
7427,25601,Rouse Hill-7427,2020-03-09T19:00:00+11:00,-33.682778,150.903611,no2,ppm,0.007
7427,25601,Rouse Hill-7427,2020-03-09T20:00:00+11:00,-33.682778,150.903611,no2,ppm,0.008
7427,25601,Rouse Hill-7427,2020-03-09T21:00:00+11:00,-33.682778,150.903611,no2,ppm,0.008
7427,25601,Rouse Hill-7427,2020-03-09T22:00:00+11:00,-33.682778,150.903611,no2,ppm,0.004
7427,25601,Rouse Hill-7427,2020-03-09T23:00:00+11:00,-33.682778,150.903611,no2,ppm,0.001
7427,28892,Rouse Hill-7427,2020-03-09T01:00:00+11:00,-33.682778,150.903611,co,ppm,0.2
7427,28892,Rouse Hill-7427,2020-03-09T02:00:00+11:00,-33.682778,150.903611,co,ppm,0.2
7427,28892,Rouse Hill-7427,2020-03-09T03:00:00+11:00,-33.682778,150.903611,co,ppm,0.2
7427,28892,Rouse Hill-7427,2020-03-09T04:00:00+11:00,-33.682778,150.903611,co,ppm,0.2
7427,28892,Rouse Hill-7427,2020-03-09T06:00:00+11:00,-33.682778,150.903611,co,ppm,0.2
7427,28892,Rouse Hill-7427,2020-03-09T07:00:00+11:00,-33.682778,150.903611,co,ppm,0.2
7427,28892,Rouse Hill-7427,2020-03-09T08:00:00+11:00,-33.682778,150.903611,co,ppm,0.2
7427,28892,Rouse Hill-7427,2020-03-09T09:00:00+11:00,-33.682778,150.903611,co,ppm,0.2
7427,28892,Rouse Hill-7427,2020-03-09T10:00:00+11:00,-33.682778,150.903611,co,ppm,0.2
7427,28892,Rouse Hill-7427,2020-03-09T11:00:00+11:00,-33.682778,150.903611,co,ppm,0.2
7427,28892,Rouse Hill-7427,2020-03-09T12:00:00+11:00,-33.682778,150.903611,co,ppm,0.2
7427,28892,Rouse Hill-7427,2020-03-09T13:00:00+11:00,-33.682778,150.903611,co,ppm,0.2
7427,28892,Rouse Hill-7427,2020-03-09T14:00:00+11:00,-33.682778,150.903611,co,ppm,0.2
7427,28892,Rouse Hill-7427,2020-03-09T15:00:00+11:00,-33.682778,150.903611,co,ppm,0.2
7427,28892,Rouse Hill-7427,2020-03-09T16:00:00+11:00,-33.682778,150.903611,co,ppm,0.2
7427,28892,Rouse Hill-7427,2020-03-09T17:00:00+11:00,-33.682778,150.903611,co,ppm,0.2
7427,28892,Rouse Hill-7427,2020-03-09T18:00:00+11:00,-33.682778,150.903611,co,ppm,0.2
7427,28892,Rouse Hill-7427,2020-03-09T19:00:00+11:00,-33.682778,150.903611,co,ppm,0.2
7427,28892,Rouse Hill-7427,2020-03-09T20:00:00+11:00,-33.682778,150.903611,co,ppm,0.2
7427,28892,Rouse Hill-7427,2020-03-09T21:00:00+11:00,-33.682778,150.903611,co,ppm,0.2
7427,28892,Rouse Hill-7427,2020-03-09T22:00:00+11:00,-33.682778,150.903611,co,ppm,0.2
7427,28892,Rouse Hill-7427,2020-03-09T23:00:00+11:00,-33.682778,150.903611,co,ppm,0.2
7427,25603,Rouse Hill-7427,2020-03-09T01:00:00+11:00,-33.682778,150.903611,so2,ppm,0.0
7427,25603,Rouse Hill-7427,2020-03-09T03:00:00+11:00,-33.682778,150.903611,so2,ppm,0.0
7427,25603,Rouse Hill-7427,2020-03-09T04:00:00+11:00,-33.682778,150.903611,so2,ppm,0.0
7427,25603,Rouse Hill-7427,2020-03-09T06:00:00+11:00,-33.682778,150.903611,so2,ppm,0.001
7427,25603,Rouse Hill-7427,2020-03-09T07:00:00+11:00,-33.682778,150.903611,so2,ppm,0.0
7427,25603,Rouse Hill-7427,2020-03-09T08:00:00+11:00,-33.682778,150.903611,so2,ppm,0.0
7427,25603,Rouse Hill-7427,2020-03-09T09:00:00+11:00,-33.682778,150.903611,so2,ppm,0.001
7427,25603,Rouse Hill-7427,2020-03-09T10:00:00+11:00,-33.682778,150.903611,so2,ppm,0.001
7427,25603,Rouse Hill-7427,2020-03-09T11:00:00+11:00,-33.682778,150.903611,so2,ppm,0.0
7427,25603,Rouse Hill-7427,2020-03-09T12:00:00+11:00,-33.682778,150.903611,so2,ppm,0.0
7427,25603,Rouse Hill-7427,2020-03-09T13:00:00+11:00,-33.682778,150.903611,so2,ppm,0.0
7427,25603,Rouse Hill-7427,2020-03-09T14:00:00+11:00,-33.682778,150.903611,so2,ppm,0.0
7427,25603,Rouse Hill-7427,2020-03-09T15:00:00+11:00,-33.682778,150.903611,so2,ppm,0.0
7427,25603,Rouse Hill-7427,2020-03-09T16:00:00+11:00,-33.682778,150.903611,so2,ppm,0.0
7427,25603,Rouse Hill-7427,2020-03-09T17:00:00+11:00,-33.682778,150.903611,so2,ppm,0.0
7427,25603,Rouse Hill-7427,2020-03-09T18:00:00+11:00,-33.682778,150.903611,so2,ppm,0.0
7427,25603,Rouse Hill-7427,2020-03-09T19:00:00+11:00,-33.682778,150.903611,so2,ppm,0.0
7427,25603,Rouse Hill-7427,2020-03-09T20:00:00+11:00,-33.682778,150.903611,so2,ppm,0.0
7427,25603,Rouse Hill-7427,2020-03-09T21:00:00+11:00,-33.682778,150.903611,so2,ppm,0.0
7427,25603,Rouse Hill-7427,2020-03-09T22:00:00+11:00,-33.682778,150.903611,so2,ppm,0.0
7427,25603,Rouse Hill-7427,2020-03-09T23:00:00+11:00,-33.682778,150.903611,so2,ppm,0.0
7427,25602,Rouse Hill-7427,2020-03-09T01:00:00+11:00,-33.682778,150.903611,o3,ppm,0.01
7427,25602,Rouse Hill-7427,2020-03-09T02:00:00+11:00,-33.682778,150.903611,o3,ppm,0.011
7427,25602,Rouse Hill-7427,2020-03-09T03:00:00+11:00,-33.682778,150.903611,o3,ppm,0.006
7427,25602,Rouse Hill-7427,2020-03-09T04:00:00+11:00,-33.682778,150.903611,o3,ppm,0.006
7427,25602,Rouse Hill-7427,2020-03-09T06:00:00+11:00,-33.682778,150.903611,o3,ppm,0.007
7427,25602,Rouse Hill-7427,2020-03-09T07:00:00+11:00,-33.682778,150.903611,o3,ppm,0.009
7427,25602,Rouse Hill-7427,2020-03-09T08:00:00+11:00,-33.682778,150.903611,o3,ppm,0.008
7427,25602,Rouse Hill-7427,2020-03-09T09:00:00+11:00,-33.682778,150.903611,o3,ppm,0.011
7427,25602,Rouse Hill-7427,2020-03-09T10:00:00+11:00,-33.682778,150.903611,o3,ppm,0.011
7427,25602,Rouse Hill-7427,2020-03-09T11:00:00+11:00,-33.682778,150.903611,o3,ppm,0.015
7427,25602,Rouse Hill-7427,2020-03-09T12:00:00+11:00,-33.682778,150.903611,o3,ppm,0.02
7427,25602,Rouse Hill-7427,2020-03-09T13:00:00+11:00,-33.682778,150.903611,o3,ppm,0.022
7427,25602,Rouse Hill-7427,2020-03-09T14:00:00+11:00,-33.682778,150.903611,o3,ppm,0.022
7427,25602,Rouse Hill-7427,2020-03-09T15:00:00+11:00,-33.682778,150.903611,o3,ppm,0.022
7427,25602,Rouse Hill-7427,2020-03-09T16:00:00+11:00,-33.682778,150.903611,o3,ppm,0.021
7427,25602,Rouse Hill-7427,2020-03-09T17:00:00+11:00,-33.682778,150.903611,o3,ppm,0.019
7427,25602,Rouse Hill-7427,2020-03-09T18:00:00+11:00,-33.682778,150.903611,o3,ppm,0.018
7427,25602,Rouse Hill-7427,2020-03-09T19:00:00+11:00,-33.682778,150.903611,o3,ppm,0.015
7427,25602,Rouse Hill-7427,2020-03-09T20:00:00+11:00,-33.682778,150.903611,o3,ppm,0.013
7427,25602,Rouse Hill-7427,2020-03-09T21:00:00+11:00,-33.682778,150.903611,o3,ppm,0.012
7427,25602,Rouse Hill-7427,2020-03-09T22:00:00+11:00,-33.682778,150.903611,o3,ppm,0.015
7427,25602,Rouse Hill-7427,2020-03-09T23:00:00+11:00,-33.682778,150.903611,o3,ppm,0.018
7427,21612,Rouse Hill-7427,2020-03-10T01:00:00+11:00,-33.682778,150.903611,pm10,µg/m³,5.7
7427,21612,Rouse Hill-7427,2020-03-10T02:00:00+11:00,-33.682778,150.903611,pm10,µg/m³,5.1
7427,21612,Rouse Hill-7427,2020-03-10T03:00:00+11:00,-33.682778,150.903611,pm10,µg/m³,9.0
7427,21612,Rouse Hill-7427,2020-03-10T04:00:00+11:00,-33.682778,150.903611,pm10,µg/m³,7.8
7427,21612,Rouse Hill-7427,2020-03-10T05:00:00+11:00,-33.682778,150.903611,pm10,µg/m³,10.0
7427,21612,Rouse Hill-7427,2020-03-10T06:00:00+11:00,-33.682778,150.903611,pm10,µg/m³,9.0
7427,21612,Rouse Hill-7427,2020-03-10T07:00:00+11:00,-33.682778,150.903611,pm10,µg/m³,18.2
7427,21612,Rouse Hill-7427,2020-03-10T08:00:00+11:00,-33.682778,150.903611,pm10,µg/m³,24.8
7427,21612,Rouse Hill-7427,2020-03-10T09:00:00+11:00,-33.682778,150.903611,pm10,µg/m³,17.3
7427,21612,Rouse Hill-7427,2020-03-10T10:00:00+11:00,-33.682778,150.903611,pm10,µg/m³,15.2
7427,21612,Rouse Hill-7427,2020-03-10T11:00:00+11:00,-33.682778,150.903611,pm10,µg/m³,4.7
7427,21612,Rouse Hill-7427,2020-03-10T12:00:00+11:00,-33.682778,150.903611,pm10,µg/m³,10.4
7427,21612,Rouse Hill-7427,2020-03-10T13:00:00+11:00,-33.682778,150.903611,pm10,µg/m³,6.3
7427,21612,Rouse Hill-7427,2020-03-10T14:00:00+11:00,-33.682778,150.903611,pm10,µg/m³,1.8
7427,21612,Rouse Hill-7427,2020-03-10T15:00:00+11:00,-33.682778,150.903611,pm10,µg/m³,4.4
7427,21612,Rouse Hill-7427,2020-03-10T16:00:00+11:00,-33.682778,150.903611,pm10,µg/m³,8.6
7427,21612,Rouse Hill-7427,2020-03-10T17:00:00+11:00,-33.682778,150.903611,pm10,µg/m³,5.1
7427,21612,Rouse Hill-7427,2020-03-10T18:00:00+11:00,-33.682778,150.903611,pm10,µg/m³,7.6
7427,21612,Rouse Hill-7427,2020-03-10T19:00:00+11:00,-33.682778,150.903611,pm10,µg/m³,11.6
7427,21612,Rouse Hill-7427,2020-03-10T20:00:00+11:00,-33.682778,150.903611,pm10,µg/m³,12.1
7427,21612,Rouse Hill-7427,2020-03-10T21:00:00+11:00,-33.682778,150.903611,pm10,µg/m³,10.3
7427,21612,Rouse Hill-7427,2020-03-10T22:00:00+11:00,-33.682778,150.903611,pm10,µg/m³,8.9
7427,21612,Rouse Hill-7427,2020-03-10T23:00:00+11:00,-33.682778,150.903611,pm10,µg/m³,11.1
7427,21611,Rouse Hill-7427,2020-03-10T01:00:00+11:00,-33.682778,150.903611,pm25,µg/m³,0.9
7427,21611,Rouse Hill-7427,2020-03-10T02:00:00+11:00,-33.682778,150.903611,pm25,µg/m³,1.5
7427,21611,Rouse Hill-7427,2020-03-10T03:00:00+11:00,-33.682778,150.903611,pm25,µg/m³,1.8
7427,21611,Rouse Hill-7427,2020-03-10T04:00:00+11:00,-33.682778,150.903611,pm25,µg/m³,0.9
7427,21611,Rouse Hill-7427,2020-03-10T05:00:00+11:00,-33.682778,150.903611,pm25,µg/m³,2.0
7427,21611,Rouse Hill-7427,2020-03-10T06:00:00+11:00,-33.682778,150.903611,pm25,µg/m³,36.7
7427,21611,Rouse Hill-7427,2020-03-10T07:00:00+11:00,-33.682778,150.903611,pm25,µg/m³,27.7
7427,21611,Rouse Hill-7427,2020-03-10T08:00:00+11:00,-33.682778,150.903611,pm25,µg/m³,2.1
7427,21611,Rouse Hill-7427,2020-03-10T09:00:00+11:00,-33.682778,150.903611,pm25,µg/m³,0.7
7427,21611,Rouse Hill-7427,2020-03-10T10:00:00+11:00,-33.682778,150.903611,pm25,µg/m³,7.3
7427,21611,Rouse Hill-7427,2020-03-10T11:00:00+11:00,-33.682778,150.903611,pm25,µg/m³,8.2
7427,21611,Rouse Hill-7427,2020-03-10T12:00:00+11:00,-33.682778,150.903611,pm25,µg/m³,0.0
7427,21611,Rouse Hill-7427,2020-03-10T13:00:00+11:00,-33.682778,150.903611,pm25,µg/m³,0.0
7427,21611,Rouse Hill-7427,2020-03-10T14:00:00+11:00,-33.682778,150.903611,pm25,µg/m³,0.1
7427,21611,Rouse Hill-7427,2020-03-10T15:00:00+11:00,-33.682778,150.903611,pm25,µg/m³,0.0
7427,21611,Rouse Hill-7427,2020-03-10T16:00:00+11:00,-33.682778,150.903611,pm25,µg/m³,0.0
7427,21611,Rouse Hill-7427,2020-03-10T17:00:00+11:00,-33.682778,150.903611,pm25,µg/m³,1.3
7427,21611,Rouse Hill-7427,2020-03-10T18:00:00+11:00,-33.682778,150.903611,pm25,µg/m³,0.2
7427,21611,Rouse Hill-7427,2020-03-10T19:00:00+11:00,-33.682778,150.903611,pm25,µg/m³,0.0
7427,21611,Rouse Hill-7427,2020-03-10T20:00:00+11:00,-33.682778,150.903611,pm25,µg/m³,4.0
7427,21611,Rouse Hill-7427,2020-03-10T21:00:00+11:00,-33.682778,150.903611,pm25,µg/m³,0.2
7427,21611,Rouse Hill-7427,2020-03-10T22:00:00+11:00,-33.682778,150.903611,pm25,µg/m³,1.9
7427,21611,Rouse Hill-7427,2020-03-10T23:00:00+11:00,-33.682778,150.903611,pm25,µg/m³,3.6
7427,25601,Rouse Hill-7427,2020-03-10T01:00:00+11:00,-33.682778,150.903611,no2,ppm,0.001
7427,25603,Rouse Hill-7427,2020-03-10T01:00:00+11:00,-33.682778,150.903611,so2,ppm,0.0
7427,25603,Rouse Hill-7427,2020-03-10T03:00:00+11:00,-33.682778,150.903611,so2,ppm,0.0
7427,25603,Rouse Hill-7427,2020-03-10T04:00:00+11:00,-33.682778,150.903611,so2,ppm,0.0
7427,25603,Rouse Hill-7427,2020-03-10T05:00:00+11:00,-33.682778,150.903611,so2,ppm,0.0
7427,25603,Rouse Hill-7427,2020-03-10T06:00:00+11:00,-33.682778,150.903611,so2,ppm,0.0
7427,25603,Rouse Hill-7427,2020-03-10T07:00:00+11:00,-33.682778,150.903611,so2,ppm,0.0
7427,25601,Rouse Hill-7427,2020-03-10T03:00:00+11:00,-33.682778,150.903611,no2,ppm,0.004
7427,25603,Rouse Hill-7427,2020-03-10T08:00:00+11:00,-33.682778,150.903611,so2,ppm,0.0
7427,25603,Rouse Hill-7427,2020-03-10T09:00:00+11:00,-33.682778,150.903611,so2,ppm,0.001
7427,25601,Rouse Hill-7427,2020-03-10T04:00:00+11:00,-33.682778,150.903611,no2,ppm,0.003
7427,25603,Rouse Hill-7427,2020-03-10T10:00:00+11:00,-33.682778,150.903611,so2,ppm,0.001
7427,25603,Rouse Hill-7427,2020-03-10T11:00:00+11:00,-33.682778,150.903611,so2,ppm,0.0
7427,25601,Rouse Hill-7427,2020-03-10T05:00:00+11:00,-33.682778,150.903611,no2,ppm,0.004
7427,25603,Rouse Hill-7427,2020-03-10T12:00:00+11:00,-33.682778,150.903611,so2,ppm,0.0
7427,25603,Rouse Hill-7427,2020-03-10T13:00:00+11:00,-33.682778,150.903611,so2,ppm,0.0
7427,25601,Rouse Hill-7427,2020-03-10T06:00:00+11:00,-33.682778,150.903611,no2,ppm,0.006
7427,25603,Rouse Hill-7427,2020-03-10T14:00:00+11:00,-33.682778,150.903611,so2,ppm,0.0
7427,25603,Rouse Hill-7427,2020-03-10T15:00:00+11:00,-33.682778,150.903611,so2,ppm,0.0
7427,25601,Rouse Hill-7427,2020-03-10T07:00:00+11:00,-33.682778,150.903611,no2,ppm,0.012
7427,25603,Rouse Hill-7427,2020-03-10T16:00:00+11:00,-33.682778,150.903611,so2,ppm,0.0
7427,25603,Rouse Hill-7427,2020-03-10T17:00:00+11:00,-33.682778,150.903611,so2,ppm,0.0
7427,25601,Rouse Hill-7427,2020-03-10T08:00:00+11:00,-33.682778,150.903611,no2,ppm,0.014
7427,25603,Rouse Hill-7427,2020-03-10T18:00:00+11:00,-33.682778,150.903611,so2,ppm,0.0
7427,25603,Rouse Hill-7427,2020-03-10T19:00:00+11:00,-33.682778,150.903611,so2,ppm,0.0
7427,25601,Rouse Hill-7427,2020-03-10T09:00:00+11:00,-33.682778,150.903611,no2,ppm,0.013
7427,25603,Rouse Hill-7427,2020-03-10T20:00:00+11:00,-33.682778,150.903611,so2,ppm,0.0
7427,25603,Rouse Hill-7427,2020-03-10T21:00:00+11:00,-33.682778,150.903611,so2,ppm,0.0
7427,25601,Rouse Hill-7427,2020-03-10T10:00:00+11:00,-33.682778,150.903611,no2,ppm,0.012
7427,25603,Rouse Hill-7427,2020-03-10T22:00:00+11:00,-33.682778,150.903611,so2,ppm,0.0
7427,25603,Rouse Hill-7427,2020-03-10T23:00:00+11:00,-33.682778,150.903611,so2,ppm,0.0
7427,25601,Rouse Hill-7427,2020-03-10T11:00:00+11:00,-33.682778,150.903611,no2,ppm,0.007
7427,25601,Rouse Hill-7427,2020-03-10T12:00:00+11:00,-33.682778,150.903611,no2,ppm,0.005
7427,25601,Rouse Hill-7427,2020-03-10T13:00:00+11:00,-33.682778,150.903611,no2,ppm,0.005
7427,25601,Rouse Hill-7427,2020-03-10T14:00:00+11:00,-33.682778,150.903611,no2,ppm,0.003
7427,25601,Rouse Hill-7427,2020-03-10T15:00:00+11:00,-33.682778,150.903611,no2,ppm,0.003
7427,25601,Rouse Hill-7427,2020-03-10T16:00:00+11:00,-33.682778,150.903611,no2,ppm,0.004
7427,25601,Rouse Hill-7427,2020-03-10T17:00:00+11:00,-33.682778,150.903611,no2,ppm,0.003
7427,25601,Rouse Hill-7427,2020-03-10T18:00:00+11:00,-33.682778,150.903611,no2,ppm,0.003
7427,25601,Rouse Hill-7427,2020-03-10T19:00:00+11:00,-33.682778,150.903611,no2,ppm,0.004
7427,25601,Rouse Hill-7427,2020-03-10T20:00:00+11:00,-33.682778,150.903611,no2,ppm,0.007
7427,25601,Rouse Hill-7427,2020-03-10T21:00:00+11:00,-33.682778,150.903611,no2,ppm,0.008
7427,25601,Rouse Hill-7427,2020-03-10T22:00:00+11:00,-33.682778,150.903611,no2,ppm,0.007
7427,25601,Rouse Hill-7427,2020-03-10T23:00:00+11:00,-33.682778,150.903611,no2,ppm,0.006
7427,28892,Rouse Hill-7427,2020-03-10T01:00:00+11:00,-33.682778,150.903611,co,ppm,0.2
7427,28892,Rouse Hill-7427,2020-03-10T02:00:00+11:00,-33.682778,150.903611,co,ppm,0.2
7427,28892,Rouse Hill-7427,2020-03-10T03:00:00+11:00,-33.682778,150.903611,co,ppm,0.2
7427,28892,Rouse Hill-7427,2020-03-10T04:00:00+11:00,-33.682778,150.903611,co,ppm,0.2
7427,28892,Rouse Hill-7427,2020-03-10T05:00:00+11:00,-33.682778,150.903611,co,ppm,0.2
7427,28892,Rouse Hill-7427,2020-03-10T06:00:00+11:00,-33.682778,150.903611,co,ppm,0.2
7427,28892,Rouse Hill-7427,2020-03-10T07:00:00+11:00,-33.682778,150.903611,co,ppm,0.2
7427,28892,Rouse Hill-7427,2020-03-10T08:00:00+11:00,-33.682778,150.903611,co,ppm,0.2
7427,28892,Rouse Hill-7427,2020-03-10T09:00:00+11:00,-33.682778,150.903611,co,ppm,0.2
7427,28892,Rouse Hill-7427,2020-03-10T10:00:00+11:00,-33.682778,150.903611,co,ppm,0.2
7427,28892,Rouse Hill-7427,2020-03-10T11:00:00+11:00,-33.682778,150.903611,co,ppm,0.2
7427,28892,Rouse Hill-7427,2020-03-10T12:00:00+11:00,-33.682778,150.903611,co,ppm,0.2
7427,28892,Rouse Hill-7427,2020-03-10T13:00:00+11:00,-33.682778,150.903611,co,ppm,0.2
7427,28892,Rouse Hill-7427,2020-03-10T14:00:00+11:00,-33.682778,150.903611,co,ppm,0.2
7427,28892,Rouse Hill-7427,2020-03-10T15:00:00+11:00,-33.682778,150.903611,co,ppm,0.2
7427,28892,Rouse Hill-7427,2020-03-10T16:00:00+11:00,-33.682778,150.903611,co,ppm,0.2
7427,28892,Rouse Hill-7427,2020-03-10T17:00:00+11:00,-33.682778,150.903611,co,ppm,0.1
7427,28892,Rouse Hill-7427,2020-03-10T18:00:00+11:00,-33.682778,150.903611,co,ppm,0.1
7427,28892,Rouse Hill-7427,2020-03-10T19:00:00+11:00,-33.682778,150.903611,co,ppm,0.1
7427,28892,Rouse Hill-7427,2020-03-10T20:00:00+11:00,-33.682778,150.903611,co,ppm,0.1
7427,28892,Rouse Hill-7427,2020-03-10T21:00:00+11:00,-33.682778,150.903611,co,ppm,0.1
7427,28892,Rouse Hill-7427,2020-03-10T22:00:00+11:00,-33.682778,150.903611,co,ppm,0.1
7427,28892,Rouse Hill-7427,2020-03-10T23:00:00+11:00,-33.682778,150.903611,co,ppm,0.1
7427,25602,Rouse Hill-7427,2020-03-10T01:00:00+11:00,-33.682778,150.903611,o3,ppm,0.015
7427,25602,Rouse Hill-7427,2020-03-10T02:00:00+11:00,-33.682778,150.903611,o3,ppm,0.016
7427,25602,Rouse Hill-7427,2020-03-10T03:00:00+11:00,-33.682778,150.903611,o3,ppm,0.007
7427,25602,Rouse Hill-7427,2020-03-10T04:00:00+11:00,-33.682778,150.903611,o3,ppm,0.006
7427,25602,Rouse Hill-7427,2020-03-10T05:00:00+11:00,-33.682778,150.903611,o3,ppm,0.006
7427,25602,Rouse Hill-7427,2020-03-10T06:00:00+11:00,-33.682778,150.903611,o3,ppm,0.004
7427,25602,Rouse Hill-7427,2020-03-10T07:00:00+11:00,-33.682778,150.903611,o3,ppm,0.001
7427,25602,Rouse Hill-7427,2020-03-10T08:00:00+11:00,-33.682778,150.903611,o3,ppm,0.001
7427,25602,Rouse Hill-7427,2020-03-10T09:00:00+11:00,-33.682778,150.903611,o3,ppm,0.005
7427,25602,Rouse Hill-7427,2020-03-10T10:00:00+11:00,-33.682778,150.903611,o3,ppm,0.01
7427,25602,Rouse Hill-7427,2020-03-10T11:00:00+11:00,-33.682778,150.903611,o3,ppm,0.017
7427,25602,Rouse Hill-7427,2020-03-10T12:00:00+11:00,-33.682778,150.903611,o3,ppm,0.019
7427,25602,Rouse Hill-7427,2020-03-10T13:00:00+11:00,-33.682778,150.903611,o3,ppm,0.021
7427,25602,Rouse Hill-7427,2020-03-10T14:00:00+11:00,-33.682778,150.903611,o3,ppm,0.024
7427,25602,Rouse Hill-7427,2020-03-10T15:00:00+11:00,-33.682778,150.903611,o3,ppm,0.028
7427,25602,Rouse Hill-7427,2020-03-10T16:00:00+11:00,-33.682778,150.903611,o3,ppm,0.027
7427,25602,Rouse Hill-7427,2020-03-10T17:00:00+11:00,-33.682778,150.903611,o3,ppm,0.025
7427,25602,Rouse Hill-7427,2020-03-10T18:00:00+11:00,-33.682778,150.903611,o3,ppm,0.018
7427,25602,Rouse Hill-7427,2020-03-10T19:00:00+11:00,-33.682778,150.903611,o3,ppm,0.016
7427,25602,Rouse Hill-7427,2020-03-10T20:00:00+11:00,-33.682778,150.903611,o3,ppm,0.011
7427,25602,Rouse Hill-7427,2020-03-10T21:00:00+11:00,-33.682778,150.903611,o3,ppm,0.009
7427,25602,Rouse Hill-7427,2020-03-10T22:00:00+11:00,-33.682778,150.903611,o3,ppm,0.009
7427,25602,Rouse Hill-7427,2020-03-10T23:00:00+11:00,-33.682778,150.903611,o3,ppm,0.007
7427,21612,Rouse Hill-7427,2020-03-11T01:00:00+11:00,-33.682778,150.903611,pm10,µg/m³,17.6
7427,21612,Rouse Hill-7427,2020-03-11T02:00:00+11:00,-33.682778,150.903611,pm10,µg/m³,20.2
7427,21612,Rouse Hill-7427,2020-03-11T03:00:00+11:00,-33.682778,150.903611,pm10,µg/m³,15.4
7427,21612,Rouse Hill-7427,2020-03-11T04:00:00+11:00,-33.682778,150.903611,pm10,µg/m³,12.0
7427,21612,Rouse Hill-7427,2020-03-11T05:00:00+11:00,-33.682778,150.903611,pm10,µg/m³,11.8
7427,21612,Rouse Hill-7427,2020-03-11T06:00:00+11:00,-33.682778,150.903611,pm10,µg/m³,10.6
7427,21612,Rouse Hill-7427,2020-03-11T07:00:00+11:00,-33.682778,150.903611,pm10,µg/m³,21.7
7427,21612,Rouse Hill-7427,2020-03-11T08:00:00+11:00,-33.682778,150.903611,pm10,µg/m³,17.6
7427,21612,Rouse Hill-7427,2020-03-11T09:00:00+11:00,-33.682778,150.903611,pm10,µg/m³,24.3
7427,21612,Rouse Hill-7427,2020-03-11T10:00:00+11:00,-33.682778,150.903611,pm10,µg/m³,16.0
7427,21612,Rouse Hill-7427,2020-03-11T11:00:00+11:00,-33.682778,150.903611,pm10,µg/m³,5.3
7427,21612,Rouse Hill-7427,2020-03-11T12:00:00+11:00,-33.682778,150.903611,pm10,µg/m³,9.7
7427,21612,Rouse Hill-7427,2020-03-11T14:00:00+11:00,-33.682778,150.903611,pm10,µg/m³,8.1
7427,21612,Rouse Hill-7427,2020-03-11T15:00:00+11:00,-33.682778,150.903611,pm10,µg/m³,9.7
7427,21612,Rouse Hill-7427,2020-03-11T16:00:00+11:00,-33.682778,150.903611,pm10,µg/m³,9.4
7427,21612,Rouse Hill-7427,2020-03-11T17:00:00+11:00,-33.682778,150.903611,pm10,µg/m³,10.4
7427,21612,Rouse Hill-7427,2020-03-11T18:00:00+11:00,-33.682778,150.903611,pm10,µg/m³,11.4
7427,21612,Rouse Hill-7427,2020-03-11T19:00:00+11:00,-33.682778,150.903611,pm10,µg/m³,9.4
7427,21612,Rouse Hill-7427,2020-03-11T20:00:00+11:00,-33.682778,150.903611,pm10,µg/m³,11.9
7427,21612,Rouse Hill-7427,2020-03-11T21:00:00+11:00,-33.682778,150.903611,pm10,µg/m³,11.5
7427,21612,Rouse Hill-7427,2020-03-11T22:00:00+11:00,-33.682778,150.903611,pm10,µg/m³,9.2
7427,21612,Rouse Hill-7427,2020-03-11T23:00:00+11:00,-33.682778,150.903611,pm10,µg/m³,8.5
7427,21611,Rouse Hill-7427,2020-03-11T01:00:00+11:00,-33.682778,150.903611,pm25,µg/m³,4.0
7427,21611,Rouse Hill-7427,2020-03-11T02:00:00+11:00,-33.682778,150.903611,pm25,µg/m³,4.9
7427,21611,Rouse Hill-7427,2020-03-11T03:00:00+11:00,-33.682778,150.903611,pm25,µg/m³,4.7
7427,21611,Rouse Hill-7427,2020-03-11T04:00:00+11:00,-33.682778,150.903611,pm25,µg/m³,5.7
7427,21611,Rouse Hill-7427,2020-03-11T05:00:00+11:00,-33.682778,150.903611,pm25,µg/m³,3.2
7427,21611,Rouse Hill-7427,2020-03-11T06:00:00+11:00,-33.682778,150.903611,pm25,µg/m³,2.0
7427,21611,Rouse Hill-7427,2020-03-11T07:00:00+11:00,-33.682778,150.903611,pm25,µg/m³,2.0
7427,21611,Rouse Hill-7427,2020-03-11T08:00:00+11:00,-33.682778,150.903611,pm25,µg/m³,6.2
7427,21611,Rouse Hill-7427,2020-03-11T09:00:00+11:00,-33.682778,150.903611,pm25,µg/m³,5.9
7427,21611,Rouse Hill-7427,2020-03-11T10:00:00+11:00,-33.682778,150.903611,pm25,µg/m³,5.1
7427,21611,Rouse Hill-7427,2020-03-11T11:00:00+11:00,-33.682778,150.903611,pm25,µg/m³,1.1
7427,21611,Rouse Hill-7427,2020-03-11T12:00:00+11:00,-33.682778,150.903611,pm25,µg/m³,0.0
7427,21611,Rouse Hill-7427,2020-03-11T14:00:00+11:00,-33.682778,150.903611,pm25,µg/m³,5.7
7427,21611,Rouse Hill-7427,2020-03-11T15:00:00+11:00,-33.682778,150.903611,pm25,µg/m³,1.5
7427,21611,Rouse Hill-7427,2020-03-11T16:00:00+11:00,-33.682778,150.903611,pm25,µg/m³,1.6
7427,21611,Rouse Hill-7427,2020-03-11T17:00:00+11:00,-33.682778,150.903611,pm25,µg/m³,0.0
7427,21611,Rouse Hill-7427,2020-03-11T18:00:00+11:00,-33.682778,150.903611,pm25,µg/m³,0.0
7427,21611,Rouse Hill-7427,2020-03-11T19:00:00+11:00,-33.682778,150.903611,pm25,µg/m³,0.0
7427,21611,Rouse Hill-7427,2020-03-11T20:00:00+11:00,-33.682778,150.903611,pm25,µg/m³,4.6
7427,21611,Rouse Hill-7427,2020-03-11T21:00:00+11:00,-33.682778,150.903611,pm25,µg/m³,2.3
7427,21611,Rouse Hill-7427,2020-03-11T22:00:00+11:00,-33.682778,150.903611,pm25,µg/m³,4.5
7427,21611,Rouse Hill-7427,2020-03-11T23:00:00+11:00,-33.682778,150.903611,pm25,µg/m³,4.1
7427,25601,Rouse Hill-7427,2020-03-11T01:00:00+11:00,-33.682778,150.903611,no2,ppm,0.015
7427,25601,Rouse Hill-7427,2020-03-11T03:00:00+11:00,-33.682778,150.903611,no2,ppm,0.01
7427,25601,Rouse Hill-7427,2020-03-11T04:00:00+11:00,-33.682778,150.903611,no2,ppm,0.008
7427,25601,Rouse Hill-7427,2020-03-11T05:00:00+11:00,-33.682778,150.903611,no2,ppm,0.007
7427,25601,Rouse Hill-7427,2020-03-11T06:00:00+11:00,-33.682778,150.903611,no2,ppm,0.006
7427,25601,Rouse Hill-7427,2020-03-11T08:00:00+11:00,-33.682778,150.903611,no2,ppm,0.011
7427,25601,Rouse Hill-7427,2020-03-11T09:00:00+11:00,-33.682778,150.903611,no2,ppm,0.012
7427,25601,Rouse Hill-7427,2020-03-11T10:00:00+11:00,-33.682778,150.903611,no2,ppm,0.01
7427,25601,Rouse Hill-7427,2020-03-11T11:00:00+11:00,-33.682778,150.903611,no2,ppm,0.006
7427,25601,Rouse Hill-7427,2020-03-11T12:00:00+11:00,-33.682778,150.903611,no2,ppm,0.007
7427,25601,Rouse Hill-7427,2020-03-11T14:00:00+11:00,-33.682778,150.903611,no2,ppm,0.003
7427,25601,Rouse Hill-7427,2020-03-11T15:00:00+11:00,-33.682778,150.903611,no2,ppm,0.002
7427,25601,Rouse Hill-7427,2020-03-11T16:00:00+11:00,-33.682778,150.903611,no2,ppm,0.002
7427,25601,Rouse Hill-7427,2020-03-11T17:00:00+11:00,-33.682778,150.903611,no2,ppm,0.002
7427,25601,Rouse Hill-7427,2020-03-11T18:00:00+11:00,-33.682778,150.903611,no2,ppm,0.001
7427,25601,Rouse Hill-7427,2020-03-11T19:00:00+11:00,-33.682778,150.903611,no2,ppm,0.003
7427,25601,Rouse Hill-7427,2020-03-11T20:00:00+11:00,-33.682778,150.903611,no2,ppm,0.006
7427,25601,Rouse Hill-7427,2020-03-11T21:00:00+11:00,-33.682778,150.903611,no2,ppm,0.008
7427,25601,Rouse Hill-7427,2020-03-11T22:00:00+11:00,-33.682778,150.903611,no2,ppm,0.004
7427,25601,Rouse Hill-7427,2020-03-11T23:00:00+11:00,-33.682778,150.903611,no2,ppm,0.004
7427,28892,Rouse Hill-7427,2020-03-11T01:00:00+11:00,-33.682778,150.903611,co,ppm,0.2
7427,28892,Rouse Hill-7427,2020-03-11T02:00:00+11:00,-33.682778,150.903611,co,ppm,0.2
7427,28892,Rouse Hill-7427,2020-03-11T03:00:00+11:00,-33.682778,150.903611,co,ppm,0.2
7427,28892,Rouse Hill-7427,2020-03-11T04:00:00+11:00,-33.682778,150.903611,co,ppm,0.2
7427,28892,Rouse Hill-7427,2020-03-11T05:00:00+11:00,-33.682778,150.903611,co,ppm,0.2
7427,28892,Rouse Hill-7427,2020-03-11T06:00:00+11:00,-33.682778,150.903611,co,ppm,0.2
7427,28892,Rouse Hill-7427,2020-03-11T07:00:00+11:00,-33.682778,150.903611,co,ppm,0.2
7427,28892,Rouse Hill-7427,2020-03-11T08:00:00+11:00,-33.682778,150.903611,co,ppm,0.2
7427,28892,Rouse Hill-7427,2020-03-11T09:00:00+11:00,-33.682778,150.903611,co,ppm,0.2
7427,28892,Rouse Hill-7427,2020-03-11T10:00:00+11:00,-33.682778,150.903611,co,ppm,0.2
7427,28892,Rouse Hill-7427,2020-03-11T11:00:00+11:00,-33.682778,150.903611,co,ppm,0.2
7427,28892,Rouse Hill-7427,2020-03-11T12:00:00+11:00,-33.682778,150.903611,co,ppm,0.2
7427,28892,Rouse Hill-7427,2020-03-11T14:00:00+11:00,-33.682778,150.903611,co,ppm,0.2
7427,28892,Rouse Hill-7427,2020-03-11T15:00:00+11:00,-33.682778,150.903611,co,ppm,0.2
7427,28892,Rouse Hill-7427,2020-03-11T16:00:00+11:00,-33.682778,150.903611,co,ppm,0.2
7427,28892,Rouse Hill-7427,2020-03-11T17:00:00+11:00,-33.682778,150.903611,co,ppm,0.1
7427,28892,Rouse Hill-7427,2020-03-11T18:00:00+11:00,-33.682778,150.903611,co,ppm,0.1
7427,28892,Rouse Hill-7427,2020-03-11T19:00:00+11:00,-33.682778,150.903611,co,ppm,0.1
7427,28892,Rouse Hill-7427,2020-03-11T20:00:00+11:00,-33.682778,150.903611,co,ppm,0.1
7427,28892,Rouse Hill-7427,2020-03-11T21:00:00+11:00,-33.682778,150.903611,co,ppm,0.1
7427,28892,Rouse Hill-7427,2020-03-11T22:00:00+11:00,-33.682778,150.903611,co,ppm,0.1
7427,28892,Rouse Hill-7427,2020-03-11T23:00:00+11:00,-33.682778,150.903611,co,ppm,0.1
7427,25603,Rouse Hill-7427,2020-03-11T01:00:00+11:00,-33.682778,150.903611,so2,ppm,0.0
7427,25603,Rouse Hill-7427,2020-03-11T03:00:00+11:00,-33.682778,150.903611,so2,ppm,0.0
7427,25603,Rouse Hill-7427,2020-03-11T04:00:00+11:00,-33.682778,150.903611,so2,ppm,0.0
7427,25603,Rouse Hill-7427,2020-03-11T05:00:00+11:00,-33.682778,150.903611,so2,ppm,0.0
7427,25603,Rouse Hill-7427,2020-03-11T06:00:00+11:00,-33.682778,150.903611,so2,ppm,0.0
7427,25603,Rouse Hill-7427,2020-03-11T07:00:00+11:00,-33.682778,150.903611,so2,ppm,0.0
7427,25603,Rouse Hill-7427,2020-03-11T08:00:00+11:00,-33.682778,150.903611,so2,ppm,0.001
7427,25603,Rouse Hill-7427,2020-03-11T09:00:00+11:00,-33.682778,150.903611,so2,ppm,0.001
7427,25603,Rouse Hill-7427,2020-03-11T10:00:00+11:00,-33.682778,150.903611,so2,ppm,0.0
7427,25603,Rouse Hill-7427,2020-03-11T11:00:00+11:00,-33.682778,150.903611,so2,ppm,0.0
7427,25603,Rouse Hill-7427,2020-03-11T12:00:00+11:00,-33.682778,150.903611,so2,ppm,0.0
7427,25603,Rouse Hill-7427,2020-03-11T14:00:00+11:00,-33.682778,150.903611,so2,ppm,0.0
7427,25603,Rouse Hill-7427,2020-03-11T15:00:00+11:00,-33.682778,150.903611,so2,ppm,0.0
7427,25603,Rouse Hill-7427,2020-03-11T16:00:00+11:00,-33.682778,150.903611,so2,ppm,0.0
7427,25603,Rouse Hill-7427,2020-03-11T17:00:00+11:00,-33.682778,150.903611,so2,ppm,0.0
7427,25603,Rouse Hill-7427,2020-03-11T18:00:00+11:00,-33.682778,150.903611,so2,ppm,0.0
7427,25603,Rouse Hill-7427,2020-03-11T19:00:00+11:00,-33.682778,150.903611,so2,ppm,0.0
7427,25603,Rouse Hill-7427,2020-03-11T20:00:00+11:00,-33.682778,150.903611,so2,ppm,0.0
7427,25603,Rouse Hill-7427,2020-03-11T21:00:00+11:00,-33.682778,150.903611,so2,ppm,0.0
7427,25603,Rouse Hill-7427,2020-03-11T22:00:00+11:00,-33.682778,150.903611,so2,ppm,0.0
7427,25603,Rouse Hill-7427,2020-03-11T23:00:00+11:00,-33.682778,150.903611,so2,ppm,0.0
7427,25602,Rouse Hill-7427,2020-03-11T01:00:00+11:00,-33.682778,150.903611,o3,ppm,0.0
7427,25602,Rouse Hill-7427,2020-03-11T02:00:00+11:00,-33.682778,150.903611,o3,ppm,0.003
7427,25602,Rouse Hill-7427,2020-03-11T03:00:00+11:00,-33.682778,150.903611,o3,ppm,0.0
7427,25602,Rouse Hill-7427,2020-03-11T04:00:00+11:00,-33.682778,150.903611,o3,ppm,0.0
7427,25602,Rouse Hill-7427,2020-03-11T05:00:00+11:00,-33.682778,150.903611,o3,ppm,0.0
7427,25602,Rouse Hill-7427,2020-03-11T06:00:00+11:00,-33.682778,150.903611,o3,ppm,0.0
7427,25602,Rouse Hill-7427,2020-03-11T07:00:00+11:00,-33.682778,150.903611,o3,ppm,0.001
7427,25602,Rouse Hill-7427,2020-03-11T08:00:00+11:00,-33.682778,150.903611,o3,ppm,0.003
7427,25602,Rouse Hill-7427,2020-03-11T09:00:00+11:00,-33.682778,150.903611,o3,ppm,0.005
7427,25602,Rouse Hill-7427,2020-03-11T10:00:00+11:00,-33.682778,150.903611,o3,ppm,0.01
7427,25602,Rouse Hill-7427,2020-03-11T11:00:00+11:00,-33.682778,150.903611,o3,ppm,0.018
7427,25602,Rouse Hill-7427,2020-03-11T12:00:00+11:00,-33.682778,150.903611,o3,ppm,0.02
7427,25602,Rouse Hill-7427,2020-03-11T14:00:00+11:00,-33.682778,150.903611,o3,ppm,0.024
7427,25602,Rouse Hill-7427,2020-03-11T15:00:00+11:00,-33.682778,150.903611,o3,ppm,0.023
7427,25602,Rouse Hill-7427,2020-03-11T16:00:00+11:00,-33.682778,150.903611,o3,ppm,0.023
7427,25602,Rouse Hill-7427,2020-03-11T17:00:00+11:00,-33.682778,150.903611,o3,ppm,0.023
7427,25602,Rouse Hill-7427,2020-03-11T18:00:00+11:00,-33.682778,150.903611,o3,ppm,0.021
7427,25602,Rouse Hill-7427,2020-03-11T19:00:00+11:00,-33.682778,150.903611,o3,ppm,0.017
7427,25602,Rouse Hill-7427,2020-03-11T20:00:00+11:00,-33.682778,150.903611,o3,ppm,0.013
7427,25602,Rouse Hill-7427,2020-03-11T21:00:00+11:00,-33.682778,150.903611,o3,ppm,0.01
7427,25602,Rouse Hill-7427,2020-03-11T22:00:00+11:00,-33.682778,150.903611,o3,ppm,0.012
7427,25602,Rouse Hill-7427,2020-03-11T23:00:00+11:00,-33.682778,150.903611,o3,ppm,0.01
7427,21612,Rouse Hill-7427,2020-03-12T01:00:00+11:00,-33.682778,150.903611,pm10,µg/m³,7.6
7427,21612,Rouse Hill-7427,2020-03-12T02:00:00+11:00,-33.682778,150.903611,pm10,µg/m³,1.9
7427,21612,Rouse Hill-7427,2020-03-12T03:00:00+11:00,-33.682778,150.903611,pm10,µg/m³,1.8
7427,21612,Rouse Hill-7427,2020-03-12T04:00:00+11:00,-33.682778,150.903611,pm10,µg/m³,4.9
7427,21612,Rouse Hill-7427,2020-03-12T05:00:00+11:00,-33.682778,150.903611,pm10,µg/m³,6.5
7427,21612,Rouse Hill-7427,2020-03-12T06:00:00+11:00,-33.682778,150.903611,pm10,µg/m³,14.6
7427,21612,Rouse Hill-7427,2020-03-12T07:00:00+11:00,-33.682778,150.903611,pm10,µg/m³,19.4
7427,21612,Rouse Hill-7427,2020-03-12T08:00:00+11:00,-33.682778,150.903611,pm10,µg/m³,30.0
7427,21612,Rouse Hill-7427,2020-03-12T09:00:00+11:00,-33.682778,150.903611,pm10,µg/m³,31.8
7427,21612,Rouse Hill-7427,2020-03-12T13:00:00+11:00,-33.682778,150.903611,pm10,µg/m³,5.2
7427,21612,Rouse Hill-7427,2020-03-12T14:00:00+11:00,-33.682778,150.903611,pm10,µg/m³,12.8
7427,21612,Rouse Hill-7427,2020-03-12T15:00:00+11:00,-33.682778,150.903611,pm10,µg/m³,12.2
7427,21612,Rouse Hill-7427,2020-03-12T16:00:00+11:00,-33.682778,150.903611,pm10,µg/m³,9.4
7427,21611,Rouse Hill-7427,2020-03-12T01:00:00+11:00,-33.682778,150.903611,pm25,µg/m³,2.7
7427,21611,Rouse Hill-7427,2020-03-12T02:00:00+11:00,-33.682778,150.903611,pm25,µg/m³,2.0
7427,21611,Rouse Hill-7427,2020-03-12T03:00:00+11:00,-33.682778,150.903611,pm25,µg/m³,1.1
7427,21611,Rouse Hill-7427,2020-03-12T04:00:00+11:00,-33.682778,150.903611,pm25,µg/m³,1.6
7427,21611,Rouse Hill-7427,2020-03-12T05:00:00+11:00,-33.682778,150.903611,pm25,µg/m³,0.0
7427,21611,Rouse Hill-7427,2020-03-12T06:00:00+11:00,-33.682778,150.903611,pm25,µg/m³,0.0
7427,21611,Rouse Hill-7427,2020-03-12T07:00:00+11:00,-33.682778,150.903611,pm25,µg/m³,1.7
7427,21611,Rouse Hill-7427,2020-03-12T08:00:00+11:00,-33.682778,150.903611,pm25,µg/m³,4.2
7427,21611,Rouse Hill-7427,2020-03-12T09:00:00+11:00,-33.682778,150.903611,pm25,µg/m³,9.6
7427,25601,Rouse Hill-7427,2020-03-12T01:00:00+11:00,-33.682778,150.903611,no2,ppm,0.002
7427,25601,Rouse Hill-7427,2020-03-12T03:00:00+11:00,-33.682778,150.903611,no2,ppm,0.0
7427,25601,Rouse Hill-7427,2020-03-12T04:00:00+11:00,-33.682778,150.903611,no2,ppm,0.001
7427,25601,Rouse Hill-7427,2020-03-12T05:00:00+11:00,-33.682778,150.903611,no2,ppm,0.003
7427,25601,Rouse Hill-7427,2020-03-12T06:00:00+11:00,-33.682778,150.903611,no2,ppm,0.007
7427,25601,Rouse Hill-7427,2020-03-12T07:00:00+11:00,-33.682778,150.903611,no2,ppm,0.008
7427,25601,Rouse Hill-7427,2020-03-12T08:00:00+11:00,-33.682778,150.903611,no2,ppm,0.011
7427,25601,Rouse Hill-7427,2020-03-12T09:00:00+11:00,-33.682778,150.903611,no2,ppm,0.017
7427,25601,Rouse Hill-7427,2020-03-12T12:00:00+11:00,-33.682778,150.903611,no2,ppm,0.004
7427,25601,Rouse Hill-7427,2020-03-12T13:00:00+11:00,-33.682778,150.903611,no2,ppm,0.001
7427,25601,Rouse Hill-7427,2020-03-12T14:00:00+11:00,-33.682778,150.903611,no2,ppm,0.001
7427,25601,Rouse Hill-7427,2020-03-12T15:00:00+11:00,-33.682778,150.903611,no2,ppm,0.001
7427,25601,Rouse Hill-7427,2020-03-12T16:00:00+11:00,-33.682778,150.903611,no2,ppm,0.001
7427,25601,Rouse Hill-7427,2020-03-12T17:00:00+11:00,-33.682778,150.903611,no2,ppm,0.0
7427,25601,Rouse Hill-7427,2020-03-12T18:00:00+11:00,-33.682778,150.903611,no2,ppm,0.0
7427,25601,Rouse Hill-7427,2020-03-12T19:00:00+11:00,-33.682778,150.903611,no2,ppm,0.001
7427,25601,Rouse Hill-7427,2020-03-12T20:00:00+11:00,-33.682778,150.903611,no2,ppm,0.002
7427,25601,Rouse Hill-7427,2020-03-12T21:00:00+11:00,-33.682778,150.903611,no2,ppm,0.002
7427,25601,Rouse Hill-7427,2020-03-12T22:00:00+11:00,-33.682778,150.903611,no2,ppm,0.0
7427,25601,Rouse Hill-7427,2020-03-12T23:00:00+11:00,-33.682778,150.903611,no2,ppm,0.001
7427,28892,Rouse Hill-7427,2020-03-12T01:00:00+11:00,-33.682778,150.903611,co,ppm,0.2
7427,28892,Rouse Hill-7427,2020-03-12T02:00:00+11:00,-33.682778,150.903611,co,ppm,0.2
7427,28892,Rouse Hill-7427,2020-03-12T03:00:00+11:00,-33.682778,150.903611,co,ppm,0.2
7427,28892,Rouse Hill-7427,2020-03-12T04:00:00+11:00,-33.682778,150.903611,co,ppm,0.2
7427,28892,Rouse Hill-7427,2020-03-12T05:00:00+11:00,-33.682778,150.903611,co,ppm,0.1
7427,28892,Rouse Hill-7427,2020-03-12T06:00:00+11:00,-33.682778,150.903611,co,ppm,0.2
7427,28892,Rouse Hill-7427,2020-03-12T07:00:00+11:00,-33.682778,150.903611,co,ppm,0.2
7427,28892,Rouse Hill-7427,2020-03-12T08:00:00+11:00,-33.682778,150.903611,co,ppm,0.2
7427,28892,Rouse Hill-7427,2020-03-12T09:00:00+11:00,-33.682778,150.903611,co,ppm,0.2
7427,28892,Rouse Hill-7427,2020-03-12T12:00:00+11:00,-33.682778,150.903611,co,ppm,0.1
7427,28892,Rouse Hill-7427,2020-03-12T18:00:00+11:00,-33.682778,150.903611,co,ppm,0.1
7427,28892,Rouse Hill-7427,2020-03-12T19:00:00+11:00,-33.682778,150.903611,co,ppm,0.1
7427,28892,Rouse Hill-7427,2020-03-12T20:00:00+11:00,-33.682778,150.903611,co,ppm,0.1
7427,28892,Rouse Hill-7427,2020-03-12T21:00:00+11:00,-33.682778,150.903611,co,ppm,0.1
7427,28892,Rouse Hill-7427,2020-03-12T22:00:00+11:00,-33.682778,150.903611,co,ppm,0.1
7427,28892,Rouse Hill-7427,2020-03-12T23:00:00+11:00,-33.682778,150.903611,co,ppm,0.1
7427,25603,Rouse Hill-7427,2020-03-12T01:00:00+11:00,-33.682778,150.903611,so2,ppm,0.0
7427,25603,Rouse Hill-7427,2020-03-12T03:00:00+11:00,-33.682778,150.903611,so2,ppm,0.0
7427,25603,Rouse Hill-7427,2020-03-12T04:00:00+11:00,-33.682778,150.903611,so2,ppm,0.0
7427,25603,Rouse Hill-7427,2020-03-12T05:00:00+11:00,-33.682778,150.903611,so2,ppm,0.0
7427,25603,Rouse Hill-7427,2020-03-12T06:00:00+11:00,-33.682778,150.903611,so2,ppm,0.0
7427,25603,Rouse Hill-7427,2020-03-12T07:00:00+11:00,-33.682778,150.903611,so2,ppm,0.0
7427,25603,Rouse Hill-7427,2020-03-12T08:00:00+11:00,-33.682778,150.903611,so2,ppm,0.001
7427,25603,Rouse Hill-7427,2020-03-12T09:00:00+11:00,-33.682778,150.903611,so2,ppm,0.001
7427,25603,Rouse Hill-7427,2020-03-12T12:00:00+11:00,-33.682778,150.903611,so2,ppm,0.0
7427,25603,Rouse Hill-7427,2020-03-12T13:00:00+11:00,-33.682778,150.903611,so2,ppm,0.0
7427,25603,Rouse Hill-7427,2020-03-12T14:00:00+11:00,-33.682778,150.903611,so2,ppm,0.0
7427,25603,Rouse Hill-7427,2020-03-12T15:00:00+11:00,-33.682778,150.903611,so2,ppm,0.0
7427,25603,Rouse Hill-7427,2020-03-12T16:00:00+11:00,-33.682778,150.903611,so2,ppm,0.0
7427,25603,Rouse Hill-7427,2020-03-12T17:00:00+11:00,-33.682778,150.903611,so2,ppm,0.0
7427,25603,Rouse Hill-7427,2020-03-12T18:00:00+11:00,-33.682778,150.903611,so2,ppm,0.0
7427,25603,Rouse Hill-7427,2020-03-12T19:00:00+11:00,-33.682778,150.903611,so2,ppm,0.0
7427,25603,Rouse Hill-7427,2020-03-12T20:00:00+11:00,-33.682778,150.903611,so2,ppm,0.0
7427,25603,Rouse Hill-7427,2020-03-12T21:00:00+11:00,-33.682778,150.903611,so2,ppm,0.0
7427,25603,Rouse Hill-7427,2020-03-12T22:00:00+11:00,-33.682778,150.903611,so2,ppm,0.0
7427,25603,Rouse Hill-7427,2020-03-12T23:00:00+11:00,-33.682778,150.903611,so2,ppm,0.0
7427,25602,Rouse Hill-7427,2020-03-12T01:00:00+11:00,-33.682778,150.903611,o3,ppm,0.011
7427,25602,Rouse Hill-7427,2020-03-12T02:00:00+11:00,-33.682778,150.903611,o3,ppm,0.009
7427,25602,Rouse Hill-7427,2020-03-12T03:00:00+11:00,-33.682778,150.903611,o3,ppm,0.015
7427,25602,Rouse Hill-7427,2020-03-12T04:00:00+11:00,-33.682778,150.903611,o3,ppm,0.011
7427,25602,Rouse Hill-7427,2020-03-12T05:00:00+11:00,-33.682778,150.903611,o3,ppm,0.004
7427,25602,Rouse Hill-7427,2020-03-12T06:00:00+11:00,-33.682778,150.903611,o3,ppm,0.0
7427,25602,Rouse Hill-7427,2020-03-12T07:00:00+11:00,-33.682778,150.903611,o3,ppm,0.0
7427,25602,Rouse Hill-7427,2020-03-12T08:00:00+11:00,-33.682778,150.903611,o3,ppm,0.001
7427,25602,Rouse Hill-7427,2020-03-12T09:00:00+11:00,-33.682778,150.903611,o3,ppm,0.001
7427,25602,Rouse Hill-7427,2020-03-12T12:00:00+11:00,-33.682778,150.903611,o3,ppm,0.012
7427,25602,Rouse Hill-7427,2020-03-12T13:00:00+11:00,-33.682778,150.903611,o3,ppm,0.027
7427,25602,Rouse Hill-7427,2020-03-12T14:00:00+11:00,-33.682778,150.903611,o3,ppm,0.024
7427,25602,Rouse Hill-7427,2020-03-12T15:00:00+11:00,-33.682778,150.903611,o3,ppm,0.024
7427,25602,Rouse Hill-7427,2020-03-12T16:00:00+11:00,-33.682778,150.903611,o3,ppm,0.024
7427,25602,Rouse Hill-7427,2020-03-12T17:00:00+11:00,-33.682778,150.903611,o3,ppm,0.023
7427,25602,Rouse Hill-7427,2020-03-12T18:00:00+11:00,-33.682778,150.903611,o3,ppm,0.022
7427,25602,Rouse Hill-7427,2020-03-12T19:00:00+11:00,-33.682778,150.903611,o3,ppm,0.021
7427,25602,Rouse Hill-7427,2020-03-12T20:00:00+11:00,-33.682778,150.903611,o3,ppm,0.019
7427,25602,Rouse Hill-7427,2020-03-12T21:00:00+11:00,-33.682778,150.903611,o3,ppm,0.018
7427,25602,Rouse Hill-7427,2020-03-12T22:00:00+11:00,-33.682778,150.903611,o3,ppm,0.02
7427,25602,Rouse Hill-7427,2020-03-12T23:00:00+11:00,-33.682778,150.903611,o3,ppm,0.019
7427,21612,Rouse Hill-7427,2020-03-13T12:00:00+11:00,-33.682778,150.903611,pm10,µg/m³,7.1
7427,21612,Rouse Hill-7427,2020-03-13T16:00:00+11:00,-33.682778,150.903611,pm10,µg/m³,0.0
7427,21612,Rouse Hill-7427,2020-03-13T17:00:00+11:00,-33.682778,150.903611,pm10,µg/m³,4.1
7427,21612,Rouse Hill-7427,2020-03-13T18:00:00+11:00,-33.682778,150.903611,pm10,µg/m³,8.3
7427,21612,Rouse Hill-7427,2020-03-13T19:00:00+11:00,-33.682778,150.903611,pm10,µg/m³,6.5
7427,21612,Rouse Hill-7427,2020-03-13T20:00:00+11:00,-33.682778,150.903611,pm10,µg/m³,7.7
7427,21612,Rouse Hill-7427,2020-03-13T21:00:00+11:00,-33.682778,150.903611,pm10,µg/m³,8.4
7427,21612,Rouse Hill-7427,2020-03-13T22:00:00+11:00,-33.682778,150.903611,pm10,µg/m³,7.3
7427,21612,Rouse Hill-7427,2020-03-13T23:00:00+11:00,-33.682778,150.903611,pm10,µg/m³,7.7
7427,21611,Rouse Hill-7427,2020-03-13T12:00:00+11:00,-33.682778,150.903611,pm25,µg/m³,0.6
7427,21611,Rouse Hill-7427,2020-03-13T15:00:00+11:00,-33.682778,150.903611,pm25,µg/m³,1.4
7427,21611,Rouse Hill-7427,2020-03-13T16:00:00+11:00,-33.682778,150.903611,pm25,µg/m³,0.0
7427,21611,Rouse Hill-7427,2020-03-13T17:00:00+11:00,-33.682778,150.903611,pm25,µg/m³,0.7
7427,21611,Rouse Hill-7427,2020-03-13T18:00:00+11:00,-33.682778,150.903611,pm25,µg/m³,5.6
7427,21611,Rouse Hill-7427,2020-03-13T19:00:00+11:00,-33.682778,150.903611,pm25,µg/m³,5.7
7427,21611,Rouse Hill-7427,2020-03-13T20:00:00+11:00,-33.682778,150.903611,pm25,µg/m³,3.1
7427,21611,Rouse Hill-7427,2020-03-13T21:00:00+11:00,-33.682778,150.903611,pm25,µg/m³,5.7
7427,21611,Rouse Hill-7427,2020-03-13T22:00:00+11:00,-33.682778,150.903611,pm25,µg/m³,6.9
7427,21611,Rouse Hill-7427,2020-03-13T23:00:00+11:00,-33.682778,150.903611,pm25,µg/m³,5.4
7427,25601,Rouse Hill-7427,2020-03-13T01:00:00+11:00,-33.682778,150.903611,no2,ppm,0.007
7427,25601,Rouse Hill-7427,2020-03-13T03:00:00+11:00,-33.682778,150.903611,no2,ppm,0.003
7427,25601,Rouse Hill-7427,2020-03-13T04:00:00+11:00,-33.682778,150.903611,no2,ppm,0.001
7427,25601,Rouse Hill-7427,2020-03-13T05:00:00+11:00,-33.682778,150.903611,no2,ppm,0.001
7427,25601,Rouse Hill-7427,2020-03-13T06:00:00+11:00,-33.682778,150.903611,no2,ppm,0.007
7427,25601,Rouse Hill-7427,2020-03-13T07:00:00+11:00,-33.682778,150.903611,no2,ppm,0.008
7427,25601,Rouse Hill-7427,2020-03-13T08:00:00+11:00,-33.682778,150.903611,no2,ppm,0.008
7427,25601,Rouse Hill-7427,2020-03-13T09:00:00+11:00,-33.682778,150.903611,no2,ppm,0.009
7427,25601,Rouse Hill-7427,2020-03-13T10:00:00+11:00,-33.682778,150.903611,no2,ppm,0.007
7427,25601,Rouse Hill-7427,2020-03-13T11:00:00+11:00,-33.682778,150.903611,no2,ppm,0.002
7427,25601,Rouse Hill-7427,2020-03-13T12:00:00+11:00,-33.682778,150.903611,no2,ppm,0.0
7427,25601,Rouse Hill-7427,2020-03-13T13:00:00+11:00,-33.682778,150.903611,no2,ppm,0.0
7427,25601,Rouse Hill-7427,2020-03-13T14:00:00+11:00,-33.682778,150.903611,no2,ppm,0.0
7427,25601,Rouse Hill-7427,2020-03-13T15:00:00+11:00,-33.682778,150.903611,no2,ppm,0.0
7427,25601,Rouse Hill-7427,2020-03-13T16:00:00+11:00,-33.682778,150.903611,no2,ppm,0.0
7427,25601,Rouse Hill-7427,2020-03-13T17:00:00+11:00,-33.682778,150.903611,no2,ppm,0.001
7427,25601,Rouse Hill-7427,2020-03-13T18:00:00+11:00,-33.682778,150.903611,no2,ppm,0.002
7427,25601,Rouse Hill-7427,2020-03-13T19:00:00+11:00,-33.682778,150.903611,no2,ppm,0.002
7427,25601,Rouse Hill-7427,2020-03-13T20:00:00+11:00,-33.682778,150.903611,no2,ppm,0.003
7427,25601,Rouse Hill-7427,2020-03-13T21:00:00+11:00,-33.682778,150.903611,no2,ppm,0.011
7427,25601,Rouse Hill-7427,2020-03-13T22:00:00+11:00,-33.682778,150.903611,no2,ppm,0.012
7427,25601,Rouse Hill-7427,2020-03-13T23:00:00+11:00,-33.682778,150.903611,no2,ppm,0.009
7427,28892,Rouse Hill-7427,2020-03-13T01:00:00+11:00,-33.682778,150.903611,co,ppm,0.1
7427,28892,Rouse Hill-7427,2020-03-13T02:00:00+11:00,-33.682778,150.903611,co,ppm,0.2
7427,28892,Rouse Hill-7427,2020-03-13T03:00:00+11:00,-33.682778,150.903611,co,ppm,0.2
7427,28892,Rouse Hill-7427,2020-03-13T04:00:00+11:00,-33.682778,150.903611,co,ppm,0.2
7427,28892,Rouse Hill-7427,2020-03-13T05:00:00+11:00,-33.682778,150.903611,co,ppm,0.1
7427,28892,Rouse Hill-7427,2020-03-13T06:00:00+11:00,-33.682778,150.903611,co,ppm,0.2
7427,28892,Rouse Hill-7427,2020-03-13T07:00:00+11:00,-33.682778,150.903611,co,ppm,0.2
7427,28892,Rouse Hill-7427,2020-03-13T08:00:00+11:00,-33.682778,150.903611,co,ppm,0.2
7427,28892,Rouse Hill-7427,2020-03-13T09:00:00+11:00,-33.682778,150.903611,co,ppm,0.2
7427,28892,Rouse Hill-7427,2020-03-13T10:00:00+11:00,-33.682778,150.903611,co,ppm,0.2
7427,28892,Rouse Hill-7427,2020-03-13T11:00:00+11:00,-33.682778,150.903611,co,ppm,0.2
7427,28892,Rouse Hill-7427,2020-03-13T12:00:00+11:00,-33.682778,150.903611,co,ppm,0.2
7427,28892,Rouse Hill-7427,2020-03-13T13:00:00+11:00,-33.682778,150.903611,co,ppm,0.2
7427,28892,Rouse Hill-7427,2020-03-13T14:00:00+11:00,-33.682778,150.903611,co,ppm,0.2
7427,28892,Rouse Hill-7427,2020-03-13T15:00:00+11:00,-33.682778,150.903611,co,ppm,0.2
7427,28892,Rouse Hill-7427,2020-03-13T16:00:00+11:00,-33.682778,150.903611,co,ppm,0.1
7427,28892,Rouse Hill-7427,2020-03-13T17:00:00+11:00,-33.682778,150.903611,co,ppm,0.1
7427,28892,Rouse Hill-7427,2020-03-13T18:00:00+11:00,-33.682778,150.903611,co,ppm,0.1
7427,28892,Rouse Hill-7427,2020-03-13T19:00:00+11:00,-33.682778,150.903611,co,ppm,0.1
7427,28892,Rouse Hill-7427,2020-03-13T20:00:00+11:00,-33.682778,150.903611,co,ppm,0.1
7427,28892,Rouse Hill-7427,2020-03-13T21:00:00+11:00,-33.682778,150.903611,co,ppm,0.1
7427,28892,Rouse Hill-7427,2020-03-13T22:00:00+11:00,-33.682778,150.903611,co,ppm,0.1
7427,28892,Rouse Hill-7427,2020-03-13T23:00:00+11:00,-33.682778,150.903611,co,ppm,0.1
7427,25603,Rouse Hill-7427,2020-03-13T01:00:00+11:00,-33.682778,150.903611,so2,ppm,0.0
7427,25603,Rouse Hill-7427,2020-03-13T03:00:00+11:00,-33.682778,150.903611,so2,ppm,0.0
7427,25603,Rouse Hill-7427,2020-03-13T04:00:00+11:00,-33.682778,150.903611,so2,ppm,0.0
7427,25603,Rouse Hill-7427,2020-03-13T05:00:00+11:00,-33.682778,150.903611,so2,ppm,0.0
7427,25603,Rouse Hill-7427,2020-03-13T06:00:00+11:00,-33.682778,150.903611,so2,ppm,0.0
7427,25603,Rouse Hill-7427,2020-03-13T07:00:00+11:00,-33.682778,150.903611,so2,ppm,0.0
7427,25603,Rouse Hill-7427,2020-03-13T08:00:00+11:00,-33.682778,150.903611,so2,ppm,0.0
7427,25603,Rouse Hill-7427,2020-03-13T09:00:00+11:00,-33.682778,150.903611,so2,ppm,0.001
7427,25603,Rouse Hill-7427,2020-03-13T10:00:00+11:00,-33.682778,150.903611,so2,ppm,0.001
7427,25603,Rouse Hill-7427,2020-03-13T11:00:00+11:00,-33.682778,150.903611,so2,ppm,0.0
7427,25603,Rouse Hill-7427,2020-03-13T12:00:00+11:00,-33.682778,150.903611,so2,ppm,0.0
7427,25603,Rouse Hill-7427,2020-03-13T13:00:00+11:00,-33.682778,150.903611,so2,ppm,0.0
7427,25603,Rouse Hill-7427,2020-03-13T14:00:00+11:00,-33.682778,150.903611,so2,ppm,0.0
7427,25603,Rouse Hill-7427,2020-03-13T15:00:00+11:00,-33.682778,150.903611,so2,ppm,0.0
7427,25603,Rouse Hill-7427,2020-03-13T16:00:00+11:00,-33.682778,150.903611,so2,ppm,0.0
7427,25603,Rouse Hill-7427,2020-03-13T17:00:00+11:00,-33.682778,150.903611,so2,ppm,0.001
7427,25603,Rouse Hill-7427,2020-03-13T18:00:00+11:00,-33.682778,150.903611,so2,ppm,0.001
7427,25603,Rouse Hill-7427,2020-03-13T19:00:00+11:00,-33.682778,150.903611,so2,ppm,0.001
7427,25603,Rouse Hill-7427,2020-03-13T20:00:00+11:00,-33.682778,150.903611,so2,ppm,0.001
7427,25603,Rouse Hill-7427,2020-03-13T21:00:00+11:00,-33.682778,150.903611,so2,ppm,0.005
7427,25603,Rouse Hill-7427,2020-03-13T22:00:00+11:00,-33.682778,150.903611,so2,ppm,0.006
7427,25603,Rouse Hill-7427,2020-03-13T23:00:00+11:00,-33.682778,150.903611,so2,ppm,0.007
7427,25602,Rouse Hill-7427,2020-03-13T01:00:00+11:00,-33.682778,150.903611,o3,ppm,0.006
7427,25602,Rouse Hill-7427,2020-03-13T02:00:00+11:00,-33.682778,150.903611,o3,ppm,0.012
7427,25602,Rouse Hill-7427,2020-03-13T03:00:00+11:00,-33.682778,150.903611,o3,ppm,0.006
7427,25602,Rouse Hill-7427,2020-03-13T04:00:00+11:00,-33.682778,150.903611,o3,ppm,0.009
7427,25602,Rouse Hill-7427,2020-03-13T05:00:00+11:00,-33.682778,150.903611,o3,ppm,0.007
7427,25602,Rouse Hill-7427,2020-03-13T06:00:00+11:00,-33.682778,150.903611,o3,ppm,0.001
7427,25602,Rouse Hill-7427,2020-03-13T07:00:00+11:00,-33.682778,150.903611,o3,ppm,0.001
7427,25602,Rouse Hill-7427,2020-03-13T08:00:00+11:00,-33.682778,150.903611,o3,ppm,0.003
7427,25602,Rouse Hill-7427,2020-03-13T09:00:00+11:00,-33.682778,150.903611,o3,ppm,0.006
7427,25602,Rouse Hill-7427,2020-03-13T10:00:00+11:00,-33.682778,150.903611,o3,ppm,0.012
7427,25602,Rouse Hill-7427,2020-03-13T11:00:00+11:00,-33.682778,150.903611,o3,ppm,0.021
7427,25602,Rouse Hill-7427,2020-03-13T12:00:00+11:00,-33.682778,150.903611,o3,ppm,0.024
7427,25602,Rouse Hill-7427,2020-03-13T13:00:00+11:00,-33.682778,150.903611,o3,ppm,0.024
7427,25602,Rouse Hill-7427,2020-03-13T14:00:00+11:00,-33.682778,150.903611,o3,ppm,0.024
7427,25602,Rouse Hill-7427,2020-03-13T15:00:00+11:00,-33.682778,150.903611,o3,ppm,0.024
7427,25602,Rouse Hill-7427,2020-03-13T16:00:00+11:00,-33.682778,150.903611,o3,ppm,0.026
7427,25602,Rouse Hill-7427,2020-03-13T17:00:00+11:00,-33.682778,150.903611,o3,ppm,0.035
7427,25602,Rouse Hill-7427,2020-03-13T18:00:00+11:00,-33.682778,150.903611,o3,ppm,0.031
7427,25602,Rouse Hill-7427,2020-03-13T19:00:00+11:00,-33.682778,150.903611,o3,ppm,0.022
7427,25602,Rouse Hill-7427,2020-03-13T20:00:00+11:00,-33.682778,150.903611,o3,ppm,0.019
7427,25602,Rouse Hill-7427,2020-03-13T21:00:00+11:00,-33.682778,150.903611,o3,ppm,0.009
7427,25602,Rouse Hill-7427,2020-03-13T22:00:00+11:00,-33.682778,150.903611,o3,ppm,0.007
7427,25602,Rouse Hill-7427,2020-03-13T23:00:00+11:00,-33.682778,150.903611,o3,ppm,0.009
7427,21612,Rouse Hill-7427,2020-03-14T01:00:00+11:00,-33.682778,150.903611,pm10,µg/m³,7.2
7427,21612,Rouse Hill-7427,2020-03-14T02:00:00+11:00,-33.682778,150.903611,pm10,µg/m³,6.1
7427,21612,Rouse Hill-7427,2020-03-14T03:00:00+11:00,-33.682778,150.903611,pm10,µg/m³,7.5
7427,21612,Rouse Hill-7427,2020-03-14T04:00:00+11:00,-33.682778,150.903611,pm10,µg/m³,10.1
7427,21612,Rouse Hill-7427,2020-03-14T05:00:00+11:00,-33.682778,150.903611,pm10,µg/m³,13.4
7427,21612,Rouse Hill-7427,2020-03-14T06:00:00+11:00,-33.682778,150.903611,pm10,µg/m³,17.3
7427,21612,Rouse Hill-7427,2020-03-14T07:00:00+11:00,-33.682778,150.903611,pm10,µg/m³,52.7
7427,21612,Rouse Hill-7427,2020-03-14T08:00:00+11:00,-33.682778,150.903611,pm10,µg/m³,32.0
7427,21612,Rouse Hill-7427,2020-03-14T09:00:00+11:00,-33.682778,150.903611,pm10,µg/m³,17.2
7427,21612,Rouse Hill-7427,2020-03-14T10:00:00+11:00,-33.682778,150.903611,pm10,µg/m³,15.9
7427,21612,Rouse Hill-7427,2020-03-14T11:00:00+11:00,-33.682778,150.903611,pm10,µg/m³,17.8
7427,21612,Rouse Hill-7427,2020-03-14T12:00:00+11:00,-33.682778,150.903611,pm10,µg/m³,15.1
7427,21612,Rouse Hill-7427,2020-03-14T13:00:00+11:00,-33.682778,150.903611,pm10,µg/m³,7.2
7427,21612,Rouse Hill-7427,2020-03-14T14:00:00+11:00,-33.682778,150.903611,pm10,µg/m³,5.5
7427,21612,Rouse Hill-7427,2020-03-14T15:00:00+11:00,-33.682778,150.903611,pm10,µg/m³,4.0
7427,21612,Rouse Hill-7427,2020-03-14T16:00:00+11:00,-33.682778,150.903611,pm10,µg/m³,6.0
7427,21612,Rouse Hill-7427,2020-03-14T17:00:00+11:00,-33.682778,150.903611,pm10,µg/m³,7.3
7427,21612,Rouse Hill-7427,2020-03-14T18:00:00+11:00,-33.682778,150.903611,pm10,µg/m³,10.4
7427,21612,Rouse Hill-7427,2020-03-14T19:00:00+11:00,-33.682778,150.903611,pm10,µg/m³,12.5
7427,21612,Rouse Hill-7427,2020-03-14T20:00:00+11:00,-33.682778,150.903611,pm10,µg/m³,14.4
7427,21612,Rouse Hill-7427,2020-03-14T21:00:00+11:00,-33.682778,150.903611,pm10,µg/m³,15.0
7427,21612,Rouse Hill-7427,2020-03-14T22:00:00+11:00,-33.682778,150.903611,pm10,µg/m³,15.6
7427,21612,Rouse Hill-7427,2020-03-14T23:00:00+11:00,-33.682778,150.903611,pm10,µg/m³,16.2
7427,21611,Rouse Hill-7427,2020-03-14T01:00:00+11:00,-33.682778,150.903611,pm25,µg/m³,1.8
7427,21611,Rouse Hill-7427,2020-03-14T02:00:00+11:00,-33.682778,150.903611,pm25,µg/m³,2.5
7427,21611,Rouse Hill-7427,2020-03-14T03:00:00+11:00,-33.682778,150.903611,pm25,µg/m³,1.2
7427,21611,Rouse Hill-7427,2020-03-14T04:00:00+11:00,-33.682778,150.903611,pm25,µg/m³,2.0
7427,21611,Rouse Hill-7427,2020-03-14T05:00:00+11:00,-33.682778,150.903611,pm25,µg/m³,7.8
7427,21611,Rouse Hill-7427,2020-03-14T06:00:00+11:00,-33.682778,150.903611,pm25,µg/m³,8.5
7427,21611,Rouse Hill-7427,2020-03-14T07:00:00+11:00,-33.682778,150.903611,pm25,µg/m³,21.4
7427,21611,Rouse Hill-7427,2020-03-14T08:00:00+11:00,-33.682778,150.903611,pm25,µg/m³,56.2
7427,21611,Rouse Hill-7427,2020-03-14T09:00:00+11:00,-33.682778,150.903611,pm25,µg/m³,21.5
7427,21611,Rouse Hill-7427,2020-03-14T10:00:00+11:00,-33.682778,150.903611,pm25,µg/m³,8.5
7427,21611,Rouse Hill-7427,2020-03-14T11:00:00+11:00,-33.682778,150.903611,pm25,µg/m³,3.9
7427,21611,Rouse Hill-7427,2020-03-14T12:00:00+11:00,-33.682778,150.903611,pm25,µg/m³,4.9
7427,21611,Rouse Hill-7427,2020-03-14T13:00:00+11:00,-33.682778,150.903611,pm25,µg/m³,7.0
7427,21611,Rouse Hill-7427,2020-03-14T14:00:00+11:00,-33.682778,150.903611,pm25,µg/m³,8.9
7427,21611,Rouse Hill-7427,2020-03-14T15:00:00+11:00,-33.682778,150.903611,pm25,µg/m³,2.4
7427,21611,Rouse Hill-7427,2020-03-14T16:00:00+11:00,-33.682778,150.903611,pm25,µg/m³,0.0
7427,21611,Rouse Hill-7427,2020-03-14T17:00:00+11:00,-33.682778,150.903611,pm25,µg/m³,0.0
7427,21611,Rouse Hill-7427,2020-03-14T18:00:00+11:00,-33.682778,150.903611,pm25,µg/m³,0.8
7427,21611,Rouse Hill-7427,2020-03-14T19:00:00+11:00,-33.682778,150.903611,pm25,µg/m³,3.9
7427,21611,Rouse Hill-7427,2020-03-14T20:00:00+11:00,-33.682778,150.903611,pm25,µg/m³,4.3
7427,21611,Rouse Hill-7427,2020-03-14T21:00:00+11:00,-33.682778,150.903611,pm25,µg/m³,6.8
7427,21611,Rouse Hill-7427,2020-03-14T22:00:00+11:00,-33.682778,150.903611,pm25,µg/m³,4.9
7427,21611,Rouse Hill-7427,2020-03-14T23:00:00+11:00,-33.682778,150.903611,pm25,µg/m³,2.6
7427,25601,Rouse Hill-7427,2020-03-14T01:00:00+11:00,-33.682778,150.903611,no2,ppm,0.006
7427,25601,Rouse Hill-7427,2020-03-14T03:00:00+11:00,-33.682778,150.903611,no2,ppm,0.003
7427,25601,Rouse Hill-7427,2020-03-14T04:00:00+11:00,-33.682778,150.903611,no2,ppm,0.006
7427,25601,Rouse Hill-7427,2020-03-14T05:00:00+11:00,-33.682778,150.903611,no2,ppm,0.01
7427,25601,Rouse Hill-7427,2020-03-14T06:00:00+11:00,-33.682778,150.903611,no2,ppm,0.014
7427,25601,Rouse Hill-7427,2020-03-14T07:00:00+11:00,-33.682778,150.903611,no2,ppm,0.006
7427,25601,Rouse Hill-7427,2020-03-14T08:00:00+11:00,-33.682778,150.903611,no2,ppm,0.002
7427,25601,Rouse Hill-7427,2020-03-14T09:00:00+11:00,-33.682778,150.903611,no2,ppm,0.003
7427,25601,Rouse Hill-7427,2020-03-14T10:00:00+11:00,-33.682778,150.903611,no2,ppm,0.004
7427,25601,Rouse Hill-7427,2020-03-14T11:00:00+11:00,-33.682778,150.903611,no2,ppm,0.006
7427,25601,Rouse Hill-7427,2020-03-14T12:00:00+11:00,-33.682778,150.903611,no2,ppm,0.002
7427,25601,Rouse Hill-7427,2020-03-14T13:00:00+11:00,-33.682778,150.903611,no2,ppm,0.003
7427,25601,Rouse Hill-7427,2020-03-14T14:00:00+11:00,-33.682778,150.903611,no2,ppm,0.003
7427,25601,Rouse Hill-7427,2020-03-14T15:00:00+11:00,-33.682778,150.903611,no2,ppm,0.003
7427,25601,Rouse Hill-7427,2020-03-14T16:00:00+11:00,-33.682778,150.903611,no2,ppm,0.003
7427,25601,Rouse Hill-7427,2020-03-14T17:00:00+11:00,-33.682778,150.903611,no2,ppm,0.003
7427,25601,Rouse Hill-7427,2020-03-14T18:00:00+11:00,-33.682778,150.903611,no2,ppm,0.005
7427,25601,Rouse Hill-7427,2020-03-14T19:00:00+11:00,-33.682778,150.903611,no2,ppm,0.004
7427,25601,Rouse Hill-7427,2020-03-14T20:00:00+11:00,-33.682778,150.903611,no2,ppm,0.003
7427,25601,Rouse Hill-7427,2020-03-14T21:00:00+11:00,-33.682778,150.903611,no2,ppm,0.002
7427,25601,Rouse Hill-7427,2020-03-14T22:00:00+11:00,-33.682778,150.903611,no2,ppm,0.003
7427,25601,Rouse Hill-7427,2020-03-14T23:00:00+11:00,-33.682778,150.903611,no2,ppm,0.002
7427,28892,Rouse Hill-7427,2020-03-14T01:00:00+11:00,-33.682778,150.903611,co,ppm,0.2
7427,28892,Rouse Hill-7427,2020-03-14T02:00:00+11:00,-33.682778,150.903611,co,ppm,0.2
7427,28892,Rouse Hill-7427,2020-03-14T03:00:00+11:00,-33.682778,150.903611,co,ppm,0.2
7427,28892,Rouse Hill-7427,2020-03-14T04:00:00+11:00,-33.682778,150.903611,co,ppm,0.2
7427,28892,Rouse Hill-7427,2020-03-14T05:00:00+11:00,-33.682778,150.903611,co,ppm,0.2
7427,28892,Rouse Hill-7427,2020-03-14T06:00:00+11:00,-33.682778,150.903611,co,ppm,0.2
7427,28892,Rouse Hill-7427,2020-03-14T07:00:00+11:00,-33.682778,150.903611,co,ppm,0.2
7427,28892,Rouse Hill-7427,2020-03-14T08:00:00+11:00,-33.682778,150.903611,co,ppm,0.2
7427,28892,Rouse Hill-7427,2020-03-14T09:00:00+11:00,-33.682778,150.903611,co,ppm,0.2
7427,28892,Rouse Hill-7427,2020-03-14T10:00:00+11:00,-33.682778,150.903611,co,ppm,0.2
7427,28892,Rouse Hill-7427,2020-03-14T11:00:00+11:00,-33.682778,150.903611,co,ppm,0.2
7427,28892,Rouse Hill-7427,2020-03-14T12:00:00+11:00,-33.682778,150.903611,co,ppm,0.2
7427,28892,Rouse Hill-7427,2020-03-14T13:00:00+11:00,-33.682778,150.903611,co,ppm,0.2
7427,28892,Rouse Hill-7427,2020-03-14T14:00:00+11:00,-33.682778,150.903611,co,ppm,0.2
7427,28892,Rouse Hill-7427,2020-03-14T15:00:00+11:00,-33.682778,150.903611,co,ppm,0.2
7427,28892,Rouse Hill-7427,2020-03-14T16:00:00+11:00,-33.682778,150.903611,co,ppm,0.2
7427,28892,Rouse Hill-7427,2020-03-14T17:00:00+11:00,-33.682778,150.903611,co,ppm,0.2
7427,28892,Rouse Hill-7427,2020-03-14T18:00:00+11:00,-33.682778,150.903611,co,ppm,0.2
7427,28892,Rouse Hill-7427,2020-03-14T19:00:00+11:00,-33.682778,150.903611,co,ppm,0.2
7427,28892,Rouse Hill-7427,2020-03-14T20:00:00+11:00,-33.682778,150.903611,co,ppm,0.2
7427,28892,Rouse Hill-7427,2020-03-14T21:00:00+11:00,-33.682778,150.903611,co,ppm,0.2
7427,28892,Rouse Hill-7427,2020-03-14T22:00:00+11:00,-33.682778,150.903611,co,ppm,0.2
7427,28892,Rouse Hill-7427,2020-03-14T23:00:00+11:00,-33.682778,150.903611,co,ppm,0.2
7427,25603,Rouse Hill-7427,2020-03-14T01:00:00+11:00,-33.682778,150.903611,so2,ppm,0.004
7427,25603,Rouse Hill-7427,2020-03-14T03:00:00+11:00,-33.682778,150.903611,so2,ppm,0.001
7427,25603,Rouse Hill-7427,2020-03-14T04:00:00+11:00,-33.682778,150.903611,so2,ppm,0.002
7427,25603,Rouse Hill-7427,2020-03-14T05:00:00+11:00,-33.682778,150.903611,so2,ppm,0.002
7427,25603,Rouse Hill-7427,2020-03-14T06:00:00+11:00,-33.682778,150.903611,so2,ppm,0.002
7427,25603,Rouse Hill-7427,2020-03-14T07:00:00+11:00,-33.682778,150.903611,so2,ppm,0.001
7427,25603,Rouse Hill-7427,2020-03-14T08:00:00+11:00,-33.682778,150.903611,so2,ppm,0.0
7427,25603,Rouse Hill-7427,2020-03-14T09:00:00+11:00,-33.682778,150.903611,so2,ppm,0.0
7427,25603,Rouse Hill-7427,2020-03-14T10:00:00+11:00,-33.682778,150.903611,so2,ppm,0.0
7427,25603,Rouse Hill-7427,2020-03-14T11:00:00+11:00,-33.682778,150.903611,so2,ppm,0.0
7427,25603,Rouse Hill-7427,2020-03-14T12:00:00+11:00,-33.682778,150.903611,so2,ppm,0.0
7427,25603,Rouse Hill-7427,2020-03-14T13:00:00+11:00,-33.682778,150.903611,so2,ppm,0.0
7427,25603,Rouse Hill-7427,2020-03-14T14:00:00+11:00,-33.682778,150.903611,so2,ppm,0.0
7427,25603,Rouse Hill-7427,2020-03-14T15:00:00+11:00,-33.682778,150.903611,so2,ppm,0.0
7427,25603,Rouse Hill-7427,2020-03-14T16:00:00+11:00,-33.682778,150.903611,so2,ppm,0.0
7427,25603,Rouse Hill-7427,2020-03-14T17:00:00+11:00,-33.682778,150.903611,so2,ppm,0.0
7427,25603,Rouse Hill-7427,2020-03-14T18:00:00+11:00,-33.682778,150.903611,so2,ppm,0.0
7427,25603,Rouse Hill-7427,2020-03-14T19:00:00+11:00,-33.682778,150.903611,so2,ppm,0.0
7427,25603,Rouse Hill-7427,2020-03-14T20:00:00+11:00,-33.682778,150.903611,so2,ppm,0.0
7427,25603,Rouse Hill-7427,2020-03-14T21:00:00+11:00,-33.682778,150.903611,so2,ppm,0.0
7427,25603,Rouse Hill-7427,2020-03-14T22:00:00+11:00,-33.682778,150.903611,so2,ppm,0.0
7427,25603,Rouse Hill-7427,2020-03-14T23:00:00+11:00,-33.682778,150.903611,so2,ppm,0.0
7427,25602,Rouse Hill-7427,2020-03-14T01:00:00+11:00,-33.682778,150.903611,o3,ppm,0.011
7427,25602,Rouse Hill-7427,2020-03-14T02:00:00+11:00,-33.682778,150.903611,o3,ppm,0.009
7427,25602,Rouse Hill-7427,2020-03-14T03:00:00+11:00,-33.682778,150.903611,o3,ppm,0.011
7427,25602,Rouse Hill-7427,2020-03-14T04:00:00+11:00,-33.682778,150.903611,o3,ppm,0.007
7427,25602,Rouse Hill-7427,2020-03-14T05:00:00+11:00,-33.682778,150.903611,o3,ppm,0.004
7427,25602,Rouse Hill-7427,2020-03-14T06:00:00+11:00,-33.682778,150.903611,o3,ppm,0.0
7427,25602,Rouse Hill-7427,2020-03-14T07:00:00+11:00,-33.682778,150.903611,o3,ppm,0.014
7427,25602,Rouse Hill-7427,2020-03-14T08:00:00+11:00,-33.682778,150.903611,o3,ppm,0.021
7427,25602,Rouse Hill-7427,2020-03-14T09:00:00+11:00,-33.682778,150.903611,o3,ppm,0.019
7427,25602,Rouse Hill-7427,2020-03-14T10:00:00+11:00,-33.682778,150.903611,o3,ppm,0.017
7427,25602,Rouse Hill-7427,2020-03-14T11:00:00+11:00,-33.682778,150.903611,o3,ppm,0.014
7427,25602,Rouse Hill-7427,2020-03-14T12:00:00+11:00,-33.682778,150.903611,o3,ppm,0.019
7427,25602,Rouse Hill-7427,2020-03-14T13:00:00+11:00,-33.682778,150.903611,o3,ppm,0.018
7427,25602,Rouse Hill-7427,2020-03-14T14:00:00+11:00,-33.682778,150.903611,o3,ppm,0.017
7427,25602,Rouse Hill-7427,2020-03-14T15:00:00+11:00,-33.682778,150.903611,o3,ppm,0.016
7427,25602,Rouse Hill-7427,2020-03-14T16:00:00+11:00,-33.682778,150.903611,o3,ppm,0.016
7427,25602,Rouse Hill-7427,2020-03-14T17:00:00+11:00,-33.682778,150.903611,o3,ppm,0.014
7427,25602,Rouse Hill-7427,2020-03-14T18:00:00+11:00,-33.682778,150.903611,o3,ppm,0.012
7427,25602,Rouse Hill-7427,2020-03-14T19:00:00+11:00,-33.682778,150.903611,o3,ppm,0.011
7427,25602,Rouse Hill-7427,2020-03-14T20:00:00+11:00,-33.682778,150.903611,o3,ppm,0.012
7427,25602,Rouse Hill-7427,2020-03-14T21:00:00+11:00,-33.682778,150.903611,o3,ppm,0.012
7427,25602,Rouse Hill-7427,2020-03-14T22:00:00+11:00,-33.682778,150.903611,o3,ppm,0.013
7427,25602,Rouse Hill-7427,2020-03-14T23:00:00+11:00,-33.682778,150.903611,o3,ppm,0.015
7427,21612,Rouse Hill-7427,2020-03-15T01:00:00+11:00,-33.682778,150.903611,pm10,µg/m³,14.1
7427,21612,Rouse Hill-7427,2020-03-15T02:00:00+11:00,-33.682778,150.903611,pm10,µg/m³,12.7
7427,21612,Rouse Hill-7427,2020-03-15T03:00:00+11:00,-33.682778,150.903611,pm10,µg/m³,12.8
7427,21612,Rouse Hill-7427,2020-03-15T05:00:00+11:00,-33.682778,150.903611,pm10,µg/m³,13.5
7427,21612,Rouse Hill-7427,2020-03-15T06:00:00+11:00,-33.682778,150.903611,pm10,µg/m³,14.1
7427,21612,Rouse Hill-7427,2020-03-15T07:00:00+11:00,-33.682778,150.903611,pm10,µg/m³,14.8
7427,21612,Rouse Hill-7427,2020-03-15T08:00:00+11:00,-33.682778,150.903611,pm10,µg/m³,15.0
7427,21612,Rouse Hill-7427,2020-03-15T09:00:00+11:00,-33.682778,150.903611,pm10,µg/m³,12.4
7427,21612,Rouse Hill-7427,2020-03-15T10:00:00+11:00,-33.682778,150.903611,pm10,µg/m³,13.1
7427,21612,Rouse Hill-7427,2020-03-15T11:00:00+11:00,-33.682778,150.903611,pm10,µg/m³,10.3
7427,21612,Rouse Hill-7427,2020-03-15T12:00:00+11:00,-33.682778,150.903611,pm10,µg/m³,8.7
7427,21612,Rouse Hill-7427,2020-03-15T13:00:00+11:00,-33.682778,150.903611,pm10,µg/m³,7.0
7427,21612,Rouse Hill-7427,2020-03-15T14:00:00+11:00,-33.682778,150.903611,pm10,µg/m³,7.7
7427,21612,Rouse Hill-7427,2020-03-15T15:00:00+11:00,-33.682778,150.903611,pm10,µg/m³,7.2
7427,21612,Rouse Hill-7427,2020-03-15T16:00:00+11:00,-33.682778,150.903611,pm10,µg/m³,6.4
7427,21612,Rouse Hill-7427,2020-03-15T17:00:00+11:00,-33.682778,150.903611,pm10,µg/m³,11.9
7427,21612,Rouse Hill-7427,2020-03-15T18:00:00+11:00,-33.682778,150.903611,pm10,µg/m³,9.3
7427,21612,Rouse Hill-7427,2020-03-15T19:00:00+11:00,-33.682778,150.903611,pm10,µg/m³,9.0
7427,21612,Rouse Hill-7427,2020-03-15T20:00:00+11:00,-33.682778,150.903611,pm10,µg/m³,10.6
7427,21612,Rouse Hill-7427,2020-03-15T21:00:00+11:00,-33.682778,150.903611,pm10,µg/m³,9.9
7427,21612,Rouse Hill-7427,2020-03-15T22:00:00+11:00,-33.682778,150.903611,pm10,µg/m³,7.2
7427,21612,Rouse Hill-7427,2020-03-15T23:00:00+11:00,-33.682778,150.903611,pm10,µg/m³,6.7
7427,21611,Rouse Hill-7427,2020-03-15T01:00:00+11:00,-33.682778,150.903611,pm25,µg/m³,4.5
7427,21611,Rouse Hill-7427,2020-03-15T02:00:00+11:00,-33.682778,150.903611,pm25,µg/m³,1.3
7427,21611,Rouse Hill-7427,2020-03-15T03:00:00+11:00,-33.682778,150.903611,pm25,µg/m³,2.0
7427,21611,Rouse Hill-7427,2020-03-15T05:00:00+11:00,-33.682778,150.903611,pm25,µg/m³,0.5
7427,21611,Rouse Hill-7427,2020-03-15T06:00:00+11:00,-33.682778,150.903611,pm25,µg/m³,0.1
7427,21611,Rouse Hill-7427,2020-03-15T07:00:00+11:00,-33.682778,150.903611,pm25,µg/m³,3.3
7427,21611,Rouse Hill-7427,2020-03-15T08:00:00+11:00,-33.682778,150.903611,pm25,µg/m³,4.9
7427,21611,Rouse Hill-7427,2020-03-15T09:00:00+11:00,-33.682778,150.903611,pm25,µg/m³,6.0
7427,21611,Rouse Hill-7427,2020-03-15T10:00:00+11:00,-33.682778,150.903611,pm25,µg/m³,7.5
7427,21611,Rouse Hill-7427,2020-03-15T11:00:00+11:00,-33.682778,150.903611,pm25,µg/m³,5.2
7427,21611,Rouse Hill-7427,2020-03-15T12:00:00+11:00,-33.682778,150.903611,pm25,µg/m³,2.8
7427,21611,Rouse Hill-7427,2020-03-15T13:00:00+11:00,-33.682778,150.903611,pm25,µg/m³,0.0
7427,21611,Rouse Hill-7427,2020-03-15T14:00:00+11:00,-33.682778,150.903611,pm25,µg/m³,0.0
7427,21611,Rouse Hill-7427,2020-03-15T15:00:00+11:00,-33.682778,150.903611,pm25,µg/m³,3.2
7427,21611,Rouse Hill-7427,2020-03-15T16:00:00+11:00,-33.682778,150.903611,pm25,µg/m³,5.1
7427,21611,Rouse Hill-7427,2020-03-15T17:00:00+11:00,-33.682778,150.903611,pm25,µg/m³,4.9
7427,21611,Rouse Hill-7427,2020-03-15T18:00:00+11:00,-33.682778,150.903611,pm25,µg/m³,0.0
7427,21611,Rouse Hill-7427,2020-03-15T19:00:00+11:00,-33.682778,150.903611,pm25,µg/m³,1.0
7427,21611,Rouse Hill-7427,2020-03-15T20:00:00+11:00,-33.682778,150.903611,pm25,µg/m³,1.4
7427,21611,Rouse Hill-7427,2020-03-15T21:00:00+11:00,-33.682778,150.903611,pm25,µg/m³,5.2
7427,21611,Rouse Hill-7427,2020-03-15T22:00:00+11:00,-33.682778,150.903611,pm25,µg/m³,7.5
7427,21611,Rouse Hill-7427,2020-03-15T23:00:00+11:00,-33.682778,150.903611,pm25,µg/m³,4.8
7427,25601,Rouse Hill-7427,2020-03-15T01:00:00+11:00,-33.682778,150.903611,no2,ppm,0.001
7427,25601,Rouse Hill-7427,2020-03-15T03:00:00+11:00,-33.682778,150.903611,no2,ppm,0.001
7427,25601,Rouse Hill-7427,2020-03-15T05:00:00+11:00,-33.682778,150.903611,no2,ppm,0.002
7427,25601,Rouse Hill-7427,2020-03-15T06:00:00+11:00,-33.682778,150.903611,no2,ppm,0.003
7427,25601,Rouse Hill-7427,2020-03-15T07:00:00+11:00,-33.682778,150.903611,no2,ppm,0.004
7427,25601,Rouse Hill-7427,2020-03-15T08:00:00+11:00,-33.682778,150.903611,no2,ppm,0.004
7427,25601,Rouse Hill-7427,2020-03-15T09:00:00+11:00,-33.682778,150.903611,no2,ppm,0.002
7427,25601,Rouse Hill-7427,2020-03-15T10:00:00+11:00,-33.682778,150.903611,no2,ppm,0.002
7427,25601,Rouse Hill-7427,2020-03-15T11:00:00+11:00,-33.682778,150.903611,no2,ppm,0.001
7427,25601,Rouse Hill-7427,2020-03-15T12:00:00+11:00,-33.682778,150.903611,no2,ppm,0.001
7427,25601,Rouse Hill-7427,2020-03-15T13:00:00+11:00,-33.682778,150.903611,no2,ppm,0.001
7427,25601,Rouse Hill-7427,2020-03-15T14:00:00+11:00,-33.682778,150.903611,no2,ppm,0.001
7427,25601,Rouse Hill-7427,2020-03-15T15:00:00+11:00,-33.682778,150.903611,no2,ppm,0.001
7427,25601,Rouse Hill-7427,2020-03-15T16:00:00+11:00,-33.682778,150.903611,no2,ppm,0.002
7427,25601,Rouse Hill-7427,2020-03-15T17:00:00+11:00,-33.682778,150.903611,no2,ppm,0.001
7427,25601,Rouse Hill-7427,2020-03-15T18:00:00+11:00,-33.682778,150.903611,no2,ppm,0.002
7427,25601,Rouse Hill-7427,2020-03-15T19:00:00+11:00,-33.682778,150.903611,no2,ppm,0.002
7427,25601,Rouse Hill-7427,2020-03-15T20:00:00+11:00,-33.682778,150.903611,no2,ppm,0.004
7427,25601,Rouse Hill-7427,2020-03-15T21:00:00+11:00,-33.682778,150.903611,no2,ppm,0.003
7427,25601,Rouse Hill-7427,2020-03-15T22:00:00+11:00,-33.682778,150.903611,no2,ppm,0.004
7427,25601,Rouse Hill-7427,2020-03-15T23:00:00+11:00,-33.682778,150.903611,no2,ppm,0.004
7427,28892,Rouse Hill-7427,2020-03-15T01:00:00+11:00,-33.682778,150.903611,co,ppm,0.2
7427,28892,Rouse Hill-7427,2020-03-15T02:00:00+11:00,-33.682778,150.903611,co,ppm,0.2
7427,28892,Rouse Hill-7427,2020-03-15T03:00:00+11:00,-33.682778,150.903611,co,ppm,0.2
7427,28892,Rouse Hill-7427,2020-03-15T05:00:00+11:00,-33.682778,150.903611,co,ppm,0.1
7427,28892,Rouse Hill-7427,2020-03-15T06:00:00+11:00,-33.682778,150.903611,co,ppm,0.1
7427,28892,Rouse Hill-7427,2020-03-15T07:00:00+11:00,-33.682778,150.903611,co,ppm,0.1
7427,28892,Rouse Hill-7427,2020-03-15T08:00:00+11:00,-33.682778,150.903611,co,ppm,0.1
7427,28892,Rouse Hill-7427,2020-03-15T09:00:00+11:00,-33.682778,150.903611,co,ppm,0.1
7427,28892,Rouse Hill-7427,2020-03-15T10:00:00+11:00,-33.682778,150.903611,co,ppm,0.1
7427,28892,Rouse Hill-7427,2020-03-15T11:00:00+11:00,-33.682778,150.903611,co,ppm,0.1
7427,28892,Rouse Hill-7427,2020-03-15T12:00:00+11:00,-33.682778,150.903611,co,ppm,0.1
7427,28892,Rouse Hill-7427,2020-03-15T13:00:00+11:00,-33.682778,150.903611,co,ppm,0.1
7427,28892,Rouse Hill-7427,2020-03-15T14:00:00+11:00,-33.682778,150.903611,co,ppm,0.1
7427,28892,Rouse Hill-7427,2020-03-15T15:00:00+11:00,-33.682778,150.903611,co,ppm,0.1
7427,28892,Rouse Hill-7427,2020-03-15T16:00:00+11:00,-33.682778,150.903611,co,ppm,0.1
7427,28892,Rouse Hill-7427,2020-03-15T17:00:00+11:00,-33.682778,150.903611,co,ppm,0.1
7427,28892,Rouse Hill-7427,2020-03-15T18:00:00+11:00,-33.682778,150.903611,co,ppm,0.1
7427,28892,Rouse Hill-7427,2020-03-15T19:00:00+11:00,-33.682778,150.903611,co,ppm,0.1
7427,28892,Rouse Hill-7427,2020-03-15T20:00:00+11:00,-33.682778,150.903611,co,ppm,0.2
7427,28892,Rouse Hill-7427,2020-03-15T21:00:00+11:00,-33.682778,150.903611,co,ppm,0.2
7427,28892,Rouse Hill-7427,2020-03-15T22:00:00+11:00,-33.682778,150.903611,co,ppm,0.2
7427,28892,Rouse Hill-7427,2020-03-15T23:00:00+11:00,-33.682778,150.903611,co,ppm,0.2
7427,25603,Rouse Hill-7427,2020-03-15T01:00:00+11:00,-33.682778,150.903611,so2,ppm,0.0
7427,25603,Rouse Hill-7427,2020-03-15T03:00:00+11:00,-33.682778,150.903611,so2,ppm,0.0
7427,25603,Rouse Hill-7427,2020-03-15T05:00:00+11:00,-33.682778,150.903611,so2,ppm,0.0
7427,25603,Rouse Hill-7427,2020-03-15T06:00:00+11:00,-33.682778,150.903611,so2,ppm,0.001
7427,25603,Rouse Hill-7427,2020-03-15T07:00:00+11:00,-33.682778,150.903611,so2,ppm,0.0
7427,25603,Rouse Hill-7427,2020-03-15T08:00:00+11:00,-33.682778,150.903611,so2,ppm,0.0
7427,25603,Rouse Hill-7427,2020-03-15T09:00:00+11:00,-33.682778,150.903611,so2,ppm,0.0
7427,25603,Rouse Hill-7427,2020-03-15T10:00:00+11:00,-33.682778,150.903611,so2,ppm,0.001
7427,25603,Rouse Hill-7427,2020-03-15T11:00:00+11:00,-33.682778,150.903611,so2,ppm,0.0
7427,25603,Rouse Hill-7427,2020-03-15T12:00:00+11:00,-33.682778,150.903611,so2,ppm,0.0
7427,25603,Rouse Hill-7427,2020-03-15T13:00:00+11:00,-33.682778,150.903611,so2,ppm,0.0
7427,25603,Rouse Hill-7427,2020-03-15T14:00:00+11:00,-33.682778,150.903611,so2,ppm,0.0
7427,25603,Rouse Hill-7427,2020-03-15T15:00:00+11:00,-33.682778,150.903611,so2,ppm,0.0
7427,25603,Rouse Hill-7427,2020-03-15T16:00:00+11:00,-33.682778,150.903611,so2,ppm,0.0
7427,25603,Rouse Hill-7427,2020-03-15T17:00:00+11:00,-33.682778,150.903611,so2,ppm,0.0
7427,25603,Rouse Hill-7427,2020-03-15T18:00:00+11:00,-33.682778,150.903611,so2,ppm,0.001
7427,25603,Rouse Hill-7427,2020-03-15T19:00:00+11:00,-33.682778,150.903611,so2,ppm,0.0
7427,25603,Rouse Hill-7427,2020-03-15T20:00:00+11:00,-33.682778,150.903611,so2,ppm,0.0
7427,25603,Rouse Hill-7427,2020-03-15T21:00:00+11:00,-33.682778,150.903611,so2,ppm,0.0
7427,25603,Rouse Hill-7427,2020-03-15T22:00:00+11:00,-33.682778,150.903611,so2,ppm,0.0
7427,25603,Rouse Hill-7427,2020-03-15T23:00:00+11:00,-33.682778,150.903611,so2,ppm,0.0
7427,25602,Rouse Hill-7427,2020-03-15T01:00:00+11:00,-33.682778,150.903611,o3,ppm,0.017
7427,25602,Rouse Hill-7427,2020-03-15T02:00:00+11:00,-33.682778,150.903611,o3,ppm,0.016
7427,25602,Rouse Hill-7427,2020-03-15T03:00:00+11:00,-33.682778,150.903611,o3,ppm,0.016
7427,25602,Rouse Hill-7427,2020-03-15T05:00:00+11:00,-33.682778,150.903611,o3,ppm,0.015
7427,25602,Rouse Hill-7427,2020-03-15T06:00:00+11:00,-33.682778,150.903611,o3,ppm,0.013
7427,25602,Rouse Hill-7427,2020-03-15T07:00:00+11:00,-33.682778,150.903611,o3,ppm,0.013
7427,25602,Rouse Hill-7427,2020-03-15T08:00:00+11:00,-33.682778,150.903611,o3,ppm,0.013
7427,25602,Rouse Hill-7427,2020-03-15T09:00:00+11:00,-33.682778,150.903611,o3,ppm,0.017
7427,25602,Rouse Hill-7427,2020-03-15T10:00:00+11:00,-33.682778,150.903611,o3,ppm,0.019
7427,25602,Rouse Hill-7427,2020-03-15T11:00:00+11:00,-33.682778,150.903611,o3,ppm,0.021
7427,25602,Rouse Hill-7427,2020-03-15T12:00:00+11:00,-33.682778,150.903611,o3,ppm,0.022
7427,25602,Rouse Hill-7427,2020-03-15T13:00:00+11:00,-33.682778,150.903611,o3,ppm,0.022
7427,25602,Rouse Hill-7427,2020-03-15T14:00:00+11:00,-33.682778,150.903611,o3,ppm,0.021
7427,25602,Rouse Hill-7427,2020-03-15T15:00:00+11:00,-33.682778,150.903611,o3,ppm,0.02
7427,25602,Rouse Hill-7427,2020-03-15T16:00:00+11:00,-33.682778,150.903611,o3,ppm,0.018
7427,25602,Rouse Hill-7427,2020-03-15T17:00:00+11:00,-33.682778,150.903611,o3,ppm,0.019
7427,25602,Rouse Hill-7427,2020-03-15T18:00:00+11:00,-33.682778,150.903611,o3,ppm,0.017
7427,25602,Rouse Hill-7427,2020-03-15T19:00:00+11:00,-33.682778,150.903611,o3,ppm,0.016
7427,25602,Rouse Hill-7427,2020-03-15T20:00:00+11:00,-33.682778,150.903611,o3,ppm,0.013
7427,25602,Rouse Hill-7427,2020-03-15T21:00:00+11:00,-33.682778,150.903611,o3,ppm,0.015
7427,25602,Rouse Hill-7427,2020-03-15T22:00:00+11:00,-33.682778,150.903611,o3,ppm,0.013
7427,25602,Rouse Hill-7427,2020-03-15T23:00:00+11:00,-33.682778,150.903611,o3,ppm,0.012
7427,21612,Rouse Hill-7427,2020-03-16T01:00:00+11:00,-33.682778,150.903611,pm10,µg/m³,7.8
7427,21612,Rouse Hill-7427,2020-03-16T02:00:00+11:00,-33.682778,150.903611,pm10,µg/m³,8.5
7427,21612,Rouse Hill-7427,2020-03-16T03:00:00+11:00,-33.682778,150.903611,pm10,µg/m³,7.7
7427,21612,Rouse Hill-7427,2020-03-16T04:00:00+11:00,-33.682778,150.903611,pm10,µg/m³,8.4
7427,21612,Rouse Hill-7427,2020-03-16T06:00:00+11:00,-33.682778,150.903611,pm10,µg/m³,9.0
7427,21612,Rouse Hill-7427,2020-03-16T07:00:00+11:00,-33.682778,150.903611,pm10,µg/m³,7.9
7427,21612,Rouse Hill-7427,2020-03-16T08:00:00+11:00,-33.682778,150.903611,pm10,µg/m³,6.7
7427,21612,Rouse Hill-7427,2020-03-16T09:00:00+11:00,-33.682778,150.903611,pm10,µg/m³,5.9
7427,21612,Rouse Hill-7427,2020-03-16T10:00:00+11:00,-33.682778,150.903611,pm10,µg/m³,6.4
7427,21612,Rouse Hill-7427,2020-03-16T11:00:00+11:00,-33.682778,150.903611,pm10,µg/m³,6.7
7427,21612,Rouse Hill-7427,2020-03-16T12:00:00+11:00,-33.682778,150.903611,pm10,µg/m³,6.4
7427,21612,Rouse Hill-7427,2020-03-16T13:00:00+11:00,-33.682778,150.903611,pm10,µg/m³,9.9
7427,21612,Rouse Hill-7427,2020-03-16T14:00:00+11:00,-33.682778,150.903611,pm10,µg/m³,12.2
7427,21612,Rouse Hill-7427,2020-03-16T15:00:00+11:00,-33.682778,150.903611,pm10,µg/m³,12.7
7427,21612,Rouse Hill-7427,2020-03-16T16:00:00+11:00,-33.682778,150.903611,pm10,µg/m³,10.1
7427,21612,Rouse Hill-7427,2020-03-16T18:00:00+11:00,-33.682778,150.903611,pm10,µg/m³,15.6
7427,21612,Rouse Hill-7427,2020-03-16T19:00:00+11:00,-33.682778,150.903611,pm10,µg/m³,14.0
7427,21612,Rouse Hill-7427,2020-03-16T20:00:00+11:00,-33.682778,150.903611,pm10,µg/m³,15.1
7427,21612,Rouse Hill-7427,2020-03-16T21:00:00+11:00,-33.682778,150.903611,pm10,µg/m³,9.2
7427,21612,Rouse Hill-7427,2020-03-16T22:00:00+11:00,-33.682778,150.903611,pm10,µg/m³,6.9
7427,21612,Rouse Hill-7427,2020-03-16T23:00:00+11:00,-33.682778,150.903611,pm10,µg/m³,8.2
7427,21611,Rouse Hill-7427,2020-03-16T01:00:00+11:00,-33.682778,150.903611,pm25,µg/m³,0.0
7427,21611,Rouse Hill-7427,2020-03-16T02:00:00+11:00,-33.682778,150.903611,pm25,µg/m³,1.0
7427,21611,Rouse Hill-7427,2020-03-16T03:00:00+11:00,-33.682778,150.903611,pm25,µg/m³,4.9
7427,21611,Rouse Hill-7427,2020-03-16T04:00:00+11:00,-33.682778,150.903611,pm25,µg/m³,4.5
7427,21611,Rouse Hill-7427,2020-03-16T06:00:00+11:00,-33.682778,150.903611,pm25,µg/m³,0.0
7427,21611,Rouse Hill-7427,2020-03-16T07:00:00+11:00,-33.682778,150.903611,pm25,µg/m³,0.0
7427,21611,Rouse Hill-7427,2020-03-16T08:00:00+11:00,-33.682778,150.903611,pm25,µg/m³,0.0
7427,21611,Rouse Hill-7427,2020-03-16T09:00:00+11:00,-33.682778,150.903611,pm25,µg/m³,0.0
7427,21611,Rouse Hill-7427,2020-03-16T10:00:00+11:00,-33.682778,150.903611,pm25,µg/m³,0.0
7427,21611,Rouse Hill-7427,2020-03-16T11:00:00+11:00,-33.682778,150.903611,pm25,µg/m³,1.0
7427,21611,Rouse Hill-7427,2020-03-16T12:00:00+11:00,-33.682778,150.903611,pm25,µg/m³,3.8
7427,21611,Rouse Hill-7427,2020-03-16T13:00:00+11:00,-33.682778,150.903611,pm25,µg/m³,0.0
7427,21611,Rouse Hill-7427,2020-03-16T14:00:00+11:00,-33.682778,150.903611,pm25,µg/m³,0.0
7427,21611,Rouse Hill-7427,2020-03-16T15:00:00+11:00,-33.682778,150.903611,pm25,µg/m³,0.5
7427,21611,Rouse Hill-7427,2020-03-16T16:00:00+11:00,-33.682778,150.903611,pm25,µg/m³,4.1
7427,21611,Rouse Hill-7427,2020-03-16T18:00:00+11:00,-33.682778,150.903611,pm25,µg/m³,1.4
7427,21611,Rouse Hill-7427,2020-03-16T19:00:00+11:00,-33.682778,150.903611,pm25,µg/m³,1.4
7427,21611,Rouse Hill-7427,2020-03-16T20:00:00+11:00,-33.682778,150.903611,pm25,µg/m³,5.0
7427,21611,Rouse Hill-7427,2020-03-16T21:00:00+11:00,-33.682778,150.903611,pm25,µg/m³,5.4
7427,21611,Rouse Hill-7427,2020-03-16T22:00:00+11:00,-33.682778,150.903611,pm25,µg/m³,2.3
7427,21611,Rouse Hill-7427,2020-03-16T23:00:00+11:00,-33.682778,150.903611,pm25,µg/m³,2.0
7427,25601,Rouse Hill-7427,2020-03-16T01:00:00+11:00,-33.682778,150.903611,no2,ppm,0.002
7427,25601,Rouse Hill-7427,2020-03-16T03:00:00+11:00,-33.682778,150.903611,no2,ppm,0.004
7427,25601,Rouse Hill-7427,2020-03-16T04:00:00+11:00,-33.682778,150.903611,no2,ppm,0.004
7427,25601,Rouse Hill-7427,2020-03-16T06:00:00+11:00,-33.682778,150.903611,no2,ppm,0.01
7427,25601,Rouse Hill-7427,2020-03-16T07:00:00+11:00,-33.682778,150.903611,no2,ppm,0.013
7427,25601,Rouse Hill-7427,2020-03-16T08:00:00+11:00,-33.682778,150.903611,no2,ppm,0.009
7427,25601,Rouse Hill-7427,2020-03-16T09:00:00+11:00,-33.682778,150.903611,no2,ppm,0.008
7427,25601,Rouse Hill-7427,2020-03-16T10:00:00+11:00,-33.682778,150.903611,no2,ppm,0.008
7427,25601,Rouse Hill-7427,2020-03-16T11:00:00+11:00,-33.682778,150.903611,no2,ppm,0.005
7427,25601,Rouse Hill-7427,2020-03-16T12:00:00+11:00,-33.682778,150.903611,no2,ppm,0.004
7427,25601,Rouse Hill-7427,2020-03-16T13:00:00+11:00,-33.682778,150.903611,no2,ppm,0.003
7427,25601,Rouse Hill-7427,2020-03-16T14:00:00+11:00,-33.682778,150.903611,no2,ppm,0.002
7427,25601,Rouse Hill-7427,2020-03-16T15:00:00+11:00,-33.682778,150.903611,no2,ppm,0.003
7427,25601,Rouse Hill-7427,2020-03-16T16:00:00+11:00,-33.682778,150.903611,no2,ppm,0.004
7427,25601,Rouse Hill-7427,2020-03-16T18:00:00+11:00,-33.682778,150.903611,no2,ppm,0.002
7427,25601,Rouse Hill-7427,2020-03-16T19:00:00+11:00,-33.682778,150.903611,no2,ppm,0.004
7427,25601,Rouse Hill-7427,2020-03-16T20:00:00+11:00,-33.682778,150.903611,no2,ppm,0.004
7427,25601,Rouse Hill-7427,2020-03-16T21:00:00+11:00,-33.682778,150.903611,no2,ppm,0.002
7427,25601,Rouse Hill-7427,2020-03-16T22:00:00+11:00,-33.682778,150.903611,no2,ppm,0.003
7427,25601,Rouse Hill-7427,2020-03-16T23:00:00+11:00,-33.682778,150.903611,no2,ppm,0.004
7427,28892,Rouse Hill-7427,2020-03-16T01:00:00+11:00,-33.682778,150.903611,co,ppm,0.2
7427,28892,Rouse Hill-7427,2020-03-16T02:00:00+11:00,-33.682778,150.903611,co,ppm,0.1
7427,28892,Rouse Hill-7427,2020-03-16T03:00:00+11:00,-33.682778,150.903611,co,ppm,0.1
7427,28892,Rouse Hill-7427,2020-03-16T04:00:00+11:00,-33.682778,150.903611,co,ppm,0.1
7427,28892,Rouse Hill-7427,2020-03-16T06:00:00+11:00,-33.682778,150.903611,co,ppm,0.1
7427,28892,Rouse Hill-7427,2020-03-16T07:00:00+11:00,-33.682778,150.903611,co,ppm,0.1
7427,28892,Rouse Hill-7427,2020-03-16T08:00:00+11:00,-33.682778,150.903611,co,ppm,0.2
7427,28892,Rouse Hill-7427,2020-03-16T09:00:00+11:00,-33.682778,150.903611,co,ppm,0.2
7427,28892,Rouse Hill-7427,2020-03-16T10:00:00+11:00,-33.682778,150.903611,co,ppm,0.2
7427,28892,Rouse Hill-7427,2020-03-16T11:00:00+11:00,-33.682778,150.903611,co,ppm,0.2
7427,28892,Rouse Hill-7427,2020-03-16T12:00:00+11:00,-33.682778,150.903611,co,ppm,0.2
7427,28892,Rouse Hill-7427,2020-03-16T13:00:00+11:00,-33.682778,150.903611,co,ppm,0.2
7427,28892,Rouse Hill-7427,2020-03-16T14:00:00+11:00,-33.682778,150.903611,co,ppm,0.2
7427,28892,Rouse Hill-7427,2020-03-16T15:00:00+11:00,-33.682778,150.903611,co,ppm,0.2
7427,28892,Rouse Hill-7427,2020-03-16T16:00:00+11:00,-33.682778,150.903611,co,ppm,0.2
7427,28892,Rouse Hill-7427,2020-03-16T18:00:00+11:00,-33.682778,150.903611,co,ppm,0.1
7427,28892,Rouse Hill-7427,2020-03-16T19:00:00+11:00,-33.682778,150.903611,co,ppm,0.1
7427,28892,Rouse Hill-7427,2020-03-16T20:00:00+11:00,-33.682778,150.903611,co,ppm,0.1
7427,28892,Rouse Hill-7427,2020-03-16T21:00:00+11:00,-33.682778,150.903611,co,ppm,0.1
7427,28892,Rouse Hill-7427,2020-03-16T22:00:00+11:00,-33.682778,150.903611,co,ppm,0.1
7427,28892,Rouse Hill-7427,2020-03-16T23:00:00+11:00,-33.682778,150.903611,co,ppm,0.1
7427,25603,Rouse Hill-7427,2020-03-16T01:00:00+11:00,-33.682778,150.903611,so2,ppm,0.0
7427,25603,Rouse Hill-7427,2020-03-16T03:00:00+11:00,-33.682778,150.903611,so2,ppm,0.0
7427,25603,Rouse Hill-7427,2020-03-16T04:00:00+11:00,-33.682778,150.903611,so2,ppm,0.0
7427,25603,Rouse Hill-7427,2020-03-16T06:00:00+11:00,-33.682778,150.903611,so2,ppm,0.0
7427,25603,Rouse Hill-7427,2020-03-16T07:00:00+11:00,-33.682778,150.903611,so2,ppm,0.0
7427,25603,Rouse Hill-7427,2020-03-16T08:00:00+11:00,-33.682778,150.903611,so2,ppm,0.0
7427,25603,Rouse Hill-7427,2020-03-16T09:00:00+11:00,-33.682778,150.903611,so2,ppm,0.0
7427,25603,Rouse Hill-7427,2020-03-16T10:00:00+11:00,-33.682778,150.903611,so2,ppm,0.0
7427,25603,Rouse Hill-7427,2020-03-16T11:00:00+11:00,-33.682778,150.903611,so2,ppm,0.0
7427,25603,Rouse Hill-7427,2020-03-16T12:00:00+11:00,-33.682778,150.903611,so2,ppm,0.0
7427,25603,Rouse Hill-7427,2020-03-16T13:00:00+11:00,-33.682778,150.903611,so2,ppm,0.0
7427,25603,Rouse Hill-7427,2020-03-16T14:00:00+11:00,-33.682778,150.903611,so2,ppm,0.0
7427,25603,Rouse Hill-7427,2020-03-16T15:00:00+11:00,-33.682778,150.903611,so2,ppm,0.0
7427,25603,Rouse Hill-7427,2020-03-16T16:00:00+11:00,-33.682778,150.903611,so2,ppm,0.0
7427,25603,Rouse Hill-7427,2020-03-16T18:00:00+11:00,-33.682778,150.903611,so2,ppm,0.0
7427,25603,Rouse Hill-7427,2020-03-16T19:00:00+11:00,-33.682778,150.903611,so2,ppm,0.0
7427,25603,Rouse Hill-7427,2020-03-16T20:00:00+11:00,-33.682778,150.903611,so2,ppm,0.0
7427,25603,Rouse Hill-7427,2020-03-16T21:00:00+11:00,-33.682778,150.903611,so2,ppm,0.0
7427,25603,Rouse Hill-7427,2020-03-16T22:00:00+11:00,-33.682778,150.903611,so2,ppm,0.0
7427,25603,Rouse Hill-7427,2020-03-16T23:00:00+11:00,-33.682778,150.903611,so2,ppm,0.0
7427,25602,Rouse Hill-7427,2020-03-16T01:00:00+11:00,-33.682778,150.903611,o3,ppm,0.012
7427,25602,Rouse Hill-7427,2020-03-16T02:00:00+11:00,-33.682778,150.903611,o3,ppm,0.012
7427,25602,Rouse Hill-7427,2020-03-16T03:00:00+11:00,-33.682778,150.903611,o3,ppm,0.01
7427,25602,Rouse Hill-7427,2020-03-16T04:00:00+11:00,-33.682778,150.903611,o3,ppm,0.01
7427,25602,Rouse Hill-7427,2020-03-16T06:00:00+11:00,-33.682778,150.903611,o3,ppm,0.005
7427,25602,Rouse Hill-7427,2020-03-16T07:00:00+11:00,-33.682778,150.903611,o3,ppm,0.003
7427,25602,Rouse Hill-7427,2020-03-16T08:00:00+11:00,-33.682778,150.903611,o3,ppm,0.006
7427,25602,Rouse Hill-7427,2020-03-16T09:00:00+11:00,-33.682778,150.903611,o3,ppm,0.006
7427,25602,Rouse Hill-7427,2020-03-16T10:00:00+11:00,-33.682778,150.903611,o3,ppm,0.007
7427,25602,Rouse Hill-7427,2020-03-16T11:00:00+11:00,-33.682778,150.903611,o3,ppm,0.012
7427,25602,Rouse Hill-7427,2020-03-16T12:00:00+11:00,-33.682778,150.903611,o3,ppm,0.015
7427,25602,Rouse Hill-7427,2020-03-16T13:00:00+11:00,-33.682778,150.903611,o3,ppm,0.017
7427,25602,Rouse Hill-7427,2020-03-16T14:00:00+11:00,-33.682778,150.903611,o3,ppm,0.019
7427,25602,Rouse Hill-7427,2020-03-16T15:00:00+11:00,-33.682778,150.903611,o3,ppm,0.018
7427,25602,Rouse Hill-7427,2020-03-16T16:00:00+11:00,-33.682778,150.903611,o3,ppm,0.016
7427,25602,Rouse Hill-7427,2020-03-16T18:00:00+11:00,-33.682778,150.903611,o3,ppm,0.018
7427,25602,Rouse Hill-7427,2020-03-16T19:00:00+11:00,-33.682778,150.903611,o3,ppm,0.015
7427,25602,Rouse Hill-7427,2020-03-16T20:00:00+11:00,-33.682778,150.903611,o3,ppm,0.014
7427,25602,Rouse Hill-7427,2020-03-16T21:00:00+11:00,-33.682778,150.903611,o3,ppm,0.016
7427,25602,Rouse Hill-7427,2020-03-16T22:00:00+11:00,-33.682778,150.903611,o3,ppm,0.014
7427,25602,Rouse Hill-7427,2020-03-16T23:00:00+11:00,-33.682778,150.903611,o3,ppm,0.013
7427,21612,Rouse Hill-7427,2020-03-17T01:00:00+11:00,-33.682778,150.903611,pm10,µg/m³,6.5
7427,25603,Rouse Hill-7427,2020-03-17T01:00:00+11:00,-33.682778,150.903611,so2,ppm,0.0
7427,25603,Rouse Hill-7427,2020-03-17T03:00:00+11:00,-33.682778,150.903611,so2,ppm,0.0
7427,25603,Rouse Hill-7427,2020-03-17T04:00:00+11:00,-33.682778,150.903611,so2,ppm,0.0
7427,25603,Rouse Hill-7427,2020-03-17T05:00:00+11:00,-33.682778,150.903611,so2,ppm,0.0
7427,25603,Rouse Hill-7427,2020-03-17T06:00:00+11:00,-33.682778,150.903611,so2,ppm,0.0
7427,25603,Rouse Hill-7427,2020-03-17T07:00:00+11:00,-33.682778,150.903611,so2,ppm,0.0
7427,25603,Rouse Hill-7427,2020-03-17T08:00:00+11:00,-33.682778,150.903611,so2,ppm,0.0
7427,25603,Rouse Hill-7427,2020-03-17T09:00:00+11:00,-33.682778,150.903611,so2,ppm,0.0
7427,25603,Rouse Hill-7427,2020-03-17T10:00:00+11:00,-33.682778,150.903611,so2,ppm,0.0
7427,25603,Rouse Hill-7427,2020-03-17T11:00:00+11:00,-33.682778,150.903611,so2,ppm,0.0
7427,25603,Rouse Hill-7427,2020-03-17T12:00:00+11:00,-33.682778,150.903611,so2,ppm,0.0
7427,25603,Rouse Hill-7427,2020-03-17T13:00:00+11:00,-33.682778,150.903611,so2,ppm,0.0
7427,25603,Rouse Hill-7427,2020-03-17T14:00:00+11:00,-33.682778,150.903611,so2,ppm,0.0
7427,25603,Rouse Hill-7427,2020-03-17T15:00:00+11:00,-33.682778,150.903611,so2,ppm,0.0
7427,25603,Rouse Hill-7427,2020-03-17T16:00:00+11:00,-33.682778,150.903611,so2,ppm,0.0
7427,25603,Rouse Hill-7427,2020-03-17T17:00:00+11:00,-33.682778,150.903611,so2,ppm,0.0
7427,25603,Rouse Hill-7427,2020-03-17T18:00:00+11:00,-33.682778,150.903611,so2,ppm,0.0
7427,25603,Rouse Hill-7427,2020-03-17T19:00:00+11:00,-33.682778,150.903611,so2,ppm,0.0
7427,25603,Rouse Hill-7427,2020-03-17T20:00:00+11:00,-33.682778,150.903611,so2,ppm,0.0
7427,25603,Rouse Hill-7427,2020-03-17T21:00:00+11:00,-33.682778,150.903611,so2,ppm,0.0
7427,25603,Rouse Hill-7427,2020-03-17T22:00:00+11:00,-33.682778,150.903611,so2,ppm,0.0
7427,25603,Rouse Hill-7427,2020-03-17T23:00:00+11:00,-33.682778,150.903611,so2,ppm,0.0
7427,21612,Rouse Hill-7427,2020-03-17T02:00:00+11:00,-33.682778,150.903611,pm10,µg/m³,5.8
7427,21612,Rouse Hill-7427,2020-03-17T03:00:00+11:00,-33.682778,150.903611,pm10,µg/m³,6.6
7427,21612,Rouse Hill-7427,2020-03-17T04:00:00+11:00,-33.682778,150.903611,pm10,µg/m³,6.9
7427,21612,Rouse Hill-7427,2020-03-17T05:00:00+11:00,-33.682778,150.903611,pm10,µg/m³,7.2
7427,21612,Rouse Hill-7427,2020-03-17T06:00:00+11:00,-33.682778,150.903611,pm10,µg/m³,7.9
7427,21612,Rouse Hill-7427,2020-03-17T07:00:00+11:00,-33.682778,150.903611,pm10,µg/m³,7.7
7427,21612,Rouse Hill-7427,2020-03-17T08:00:00+11:00,-33.682778,150.903611,pm10,µg/m³,9.8
7427,21612,Rouse Hill-7427,2020-03-17T09:00:00+11:00,-33.682778,150.903611,pm10,µg/m³,14.8
7427,21612,Rouse Hill-7427,2020-03-17T10:00:00+11:00,-33.682778,150.903611,pm10,µg/m³,12.2
7427,21612,Rouse Hill-7427,2020-03-17T11:00:00+11:00,-33.682778,150.903611,pm10,µg/m³,10.9
7427,21612,Rouse Hill-7427,2020-03-17T12:00:00+11:00,-33.682778,150.903611,pm10,µg/m³,10.9
7427,21612,Rouse Hill-7427,2020-03-17T13:00:00+11:00,-33.682778,150.903611,pm10,µg/m³,12.5
7427,21612,Rouse Hill-7427,2020-03-17T14:00:00+11:00,-33.682778,150.903611,pm10,µg/m³,11.4
7427,21612,Rouse Hill-7427,2020-03-17T15:00:00+11:00,-33.682778,150.903611,pm10,µg/m³,13.3
7427,21612,Rouse Hill-7427,2020-03-17T16:00:00+11:00,-33.682778,150.903611,pm10,µg/m³,33.9
7427,21612,Rouse Hill-7427,2020-03-17T17:00:00+11:00,-33.682778,150.903611,pm10,µg/m³,17.5
7427,21612,Rouse Hill-7427,2020-03-17T18:00:00+11:00,-33.682778,150.903611,pm10,µg/m³,14.5
7427,21612,Rouse Hill-7427,2020-03-17T19:00:00+11:00,-33.682778,150.903611,pm10,µg/m³,15.5
7427,21612,Rouse Hill-7427,2020-03-17T20:00:00+11:00,-33.682778,150.903611,pm10,µg/m³,16.4
7427,21612,Rouse Hill-7427,2020-03-17T21:00:00+11:00,-33.682778,150.903611,pm10,µg/m³,15.0
7427,21612,Rouse Hill-7427,2020-03-17T22:00:00+11:00,-33.682778,150.903611,pm10,µg/m³,11.6
7427,21612,Rouse Hill-7427,2020-03-17T23:00:00+11:00,-33.682778,150.903611,pm10,µg/m³,11.0
7427,21611,Rouse Hill-7427,2020-03-17T01:00:00+11:00,-33.682778,150.903611,pm25,µg/m³,1.6
7427,21611,Rouse Hill-7427,2020-03-17T02:00:00+11:00,-33.682778,150.903611,pm25,µg/m³,1.2
7427,21611,Rouse Hill-7427,2020-03-17T03:00:00+11:00,-33.682778,150.903611,pm25,µg/m³,0.0
7427,21611,Rouse Hill-7427,2020-03-17T04:00:00+11:00,-33.682778,150.903611,pm25,µg/m³,0.4
7427,21611,Rouse Hill-7427,2020-03-17T05:00:00+11:00,-33.682778,150.903611,pm25,µg/m³,1.9
7427,21611,Rouse Hill-7427,2020-03-17T06:00:00+11:00,-33.682778,150.903611,pm25,µg/m³,3.0
7427,21611,Rouse Hill-7427,2020-03-17T07:00:00+11:00,-33.682778,150.903611,pm25,µg/m³,1.6
7427,21611,Rouse Hill-7427,2020-03-17T08:00:00+11:00,-33.682778,150.903611,pm25,µg/m³,0.7
7427,21611,Rouse Hill-7427,2020-03-17T09:00:00+11:00,-33.682778,150.903611,pm25,µg/m³,1.8
7427,21611,Rouse Hill-7427,2020-03-17T10:00:00+11:00,-33.682778,150.903611,pm25,µg/m³,2.8
7427,21611,Rouse Hill-7427,2020-03-17T11:00:00+11:00,-33.682778,150.903611,pm25,µg/m³,1.1
7427,21611,Rouse Hill-7427,2020-03-17T12:00:00+11:00,-33.682778,150.903611,pm25,µg/m³,2.1
7427,21611,Rouse Hill-7427,2020-03-17T13:00:00+11:00,-33.682778,150.903611,pm25,µg/m³,2.4
7427,21611,Rouse Hill-7427,2020-03-17T14:00:00+11:00,-33.682778,150.903611,pm25,µg/m³,0.0
7427,21611,Rouse Hill-7427,2020-03-17T15:00:00+11:00,-33.682778,150.903611,pm25,µg/m³,0.4
7427,21611,Rouse Hill-7427,2020-03-17T16:00:00+11:00,-33.682778,150.903611,pm25,µg/m³,1.7
7427,21611,Rouse Hill-7427,2020-03-17T17:00:00+11:00,-33.682778,150.903611,pm25,µg/m³,3.3
7427,21611,Rouse Hill-7427,2020-03-17T18:00:00+11:00,-33.682778,150.903611,pm25,µg/m³,3.8
7427,21611,Rouse Hill-7427,2020-03-17T19:00:00+11:00,-33.682778,150.903611,pm25,µg/m³,1.8
7427,21611,Rouse Hill-7427,2020-03-17T20:00:00+11:00,-33.682778,150.903611,pm25,µg/m³,0.9
7427,21611,Rouse Hill-7427,2020-03-17T21:00:00+11:00,-33.682778,150.903611,pm25,µg/m³,2.1
7427,21611,Rouse Hill-7427,2020-03-17T22:00:00+11:00,-33.682778,150.903611,pm25,µg/m³,3.1
7427,21611,Rouse Hill-7427,2020-03-17T23:00:00+11:00,-33.682778,150.903611,pm25,µg/m³,3.7
7427,25601,Rouse Hill-7427,2020-03-17T01:00:00+11:00,-33.682778,150.903611,no2,ppm,0.003
7427,25601,Rouse Hill-7427,2020-03-17T03:00:00+11:00,-33.682778,150.903611,no2,ppm,0.003
7427,25601,Rouse Hill-7427,2020-03-17T04:00:00+11:00,-33.682778,150.903611,no2,ppm,0.003
7427,25601,Rouse Hill-7427,2020-03-17T05:00:00+11:00,-33.682778,150.903611,no2,ppm,0.003
7427,25601,Rouse Hill-7427,2020-03-17T06:00:00+11:00,-33.682778,150.903611,no2,ppm,0.007
7427,25601,Rouse Hill-7427,2020-03-17T07:00:00+11:00,-33.682778,150.903611,no2,ppm,0.009
7427,25601,Rouse Hill-7427,2020-03-17T08:00:00+11:00,-33.682778,150.903611,no2,ppm,0.008
7427,25601,Rouse Hill-7427,2020-03-17T09:00:00+11:00,-33.682778,150.903611,no2,ppm,0.007
7427,25601,Rouse Hill-7427,2020-03-17T10:00:00+11:00,-33.682778,150.903611,no2,ppm,0.005
7427,25601,Rouse Hill-7427,2020-03-17T11:00:00+11:00,-33.682778,150.903611,no2,ppm,0.005
7427,25601,Rouse Hill-7427,2020-03-17T12:00:00+11:00,-33.682778,150.903611,no2,ppm,0.004
7427,25601,Rouse Hill-7427,2020-03-17T13:00:00+11:00,-33.682778,150.903611,no2,ppm,0.003
7427,25601,Rouse Hill-7427,2020-03-17T14:00:00+11:00,-33.682778,150.903611,no2,ppm,0.003
7427,25601,Rouse Hill-7427,2020-03-17T15:00:00+11:00,-33.682778,150.903611,no2,ppm,0.006
7427,25601,Rouse Hill-7427,2020-03-17T16:00:00+11:00,-33.682778,150.903611,no2,ppm,0.006
7427,25601,Rouse Hill-7427,2020-03-17T17:00:00+11:00,-33.682778,150.903611,no2,ppm,0.004
7427,25601,Rouse Hill-7427,2020-03-17T18:00:00+11:00,-33.682778,150.903611,no2,ppm,0.004
7427,25601,Rouse Hill-7427,2020-03-17T19:00:00+11:00,-33.682778,150.903611,no2,ppm,0.003
7427,25601,Rouse Hill-7427,2020-03-17T20:00:00+11:00,-33.682778,150.903611,no2,ppm,0.004
7427,25601,Rouse Hill-7427,2020-03-17T21:00:00+11:00,-33.682778,150.903611,no2,ppm,0.004
7427,25601,Rouse Hill-7427,2020-03-17T22:00:00+11:00,-33.682778,150.903611,no2,ppm,0.002
7427,25601,Rouse Hill-7427,2020-03-17T23:00:00+11:00,-33.682778,150.903611,no2,ppm,0.003
7427,28892,Rouse Hill-7427,2020-03-17T01:00:00+11:00,-33.682778,150.903611,co,ppm,0.1
7427,28892,Rouse Hill-7427,2020-03-17T02:00:00+11:00,-33.682778,150.903611,co,ppm,0.1
7427,28892,Rouse Hill-7427,2020-03-17T03:00:00+11:00,-33.682778,150.903611,co,ppm,0.1
7427,28892,Rouse Hill-7427,2020-03-17T04:00:00+11:00,-33.682778,150.903611,co,ppm,0.1
7427,28892,Rouse Hill-7427,2020-03-17T05:00:00+11:00,-33.682778,150.903611,co,ppm,0.1
7427,28892,Rouse Hill-7427,2020-03-17T06:00:00+11:00,-33.682778,150.903611,co,ppm,0.1
7427,28892,Rouse Hill-7427,2020-03-17T07:00:00+11:00,-33.682778,150.903611,co,ppm,0.1
7427,28892,Rouse Hill-7427,2020-03-17T08:00:00+11:00,-33.682778,150.903611,co,ppm,0.2
7427,28892,Rouse Hill-7427,2020-03-17T09:00:00+11:00,-33.682778,150.903611,co,ppm,0.2
7427,28892,Rouse Hill-7427,2020-03-17T10:00:00+11:00,-33.682778,150.903611,co,ppm,0.2
7427,28892,Rouse Hill-7427,2020-03-17T11:00:00+11:00,-33.682778,150.903611,co,ppm,0.2
7427,28892,Rouse Hill-7427,2020-03-17T12:00:00+11:00,-33.682778,150.903611,co,ppm,0.2
7427,28892,Rouse Hill-7427,2020-03-17T13:00:00+11:00,-33.682778,150.903611,co,ppm,0.2
7427,28892,Rouse Hill-7427,2020-03-17T14:00:00+11:00,-33.682778,150.903611,co,ppm,0.2
7427,28892,Rouse Hill-7427,2020-03-17T15:00:00+11:00,-33.682778,150.903611,co,ppm,0.2
7427,28892,Rouse Hill-7427,2020-03-17T16:00:00+11:00,-33.682778,150.903611,co,ppm,0.2
7427,28892,Rouse Hill-7427,2020-03-17T17:00:00+11:00,-33.682778,150.903611,co,ppm,0.2
7427,28892,Rouse Hill-7427,2020-03-17T18:00:00+11:00,-33.682778,150.903611,co,ppm,0.2
7427,28892,Rouse Hill-7427,2020-03-17T19:00:00+11:00,-33.682778,150.903611,co,ppm,0.2
7427,28892,Rouse Hill-7427,2020-03-17T20:00:00+11:00,-33.682778,150.903611,co,ppm,0.2
7427,28892,Rouse Hill-7427,2020-03-17T21:00:00+11:00,-33.682778,150.903611,co,ppm,0.2
7427,28892,Rouse Hill-7427,2020-03-17T22:00:00+11:00,-33.682778,150.903611,co,ppm,0.2
7427,28892,Rouse Hill-7427,2020-03-17T23:00:00+11:00,-33.682778,150.903611,co,ppm,0.2
7427,25602,Rouse Hill-7427,2020-03-17T01:00:00+11:00,-33.682778,150.903611,o3,ppm,0.012
7427,25602,Rouse Hill-7427,2020-03-17T02:00:00+11:00,-33.682778,150.903611,o3,ppm,0.013
7427,25602,Rouse Hill-7427,2020-03-17T03:00:00+11:00,-33.682778,150.903611,o3,ppm,0.01
7427,25602,Rouse Hill-7427,2020-03-17T04:00:00+11:00,-33.682778,150.903611,o3,ppm,0.01
7427,25602,Rouse Hill-7427,2020-03-17T05:00:00+11:00,-33.682778,150.903611,o3,ppm,0.01
7427,25602,Rouse Hill-7427,2020-03-17T06:00:00+11:00,-33.682778,150.903611,o3,ppm,0.007
7427,25602,Rouse Hill-7427,2020-03-17T07:00:00+11:00,-33.682778,150.903611,o3,ppm,0.003
7427,25602,Rouse Hill-7427,2020-03-17T08:00:00+11:00,-33.682778,150.903611,o3,ppm,0.006
7427,25602,Rouse Hill-7427,2020-03-17T09:00:00+11:00,-33.682778,150.903611,o3,ppm,0.01
7427,25602,Rouse Hill-7427,2020-03-17T10:00:00+11:00,-33.682778,150.903611,o3,ppm,0.013
7427,25602,Rouse Hill-7427,2020-03-17T11:00:00+11:00,-33.682778,150.903611,o3,ppm,0.015
7427,25602,Rouse Hill-7427,2020-03-17T12:00:00+11:00,-33.682778,150.903611,o3,ppm,0.018
7427,25602,Rouse Hill-7427,2020-03-17T13:00:00+11:00,-33.682778,150.903611,o3,ppm,0.02
7427,25602,Rouse Hill-7427,2020-03-17T14:00:00+11:00,-33.682778,150.903611,o3,ppm,0.023
7427,25602,Rouse Hill-7427,2020-03-17T15:00:00+11:00,-33.682778,150.903611,o3,ppm,0.021
7427,25602,Rouse Hill-7427,2020-03-17T16:00:00+11:00,-33.682778,150.903611,o3,ppm,0.018
7427,25602,Rouse Hill-7427,2020-03-17T17:00:00+11:00,-33.682778,150.903611,o3,ppm,0.02
7427,25602,Rouse Hill-7427,2020-03-17T18:00:00+11:00,-33.682778,150.903611,o3,ppm,0.019
7427,25602,Rouse Hill-7427,2020-03-17T19:00:00+11:00,-33.682778,150.903611,o3,ppm,0.019
7427,25602,Rouse Hill-7427,2020-03-17T20:00:00+11:00,-33.682778,150.903611,o3,ppm,0.017
7427,25602,Rouse Hill-7427,2020-03-17T21:00:00+11:00,-33.682778,150.903611,o3,ppm,0.016
7427,25602,Rouse Hill-7427,2020-03-17T22:00:00+11:00,-33.682778,150.903611,o3,ppm,0.018
7427,25602,Rouse Hill-7427,2020-03-17T23:00:00+11:00,-33.682778,150.903611,o3,ppm,0.011
7427,21612,Rouse Hill-7427,2020-03-18T02:00:00+11:00,-33.682778,150.903611,pm10,µg/m³,10.1
7427,21612,Rouse Hill-7427,2020-03-18T05:00:00+11:00,-33.682778,150.903611,pm10,µg/m³,9.1
7427,21612,Rouse Hill-7427,2020-03-18T06:00:00+11:00,-33.682778,150.903611,pm10,µg/m³,10.3
7427,21612,Rouse Hill-7427,2020-03-18T07:00:00+11:00,-33.682778,150.903611,pm10,µg/m³,11.1
7427,21612,Rouse Hill-7427,2020-03-18T08:00:00+11:00,-33.682778,150.903611,pm10,µg/m³,10.8
7427,21612,Rouse Hill-7427,2020-03-18T09:00:00+11:00,-33.682778,150.903611,pm10,µg/m³,16.4
7427,21612,Rouse Hill-7427,2020-03-18T11:00:00+11:00,-33.682778,150.903611,pm10,µg/m³,8.3
7427,21612,Rouse Hill-7427,2020-03-18T12:00:00+11:00,-33.682778,150.903611,pm10,µg/m³,4.5
7427,21612,Rouse Hill-7427,2020-03-18T13:00:00+11:00,-33.682778,150.903611,pm10,µg/m³,5.7
7427,21612,Rouse Hill-7427,2020-03-18T14:00:00+11:00,-33.682778,150.903611,pm10,µg/m³,6.8
7427,21612,Rouse Hill-7427,2020-03-18T15:00:00+11:00,-33.682778,150.903611,pm10,µg/m³,8.8
7427,21612,Rouse Hill-7427,2020-03-18T16:00:00+11:00,-33.682778,150.903611,pm10,µg/m³,8.6
7427,21612,Rouse Hill-7427,2020-03-18T17:00:00+11:00,-33.682778,150.903611,pm10,µg/m³,8.9
7427,21612,Rouse Hill-7427,2020-03-18T18:00:00+11:00,-33.682778,150.903611,pm10,µg/m³,10.6
7427,21612,Rouse Hill-7427,2020-03-18T19:00:00+11:00,-33.682778,150.903611,pm10,µg/m³,17.4
7427,21612,Rouse Hill-7427,2020-03-18T20:00:00+11:00,-33.682778,150.903611,pm10,µg/m³,21.7
7427,21612,Rouse Hill-7427,2020-03-18T21:00:00+11:00,-33.682778,150.903611,pm10,µg/m³,18.6
7427,21612,Rouse Hill-7427,2020-03-18T22:00:00+11:00,-33.682778,150.903611,pm10,µg/m³,17.7
7427,21612,Rouse Hill-7427,2020-03-18T23:00:00+11:00,-33.682778,150.903611,pm10,µg/m³,16.4
7427,21611,Rouse Hill-7427,2020-03-18T02:00:00+11:00,-33.682778,150.903611,pm25,µg/m³,1.9
7427,21611,Rouse Hill-7427,2020-03-18T05:00:00+11:00,-33.682778,150.903611,pm25,µg/m³,7.1
7427,21611,Rouse Hill-7427,2020-03-18T06:00:00+11:00,-33.682778,150.903611,pm25,µg/m³,12.9
7427,21611,Rouse Hill-7427,2020-03-18T07:00:00+11:00,-33.682778,150.903611,pm25,µg/m³,7.9
7427,21611,Rouse Hill-7427,2020-03-18T08:00:00+11:00,-33.682778,150.903611,pm25,µg/m³,8.8
7427,21611,Rouse Hill-7427,2020-03-18T09:00:00+11:00,-33.682778,150.903611,pm25,µg/m³,9.7
7427,21611,Rouse Hill-7427,2020-03-18T11:00:00+11:00,-33.682778,150.903611,pm25,µg/m³,1.2
7427,21611,Rouse Hill-7427,2020-03-18T12:00:00+11:00,-33.682778,150.903611,pm25,µg/m³,0.0
7427,21611,Rouse Hill-7427,2020-03-18T13:00:00+11:00,-33.682778,150.903611,pm25,µg/m³,2.6
7427,21611,Rouse Hill-7427,2020-03-18T14:00:00+11:00,-33.682778,150.903611,pm25,µg/m³,3.4
7427,21611,Rouse Hill-7427,2020-03-18T15:00:00+11:00,-33.682778,150.903611,pm25,µg/m³,2.8
7427,21611,Rouse Hill-7427,2020-03-18T16:00:00+11:00,-33.682778,150.903611,pm25,µg/m³,0.0
7427,21611,Rouse Hill-7427,2020-03-18T17:00:00+11:00,-33.682778,150.903611,pm25,µg/m³,3.6
7427,21611,Rouse Hill-7427,2020-03-18T18:00:00+11:00,-33.682778,150.903611,pm25,µg/m³,3.2
7427,21611,Rouse Hill-7427,2020-03-18T19:00:00+11:00,-33.682778,150.903611,pm25,µg/m³,5.3
7427,21611,Rouse Hill-7427,2020-03-18T20:00:00+11:00,-33.682778,150.903611,pm25,µg/m³,8.0
7427,21611,Rouse Hill-7427,2020-03-18T21:00:00+11:00,-33.682778,150.903611,pm25,µg/m³,14.5
7427,21611,Rouse Hill-7427,2020-03-18T22:00:00+11:00,-33.682778,150.903611,pm25,µg/m³,13.5
7427,21611,Rouse Hill-7427,2020-03-18T23:00:00+11:00,-33.682778,150.903611,pm25,µg/m³,2.6
7427,25601,Rouse Hill-7427,2020-03-18T05:00:00+11:00,-33.682778,150.903611,no2,ppm,0.003
7427,25601,Rouse Hill-7427,2020-03-18T06:00:00+11:00,-33.682778,150.903611,no2,ppm,0.007
7427,25601,Rouse Hill-7427,2020-03-18T07:00:00+11:00,-33.682778,150.903611,no2,ppm,0.006
7427,25601,Rouse Hill-7427,2020-03-18T08:00:00+11:00,-33.682778,150.903611,no2,ppm,0.007
7427,25601,Rouse Hill-7427,2020-03-18T09:00:00+11:00,-33.682778,150.903611,no2,ppm,0.003
7427,25601,Rouse Hill-7427,2020-03-18T11:00:00+11:00,-33.682778,150.903611,no2,ppm,0.001
7427,25601,Rouse Hill-7427,2020-03-18T12:00:00+11:00,-33.682778,150.903611,no2,ppm,0.0
7427,25601,Rouse Hill-7427,2020-03-18T13:00:00+11:00,-33.682778,150.903611,no2,ppm,0.0
7427,25601,Rouse Hill-7427,2020-03-18T14:00:00+11:00,-33.682778,150.903611,no2,ppm,0.0
7427,25601,Rouse Hill-7427,2020-03-18T15:00:00+11:00,-33.682778,150.903611,no2,ppm,0.001
7427,25601,Rouse Hill-7427,2020-03-18T16:00:00+11:00,-33.682778,150.903611,no2,ppm,0.001
7427,25601,Rouse Hill-7427,2020-03-18T17:00:00+11:00,-33.682778,150.903611,no2,ppm,0.001
7427,25601,Rouse Hill-7427,2020-03-18T18:00:00+11:00,-33.682778,150.903611,no2,ppm,0.001
7427,25601,Rouse Hill-7427,2020-03-18T19:00:00+11:00,-33.682778,150.903611,no2,ppm,0.003
7427,25601,Rouse Hill-7427,2020-03-18T20:00:00+11:00,-33.682778,150.903611,no2,ppm,0.007
7427,25601,Rouse Hill-7427,2020-03-18T21:00:00+11:00,-33.682778,150.903611,no2,ppm,0.007
7427,25601,Rouse Hill-7427,2020-03-18T22:00:00+11:00,-33.682778,150.903611,no2,ppm,0.007
7427,25601,Rouse Hill-7427,2020-03-18T23:00:00+11:00,-33.682778,150.903611,no2,ppm,0.005
7427,28892,Rouse Hill-7427,2020-03-18T02:00:00+11:00,-33.682778,150.903611,co,ppm,0.2
7427,28892,Rouse Hill-7427,2020-03-18T05:00:00+11:00,-33.682778,150.903611,co,ppm,0.2
7427,28892,Rouse Hill-7427,2020-03-18T06:00:00+11:00,-33.682778,150.903611,co,ppm,0.2
7427,28892,Rouse Hill-7427,2020-03-18T07:00:00+11:00,-33.682778,150.903611,co,ppm,0.2
7427,28892,Rouse Hill-7427,2020-03-18T08:00:00+11:00,-33.682778,150.903611,co,ppm,0.2
7427,28892,Rouse Hill-7427,2020-03-18T09:00:00+11:00,-33.682778,150.903611,co,ppm,0.2
7427,28892,Rouse Hill-7427,2020-03-18T11:00:00+11:00,-33.682778,150.903611,co,ppm,0.2
7427,28892,Rouse Hill-7427,2020-03-18T12:00:00+11:00,-33.682778,150.903611,co,ppm,0.2
7427,28892,Rouse Hill-7427,2020-03-18T13:00:00+11:00,-33.682778,150.903611,co,ppm,0.2
7427,28892,Rouse Hill-7427,2020-03-18T14:00:00+11:00,-33.682778,150.903611,co,ppm,0.2
7427,28892,Rouse Hill-7427,2020-03-18T15:00:00+11:00,-33.682778,150.903611,co,ppm,0.1
7427,28892,Rouse Hill-7427,2020-03-18T16:00:00+11:00,-33.682778,150.903611,co,ppm,0.1
7427,28892,Rouse Hill-7427,2020-03-18T17:00:00+11:00,-33.682778,150.903611,co,ppm,0.1
7427,28892,Rouse Hill-7427,2020-03-18T18:00:00+11:00,-33.682778,150.903611,co,ppm,0.1
7427,28892,Rouse Hill-7427,2020-03-18T19:00:00+11:00,-33.682778,150.903611,co,ppm,0.1
7427,28892,Rouse Hill-7427,2020-03-18T20:00:00+11:00,-33.682778,150.903611,co,ppm,0.2
7427,28892,Rouse Hill-7427,2020-03-18T21:00:00+11:00,-33.682778,150.903611,co,ppm,0.2
7427,28892,Rouse Hill-7427,2020-03-18T22:00:00+11:00,-33.682778,150.903611,co,ppm,0.2
7427,28892,Rouse Hill-7427,2020-03-18T23:00:00+11:00,-33.682778,150.903611,co,ppm,0.2
7427,25603,Rouse Hill-7427,2020-03-18T05:00:00+11:00,-33.682778,150.903611,so2,ppm,0.0
7427,25603,Rouse Hill-7427,2020-03-18T06:00:00+11:00,-33.682778,150.903611,so2,ppm,0.0
7427,25603,Rouse Hill-7427,2020-03-18T07:00:00+11:00,-33.682778,150.903611,so2,ppm,0.0
7427,25603,Rouse Hill-7427,2020-03-18T08:00:00+11:00,-33.682778,150.903611,so2,ppm,0.0
7427,25603,Rouse Hill-7427,2020-03-18T09:00:00+11:00,-33.682778,150.903611,so2,ppm,0.0
7427,25603,Rouse Hill-7427,2020-03-18T11:00:00+11:00,-33.682778,150.903611,so2,ppm,0.001
7427,25603,Rouse Hill-7427,2020-03-18T12:00:00+11:00,-33.682778,150.903611,so2,ppm,0.0
7427,25603,Rouse Hill-7427,2020-03-18T13:00:00+11:00,-33.682778,150.903611,so2,ppm,0.0
7427,25603,Rouse Hill-7427,2020-03-18T14:00:00+11:00,-33.682778,150.903611,so2,ppm,0.0
7427,25603,Rouse Hill-7427,2020-03-18T15:00:00+11:00,-33.682778,150.903611,so2,ppm,0.0
7427,25603,Rouse Hill-7427,2020-03-18T16:00:00+11:00,-33.682778,150.903611,so2,ppm,0.0
7427,25603,Rouse Hill-7427,2020-03-18T17:00:00+11:00,-33.682778,150.903611,so2,ppm,0.0
7427,25603,Rouse Hill-7427,2020-03-18T18:00:00+11:00,-33.682778,150.903611,so2,ppm,0.001
7427,25603,Rouse Hill-7427,2020-03-18T19:00:00+11:00,-33.682778,150.903611,so2,ppm,0.001
7427,25603,Rouse Hill-7427,2020-03-18T20:00:00+11:00,-33.682778,150.903611,so2,ppm,0.003
7427,25603,Rouse Hill-7427,2020-03-18T21:00:00+11:00,-33.682778,150.903611,so2,ppm,0.003
7427,25603,Rouse Hill-7427,2020-03-18T22:00:00+11:00,-33.682778,150.903611,so2,ppm,0.004
7427,25603,Rouse Hill-7427,2020-03-18T23:00:00+11:00,-33.682778,150.903611,so2,ppm,0.002
7427,25602,Rouse Hill-7427,2020-03-18T02:00:00+11:00,-33.682778,150.903611,o3,ppm,0.009
7427,25602,Rouse Hill-7427,2020-03-18T05:00:00+11:00,-33.682778,150.903611,o3,ppm,0.005
7427,25602,Rouse Hill-7427,2020-03-18T06:00:00+11:00,-33.682778,150.903611,o3,ppm,0.003
7427,25602,Rouse Hill-7427,2020-03-18T07:00:00+11:00,-33.682778,150.903611,o3,ppm,0.003
7427,25602,Rouse Hill-7427,2020-03-18T08:00:00+11:00,-33.682778,150.903611,o3,ppm,0.004
7427,25602,Rouse Hill-7427,2020-03-18T09:00:00+11:00,-33.682778,150.903611,o3,ppm,0.007
7427,25602,Rouse Hill-7427,2020-03-18T11:00:00+11:00,-33.682778,150.903611,o3,ppm,0.022
7427,25602,Rouse Hill-7427,2020-03-18T12:00:00+11:00,-33.682778,150.903611,o3,ppm,0.025
7427,25602,Rouse Hill-7427,2020-03-18T13:00:00+11:00,-33.682778,150.903611,o3,ppm,0.028
7427,25602,Rouse Hill-7427,2020-03-18T14:00:00+11:00,-33.682778,150.903611,o3,ppm,0.03
7427,25602,Rouse Hill-7427,2020-03-18T15:00:00+11:00,-33.682778,150.903611,o3,ppm,0.032
7427,25602,Rouse Hill-7427,2020-03-18T16:00:00+11:00,-33.682778,150.903611,o3,ppm,0.032
7427,25602,Rouse Hill-7427,2020-03-18T17:00:00+11:00,-33.682778,150.903611,o3,ppm,0.03
7427,25602,Rouse Hill-7427,2020-03-18T18:00:00+11:00,-33.682778,150.903611,o3,ppm,0.027
7427,25602,Rouse Hill-7427,2020-03-18T19:00:00+11:00,-33.682778,150.903611,o3,ppm,0.033
7427,25602,Rouse Hill-7427,2020-03-18T20:00:00+11:00,-33.682778,150.903611,o3,ppm,0.025
7427,25602,Rouse Hill-7427,2020-03-18T21:00:00+11:00,-33.682778,150.903611,o3,ppm,0.021
7427,25602,Rouse Hill-7427,2020-03-18T22:00:00+11:00,-33.682778,150.903611,o3,ppm,0.019
7427,25602,Rouse Hill-7427,2020-03-18T23:00:00+11:00,-33.682778,150.903611,o3,ppm,0.02
7427,21612,Rouse Hill-7427,2020-03-20T07:00:00+11:00,-33.682778,150.903611,pm10,µg/m³,20.3
7427,21612,Rouse Hill-7427,2020-03-20T08:00:00+11:00,-33.682778,150.903611,pm10,µg/m³,25.3
7427,21612,Rouse Hill-7427,2020-03-20T09:00:00+11:00,-33.682778,150.903611,pm10,µg/m³,25.1
7427,21612,Rouse Hill-7427,2020-03-20T10:00:00+11:00,-33.682778,150.903611,pm10,µg/m³,27.7
7427,21612,Rouse Hill-7427,2020-03-20T11:00:00+11:00,-33.682778,150.903611,pm10,µg/m³,25.5
7427,21612,Rouse Hill-7427,2020-03-20T12:00:00+11:00,-33.682778,150.903611,pm10,µg/m³,21.1
7427,21612,Rouse Hill-7427,2020-03-20T13:00:00+11:00,-33.682778,150.903611,pm10,µg/m³,19.0
7427,21612,Rouse Hill-7427,2020-03-20T14:00:00+11:00,-33.682778,150.903611,pm10,µg/m³,17.0
7427,21612,Rouse Hill-7427,2020-03-20T15:00:00+11:00,-33.682778,150.903611,pm10,µg/m³,22.4
7427,21612,Rouse Hill-7427,2020-03-20T16:00:00+11:00,-33.682778,150.903611,pm10,µg/m³,23.4
7427,21612,Rouse Hill-7427,2020-03-20T17:00:00+11:00,-33.682778,150.903611,pm10,µg/m³,26.9
7427,21612,Rouse Hill-7427,2020-03-20T19:00:00+11:00,-33.682778,150.903611,pm10,µg/m³,29.9
7427,21612,Rouse Hill-7427,2020-03-20T22:00:00+11:00,-33.682778,150.903611,pm10,µg/m³,41.7
7427,21611,Rouse Hill-7427,2020-03-20T07:00:00+11:00,-33.682778,150.903611,pm25,µg/m³,4.0
7427,21611,Rouse Hill-7427,2020-03-20T08:00:00+11:00,-33.682778,150.903611,pm25,µg/m³,4.2
7427,21611,Rouse Hill-7427,2020-03-20T09:00:00+11:00,-33.682778,150.903611,pm25,µg/m³,3.8
7427,21611,Rouse Hill-7427,2020-03-20T10:00:00+11:00,-33.682778,150.903611,pm25,µg/m³,1.6
7427,21611,Rouse Hill-7427,2020-03-20T11:00:00+11:00,-33.682778,150.903611,pm25,µg/m³,2.7
7427,21611,Rouse Hill-7427,2020-03-20T12:00:00+11:00,-33.682778,150.903611,pm25,µg/m³,5.3
7427,21611,Rouse Hill-7427,2020-03-20T13:00:00+11:00,-33.682778,150.903611,pm25,µg/m³,0.0
7427,21611,Rouse Hill-7427,2020-03-20T14:00:00+11:00,-33.682778,150.903611,pm25,µg/m³,0.0
7427,21611,Rouse Hill-7427,2020-03-20T15:00:00+11:00,-33.682778,150.903611,pm25,µg/m³,0.0
7427,21611,Rouse Hill-7427,2020-03-20T16:00:00+11:00,-33.682778,150.903611,pm25,µg/m³,0.0
7427,21611,Rouse Hill-7427,2020-03-20T17:00:00+11:00,-33.682778,150.903611,pm25,µg/m³,0.9
7427,21611,Rouse Hill-7427,2020-03-20T19:00:00+11:00,-33.682778,150.903611,pm25,µg/m³,6.0
7427,25601,Rouse Hill-7427,2020-03-20T07:00:00+11:00,-33.682778,150.903611,no2,ppm,0.008
7427,25601,Rouse Hill-7427,2020-03-20T08:00:00+11:00,-33.682778,150.903611,no2,ppm,0.009
7427,25601,Rouse Hill-7427,2020-03-20T09:00:00+11:00,-33.682778,150.903611,no2,ppm,0.004
7427,25601,Rouse Hill-7427,2020-03-20T10:00:00+11:00,-33.682778,150.903611,no2,ppm,0.003
7427,25601,Rouse Hill-7427,2020-03-20T11:00:00+11:00,-33.682778,150.903611,no2,ppm,0.003
7427,25601,Rouse Hill-7427,2020-03-20T12:00:00+11:00,-33.682778,150.903611,no2,ppm,0.002
7427,25601,Rouse Hill-7427,2020-03-20T13:00:00+11:00,-33.682778,150.903611,no2,ppm,0.001
7427,25601,Rouse Hill-7427,2020-03-20T14:00:00+11:00,-33.682778,150.903611,no2,ppm,0.001
7427,25601,Rouse Hill-7427,2020-03-20T15:00:00+11:00,-33.682778,150.903611,no2,ppm,0.001
7427,25601,Rouse Hill-7427,2020-03-20T16:00:00+11:00,-33.682778,150.903611,no2,ppm,0.001
7427,25601,Rouse Hill-7427,2020-03-20T17:00:00+11:00,-33.682778,150.903611,no2,ppm,0.001
7427,25601,Rouse Hill-7427,2020-03-20T19:00:00+11:00,-33.682778,150.903611,no2,ppm,0.001
7427,25601,Rouse Hill-7427,2020-03-20T22:00:00+11:00,-33.682778,150.903611,no2,ppm,0.002
7427,28892,Rouse Hill-7427,2020-03-20T07:00:00+11:00,-33.682778,150.903611,co,ppm,0.2
7427,28892,Rouse Hill-7427,2020-03-20T08:00:00+11:00,-33.682778,150.903611,co,ppm,0.2
7427,28892,Rouse Hill-7427,2020-03-20T09:00:00+11:00,-33.682778,150.903611,co,ppm,0.2
7427,28892,Rouse Hill-7427,2020-03-20T10:00:00+11:00,-33.682778,150.903611,co,ppm,0.2
7427,28892,Rouse Hill-7427,2020-03-20T11:00:00+11:00,-33.682778,150.903611,co,ppm,0.2
7427,28892,Rouse Hill-7427,2020-03-20T12:00:00+11:00,-33.682778,150.903611,co,ppm,0.2
7427,28892,Rouse Hill-7427,2020-03-20T13:00:00+11:00,-33.682778,150.903611,co,ppm,0.2
7427,28892,Rouse Hill-7427,2020-03-20T14:00:00+11:00,-33.682778,150.903611,co,ppm,0.2
7427,28892,Rouse Hill-7427,2020-03-20T15:00:00+11:00,-33.682778,150.903611,co,ppm,0.2
7427,28892,Rouse Hill-7427,2020-03-20T16:00:00+11:00,-33.682778,150.903611,co,ppm,0.1
7427,28892,Rouse Hill-7427,2020-03-20T17:00:00+11:00,-33.682778,150.903611,co,ppm,0.1
7427,28892,Rouse Hill-7427,2020-03-20T19:00:00+11:00,-33.682778,150.903611,co,ppm,0.1
7427,28892,Rouse Hill-7427,2020-03-20T22:00:00+11:00,-33.682778,150.903611,co,ppm,0.1
7427,25603,Rouse Hill-7427,2020-03-20T07:00:00+11:00,-33.682778,150.903611,so2,ppm,0.0
7427,25603,Rouse Hill-7427,2020-03-20T08:00:00+11:00,-33.682778,150.903611,so2,ppm,0.0
7427,25603,Rouse Hill-7427,2020-03-20T09:00:00+11:00,-33.682778,150.903611,so2,ppm,0.001
7427,25603,Rouse Hill-7427,2020-03-20T10:00:00+11:00,-33.682778,150.903611,so2,ppm,0.0
7427,25603,Rouse Hill-7427,2020-03-20T11:00:00+11:00,-33.682778,150.903611,so2,ppm,0.001
7427,25603,Rouse Hill-7427,2020-03-20T12:00:00+11:00,-33.682778,150.903611,so2,ppm,0.001
7427,25603,Rouse Hill-7427,2020-03-20T13:00:00+11:00,-33.682778,150.903611,so2,ppm,0.001
7427,25603,Rouse Hill-7427,2020-03-20T14:00:00+11:00,-33.682778,150.903611,so2,ppm,0.001
7427,25603,Rouse Hill-7427,2020-03-20T15:00:00+11:00,-33.682778,150.903611,so2,ppm,0.001
7427,25603,Rouse Hill-7427,2020-03-20T16:00:00+11:00,-33.682778,150.903611,so2,ppm,0.0
7427,25603,Rouse Hill-7427,2020-03-20T17:00:00+11:00,-33.682778,150.903611,so2,ppm,0.0
7427,25603,Rouse Hill-7427,2020-03-20T19:00:00+11:00,-33.682778,150.903611,so2,ppm,0.0
7427,25603,Rouse Hill-7427,2020-03-20T22:00:00+11:00,-33.682778,150.903611,so2,ppm,0.0
7427,25602,Rouse Hill-7427,2020-03-20T07:00:00+11:00,-33.682778,150.903611,o3,ppm,0.016
7427,25602,Rouse Hill-7427,2020-03-20T08:00:00+11:00,-33.682778,150.903611,o3,ppm,0.017
7427,25602,Rouse Hill-7427,2020-03-20T09:00:00+11:00,-33.682778,150.903611,o3,ppm,0.026
7427,25602,Rouse Hill-7427,2020-03-20T10:00:00+11:00,-33.682778,150.903611,o3,ppm,0.03
7427,25602,Rouse Hill-7427,2020-03-20T11:00:00+11:00,-33.682778,150.903611,o3,ppm,0.034
7427,25602,Rouse Hill-7427,2020-03-20T12:00:00+11:00,-33.682778,150.903611,o3,ppm,0.041
7427,25602,Rouse Hill-7427,2020-03-20T13:00:00+11:00,-33.682778,150.903611,o3,ppm,0.043
7427,25602,Rouse Hill-7427,2020-03-20T14:00:00+11:00,-33.682778,150.903611,o3,ppm,0.04
7427,25602,Rouse Hill-7427,2020-03-20T15:00:00+11:00,-33.682778,150.903611,o3,ppm,0.038
7427,25602,Rouse Hill-7427,2020-03-20T16:00:00+11:00,-33.682778,150.903611,o3,ppm,0.039
7427,25602,Rouse Hill-7427,2020-03-20T17:00:00+11:00,-33.682778,150.903611,o3,ppm,0.036
7427,25602,Rouse Hill-7427,2020-03-20T19:00:00+11:00,-33.682778,150.903611,o3,ppm,0.032
7427,25602,Rouse Hill-7427,2020-03-20T22:00:00+11:00,-33.682778,150.903611,o3,ppm,0.026
7427,21612,Rouse Hill-7427,2020-03-21T02:00:00+11:00,-33.682778,150.903611,pm10,µg/m³,29.7
7427,21612,Rouse Hill-7427,2020-03-21T04:00:00+11:00,-33.682778,150.903611,pm10,µg/m³,23.7
7427,21612,Rouse Hill-7427,2020-03-21T06:00:00+11:00,-33.682778,150.903611,pm10,µg/m³,23.5
7427,21612,Rouse Hill-7427,2020-03-21T09:00:00+11:00,-33.682778,150.903611,pm10,µg/m³,38.4
7427,21612,Rouse Hill-7427,2020-03-21T10:00:00+11:00,-33.682778,150.903611,pm10,µg/m³,35.1
7427,21612,Rouse Hill-7427,2020-03-21T11:00:00+11:00,-33.682778,150.903611,pm10,µg/m³,33.3
7427,21612,Rouse Hill-7427,2020-03-21T12:00:00+11:00,-33.682778,150.903611,pm10,µg/m³,32.0
7427,21612,Rouse Hill-7427,2020-03-21T13:00:00+11:00,-33.682778,150.903611,pm10,µg/m³,32.7
7427,21612,Rouse Hill-7427,2020-03-21T15:00:00+11:00,-33.682778,150.903611,pm10,µg/m³,29.8
7427,21612,Rouse Hill-7427,2020-03-21T16:00:00+11:00,-33.682778,150.903611,pm10,µg/m³,27.2
7427,21612,Rouse Hill-7427,2020-03-21T17:00:00+11:00,-33.682778,150.903611,pm10,µg/m³,23.8
7427,21612,Rouse Hill-7427,2020-03-21T18:00:00+11:00,-33.682778,150.903611,pm10,µg/m³,21.2
7427,21612,Rouse Hill-7427,2020-03-21T19:00:00+11:00,-33.682778,150.903611,pm10,µg/m³,21.5
7427,21612,Rouse Hill-7427,2020-03-21T20:00:00+11:00,-33.682778,150.903611,pm10,µg/m³,21.6
7427,21612,Rouse Hill-7427,2020-03-21T21:00:00+11:00,-33.682778,150.903611,pm10,µg/m³,21.9
7427,21612,Rouse Hill-7427,2020-03-21T22:00:00+11:00,-33.682778,150.903611,pm10,µg/m³,19.2
7427,21611,Rouse Hill-7427,2020-03-21T02:00:00+11:00,-33.682778,150.903611,pm25,µg/m³,10.7
7427,21611,Rouse Hill-7427,2020-03-21T04:00:00+11:00,-33.682778,150.903611,pm25,µg/m³,4.4
7427,21611,Rouse Hill-7427,2020-03-21T06:00:00+11:00,-33.682778,150.903611,pm25,µg/m³,0.0
7427,21611,Rouse Hill-7427,2020-03-21T09:00:00+11:00,-33.682778,150.903611,pm25,µg/m³,6.6
7427,21611,Rouse Hill-7427,2020-03-21T10:00:00+11:00,-33.682778,150.903611,pm25,µg/m³,6.7
7427,21611,Rouse Hill-7427,2020-03-21T11:00:00+11:00,-33.682778,150.903611,pm25,µg/m³,6.3
7427,21611,Rouse Hill-7427,2020-03-21T12:00:00+11:00,-33.682778,150.903611,pm25,µg/m³,3.0
7427,21611,Rouse Hill-7427,2020-03-21T13:00:00+11:00,-33.682778,150.903611,pm25,µg/m³,2.6
7427,21611,Rouse Hill-7427,2020-03-21T15:00:00+11:00,-33.682778,150.903611,pm25,µg/m³,9.4
7427,21611,Rouse Hill-7427,2020-03-21T16:00:00+11:00,-33.682778,150.903611,pm25,µg/m³,5.4
7427,21611,Rouse Hill-7427,2020-03-21T17:00:00+11:00,-33.682778,150.903611,pm25,µg/m³,4.0
7427,21611,Rouse Hill-7427,2020-03-21T18:00:00+11:00,-33.682778,150.903611,pm25,µg/m³,6.2
7427,21611,Rouse Hill-7427,2020-03-21T19:00:00+11:00,-33.682778,150.903611,pm25,µg/m³,6.5
7427,21611,Rouse Hill-7427,2020-03-21T20:00:00+11:00,-33.682778,150.903611,pm25,µg/m³,3.1
7427,21611,Rouse Hill-7427,2020-03-21T21:00:00+11:00,-33.682778,150.903611,pm25,µg/m³,10.5
7427,21611,Rouse Hill-7427,2020-03-21T22:00:00+11:00,-33.682778,150.903611,pm25,µg/m³,14.9
7427,25601,Rouse Hill-7427,2020-03-21T04:00:00+11:00,-33.682778,150.903611,no2,ppm,0.002
7427,25601,Rouse Hill-7427,2020-03-21T06:00:00+11:00,-33.682778,150.903611,no2,ppm,0.003
7427,25601,Rouse Hill-7427,2020-03-21T09:00:00+11:00,-33.682778,150.903611,no2,ppm,0.008
7427,25601,Rouse Hill-7427,2020-03-21T10:00:00+11:00,-33.682778,150.903611,no2,ppm,0.003
7427,25601,Rouse Hill-7427,2020-03-21T11:00:00+11:00,-33.682778,150.903611,no2,ppm,0.002
7427,25601,Rouse Hill-7427,2020-03-21T12:00:00+11:00,-33.682778,150.903611,no2,ppm,0.002
7427,25601,Rouse Hill-7427,2020-03-21T13:00:00+11:00,-33.682778,150.903611,no2,ppm,0.001
7427,25601,Rouse Hill-7427,2020-03-21T15:00:00+11:00,-33.682778,150.903611,no2,ppm,0.002
7427,25601,Rouse Hill-7427,2020-03-21T16:00:00+11:00,-33.682778,150.903611,no2,ppm,0.002
7427,25601,Rouse Hill-7427,2020-03-21T17:00:00+11:00,-33.682778,150.903611,no2,ppm,0.002
7427,25601,Rouse Hill-7427,2020-03-21T18:00:00+11:00,-33.682778,150.903611,no2,ppm,0.001
7427,25601,Rouse Hill-7427,2020-03-21T19:00:00+11:00,-33.682778,150.903611,no2,ppm,0.002
7427,25601,Rouse Hill-7427,2020-03-21T20:00:00+11:00,-33.682778,150.903611,no2,ppm,0.002
7427,25601,Rouse Hill-7427,2020-03-21T21:00:00+11:00,-33.682778,150.903611,no2,ppm,0.003
7427,25601,Rouse Hill-7427,2020-03-21T22:00:00+11:00,-33.682778,150.903611,no2,ppm,0.004
7427,28892,Rouse Hill-7427,2020-03-21T02:00:00+11:00,-33.682778,150.903611,co,ppm,0.1
7427,28892,Rouse Hill-7427,2020-03-21T04:00:00+11:00,-33.682778,150.903611,co,ppm,0.1
7427,28892,Rouse Hill-7427,2020-03-21T06:00:00+11:00,-33.682778,150.903611,co,ppm,0.2
7427,28892,Rouse Hill-7427,2020-03-21T09:00:00+11:00,-33.682778,150.903611,co,ppm,0.2
7427,28892,Rouse Hill-7427,2020-03-21T10:00:00+11:00,-33.682778,150.903611,co,ppm,0.2
7427,28892,Rouse Hill-7427,2020-03-21T11:00:00+11:00,-33.682778,150.903611,co,ppm,0.2
7427,28892,Rouse Hill-7427,2020-03-21T12:00:00+11:00,-33.682778,150.903611,co,ppm,0.2
7427,28892,Rouse Hill-7427,2020-03-21T13:00:00+11:00,-33.682778,150.903611,co,ppm,0.2
7427,28892,Rouse Hill-7427,2020-03-21T15:00:00+11:00,-33.682778,150.903611,co,ppm,0.2
7427,28892,Rouse Hill-7427,2020-03-21T16:00:00+11:00,-33.682778,150.903611,co,ppm,0.2
7427,28892,Rouse Hill-7427,2020-03-21T17:00:00+11:00,-33.682778,150.903611,co,ppm,0.2
7427,28892,Rouse Hill-7427,2020-03-21T18:00:00+11:00,-33.682778,150.903611,co,ppm,0.2
7427,28892,Rouse Hill-7427,2020-03-21T19:00:00+11:00,-33.682778,150.903611,co,ppm,0.2
7427,28892,Rouse Hill-7427,2020-03-21T20:00:00+11:00,-33.682778,150.903611,co,ppm,0.2
7427,28892,Rouse Hill-7427,2020-03-21T21:00:00+11:00,-33.682778,150.903611,co,ppm,0.2
7427,28892,Rouse Hill-7427,2020-03-21T22:00:00+11:00,-33.682778,150.903611,co,ppm,0.2
7427,25603,Rouse Hill-7427,2020-03-21T04:00:00+11:00,-33.682778,150.903611,so2,ppm,0.001
7427,25603,Rouse Hill-7427,2020-03-21T06:00:00+11:00,-33.682778,150.903611,so2,ppm,0.001
7427,25603,Rouse Hill-7427,2020-03-21T09:00:00+11:00,-33.682778,150.903611,so2,ppm,0.001
7427,25603,Rouse Hill-7427,2020-03-21T10:00:00+11:00,-33.682778,150.903611,so2,ppm,0.001
7427,25603,Rouse Hill-7427,2020-03-21T11:00:00+11:00,-33.682778,150.903611,so2,ppm,0.001
7427,25603,Rouse Hill-7427,2020-03-21T12:00:00+11:00,-33.682778,150.903611,so2,ppm,0.001
7427,25603,Rouse Hill-7427,2020-03-21T13:00:00+11:00,-33.682778,150.903611,so2,ppm,0.001
7427,25603,Rouse Hill-7427,2020-03-21T15:00:00+11:00,-33.682778,150.903611,so2,ppm,0.001
7427,25603,Rouse Hill-7427,2020-03-21T16:00:00+11:00,-33.682778,150.903611,so2,ppm,0.0
7427,25603,Rouse Hill-7427,2020-03-21T17:00:00+11:00,-33.682778,150.903611,so2,ppm,0.0
7427,25603,Rouse Hill-7427,2020-03-21T18:00:00+11:00,-33.682778,150.903611,so2,ppm,0.001
7427,25603,Rouse Hill-7427,2020-03-21T19:00:00+11:00,-33.682778,150.903611,so2,ppm,0.0
7427,25603,Rouse Hill-7427,2020-03-21T20:00:00+11:00,-33.682778,150.903611,so2,ppm,0.001
7427,25603,Rouse Hill-7427,2020-03-21T21:00:00+11:00,-33.682778,150.903611,so2,ppm,0.001
7427,25603,Rouse Hill-7427,2020-03-21T22:00:00+11:00,-33.682778,150.903611,so2,ppm,0.0
7427,25602,Rouse Hill-7427,2020-03-21T02:00:00+11:00,-33.682778,150.903611,o3,ppm,0.021
7427,25602,Rouse Hill-7427,2020-03-21T04:00:00+11:00,-33.682778,150.903611,o3,ppm,0.019
7427,25602,Rouse Hill-7427,2020-03-21T06:00:00+11:00,-33.682778,150.903611,o3,ppm,0.012
7427,25602,Rouse Hill-7427,2020-03-21T09:00:00+11:00,-33.682778,150.903611,o3,ppm,0.015
7427,25602,Rouse Hill-7427,2020-03-21T10:00:00+11:00,-33.682778,150.903611,o3,ppm,0.024
7427,25602,Rouse Hill-7427,2020-03-21T11:00:00+11:00,-33.682778,150.903611,o3,ppm,0.032
7427,25602,Rouse Hill-7427,2020-03-21T12:00:00+11:00,-33.682778,150.903611,o3,ppm,0.038
7427,25602,Rouse Hill-7427,2020-03-21T13:00:00+11:00,-33.682778,150.903611,o3,ppm,0.043
7427,25602,Rouse Hill-7427,2020-03-21T15:00:00+11:00,-33.682778,150.903611,o3,ppm,0.032
7427,25602,Rouse Hill-7427,2020-03-21T16:00:00+11:00,-33.682778,150.903611,o3,ppm,0.029
7427,25602,Rouse Hill-7427,2020-03-21T17:00:00+11:00,-33.682778,150.903611,o3,ppm,0.027
7427,25602,Rouse Hill-7427,2020-03-21T18:00:00+11:00,-33.682778,150.903611,o3,ppm,0.026
7427,25602,Rouse Hill-7427,2020-03-21T19:00:00+11:00,-33.682778,150.903611,o3,ppm,0.023
7427,25602,Rouse Hill-7427,2020-03-21T20:00:00+11:00,-33.682778,150.903611,o3,ppm,0.024
7427,25602,Rouse Hill-7427,2020-03-21T21:00:00+11:00,-33.682778,150.903611,o3,ppm,0.023
7427,25602,Rouse Hill-7427,2020-03-21T22:00:00+11:00,-33.682778,150.903611,o3,ppm,0.019
7427,21612,Rouse Hill-7427,2020-03-22T02:00:00+11:00,-33.682778,150.903611,pm10,µg/m³,17.3
7427,21612,Rouse Hill-7427,2020-03-22T03:00:00+11:00,-33.682778,150.903611,pm10,µg/m³,15.8
7427,21612,Rouse Hill-7427,2020-03-22T07:00:00+11:00,-33.682778,150.903611,pm10,µg/m³,19.8
7427,21612,Rouse Hill-7427,2020-03-22T08:00:00+11:00,-33.682778,150.903611,pm10,µg/m³,21.2
7427,21612,Rouse Hill-7427,2020-03-22T09:00:00+11:00,-33.682778,150.903611,pm10,µg/m³,25.7
7427,21612,Rouse Hill-7427,2020-03-22T10:00:00+11:00,-33.682778,150.903611,pm10,µg/m³,24.6
7427,21612,Rouse Hill-7427,2020-03-22T12:00:00+11:00,-33.682778,150.903611,pm10,µg/m³,14.0
7427,21612,Rouse Hill-7427,2020-03-22T13:00:00+11:00,-33.682778,150.903611,pm10,µg/m³,18.3
7427,21612,Rouse Hill-7427,2020-03-22T14:00:00+11:00,-33.682778,150.903611,pm10,µg/m³,14.5
7427,21612,Rouse Hill-7427,2020-03-22T17:00:00+11:00,-33.682778,150.903611,pm10,µg/m³,38.1
7427,21612,Rouse Hill-7427,2020-03-22T20:00:00+11:00,-33.682778,150.903611,pm10,µg/m³,28.2
7427,21612,Rouse Hill-7427,2020-03-22T21:00:00+11:00,-33.682778,150.903611,pm10,µg/m³,28.7
7427,21612,Rouse Hill-7427,2020-03-22T23:00:00+11:00,-33.682778,150.903611,pm10,µg/m³,20.4
7427,21611,Rouse Hill-7427,2020-03-22T02:00:00+11:00,-33.682778,150.903611,pm25,µg/m³,1.7
7427,21611,Rouse Hill-7427,2020-03-22T03:00:00+11:00,-33.682778,150.903611,pm25,µg/m³,2.9
7427,21611,Rouse Hill-7427,2020-03-22T07:00:00+11:00,-33.682778,150.903611,pm25,µg/m³,4.8
7427,21611,Rouse Hill-7427,2020-03-22T08:00:00+11:00,-33.682778,150.903611,pm25,µg/m³,7.9
7427,21611,Rouse Hill-7427,2020-03-22T09:00:00+11:00,-33.682778,150.903611,pm25,µg/m³,10.6
7427,21611,Rouse Hill-7427,2020-03-22T10:00:00+11:00,-33.682778,150.903611,pm25,µg/m³,11.7
7427,21611,Rouse Hill-7427,2020-03-22T12:00:00+11:00,-33.682778,150.903611,pm25,µg/m³,4.1
7427,21611,Rouse Hill-7427,2020-03-22T13:00:00+11:00,-33.682778,150.903611,pm25,µg/m³,2.1
7427,21611,Rouse Hill-7427,2020-03-22T14:00:00+11:00,-33.682778,150.903611,pm25,µg/m³,2.7
7427,21611,Rouse Hill-7427,2020-03-22T17:00:00+11:00,-33.682778,150.903611,pm25,µg/m³,8.3
7427,21611,Rouse Hill-7427,2020-03-22T20:00:00+11:00,-33.682778,150.903611,pm25,µg/m³,8.5
7427,21611,Rouse Hill-7427,2020-03-22T21:00:00+11:00,-33.682778,150.903611,pm25,µg/m³,1.6
7427,21611,Rouse Hill-7427,2020-03-22T23:00:00+11:00,-33.682778,150.903611,pm25,µg/m³,3.6
7427,25601,Rouse Hill-7427,2020-03-22T03:00:00+11:00,-33.682778,150.903611,no2,ppm,0.004
7427,25601,Rouse Hill-7427,2020-03-22T07:00:00+11:00,-33.682778,150.903611,no2,ppm,0.002
7427,25601,Rouse Hill-7427,2020-03-22T08:00:00+11:00,-33.682778,150.903611,no2,ppm,0.001
7427,25601,Rouse Hill-7427,2020-03-22T09:00:00+11:00,-33.682778,150.903611,no2,ppm,0.001
7427,25601,Rouse Hill-7427,2020-03-22T10:00:00+11:00,-33.682778,150.903611,no2,ppm,0.001
7427,25601,Rouse Hill-7427,2020-03-22T12:00:00+11:00,-33.682778,150.903611,no2,ppm,0.001
7427,25601,Rouse Hill-7427,2020-03-22T13:00:00+11:00,-33.682778,150.903611,no2,ppm,0.001
7427,25601,Rouse Hill-7427,2020-03-22T14:00:00+11:00,-33.682778,150.903611,no2,ppm,0.001
7427,25601,Rouse Hill-7427,2020-03-22T17:00:00+11:00,-33.682778,150.903611,no2,ppm,0.005
7427,25601,Rouse Hill-7427,2020-03-22T20:00:00+11:00,-33.682778,150.903611,no2,ppm,0.001
7427,25601,Rouse Hill-7427,2020-03-22T21:00:00+11:00,-33.682778,150.903611,no2,ppm,0.001
7427,25601,Rouse Hill-7427,2020-03-22T23:00:00+11:00,-33.682778,150.903611,no2,ppm,0.001
7427,28892,Rouse Hill-7427,2020-03-22T02:00:00+11:00,-33.682778,150.903611,co,ppm,0.2
7427,28892,Rouse Hill-7427,2020-03-22T03:00:00+11:00,-33.682778,150.903611,co,ppm,0.2
7427,28892,Rouse Hill-7427,2020-03-22T07:00:00+11:00,-33.682778,150.903611,co,ppm,0.2
7427,28892,Rouse Hill-7427,2020-03-22T08:00:00+11:00,-33.682778,150.903611,co,ppm,0.2
7427,28892,Rouse Hill-7427,2020-03-22T09:00:00+11:00,-33.682778,150.903611,co,ppm,0.2
7427,28892,Rouse Hill-7427,2020-03-22T10:00:00+11:00,-33.682778,150.903611,co,ppm,0.2
7427,28892,Rouse Hill-7427,2020-03-22T12:00:00+11:00,-33.682778,150.903611,co,ppm,0.2
7427,28892,Rouse Hill-7427,2020-03-22T13:00:00+11:00,-33.682778,150.903611,co,ppm,0.2
7427,28892,Rouse Hill-7427,2020-03-22T14:00:00+11:00,-33.682778,150.903611,co,ppm,0.2
7427,28892,Rouse Hill-7427,2020-03-22T17:00:00+11:00,-33.682778,150.903611,co,ppm,0.2
7427,28892,Rouse Hill-7427,2020-03-22T20:00:00+11:00,-33.682778,150.903611,co,ppm,0.2
7427,28892,Rouse Hill-7427,2020-03-22T21:00:00+11:00,-33.682778,150.903611,co,ppm,0.2
7427,28892,Rouse Hill-7427,2020-03-22T23:00:00+11:00,-33.682778,150.903611,co,ppm,0.2
7427,25603,Rouse Hill-7427,2020-03-22T03:00:00+11:00,-33.682778,150.903611,so2,ppm,0.0
7427,25603,Rouse Hill-7427,2020-03-22T07:00:00+11:00,-33.682778,150.903611,so2,ppm,0.0
7427,25603,Rouse Hill-7427,2020-03-22T08:00:00+11:00,-33.682778,150.903611,so2,ppm,0.001
7427,25603,Rouse Hill-7427,2020-03-22T09:00:00+11:00,-33.682778,150.903611,so2,ppm,0.001
7427,25603,Rouse Hill-7427,2020-03-22T10:00:00+11:00,-33.682778,150.903611,so2,ppm,0.001
7427,25603,Rouse Hill-7427,2020-03-22T12:00:00+11:00,-33.682778,150.903611,so2,ppm,0.0
7427,25603,Rouse Hill-7427,2020-03-22T13:00:00+11:00,-33.682778,150.903611,so2,ppm,0.0
7427,25603,Rouse Hill-7427,2020-03-22T14:00:00+11:00,-33.682778,150.903611,so2,ppm,0.0
7427,25603,Rouse Hill-7427,2020-03-22T17:00:00+11:00,-33.682778,150.903611,so2,ppm,0.001
7427,25603,Rouse Hill-7427,2020-03-22T20:00:00+11:00,-33.682778,150.903611,so2,ppm,0.0
7427,25603,Rouse Hill-7427,2020-03-22T21:00:00+11:00,-33.682778,150.903611,so2,ppm,0.0
7427,25603,Rouse Hill-7427,2020-03-22T23:00:00+11:00,-33.682778,150.903611,so2,ppm,0.0
7427,25602,Rouse Hill-7427,2020-03-22T02:00:00+11:00,-33.682778,150.903611,o3,ppm,0.016
7427,25602,Rouse Hill-7427,2020-03-22T03:00:00+11:00,-33.682778,150.903611,o3,ppm,0.012
7427,25602,Rouse Hill-7427,2020-03-22T07:00:00+11:00,-33.682778,150.903611,o3,ppm,0.011
7427,25602,Rouse Hill-7427,2020-03-22T08:00:00+11:00,-33.682778,150.903611,o3,ppm,0.015
7427,25602,Rouse Hill-7427,2020-03-22T09:00:00+11:00,-33.682778,150.903611,o3,ppm,0.02
7427,25602,Rouse Hill-7427,2020-03-22T10:00:00+11:00,-33.682778,150.903611,o3,ppm,0.026
7427,25602,Rouse Hill-7427,2020-03-22T12:00:00+11:00,-33.682778,150.903611,o3,ppm,0.035
7427,25602,Rouse Hill-7427,2020-03-22T13:00:00+11:00,-33.682778,150.903611,o3,ppm,0.04
7427,25602,Rouse Hill-7427,2020-03-22T14:00:00+11:00,-33.682778,150.903611,o3,ppm,0.041
7427,25602,Rouse Hill-7427,2020-03-22T17:00:00+11:00,-33.682778,150.903611,o3,ppm,0.05
7427,25602,Rouse Hill-7427,2020-03-22T20:00:00+11:00,-33.682778,150.903611,o3,ppm,0.03
7427,25602,Rouse Hill-7427,2020-03-22T21:00:00+11:00,-33.682778,150.903611,o3,ppm,0.029
7427,25602,Rouse Hill-7427,2020-03-22T23:00:00+11:00,-33.682778,150.903611,o3,ppm,0.021
7427,21612,Rouse Hill-7427,2020-03-23T01:00:00+11:00,-33.682778,150.903611,pm10,µg/m³,17.2
7427,21612,Rouse Hill-7427,2020-03-23T02:00:00+11:00,-33.682778,150.903611,pm10,µg/m³,11.7
7427,21612,Rouse Hill-7427,2020-03-23T03:00:00+11:00,-33.682778,150.903611,pm10,µg/m³,17.4
7427,21612,Rouse Hill-7427,2020-03-23T04:00:00+11:00,-33.682778,150.903611,pm10,µg/m³,16.3
7427,21612,Rouse Hill-7427,2020-03-23T05:00:00+11:00,-33.682778,150.903611,pm10,µg/m³,19.7
7427,21612,Rouse Hill-7427,2020-03-23T06:00:00+11:00,-33.682778,150.903611,pm10,µg/m³,24.3
7427,21612,Rouse Hill-7427,2020-03-23T07:00:00+11:00,-33.682778,150.903611,pm10,µg/m³,29.4
7427,21612,Rouse Hill-7427,2020-03-23T08:00:00+11:00,-33.682778,150.903611,pm10,µg/m³,28.8
7427,21612,Rouse Hill-7427,2020-03-23T09:00:00+11:00,-33.682778,150.903611,pm10,µg/m³,30.9
7427,21612,Rouse Hill-7427,2020-03-23T10:00:00+11:00,-33.682778,150.903611,pm10,µg/m³,33.3
7427,21612,Rouse Hill-7427,2020-03-23T11:00:00+11:00,-33.682778,150.903611,pm10,µg/m³,29.5
7427,21612,Rouse Hill-7427,2020-03-23T12:00:00+11:00,-33.682778,150.903611,pm10,µg/m³,30.0
7427,21612,Rouse Hill-7427,2020-03-23T13:00:00+11:00,-33.682778,150.903611,pm10,µg/m³,25.0
7427,21612,Rouse Hill-7427,2020-03-23T14:00:00+11:00,-33.682778,150.903611,pm10,µg/m³,23.1
7427,21612,Rouse Hill-7427,2020-03-23T15:00:00+11:00,-33.682778,150.903611,pm10,µg/m³,24.4
7427,21611,Rouse Hill-7427,2020-03-23T01:00:00+11:00,-33.682778,150.903611,pm25,µg/m³,5.6
7427,21611,Rouse Hill-7427,2020-03-23T02:00:00+11:00,-33.682778,150.903611,pm25,µg/m³,5.9
7427,21611,Rouse Hill-7427,2020-03-23T03:00:00+11:00,-33.682778,150.903611,pm25,µg/m³,5.3
7427,21611,Rouse Hill-7427,2020-03-23T04:00:00+11:00,-33.682778,150.903611,pm25,µg/m³,3.6
7427,21611,Rouse Hill-7427,2020-03-23T05:00:00+11:00,-33.682778,150.903611,pm25,µg/m³,0.0
7427,21611,Rouse Hill-7427,2020-03-23T06:00:00+11:00,-33.682778,150.903611,pm25,µg/m³,4.9
7427,21611,Rouse Hill-7427,2020-03-23T07:00:00+11:00,-33.682778,150.903611,pm25,µg/m³,6.1
7427,21611,Rouse Hill-7427,2020-03-23T08:00:00+11:00,-33.682778,150.903611,pm25,µg/m³,7.7
7427,21611,Rouse Hill-7427,2020-03-23T09:00:00+11:00,-33.682778,150.903611,pm25,µg/m³,3.3
7427,21611,Rouse Hill-7427,2020-03-23T10:00:00+11:00,-33.682778,150.903611,pm25,µg/m³,5.9
7427,21611,Rouse Hill-7427,2020-03-23T11:00:00+11:00,-33.682778,150.903611,pm25,µg/m³,5.3
7427,21611,Rouse Hill-7427,2020-03-23T12:00:00+11:00,-33.682778,150.903611,pm25,µg/m³,4.9
7427,21611,Rouse Hill-7427,2020-03-23T13:00:00+11:00,-33.682778,150.903611,pm25,µg/m³,6.4
7427,21611,Rouse Hill-7427,2020-03-23T14:00:00+11:00,-33.682778,150.903611,pm25,µg/m³,6.0
7427,21611,Rouse Hill-7427,2020-03-23T15:00:00+11:00,-33.682778,150.903611,pm25,µg/m³,1.8
7427,25601,Rouse Hill-7427,2020-03-23T01:00:00+11:00,-33.682778,150.903611,no2,ppm,0.0
7427,25601,Rouse Hill-7427,2020-03-23T03:00:00+11:00,-33.682778,150.903611,no2,ppm,0.001
7427,25601,Rouse Hill-7427,2020-03-23T04:00:00+11:00,-33.682778,150.903611,no2,ppm,0.001
7427,25601,Rouse Hill-7427,2020-03-23T05:00:00+11:00,-33.682778,150.903611,no2,ppm,0.003
7427,25601,Rouse Hill-7427,2020-03-23T06:00:00+11:00,-33.682778,150.903611,no2,ppm,0.011
7427,25601,Rouse Hill-7427,2020-03-23T07:00:00+11:00,-33.682778,150.903611,no2,ppm,0.015
7427,25601,Rouse Hill-7427,2020-03-23T08:00:00+11:00,-33.682778,150.903611,no2,ppm,0.011
7427,25601,Rouse Hill-7427,2020-03-23T09:00:00+11:00,-33.682778,150.903611,no2,ppm,0.008
7427,25601,Rouse Hill-7427,2020-03-23T10:00:00+11:00,-33.682778,150.903611,no2,ppm,0.007
7427,25601,Rouse Hill-7427,2020-03-23T11:00:00+11:00,-33.682778,150.903611,no2,ppm,0.005
7427,25601,Rouse Hill-7427,2020-03-23T12:00:00+11:00,-33.682778,150.903611,no2,ppm,0.003
7427,25601,Rouse Hill-7427,2020-03-23T13:00:00+11:00,-33.682778,150.903611,no2,ppm,0.002
7427,25601,Rouse Hill-7427,2020-03-23T14:00:00+11:00,-33.682778,150.903611,no2,ppm,0.002
7427,25601,Rouse Hill-7427,2020-03-23T15:00:00+11:00,-33.682778,150.903611,no2,ppm,0.003
7427,28892,Rouse Hill-7427,2020-03-23T01:00:00+11:00,-33.682778,150.903611,co,ppm,0.2
7427,28892,Rouse Hill-7427,2020-03-23T02:00:00+11:00,-33.682778,150.903611,co,ppm,0.2
7427,28892,Rouse Hill-7427,2020-03-23T03:00:00+11:00,-33.682778,150.903611,co,ppm,0.2
7427,28892,Rouse Hill-7427,2020-03-23T04:00:00+11:00,-33.682778,150.903611,co,ppm,0.1
7427,28892,Rouse Hill-7427,2020-03-23T05:00:00+11:00,-33.682778,150.903611,co,ppm,0.1
7427,28892,Rouse Hill-7427,2020-03-23T06:00:00+11:00,-33.682778,150.903611,co,ppm,0.1
7427,28892,Rouse Hill-7427,2020-03-23T07:00:00+11:00,-33.682778,150.903611,co,ppm,0.1
7427,28892,Rouse Hill-7427,2020-03-23T08:00:00+11:00,-33.682778,150.903611,co,ppm,0.1
7427,28892,Rouse Hill-7427,2020-03-23T09:00:00+11:00,-33.682778,150.903611,co,ppm,0.1
7427,28892,Rouse Hill-7427,2020-03-23T10:00:00+11:00,-33.682778,150.903611,co,ppm,0.1
7427,28892,Rouse Hill-7427,2020-03-23T11:00:00+11:00,-33.682778,150.903611,co,ppm,0.1
7427,28892,Rouse Hill-7427,2020-03-23T12:00:00+11:00,-33.682778,150.903611,co,ppm,0.1
7427,28892,Rouse Hill-7427,2020-03-23T13:00:00+11:00,-33.682778,150.903611,co,ppm,0.1
7427,28892,Rouse Hill-7427,2020-03-23T14:00:00+11:00,-33.682778,150.903611,co,ppm,0.1
7427,28892,Rouse Hill-7427,2020-03-23T15:00:00+11:00,-33.682778,150.903611,co,ppm,0.1
7427,25603,Rouse Hill-7427,2020-03-23T01:00:00+11:00,-33.682778,150.903611,so2,ppm,0.0
7427,25603,Rouse Hill-7427,2020-03-23T03:00:00+11:00,-33.682778,150.903611,so2,ppm,0.0
7427,25603,Rouse Hill-7427,2020-03-23T04:00:00+11:00,-33.682778,150.903611,so2,ppm,0.0
7427,25603,Rouse Hill-7427,2020-03-23T05:00:00+11:00,-33.682778,150.903611,so2,ppm,0.0
7427,25603,Rouse Hill-7427,2020-03-23T06:00:00+11:00,-33.682778,150.903611,so2,ppm,0.001
7427,25603,Rouse Hill-7427,2020-03-23T07:00:00+11:00,-33.682778,150.903611,so2,ppm,0.001
7427,25603,Rouse Hill-7427,2020-03-23T08:00:00+11:00,-33.682778,150.903611,so2,ppm,0.0
7427,25603,Rouse Hill-7427,2020-03-23T09:00:00+11:00,-33.682778,150.903611,so2,ppm,0.0
7427,25603,Rouse Hill-7427,2020-03-23T10:00:00+11:00,-33.682778,150.903611,so2,ppm,0.0
7427,25603,Rouse Hill-7427,2020-03-23T11:00:00+11:00,-33.682778,150.903611,so2,ppm,0.0
7427,25603,Rouse Hill-7427,2020-03-23T12:00:00+11:00,-33.682778,150.903611,so2,ppm,0.0
7427,25603,Rouse Hill-7427,2020-03-23T13:00:00+11:00,-33.682778,150.903611,so2,ppm,0.0
7427,25603,Rouse Hill-7427,2020-03-23T14:00:00+11:00,-33.682778,150.903611,so2,ppm,0.0
7427,25603,Rouse Hill-7427,2020-03-23T15:00:00+11:00,-33.682778,150.903611,so2,ppm,0.0
7427,25602,Rouse Hill-7427,2020-03-23T01:00:00+11:00,-33.682778,150.903611,o3,ppm,0.022
7427,25602,Rouse Hill-7427,2020-03-23T02:00:00+11:00,-33.682778,150.903611,o3,ppm,0.022
7427,25602,Rouse Hill-7427,2020-03-23T03:00:00+11:00,-33.682778,150.903611,o3,ppm,0.02
7427,25602,Rouse Hill-7427,2020-03-23T04:00:00+11:00,-33.682778,150.903611,o3,ppm,0.02
7427,25602,Rouse Hill-7427,2020-03-23T05:00:00+11:00,-33.682778,150.903611,o3,ppm,0.017
7427,25602,Rouse Hill-7427,2020-03-23T06:00:00+11:00,-33.682778,150.903611,o3,ppm,0.009
7427,25602,Rouse Hill-7427,2020-03-23T07:00:00+11:00,-33.682778,150.903611,o3,ppm,0.006
7427,25602,Rouse Hill-7427,2020-03-23T08:00:00+11:00,-33.682778,150.903611,o3,ppm,0.01
7427,25602,Rouse Hill-7427,2020-03-23T09:00:00+11:00,-33.682778,150.903611,o3,ppm,0.014
7427,25602,Rouse Hill-7427,2020-03-23T10:00:00+11:00,-33.682778,150.903611,o3,ppm,0.016
7427,25602,Rouse Hill-7427,2020-03-23T11:00:00+11:00,-33.682778,150.903611,o3,ppm,0.02
7427,25602,Rouse Hill-7427,2020-03-23T12:00:00+11:00,-33.682778,150.903611,o3,ppm,0.024
7427,25602,Rouse Hill-7427,2020-03-23T13:00:00+11:00,-33.682778,150.903611,o3,ppm,0.025
7427,25602,Rouse Hill-7427,2020-03-23T14:00:00+11:00,-33.682778,150.903611,o3,ppm,0.026
7427,25602,Rouse Hill-7427,2020-03-23T15:00:00+11:00,-33.682778,150.903611,o3,ppm,0.025
7427,21612,Rouse Hill-7427,2020-03-24T03:00:00+11:00,-33.682778,150.903611,pm10,µg/m³,15.7
7427,21612,Rouse Hill-7427,2020-03-24T04:00:00+11:00,-33.682778,150.903611,pm10,µg/m³,14.4
7427,21612,Rouse Hill-7427,2020-03-24T05:00:00+11:00,-33.682778,150.903611,pm10,µg/m³,16.1
7427,21612,Rouse Hill-7427,2020-03-24T06:00:00+11:00,-33.682778,150.903611,pm10,µg/m³,16.8
7427,21612,Rouse Hill-7427,2020-03-24T07:00:00+11:00,-33.682778,150.903611,pm10,µg/m³,25.2
7427,21612,Rouse Hill-7427,2020-03-24T08:00:00+11:00,-33.682778,150.903611,pm10,µg/m³,30.2
7427,21612,Rouse Hill-7427,2020-03-24T09:00:00+11:00,-33.682778,150.903611,pm10,µg/m³,31.8
7427,21612,Rouse Hill-7427,2020-03-24T10:00:00+11:00,-33.682778,150.903611,pm10,µg/m³,21.9
7427,21612,Rouse Hill-7427,2020-03-24T11:00:00+11:00,-33.682778,150.903611,pm10,µg/m³,16.9
7427,21612,Rouse Hill-7427,2020-03-24T12:00:00+11:00,-33.682778,150.903611,pm10,µg/m³,14.5
7427,21612,Rouse Hill-7427,2020-03-24T13:00:00+11:00,-33.682778,150.903611,pm10,µg/m³,14.5
7427,21612,Rouse Hill-7427,2020-03-24T14:00:00+11:00,-33.682778,150.903611,pm10,µg/m³,24.1
7427,21612,Rouse Hill-7427,2020-03-24T15:00:00+11:00,-33.682778,150.903611,pm10,µg/m³,23.9
7427,21612,Rouse Hill-7427,2020-03-24T16:00:00+11:00,-33.682778,150.903611,pm10,µg/m³,15.7
7427,21612,Rouse Hill-7427,2020-03-24T17:00:00+11:00,-33.682778,150.903611,pm10,µg/m³,16.1
7427,21612,Rouse Hill-7427,2020-03-24T18:00:00+11:00,-33.682778,150.903611,pm10,µg/m³,16.3
7427,21612,Rouse Hill-7427,2020-03-24T19:00:00+11:00,-33.682778,150.903611,pm10,µg/m³,17.3
7427,21612,Rouse Hill-7427,2020-03-24T20:00:00+11:00,-33.682778,150.903611,pm10,µg/m³,19.8
7427,21612,Rouse Hill-7427,2020-03-24T21:00:00+11:00,-33.682778,150.903611,pm10,µg/m³,18.0
7427,21612,Rouse Hill-7427,2020-03-24T22:00:00+11:00,-33.682778,150.903611,pm10,µg/m³,15.8
7427,21612,Rouse Hill-7427,2020-03-24T23:00:00+11:00,-33.682778,150.903611,pm10,µg/m³,15.8
7427,21611,Rouse Hill-7427,2020-03-24T03:00:00+11:00,-33.682778,150.903611,pm25,µg/m³,6.1
7427,21611,Rouse Hill-7427,2020-03-24T04:00:00+11:00,-33.682778,150.903611,pm25,µg/m³,5.6
7427,21611,Rouse Hill-7427,2020-03-24T05:00:00+11:00,-33.682778,150.903611,pm25,µg/m³,5.7
7427,21611,Rouse Hill-7427,2020-03-24T06:00:00+11:00,-33.682778,150.903611,pm25,µg/m³,7.9
7427,21611,Rouse Hill-7427,2020-03-24T07:00:00+11:00,-33.682778,150.903611,pm25,µg/m³,7.2
7427,21611,Rouse Hill-7427,2020-03-24T08:00:00+11:00,-33.682778,150.903611,pm25,µg/m³,10.7
7427,21611,Rouse Hill-7427,2020-03-24T09:00:00+11:00,-33.682778,150.903611,pm25,µg/m³,13.7
7427,21611,Rouse Hill-7427,2020-03-24T10:00:00+11:00,-33.682778,150.903611,pm25,µg/m³,9.3
7427,21611,Rouse Hill-7427,2020-03-24T11:00:00+11:00,-33.682778,150.903611,pm25,µg/m³,3.2
7427,21611,Rouse Hill-7427,2020-03-24T12:00:00+11:00,-33.682778,150.903611,pm25,µg/m³,4.9
7427,21611,Rouse Hill-7427,2020-03-24T13:00:00+11:00,-33.682778,150.903611,pm25,µg/m³,1.2
7427,21611,Rouse Hill-7427,2020-03-24T14:00:00+11:00,-33.682778,150.903611,pm25,µg/m³,0.0
7427,21611,Rouse Hill-7427,2020-03-24T15:00:00+11:00,-33.682778,150.903611,pm25,µg/m³,1.4
7427,21611,Rouse Hill-7427,2020-03-24T16:00:00+11:00,-33.682778,150.903611,pm25,µg/m³,2.9
7427,21611,Rouse Hill-7427,2020-03-24T17:00:00+11:00,-33.682778,150.903611,pm25,µg/m³,0.2
7427,21611,Rouse Hill-7427,2020-03-24T18:00:00+11:00,-33.682778,150.903611,pm25,µg/m³,1.3
7427,21611,Rouse Hill-7427,2020-03-24T19:00:00+11:00,-33.682778,150.903611,pm25,µg/m³,0.8
7427,21611,Rouse Hill-7427,2020-03-24T20:00:00+11:00,-33.682778,150.903611,pm25,µg/m³,3.3
7427,21611,Rouse Hill-7427,2020-03-24T21:00:00+11:00,-33.682778,150.903611,pm25,µg/m³,3.5
7427,21611,Rouse Hill-7427,2020-03-24T22:00:00+11:00,-33.682778,150.903611,pm25,µg/m³,2.6
7427,21611,Rouse Hill-7427,2020-03-24T23:00:00+11:00,-33.682778,150.903611,pm25,µg/m³,0.0
7427,25601,Rouse Hill-7427,2020-03-24T03:00:00+11:00,-33.682778,150.903611,no2,ppm,0.013
7427,25601,Rouse Hill-7427,2020-03-24T04:00:00+11:00,-33.682778,150.903611,no2,ppm,0.014
7427,25601,Rouse Hill-7427,2020-03-24T05:00:00+11:00,-33.682778,150.903611,no2,ppm,0.015
7427,25601,Rouse Hill-7427,2020-03-24T06:00:00+11:00,-33.682778,150.903611,no2,ppm,0.013
7427,25601,Rouse Hill-7427,2020-03-24T07:00:00+11:00,-33.682778,150.903611,no2,ppm,0.011
7427,25601,Rouse Hill-7427,2020-03-24T08:00:00+11:00,-33.682778,150.903611,no2,ppm,0.011
7427,25601,Rouse Hill-7427,2020-03-24T09:00:00+11:00,-33.682778,150.903611,no2,ppm,0.012
7427,25601,Rouse Hill-7427,2020-03-24T10:00:00+11:00,-33.682778,150.903611,no2,ppm,0.01
7427,25601,Rouse Hill-7427,2020-03-24T11:00:00+11:00,-33.682778,150.903611,no2,ppm,0.008
7427,25601,Rouse Hill-7427,2020-03-24T12:00:00+11:00,-33.682778,150.903611,no2,ppm,0.006
7427,25601,Rouse Hill-7427,2020-03-24T13:00:00+11:00,-33.682778,150.903611,no2,ppm,0.004
7427,25601,Rouse Hill-7427,2020-03-24T14:00:00+11:00,-33.682778,150.903611,no2,ppm,0.003
7427,25601,Rouse Hill-7427,2020-03-24T15:00:00+11:00,-33.682778,150.903611,no2,ppm,0.002
7427,25601,Rouse Hill-7427,2020-03-24T16:00:00+11:00,-33.682778,150.903611,no2,ppm,0.001
7427,25601,Rouse Hill-7427,2020-03-24T17:00:00+11:00,-33.682778,150.903611,no2,ppm,0.001
7427,25601,Rouse Hill-7427,2020-03-24T18:00:00+11:00,-33.682778,150.903611,no2,ppm,0.001
7427,25601,Rouse Hill-7427,2020-03-24T19:00:00+11:00,-33.682778,150.903611,no2,ppm,0.001
7427,25601,Rouse Hill-7427,2020-03-24T20:00:00+11:00,-33.682778,150.903611,no2,ppm,0.001
7427,25601,Rouse Hill-7427,2020-03-24T21:00:00+11:00,-33.682778,150.903611,no2,ppm,0.002
7427,25601,Rouse Hill-7427,2020-03-24T22:00:00+11:00,-33.682778,150.903611,no2,ppm,0.002
7427,25601,Rouse Hill-7427,2020-03-24T23:00:00+11:00,-33.682778,150.903611,no2,ppm,0.002
7427,28892,Rouse Hill-7427,2020-03-24T03:00:00+11:00,-33.682778,150.903611,co,ppm,0.2
7427,28892,Rouse Hill-7427,2020-03-24T04:00:00+11:00,-33.682778,150.903611,co,ppm,0.2
7427,28892,Rouse Hill-7427,2020-03-24T05:00:00+11:00,-33.682778,150.903611,co,ppm,0.2
7427,28892,Rouse Hill-7427,2020-03-24T06:00:00+11:00,-33.682778,150.903611,co,ppm,0.2
7427,28892,Rouse Hill-7427,2020-03-24T07:00:00+11:00,-33.682778,150.903611,co,ppm,0.2
7427,28892,Rouse Hill-7427,2020-03-24T08:00:00+11:00,-33.682778,150.903611,co,ppm,0.2
7427,28892,Rouse Hill-7427,2020-03-24T09:00:00+11:00,-33.682778,150.903611,co,ppm,0.2
7427,28892,Rouse Hill-7427,2020-03-24T10:00:00+11:00,-33.682778,150.903611,co,ppm,0.2
7427,28892,Rouse Hill-7427,2020-03-24T11:00:00+11:00,-33.682778,150.903611,co,ppm,0.2
7427,28892,Rouse Hill-7427,2020-03-24T12:00:00+11:00,-33.682778,150.903611,co,ppm,0.2
7427,28892,Rouse Hill-7427,2020-03-24T13:00:00+11:00,-33.682778,150.903611,co,ppm,0.2
7427,28892,Rouse Hill-7427,2020-03-24T14:00:00+11:00,-33.682778,150.903611,co,ppm,0.2
7427,28892,Rouse Hill-7427,2020-03-24T15:00:00+11:00,-33.682778,150.903611,co,ppm,0.2
7427,28892,Rouse Hill-7427,2020-03-24T16:00:00+11:00,-33.682778,150.903611,co,ppm,0.2
7427,28892,Rouse Hill-7427,2020-03-24T17:00:00+11:00,-33.682778,150.903611,co,ppm,0.2
7427,28892,Rouse Hill-7427,2020-03-24T18:00:00+11:00,-33.682778,150.903611,co,ppm,0.2
7427,28892,Rouse Hill-7427,2020-03-24T19:00:00+11:00,-33.682778,150.903611,co,ppm,0.1
7427,28892,Rouse Hill-7427,2020-03-24T20:00:00+11:00,-33.682778,150.903611,co,ppm,0.1
7427,28892,Rouse Hill-7427,2020-03-24T21:00:00+11:00,-33.682778,150.903611,co,ppm,0.1
7427,28892,Rouse Hill-7427,2020-03-24T22:00:00+11:00,-33.682778,150.903611,co,ppm,0.1
7427,28892,Rouse Hill-7427,2020-03-24T23:00:00+11:00,-33.682778,150.903611,co,ppm,0.1
7427,25603,Rouse Hill-7427,2020-03-24T03:00:00+11:00,-33.682778,150.903611,so2,ppm,0.0
7427,25603,Rouse Hill-7427,2020-03-24T04:00:00+11:00,-33.682778,150.903611,so2,ppm,0.0
7427,25603,Rouse Hill-7427,2020-03-24T05:00:00+11:00,-33.682778,150.903611,so2,ppm,0.0
7427,25603,Rouse Hill-7427,2020-03-24T06:00:00+11:00,-33.682778,150.903611,so2,ppm,0.0
7427,25603,Rouse Hill-7427,2020-03-24T07:00:00+11:00,-33.682778,150.903611,so2,ppm,0.001
7427,25603,Rouse Hill-7427,2020-03-24T08:00:00+11:00,-33.682778,150.903611,so2,ppm,0.001
7427,25603,Rouse Hill-7427,2020-03-24T09:00:00+11:00,-33.682778,150.903611,so2,ppm,0.001
7427,25603,Rouse Hill-7427,2020-03-24T10:00:00+11:00,-33.682778,150.903611,so2,ppm,0.0
7427,25603,Rouse Hill-7427,2020-03-24T11:00:00+11:00,-33.682778,150.903611,so2,ppm,0.002
7427,25603,Rouse Hill-7427,2020-03-24T12:00:00+11:00,-33.682778,150.903611,so2,ppm,0.006
7427,25603,Rouse Hill-7427,2020-03-24T13:00:00+11:00,-33.682778,150.903611,so2,ppm,0.004
7427,25603,Rouse Hill-7427,2020-03-24T14:00:00+11:00,-33.682778,150.903611,so2,ppm,0.001
7427,25603,Rouse Hill-7427,2020-03-24T15:00:00+11:00,-33.682778,150.903611,so2,ppm,0.001
7427,25603,Rouse Hill-7427,2020-03-24T16:00:00+11:00,-33.682778,150.903611,so2,ppm,0.0
7427,25603,Rouse Hill-7427,2020-03-24T17:00:00+11:00,-33.682778,150.903611,so2,ppm,0.0
7427,25603,Rouse Hill-7427,2020-03-24T18:00:00+11:00,-33.682778,150.903611,so2,ppm,0.0
7427,25603,Rouse Hill-7427,2020-03-24T19:00:00+11:00,-33.682778,150.903611,so2,ppm,0.001
7427,25603,Rouse Hill-7427,2020-03-24T20:00:00+11:00,-33.682778,150.903611,so2,ppm,0.0
7427,25603,Rouse Hill-7427,2020-03-24T21:00:00+11:00,-33.682778,150.903611,so2,ppm,0.0
7427,25603,Rouse Hill-7427,2020-03-24T22:00:00+11:00,-33.682778,150.903611,so2,ppm,0.001
7427,25603,Rouse Hill-7427,2020-03-24T23:00:00+11:00,-33.682778,150.903611,so2,ppm,0.001
7427,25602,Rouse Hill-7427,2020-03-24T03:00:00+11:00,-33.682778,150.903611,o3,ppm,0.0
7427,25602,Rouse Hill-7427,2020-03-24T04:00:00+11:00,-33.682778,150.903611,o3,ppm,0.001
7427,25602,Rouse Hill-7427,2020-03-24T05:00:00+11:00,-33.682778,150.903611,o3,ppm,0.0
7427,25602,Rouse Hill-7427,2020-03-24T06:00:00+11:00,-33.682778,150.903611,o3,ppm,0.0
7427,25602,Rouse Hill-7427,2020-03-24T07:00:00+11:00,-33.682778,150.903611,o3,ppm,0.0
7427,25602,Rouse Hill-7427,2020-03-24T08:00:00+11:00,-33.682778,150.903611,o3,ppm,0.002
7427,25602,Rouse Hill-7427,2020-03-24T09:00:00+11:00,-33.682778,150.903611,o3,ppm,0.005
7427,25602,Rouse Hill-7427,2020-03-24T10:00:00+11:00,-33.682778,150.903611,o3,ppm,0.009
7427,25602,Rouse Hill-7427,2020-03-24T11:00:00+11:00,-33.682778,150.903611,o3,ppm,0.012
7427,25602,Rouse Hill-7427,2020-03-24T12:00:00+11:00,-33.682778,150.903611,o3,ppm,0.016
7427,25602,Rouse Hill-7427,2020-03-24T13:00:00+11:00,-33.682778,150.903611,o3,ppm,0.02
7427,25602,Rouse Hill-7427,2020-03-24T14:00:00+11:00,-33.682778,150.903611,o3,ppm,0.022
7427,25602,Rouse Hill-7427,2020-03-24T15:00:00+11:00,-33.682778,150.903611,o3,ppm,0.024
7427,25602,Rouse Hill-7427,2020-03-24T16:00:00+11:00,-33.682778,150.903611,o3,ppm,0.024
7427,25602,Rouse Hill-7427,2020-03-24T17:00:00+11:00,-33.682778,150.903611,o3,ppm,0.023
7427,25602,Rouse Hill-7427,2020-03-24T18:00:00+11:00,-33.682778,150.903611,o3,ppm,0.022
7427,25602,Rouse Hill-7427,2020-03-24T19:00:00+11:00,-33.682778,150.903611,o3,ppm,0.02
7427,25602,Rouse Hill-7427,2020-03-24T20:00:00+11:00,-33.682778,150.903611,o3,ppm,0.019
7427,25602,Rouse Hill-7427,2020-03-24T21:00:00+11:00,-33.682778,150.903611,o3,ppm,0.017
7427,25602,Rouse Hill-7427,2020-03-24T22:00:00+11:00,-33.682778,150.903611,o3,ppm,0.017
7427,25602,Rouse Hill-7427,2020-03-24T23:00:00+11:00,-33.682778,150.903611,o3,ppm,0.015
7427,21612,Rouse Hill-7427,2020-03-25T01:00:00+11:00,-33.682778,150.903611,pm10,µg/m³,14.2
7427,21612,Rouse Hill-7427,2020-03-25T02:00:00+11:00,-33.682778,150.903611,pm10,µg/m³,12.5
7427,21612,Rouse Hill-7427,2020-03-25T03:00:00+11:00,-33.682778,150.903611,pm10,µg/m³,11.4
7427,21612,Rouse Hill-7427,2020-03-25T08:00:00+11:00,-33.682778,150.903611,pm10,µg/m³,20.8
7427,21612,Rouse Hill-7427,2020-03-25T09:00:00+11:00,-33.682778,150.903611,pm10,µg/m³,22.4
7427,21612,Rouse Hill-7427,2020-03-25T10:00:00+11:00,-33.682778,150.903611,pm10,µg/m³,23.4
7427,21612,Rouse Hill-7427,2020-03-25T12:00:00+11:00,-33.682778,150.903611,pm10,µg/m³,19.5
7427,21612,Rouse Hill-7427,2020-03-25T13:00:00+11:00,-33.682778,150.903611,pm10,µg/m³,13.3
7427,21612,Rouse Hill-7427,2020-03-25T14:00:00+11:00,-33.682778,150.903611,pm10,µg/m³,23.3
7427,21612,Rouse Hill-7427,2020-03-25T15:00:00+11:00,-33.682778,150.903611,pm10,µg/m³,20.6
7427,21612,Rouse Hill-7427,2020-03-25T16:00:00+11:00,-33.682778,150.903611,pm10,µg/m³,23.9
7427,21612,Rouse Hill-7427,2020-03-25T17:00:00+11:00,-33.682778,150.903611,pm10,µg/m³,14.0
7427,21612,Rouse Hill-7427,2020-03-25T18:00:00+11:00,-33.682778,150.903611,pm10,µg/m³,14.4
7427,21612,Rouse Hill-7427,2020-03-25T19:00:00+11:00,-33.682778,150.903611,pm10,µg/m³,14.8
7427,21612,Rouse Hill-7427,2020-03-25T20:00:00+11:00,-33.682778,150.903611,pm10,µg/m³,13.0
7427,21612,Rouse Hill-7427,2020-03-25T21:00:00+11:00,-33.682778,150.903611,pm10,µg/m³,11.5
7427,21612,Rouse Hill-7427,2020-03-25T22:00:00+11:00,-33.682778,150.903611,pm10,µg/m³,10.3
7427,21612,Rouse Hill-7427,2020-03-25T23:00:00+11:00,-33.682778,150.903611,pm10,µg/m³,10.1
7427,21611,Rouse Hill-7427,2020-03-25T01:00:00+11:00,-33.682778,150.903611,pm25,µg/m³,0.3
7427,21611,Rouse Hill-7427,2020-03-25T02:00:00+11:00,-33.682778,150.903611,pm25,µg/m³,3.0
7427,21611,Rouse Hill-7427,2020-03-25T03:00:00+11:00,-33.682778,150.903611,pm25,µg/m³,3.9
7427,21611,Rouse Hill-7427,2020-03-25T08:00:00+11:00,-33.682778,150.903611,pm25,µg/m³,6.8
7427,21611,Rouse Hill-7427,2020-03-25T09:00:00+11:00,-33.682778,150.903611,pm25,µg/m³,8.6
7427,21611,Rouse Hill-7427,2020-03-25T10:00:00+11:00,-33.682778,150.903611,pm25,µg/m³,7.5
7427,21611,Rouse Hill-7427,2020-03-25T12:00:00+11:00,-33.682778,150.903611,pm25,µg/m³,3.6
7427,21611,Rouse Hill-7427,2020-03-25T13:00:00+11:00,-33.682778,150.903611,pm25,µg/m³,2.6
7427,21611,Rouse Hill-7427,2020-03-25T14:00:00+11:00,-33.682778,150.903611,pm25,µg/m³,3.2
7427,21611,Rouse Hill-7427,2020-03-25T15:00:00+11:00,-33.682778,150.903611,pm25,µg/m³,2.3
7427,21611,Rouse Hill-7427,2020-03-25T16:00:00+11:00,-33.682778,150.903611,pm25,µg/m³,6.5
7427,21611,Rouse Hill-7427,2020-03-25T17:00:00+11:00,-33.682778,150.903611,pm25,µg/m³,4.4
7427,21611,Rouse Hill-7427,2020-03-25T18:00:00+11:00,-33.682778,150.903611,pm25,µg/m³,4.9
7427,21611,Rouse Hill-7427,2020-03-25T19:00:00+11:00,-33.682778,150.903611,pm25,µg/m³,3.0
7427,21611,Rouse Hill-7427,2020-03-25T20:00:00+11:00,-33.682778,150.903611,pm25,µg/m³,2.8
7427,21611,Rouse Hill-7427,2020-03-25T21:00:00+11:00,-33.682778,150.903611,pm25,µg/m³,3.2
7427,21611,Rouse Hill-7427,2020-03-25T22:00:00+11:00,-33.682778,150.903611,pm25,µg/m³,2.3
7427,21611,Rouse Hill-7427,2020-03-25T23:00:00+11:00,-33.682778,150.903611,pm25,µg/m³,0.8
7427,25601,Rouse Hill-7427,2020-03-25T01:00:00+11:00,-33.682778,150.903611,no2,ppm,0.005
7427,25601,Rouse Hill-7427,2020-03-25T03:00:00+11:00,-33.682778,150.903611,no2,ppm,0.005
7427,25601,Rouse Hill-7427,2020-03-25T08:00:00+11:00,-33.682778,150.903611,no2,ppm,0.006
7427,25601,Rouse Hill-7427,2020-03-25T09:00:00+11:00,-33.682778,150.903611,no2,ppm,0.005
7427,25601,Rouse Hill-7427,2020-03-25T10:00:00+11:00,-33.682778,150.903611,no2,ppm,0.006
7427,25601,Rouse Hill-7427,2020-03-25T12:00:00+11:00,-33.682778,150.903611,no2,ppm,0.005
7427,25601,Rouse Hill-7427,2020-03-25T13:00:00+11:00,-33.682778,150.903611,no2,ppm,0.004
7427,25601,Rouse Hill-7427,2020-03-25T14:00:00+11:00,-33.682778,150.903611,no2,ppm,0.009
7427,25601,Rouse Hill-7427,2020-03-25T15:00:00+11:00,-33.682778,150.903611,no2,ppm,0.004
7427,25601,Rouse Hill-7427,2020-03-25T16:00:00+11:00,-33.682778,150.903611,no2,ppm,0.006
7427,25601,Rouse Hill-7427,2020-03-25T17:00:00+11:00,-33.682778,150.903611,no2,ppm,0.006
7427,25601,Rouse Hill-7427,2020-03-25T18:00:00+11:00,-33.682778,150.903611,no2,ppm,0.006
7427,25601,Rouse Hill-7427,2020-03-25T19:00:00+11:00,-33.682778,150.903611,no2,ppm,0.008
7427,25601,Rouse Hill-7427,2020-03-25T20:00:00+11:00,-33.682778,150.903611,no2,ppm,0.011
7427,25601,Rouse Hill-7427,2020-03-25T21:00:00+11:00,-33.682778,150.903611,no2,ppm,0.01
7427,25601,Rouse Hill-7427,2020-03-25T22:00:00+11:00,-33.682778,150.903611,no2,ppm,0.006
7427,25601,Rouse Hill-7427,2020-03-25T23:00:00+11:00,-33.682778,150.903611,no2,ppm,0.006
7427,28892,Rouse Hill-7427,2020-03-25T01:00:00+11:00,-33.682778,150.903611,co,ppm,0.2
7427,28892,Rouse Hill-7427,2020-03-25T02:00:00+11:00,-33.682778,150.903611,co,ppm,0.2
7427,28892,Rouse Hill-7427,2020-03-25T03:00:00+11:00,-33.682778,150.903611,co,ppm,0.2
7427,28892,Rouse Hill-7427,2020-03-25T08:00:00+11:00,-33.682778,150.903611,co,ppm,0.2
7427,28892,Rouse Hill-7427,2020-03-25T09:00:00+11:00,-33.682778,150.903611,co,ppm,0.2
7427,28892,Rouse Hill-7427,2020-03-25T10:00:00+11:00,-33.682778,150.903611,co,ppm,0.2
7427,28892,Rouse Hill-7427,2020-03-25T12:00:00+11:00,-33.682778,150.903611,co,ppm,0.2
7427,28892,Rouse Hill-7427,2020-03-25T13:00:00+11:00,-33.682778,150.903611,co,ppm,0.2
7427,28892,Rouse Hill-7427,2020-03-25T14:00:00+11:00,-33.682778,150.903611,co,ppm,0.2
7427,28892,Rouse Hill-7427,2020-03-25T15:00:00+11:00,-33.682778,150.903611,co,ppm,0.2
7427,28892,Rouse Hill-7427,2020-03-25T16:00:00+11:00,-33.682778,150.903611,co,ppm,0.2
7427,28892,Rouse Hill-7427,2020-03-25T17:00:00+11:00,-33.682778,150.903611,co,ppm,0.2
7427,28892,Rouse Hill-7427,2020-03-25T18:00:00+11:00,-33.682778,150.903611,co,ppm,0.2
7427,28892,Rouse Hill-7427,2020-03-25T19:00:00+11:00,-33.682778,150.903611,co,ppm,0.2
7427,28892,Rouse Hill-7427,2020-03-25T20:00:00+11:00,-33.682778,150.903611,co,ppm,0.2
7427,28892,Rouse Hill-7427,2020-03-25T21:00:00+11:00,-33.682778,150.903611,co,ppm,0.2
7427,28892,Rouse Hill-7427,2020-03-25T22:00:00+11:00,-33.682778,150.903611,co,ppm,0.2
7427,28892,Rouse Hill-7427,2020-03-25T23:00:00+11:00,-33.682778,150.903611,co,ppm,0.2
7427,25603,Rouse Hill-7427,2020-03-25T01:00:00+11:00,-33.682778,150.903611,so2,ppm,0.005
7427,25603,Rouse Hill-7427,2020-03-25T03:00:00+11:00,-33.682778,150.903611,so2,ppm,0.004
7427,25603,Rouse Hill-7427,2020-03-25T08:00:00+11:00,-33.682778,150.903611,so2,ppm,0.001
7427,25603,Rouse Hill-7427,2020-03-25T09:00:00+11:00,-33.682778,150.903611,so2,ppm,0.001
7427,25603,Rouse Hill-7427,2020-03-25T10:00:00+11:00,-33.682778,150.903611,so2,ppm,0.001
7427,25603,Rouse Hill-7427,2020-03-25T12:00:00+11:00,-33.682778,150.903611,so2,ppm,0.001
7427,25603,Rouse Hill-7427,2020-03-25T13:00:00+11:00,-33.682778,150.903611,so2,ppm,0.001
7427,25603,Rouse Hill-7427,2020-03-25T14:00:00+11:00,-33.682778,150.903611,so2,ppm,0.001
7427,25603,Rouse Hill-7427,2020-03-25T15:00:00+11:00,-33.682778,150.903611,so2,ppm,0.0
7427,25603,Rouse Hill-7427,2020-03-25T16:00:00+11:00,-33.682778,150.903611,so2,ppm,0.0
7427,25603,Rouse Hill-7427,2020-03-25T17:00:00+11:00,-33.682778,150.903611,so2,ppm,0.0
7427,25603,Rouse Hill-7427,2020-03-25T18:00:00+11:00,-33.682778,150.903611,so2,ppm,0.0
7427,25603,Rouse Hill-7427,2020-03-25T19:00:00+11:00,-33.682778,150.903611,so2,ppm,0.0
7427,25603,Rouse Hill-7427,2020-03-25T20:00:00+11:00,-33.682778,150.903611,so2,ppm,0.001
7427,25603,Rouse Hill-7427,2020-03-25T21:00:00+11:00,-33.682778,150.903611,so2,ppm,0.0
7427,25603,Rouse Hill-7427,2020-03-25T22:00:00+11:00,-33.682778,150.903611,so2,ppm,0.0
7427,25603,Rouse Hill-7427,2020-03-25T23:00:00+11:00,-33.682778,150.903611,so2,ppm,0.001
7427,25602,Rouse Hill-7427,2020-03-25T01:00:00+11:00,-33.682778,150.903611,o3,ppm,0.011
7427,25602,Rouse Hill-7427,2020-03-25T02:00:00+11:00,-33.682778,150.903611,o3,ppm,0.013
7427,25602,Rouse Hill-7427,2020-03-25T03:00:00+11:00,-33.682778,150.903611,o3,ppm,0.009
7427,25602,Rouse Hill-7427,2020-03-25T08:00:00+11:00,-33.682778,150.903611,o3,ppm,0.006
7427,25602,Rouse Hill-7427,2020-03-25T09:00:00+11:00,-33.682778,150.903611,o3,ppm,0.008
7427,25602,Rouse Hill-7427,2020-03-25T10:00:00+11:00,-33.682778,150.903611,o3,ppm,0.007
7427,25602,Rouse Hill-7427,2020-03-25T12:00:00+11:00,-33.682778,150.903611,o3,ppm,0.009
7427,25602,Rouse Hill-7427,2020-03-25T13:00:00+11:00,-33.682778,150.903611,o3,ppm,0.018
7427,25602,Rouse Hill-7427,2020-03-25T14:00:00+11:00,-33.682778,150.903611,o3,ppm,0.023
7427,25602,Rouse Hill-7427,2020-03-25T15:00:00+11:00,-33.682778,150.903611,o3,ppm,0.028
7427,25602,Rouse Hill-7427,2020-03-25T16:00:00+11:00,-33.682778,150.903611,o3,ppm,0.02
7427,25602,Rouse Hill-7427,2020-03-25T17:00:00+11:00,-33.682778,150.903611,o3,ppm,0.019
7427,25602,Rouse Hill-7427,2020-03-25T18:00:00+11:00,-33.682778,150.903611,o3,ppm,0.018
7427,25602,Rouse Hill-7427,2020-03-25T19:00:00+11:00,-33.682778,150.903611,o3,ppm,0.014
7427,25602,Rouse Hill-7427,2020-03-25T20:00:00+11:00,-33.682778,150.903611,o3,ppm,0.01
7427,25602,Rouse Hill-7427,2020-03-25T21:00:00+11:00,-33.682778,150.903611,o3,ppm,0.012
7427,25602,Rouse Hill-7427,2020-03-25T22:00:00+11:00,-33.682778,150.903611,o3,ppm,0.015
7427,25602,Rouse Hill-7427,2020-03-25T23:00:00+11:00,-33.682778,150.903611,o3,ppm,0.014
7427,21612,Rouse Hill-7427,2020-03-26T01:00:00+11:00,-33.682778,150.903611,pm10,µg/m³,14.3
7427,21612,Rouse Hill-7427,2020-03-26T03:00:00+11:00,-33.682778,150.903611,pm10,µg/m³,9.0
7427,21612,Rouse Hill-7427,2020-03-26T06:00:00+11:00,-33.682778,150.903611,pm10,µg/m³,16.5
7427,21612,Rouse Hill-7427,2020-03-26T07:00:00+11:00,-33.682778,150.903611,pm10,µg/m³,17.8
7427,21612,Rouse Hill-7427,2020-03-26T08:00:00+11:00,-33.682778,150.903611,pm10,µg/m³,18.9
7427,21612,Rouse Hill-7427,2020-03-26T09:00:00+11:00,-33.682778,150.903611,pm10,µg/m³,26.8
7427,21612,Rouse Hill-7427,2020-03-26T10:00:00+11:00,-33.682778,150.903611,pm10,µg/m³,15.3
7427,21612,Rouse Hill-7427,2020-03-26T11:00:00+11:00,-33.682778,150.903611,pm10,µg/m³,14.5
7427,21612,Rouse Hill-7427,2020-03-26T12:00:00+11:00,-33.682778,150.903611,pm10,µg/m³,15.1
7427,21612,Rouse Hill-7427,2020-03-26T15:00:00+11:00,-33.682778,150.903611,pm10,µg/m³,21.1
7427,21612,Rouse Hill-7427,2020-03-26T16:00:00+11:00,-33.682778,150.903611,pm10,µg/m³,18.5
7427,21612,Rouse Hill-7427,2020-03-26T18:00:00+11:00,-33.682778,150.903611,pm10,µg/m³,19.1
7427,21612,Rouse Hill-7427,2020-03-26T19:00:00+11:00,-33.682778,150.903611,pm10,µg/m³,20.9
7427,21612,Rouse Hill-7427,2020-03-26T21:00:00+11:00,-33.682778,150.903611,pm10,µg/m³,19.6
7427,21612,Rouse Hill-7427,2020-03-26T22:00:00+11:00,-33.682778,150.903611,pm10,µg/m³,18.3
7427,21612,Rouse Hill-7427,2020-03-26T23:00:00+11:00,-33.682778,150.903611,pm10,µg/m³,14.4
7427,21611,Rouse Hill-7427,2020-03-26T01:00:00+11:00,-33.682778,150.903611,pm25,µg/m³,1.6
7427,21611,Rouse Hill-7427,2020-03-26T03:00:00+11:00,-33.682778,150.903611,pm25,µg/m³,2.3
7427,21611,Rouse Hill-7427,2020-03-26T06:00:00+11:00,-33.682778,150.903611,pm25,µg/m³,1.1
7427,21611,Rouse Hill-7427,2020-03-26T07:00:00+11:00,-33.682778,150.903611,pm25,µg/m³,4.8
7427,21611,Rouse Hill-7427,2020-03-26T08:00:00+11:00,-33.682778,150.903611,pm25,µg/m³,3.4
7427,21611,Rouse Hill-7427,2020-03-26T09:00:00+11:00,-33.682778,150.903611,pm25,µg/m³,6.3
7427,21611,Rouse Hill-7427,2020-03-26T10:00:00+11:00,-33.682778,150.903611,pm25,µg/m³,7.4
7427,21611,Rouse Hill-7427,2020-03-26T11:00:00+11:00,-33.682778,150.903611,pm25,µg/m³,4.5
7427,21611,Rouse Hill-7427,2020-03-26T12:00:00+11:00,-33.682778,150.903611,pm25,µg/m³,6.0
7427,21611,Rouse Hill-7427,2020-03-26T15:00:00+11:00,-33.682778,150.903611,pm25,µg/m³,6.7
7427,21611,Rouse Hill-7427,2020-03-26T16:00:00+11:00,-33.682778,150.903611,pm25,µg/m³,3.2
7427,21611,Rouse Hill-7427,2020-03-26T18:00:00+11:00,-33.682778,150.903611,pm25,µg/m³,4.7
7427,21611,Rouse Hill-7427,2020-03-26T19:00:00+11:00,-33.682778,150.903611,pm25,µg/m³,2.5
7427,21611,Rouse Hill-7427,2020-03-26T21:00:00+11:00,-33.682778,150.903611,pm25,µg/m³,10.4
7427,21611,Rouse Hill-7427,2020-03-26T22:00:00+11:00,-33.682778,150.903611,pm25,µg/m³,10.7
7427,21611,Rouse Hill-7427,2020-03-26T23:00:00+11:00,-33.682778,150.903611,pm25,µg/m³,7.8
7427,25601,Rouse Hill-7427,2020-03-26T01:00:00+11:00,-33.682778,150.903611,no2,ppm,0.002
7427,25601,Rouse Hill-7427,2020-03-26T03:00:00+11:00,-33.682778,150.903611,no2,ppm,0.002
7427,25601,Rouse Hill-7427,2020-03-26T06:00:00+11:00,-33.682778,150.903611,no2,ppm,0.013
7427,25601,Rouse Hill-7427,2020-03-26T07:00:00+11:00,-33.682778,150.903611,no2,ppm,0.016
7427,25601,Rouse Hill-7427,2020-03-26T08:00:00+11:00,-33.682778,150.903611,no2,ppm,0.016
7427,25601,Rouse Hill-7427,2020-03-26T09:00:00+11:00,-33.682778,150.903611,no2,ppm,0.009
7427,25601,Rouse Hill-7427,2020-03-26T10:00:00+11:00,-33.682778,150.903611,no2,ppm,0.007
7427,25601,Rouse Hill-7427,2020-03-26T11:00:00+11:00,-33.682778,150.903611,no2,ppm,0.011
7427,25601,Rouse Hill-7427,2020-03-26T12:00:00+11:00,-33.682778,150.903611,no2,ppm,0.008
7427,25601,Rouse Hill-7427,2020-03-26T15:00:00+11:00,-33.682778,150.903611,no2,ppm,0.003
7427,25601,Rouse Hill-7427,2020-03-26T16:00:00+11:00,-33.682778,150.903611,no2,ppm,0.003
7427,25601,Rouse Hill-7427,2020-03-26T18:00:00+11:00,-33.682778,150.903611,no2,ppm,0.006
7427,25601,Rouse Hill-7427,2020-03-26T19:00:00+11:00,-33.682778,150.903611,no2,ppm,0.01
7427,25601,Rouse Hill-7427,2020-03-26T21:00:00+11:00,-33.682778,150.903611,no2,ppm,0.013
7427,25601,Rouse Hill-7427,2020-03-26T22:00:00+11:00,-33.682778,150.903611,no2,ppm,0.017
7427,25601,Rouse Hill-7427,2020-03-26T23:00:00+11:00,-33.682778,150.903611,no2,ppm,0.017
7427,28892,Rouse Hill-7427,2020-03-26T01:00:00+11:00,-33.682778,150.903611,co,ppm,0.2
7427,28892,Rouse Hill-7427,2020-03-26T03:00:00+11:00,-33.682778,150.903611,co,ppm,0.2
7427,28892,Rouse Hill-7427,2020-03-26T06:00:00+11:00,-33.682778,150.903611,co,ppm,0.2
7427,28892,Rouse Hill-7427,2020-03-26T07:00:00+11:00,-33.682778,150.903611,co,ppm,0.2
7427,28892,Rouse Hill-7427,2020-03-26T08:00:00+11:00,-33.682778,150.903611,co,ppm,0.2
7427,28892,Rouse Hill-7427,2020-03-26T09:00:00+11:00,-33.682778,150.903611,co,ppm,0.2
7427,28892,Rouse Hill-7427,2020-03-26T10:00:00+11:00,-33.682778,150.903611,co,ppm,0.2
7427,28892,Rouse Hill-7427,2020-03-26T11:00:00+11:00,-33.682778,150.903611,co,ppm,0.2
7427,28892,Rouse Hill-7427,2020-03-26T12:00:00+11:00,-33.682778,150.903611,co,ppm,0.2
7427,28892,Rouse Hill-7427,2020-03-26T15:00:00+11:00,-33.682778,150.903611,co,ppm,0.2
7427,28892,Rouse Hill-7427,2020-03-26T16:00:00+11:00,-33.682778,150.903611,co,ppm,0.2
7427,28892,Rouse Hill-7427,2020-03-26T18:00:00+11:00,-33.682778,150.903611,co,ppm,0.2
7427,28892,Rouse Hill-7427,2020-03-26T19:00:00+11:00,-33.682778,150.903611,co,ppm,0.2
7427,28892,Rouse Hill-7427,2020-03-26T21:00:00+11:00,-33.682778,150.903611,co,ppm,0.2
7427,28892,Rouse Hill-7427,2020-03-26T22:00:00+11:00,-33.682778,150.903611,co,ppm,0.2
7427,28892,Rouse Hill-7427,2020-03-26T23:00:00+11:00,-33.682778,150.903611,co,ppm,0.2
7427,25603,Rouse Hill-7427,2020-03-26T01:00:00+11:00,-33.682778,150.903611,so2,ppm,0.001
7427,25603,Rouse Hill-7427,2020-03-26T03:00:00+11:00,-33.682778,150.903611,so2,ppm,0.0
7427,25603,Rouse Hill-7427,2020-03-26T06:00:00+11:00,-33.682778,150.903611,so2,ppm,0.0
7427,25603,Rouse Hill-7427,2020-03-26T07:00:00+11:00,-33.682778,150.903611,so2,ppm,0.001
7427,25603,Rouse Hill-7427,2020-03-26T08:00:00+11:00,-33.682778,150.903611,so2,ppm,0.0
7427,25603,Rouse Hill-7427,2020-03-26T09:00:00+11:00,-33.682778,150.903611,so2,ppm,0.0
7427,25603,Rouse Hill-7427,2020-03-26T10:00:00+11:00,-33.682778,150.903611,so2,ppm,0.0
7427,25603,Rouse Hill-7427,2020-03-26T11:00:00+11:00,-33.682778,150.903611,so2,ppm,0.0
7427,25603,Rouse Hill-7427,2020-03-26T12:00:00+11:00,-33.682778,150.903611,so2,ppm,0.0
7427,25603,Rouse Hill-7427,2020-03-26T15:00:00+11:00,-33.682778,150.903611,so2,ppm,0.0
7427,25603,Rouse Hill-7427,2020-03-26T16:00:00+11:00,-33.682778,150.903611,so2,ppm,0.0
7427,25603,Rouse Hill-7427,2020-03-26T18:00:00+11:00,-33.682778,150.903611,so2,ppm,0.0
7427,25603,Rouse Hill-7427,2020-03-26T19:00:00+11:00,-33.682778,150.903611,so2,ppm,0.0
7427,25603,Rouse Hill-7427,2020-03-26T21:00:00+11:00,-33.682778,150.903611,so2,ppm,0.0
7427,25603,Rouse Hill-7427,2020-03-26T22:00:00+11:00,-33.682778,150.903611,so2,ppm,0.0
7427,25603,Rouse Hill-7427,2020-03-26T23:00:00+11:00,-33.682778,150.903611,so2,ppm,0.0
7427,25602,Rouse Hill-7427,2020-03-26T01:00:00+11:00,-33.682778,150.903611,o3,ppm,0.022
7427,25602,Rouse Hill-7427,2020-03-26T03:00:00+11:00,-33.682778,150.903611,o3,ppm,0.019
7427,25602,Rouse Hill-7427,2020-03-26T06:00:00+11:00,-33.682778,150.903611,o3,ppm,0.006
7427,25602,Rouse Hill-7427,2020-03-26T07:00:00+11:00,-33.682778,150.903611,o3,ppm,0.003
7427,25602,Rouse Hill-7427,2020-03-26T08:00:00+11:00,-33.682778,150.903611,o3,ppm,0.005
7427,25602,Rouse Hill-7427,2020-03-26T09:00:00+11:00,-33.682778,150.903611,o3,ppm,0.01
7427,25602,Rouse Hill-7427,2020-03-26T10:00:00+11:00,-33.682778,150.903611,o3,ppm,0.01
7427,25602,Rouse Hill-7427,2020-03-26T11:00:00+11:00,-33.682778,150.903611,o3,ppm,0.006
7427,25602,Rouse Hill-7427,2020-03-26T12:00:00+11:00,-33.682778,150.903611,o3,ppm,0.007
7427,25602,Rouse Hill-7427,2020-03-26T15:00:00+11:00,-33.682778,150.903611,o3,ppm,0.022
7427,25602,Rouse Hill-7427,2020-03-26T16:00:00+11:00,-33.682778,150.903611,o3,ppm,0.022
7427,25602,Rouse Hill-7427,2020-03-26T18:00:00+11:00,-33.682778,150.903611,o3,ppm,0.016
7427,25602,Rouse Hill-7427,2020-03-26T19:00:00+11:00,-33.682778,150.903611,o3,ppm,0.011
7427,25602,Rouse Hill-7427,2020-03-26T21:00:00+11:00,-33.682778,150.903611,o3,ppm,0.007
7427,25602,Rouse Hill-7427,2020-03-26T22:00:00+11:00,-33.682778,150.903611,o3,ppm,0.002
7427,25602,Rouse Hill-7427,2020-03-26T23:00:00+11:00,-33.682778,150.903611,o3,ppm,0.001
7427,21612,Rouse Hill-7427,2020-03-27T01:00:00+11:00,-33.682778,150.903611,pm10,µg/m³,12.5
7427,21612,Rouse Hill-7427,2020-03-27T02:00:00+11:00,-33.682778,150.903611,pm10,µg/m³,12.9
7427,21612,Rouse Hill-7427,2020-03-27T03:00:00+11:00,-33.682778,150.903611,pm10,µg/m³,11.0
7427,21612,Rouse Hill-7427,2020-03-27T04:00:00+11:00,-33.682778,150.903611,pm10,µg/m³,9.0
7427,21612,Rouse Hill-7427,2020-03-27T05:00:00+11:00,-33.682778,150.903611,pm10,µg/m³,9.7
7427,21612,Rouse Hill-7427,2020-03-27T07:00:00+11:00,-33.682778,150.903611,pm10,µg/m³,12.4
7427,21612,Rouse Hill-7427,2020-03-27T08:00:00+11:00,-33.682778,150.903611,pm10,µg/m³,17.9
7427,21612,Rouse Hill-7427,2020-03-27T09:00:00+11:00,-33.682778,150.903611,pm10,µg/m³,18.6
7427,21612,Rouse Hill-7427,2020-03-27T10:00:00+11:00,-33.682778,150.903611,pm10,µg/m³,21.8
7427,21612,Rouse Hill-7427,2020-03-27T11:00:00+11:00,-33.682778,150.903611,pm10,µg/m³,17.6
7427,21612,Rouse Hill-7427,2020-03-27T12:00:00+11:00,-33.682778,150.903611,pm10,µg/m³,16.4
7427,21612,Rouse Hill-7427,2020-03-27T13:00:00+11:00,-33.682778,150.903611,pm10,µg/m³,17.6
7427,21612,Rouse Hill-7427,2020-03-27T14:00:00+11:00,-33.682778,150.903611,pm10,µg/m³,18.5
7427,21612,Rouse Hill-7427,2020-03-27T15:00:00+11:00,-33.682778,150.903611,pm10,µg/m³,18.0
7427,21612,Rouse Hill-7427,2020-03-27T16:00:00+11:00,-33.682778,150.903611,pm10,µg/m³,14.8
7427,21612,Rouse Hill-7427,2020-03-27T17:00:00+11:00,-33.682778,150.903611,pm10,µg/m³,20.3
7427,21612,Rouse Hill-7427,2020-03-27T18:00:00+11:00,-33.682778,150.903611,pm10,µg/m³,22.3
7427,21612,Rouse Hill-7427,2020-03-27T19:00:00+11:00,-33.682778,150.903611,pm10,µg/m³,21.7
7427,21612,Rouse Hill-7427,2020-03-27T20:00:00+11:00,-33.682778,150.903611,pm10,µg/m³,22.7
7427,21612,Rouse Hill-7427,2020-03-27T21:00:00+11:00,-33.682778,150.903611,pm10,µg/m³,19.1
7427,21612,Rouse Hill-7427,2020-03-27T22:00:00+11:00,-33.682778,150.903611,pm10,µg/m³,22.6
7427,21612,Rouse Hill-7427,2020-03-27T23:00:00+11:00,-33.682778,150.903611,pm10,µg/m³,19.6
7427,21611,Rouse Hill-7427,2020-03-27T01:00:00+11:00,-33.682778,150.903611,pm25,µg/m³,4.1
7427,21611,Rouse Hill-7427,2020-03-27T02:00:00+11:00,-33.682778,150.903611,pm25,µg/m³,2.6
7427,21611,Rouse Hill-7427,2020-03-27T03:00:00+11:00,-33.682778,150.903611,pm25,µg/m³,3.7
7427,21611,Rouse Hill-7427,2020-03-27T04:00:00+11:00,-33.682778,150.903611,pm25,µg/m³,4.2
7427,21611,Rouse Hill-7427,2020-03-27T05:00:00+11:00,-33.682778,150.903611,pm25,µg/m³,3.9
7427,21611,Rouse Hill-7427,2020-03-27T07:00:00+11:00,-33.682778,150.903611,pm25,µg/m³,1.3
7427,21611,Rouse Hill-7427,2020-03-27T08:00:00+11:00,-33.682778,150.903611,pm25,µg/m³,3.4
7427,21611,Rouse Hill-7427,2020-03-27T09:00:00+11:00,-33.682778,150.903611,pm25,µg/m³,3.8
7427,21611,Rouse Hill-7427,2020-03-27T10:00:00+11:00,-33.682778,150.903611,pm25,µg/m³,9.8
7427,21611,Rouse Hill-7427,2020-03-27T11:00:00+11:00,-33.682778,150.903611,pm25,µg/m³,10.0
7427,21611,Rouse Hill-7427,2020-03-27T12:00:00+11:00,-33.682778,150.903611,pm25,µg/m³,3.7
7427,21611,Rouse Hill-7427,2020-03-27T13:00:00+11:00,-33.682778,150.903611,pm25,µg/m³,0.6
7427,21611,Rouse Hill-7427,2020-03-27T14:00:00+11:00,-33.682778,150.903611,pm25,µg/m³,0.0
7427,21611,Rouse Hill-7427,2020-03-27T15:00:00+11:00,-33.682778,150.903611,pm25,µg/m³,1.7
7427,21611,Rouse Hill-7427,2020-03-27T16:00:00+11:00,-33.682778,150.903611,pm25,µg/m³,0.9
7427,21611,Rouse Hill-7427,2020-03-27T17:00:00+11:00,-33.682778,150.903611,pm25,µg/m³,1.9
7427,21611,Rouse Hill-7427,2020-03-27T18:00:00+11:00,-33.682778,150.903611,pm25,µg/m³,3.1
7427,21611,Rouse Hill-7427,2020-03-27T19:00:00+11:00,-33.682778,150.903611,pm25,µg/m³,3.8
7427,21611,Rouse Hill-7427,2020-03-27T20:00:00+11:00,-33.682778,150.903611,pm25,µg/m³,7.6
7427,21611,Rouse Hill-7427,2020-03-27T21:00:00+11:00,-33.682778,150.903611,pm25,µg/m³,7.5
7427,21611,Rouse Hill-7427,2020-03-27T22:00:00+11:00,-33.682778,150.903611,pm25,µg/m³,8.6
7427,21611,Rouse Hill-7427,2020-03-27T23:00:00+11:00,-33.682778,150.903611,pm25,µg/m³,7.7
7427,25601,Rouse Hill-7427,2020-03-27T01:00:00+11:00,-33.682778,150.903611,no2,ppm,0.008
7427,25601,Rouse Hill-7427,2020-03-27T03:00:00+11:00,-33.682778,150.903611,no2,ppm,0.008
7427,25601,Rouse Hill-7427,2020-03-27T04:00:00+11:00,-33.682778,150.903611,no2,ppm,0.008
7427,25601,Rouse Hill-7427,2020-03-27T05:00:00+11:00,-33.682778,150.903611,no2,ppm,0.009
7427,25601,Rouse Hill-7427,2020-03-27T07:00:00+11:00,-33.682778,150.903611,no2,ppm,0.014
7427,25601,Rouse Hill-7427,2020-03-27T08:00:00+11:00,-33.682778,150.903611,no2,ppm,0.012
7427,25601,Rouse Hill-7427,2020-03-27T09:00:00+11:00,-33.682778,150.903611,no2,ppm,0.014
7427,25601,Rouse Hill-7427,2020-03-27T10:00:00+11:00,-33.682778,150.903611,no2,ppm,0.017
7427,25601,Rouse Hill-7427,2020-03-27T11:00:00+11:00,-33.682778,150.903611,no2,ppm,0.007
7427,25601,Rouse Hill-7427,2020-03-27T12:00:00+11:00,-33.682778,150.903611,no2,ppm,0.003
7427,25601,Rouse Hill-7427,2020-03-27T13:00:00+11:00,-33.682778,150.903611,no2,ppm,0.003
7427,25601,Rouse Hill-7427,2020-03-27T14:00:00+11:00,-33.682778,150.903611,no2,ppm,0.003
7427,25601,Rouse Hill-7427,2020-03-27T15:00:00+11:00,-33.682778,150.903611,no2,ppm,0.003
7427,25601,Rouse Hill-7427,2020-03-27T16:00:00+11:00,-33.682778,150.903611,no2,ppm,0.004
7427,25601,Rouse Hill-7427,2020-03-27T17:00:00+11:00,-33.682778,150.903611,no2,ppm,0.004
7427,25601,Rouse Hill-7427,2020-03-27T18:00:00+11:00,-33.682778,150.903611,no2,ppm,0.004
7427,25601,Rouse Hill-7427,2020-03-27T19:00:00+11:00,-33.682778,150.903611,no2,ppm,0.007
7427,25601,Rouse Hill-7427,2020-03-27T20:00:00+11:00,-33.682778,150.903611,no2,ppm,0.009
7427,25601,Rouse Hill-7427,2020-03-27T21:00:00+11:00,-33.682778,150.903611,no2,ppm,0.01
7427,25601,Rouse Hill-7427,2020-03-27T22:00:00+11:00,-33.682778,150.903611,no2,ppm,0.012
7427,25601,Rouse Hill-7427,2020-03-27T23:00:00+11:00,-33.682778,150.903611,no2,ppm,0.017
7427,28892,Rouse Hill-7427,2020-03-27T01:00:00+11:00,-33.682778,150.903611,co,ppm,0.3
7427,28892,Rouse Hill-7427,2020-03-27T02:00:00+11:00,-33.682778,150.903611,co,ppm,0.3
7427,28892,Rouse Hill-7427,2020-03-27T03:00:00+11:00,-33.682778,150.903611,co,ppm,0.3
7427,28892,Rouse Hill-7427,2020-03-27T04:00:00+11:00,-33.682778,150.903611,co,ppm,0.2
7427,28892,Rouse Hill-7427,2020-03-27T05:00:00+11:00,-33.682778,150.903611,co,ppm,0.2
7427,28892,Rouse Hill-7427,2020-03-27T07:00:00+11:00,-33.682778,150.903611,co,ppm,0.2
7427,28892,Rouse Hill-7427,2020-03-27T08:00:00+11:00,-33.682778,150.903611,co,ppm,0.2
7427,28892,Rouse Hill-7427,2020-03-27T09:00:00+11:00,-33.682778,150.903611,co,ppm,0.2
7427,28892,Rouse Hill-7427,2020-03-27T10:00:00+11:00,-33.682778,150.903611,co,ppm,0.2
7427,28892,Rouse Hill-7427,2020-03-27T11:00:00+11:00,-33.682778,150.903611,co,ppm,0.2
7427,28892,Rouse Hill-7427,2020-03-27T12:00:00+11:00,-33.682778,150.903611,co,ppm,0.2
7427,28892,Rouse Hill-7427,2020-03-27T13:00:00+11:00,-33.682778,150.903611,co,ppm,0.2
7427,28892,Rouse Hill-7427,2020-03-27T14:00:00+11:00,-33.682778,150.903611,co,ppm,0.2
7427,28892,Rouse Hill-7427,2020-03-27T15:00:00+11:00,-33.682778,150.903611,co,ppm,0.2
7427,28892,Rouse Hill-7427,2020-03-27T16:00:00+11:00,-33.682778,150.903611,co,ppm,0.2
7427,28892,Rouse Hill-7427,2020-03-27T17:00:00+11:00,-33.682778,150.903611,co,ppm,0.2
7427,28892,Rouse Hill-7427,2020-03-27T18:00:00+11:00,-33.682778,150.903611,co,ppm,0.1
7427,28892,Rouse Hill-7427,2020-03-27T19:00:00+11:00,-33.682778,150.903611,co,ppm,0.1
7427,28892,Rouse Hill-7427,2020-03-27T20:00:00+11:00,-33.682778,150.903611,co,ppm,0.1
7427,28892,Rouse Hill-7427,2020-03-27T21:00:00+11:00,-33.682778,150.903611,co,ppm,0.2
7427,28892,Rouse Hill-7427,2020-03-27T22:00:00+11:00,-33.682778,150.903611,co,ppm,0.2
7427,28892,Rouse Hill-7427,2020-03-27T23:00:00+11:00,-33.682778,150.903611,co,ppm,0.2
7427,25603,Rouse Hill-7427,2020-03-27T01:00:00+11:00,-33.682778,150.903611,so2,ppm,0.0
7427,25603,Rouse Hill-7427,2020-03-27T03:00:00+11:00,-33.682778,150.903611,so2,ppm,0.0
7427,25603,Rouse Hill-7427,2020-03-27T04:00:00+11:00,-33.682778,150.903611,so2,ppm,0.0
7427,25603,Rouse Hill-7427,2020-03-27T05:00:00+11:00,-33.682778,150.903611,so2,ppm,0.0
7427,25603,Rouse Hill-7427,2020-03-27T07:00:00+11:00,-33.682778,150.903611,so2,ppm,0.001
7427,25603,Rouse Hill-7427,2020-03-27T08:00:00+11:00,-33.682778,150.903611,so2,ppm,0.001
7427,25603,Rouse Hill-7427,2020-03-27T09:00:00+11:00,-33.682778,150.903611,so2,ppm,0.001
7427,25603,Rouse Hill-7427,2020-03-27T10:00:00+11:00,-33.682778,150.903611,so2,ppm,0.001
7427,25603,Rouse Hill-7427,2020-03-27T11:00:00+11:00,-33.682778,150.903611,so2,ppm,0.0
7427,25603,Rouse Hill-7427,2020-03-27T12:00:00+11:00,-33.682778,150.903611,so2,ppm,0.001
7427,25603,Rouse Hill-7427,2020-03-27T13:00:00+11:00,-33.682778,150.903611,so2,ppm,0.0
7427,25603,Rouse Hill-7427,2020-03-27T14:00:00+11:00,-33.682778,150.903611,so2,ppm,0.0
7427,25603,Rouse Hill-7427,2020-03-27T15:00:00+11:00,-33.682778,150.903611,so2,ppm,0.0
7427,25603,Rouse Hill-7427,2020-03-27T16:00:00+11:00,-33.682778,150.903611,so2,ppm,0.0
7427,25603,Rouse Hill-7427,2020-03-27T17:00:00+11:00,-33.682778,150.903611,so2,ppm,0.0
7427,25603,Rouse Hill-7427,2020-03-27T18:00:00+11:00,-33.682778,150.903611,so2,ppm,0.0
7427,25603,Rouse Hill-7427,2020-03-27T19:00:00+11:00,-33.682778,150.903611,so2,ppm,0.001
7427,25603,Rouse Hill-7427,2020-03-27T20:00:00+11:00,-33.682778,150.903611,so2,ppm,0.0
7427,25603,Rouse Hill-7427,2020-03-27T21:00:00+11:00,-33.682778,150.903611,so2,ppm,0.0
7427,25603,Rouse Hill-7427,2020-03-27T22:00:00+11:00,-33.682778,150.903611,so2,ppm,0.0
7427,25603,Rouse Hill-7427,2020-03-27T23:00:00+11:00,-33.682778,150.903611,so2,ppm,0.0
7427,25602,Rouse Hill-7427,2020-03-27T01:00:00+11:00,-33.682778,150.903611,o3,ppm,0.008
7427,25602,Rouse Hill-7427,2020-03-27T02:00:00+11:00,-33.682778,150.903611,o3,ppm,0.006
7427,25602,Rouse Hill-7427,2020-03-27T03:00:00+11:00,-33.682778,150.903611,o3,ppm,0.003
7427,25602,Rouse Hill-7427,2020-03-27T04:00:00+11:00,-33.682778,150.903611,o3,ppm,0.006
7427,25602,Rouse Hill-7427,2020-03-27T05:00:00+11:00,-33.682778,150.903611,o3,ppm,0.004
7427,25602,Rouse Hill-7427,2020-03-27T07:00:00+11:00,-33.682778,150.903611,o3,ppm,0.0
7427,25602,Rouse Hill-7427,2020-03-27T08:00:00+11:00,-33.682778,150.903611,o3,ppm,0.003
7427,25602,Rouse Hill-7427,2020-03-27T09:00:00+11:00,-33.682778,150.903611,o3,ppm,0.004
7427,25602,Rouse Hill-7427,2020-03-27T10:00:00+11:00,-33.682778,150.903611,o3,ppm,0.005
7427,25602,Rouse Hill-7427,2020-03-27T11:00:00+11:00,-33.682778,150.903611,o3,ppm,0.018
7427,25602,Rouse Hill-7427,2020-03-27T12:00:00+11:00,-33.682778,150.903611,o3,ppm,0.022
7427,25602,Rouse Hill-7427,2020-03-27T13:00:00+11:00,-33.682778,150.903611,o3,ppm,0.022
7427,25602,Rouse Hill-7427,2020-03-27T14:00:00+11:00,-33.682778,150.903611,o3,ppm,0.023
7427,25602,Rouse Hill-7427,2020-03-27T15:00:00+11:00,-33.682778,150.903611,o3,ppm,0.023
7427,25602,Rouse Hill-7427,2020-03-27T16:00:00+11:00,-33.682778,150.903611,o3,ppm,0.022
7427,25602,Rouse Hill-7427,2020-03-27T17:00:00+11:00,-33.682778,150.903611,o3,ppm,0.021
7427,25602,Rouse Hill-7427,2020-03-27T18:00:00+11:00,-33.682778,150.903611,o3,ppm,0.02
7427,25602,Rouse Hill-7427,2020-03-27T19:00:00+11:00,-33.682778,150.903611,o3,ppm,0.016
7427,25602,Rouse Hill-7427,2020-03-27T20:00:00+11:00,-33.682778,150.903611,o3,ppm,0.012
7427,25602,Rouse Hill-7427,2020-03-27T21:00:00+11:00,-33.682778,150.903611,o3,ppm,0.011
7427,25602,Rouse Hill-7427,2020-03-27T22:00:00+11:00,-33.682778,150.903611,o3,ppm,0.007
7427,25602,Rouse Hill-7427,2020-03-27T23:00:00+11:00,-33.682778,150.903611,o3,ppm,0.0
7427,21612,Rouse Hill-7427,2020-03-28T01:00:00+11:00,-33.682778,150.903611,pm10,µg/m³,18.9
7427,21612,Rouse Hill-7427,2020-03-28T02:00:00+11:00,-33.682778,150.903611,pm10,µg/m³,21.1
7427,21612,Rouse Hill-7427,2020-03-28T03:00:00+11:00,-33.682778,150.903611,pm10,µg/m³,15.0
7427,21612,Rouse Hill-7427,2020-03-28T04:00:00+11:00,-33.682778,150.903611,pm10,µg/m³,15.2
7427,21612,Rouse Hill-7427,2020-03-28T05:00:00+11:00,-33.682778,150.903611,pm10,µg/m³,14.6
7427,21612,Rouse Hill-7427,2020-03-28T06:00:00+11:00,-33.682778,150.903611,pm10,µg/m³,13.4
7427,21612,Rouse Hill-7427,2020-03-28T07:00:00+11:00,-33.682778,150.903611,pm10,µg/m³,15.4
7427,21612,Rouse Hill-7427,2020-03-28T08:00:00+11:00,-33.682778,150.903611,pm10,µg/m³,18.1
7427,21612,Rouse Hill-7427,2020-03-28T09:00:00+11:00,-33.682778,150.903611,pm10,µg/m³,21.4
7427,21612,Rouse Hill-7427,2020-03-28T10:00:00+11:00,-33.682778,150.903611,pm10,µg/m³,24.4
7427,21612,Rouse Hill-7427,2020-03-28T11:00:00+11:00,-33.682778,150.903611,pm10,µg/m³,15.4
7427,21612,Rouse Hill-7427,2020-03-28T12:00:00+11:00,-33.682778,150.903611,pm10,µg/m³,14.3
7427,21612,Rouse Hill-7427,2020-03-28T13:00:00+11:00,-33.682778,150.903611,pm10,µg/m³,11.4
7427,21612,Rouse Hill-7427,2020-03-28T14:00:00+11:00,-33.682778,150.903611,pm10,µg/m³,13.7
7427,21612,Rouse Hill-7427,2020-03-28T15:00:00+11:00,-33.682778,150.903611,pm10,µg/m³,14.6
7427,21612,Rouse Hill-7427,2020-03-28T16:00:00+11:00,-33.682778,150.903611,pm10,µg/m³,11.4
7427,21612,Rouse Hill-7427,2020-03-28T17:00:00+11:00,-33.682778,150.903611,pm10,µg/m³,13.1
7427,21612,Rouse Hill-7427,2020-03-28T18:00:00+11:00,-33.682778,150.903611,pm10,µg/m³,14.5
7427,21612,Rouse Hill-7427,2020-03-28T19:00:00+11:00,-33.682778,150.903611,pm10,µg/m³,13.3
7427,21612,Rouse Hill-7427,2020-03-28T21:00:00+11:00,-33.682778,150.903611,pm10,µg/m³,8.2
7427,21612,Rouse Hill-7427,2020-03-28T22:00:00+11:00,-33.682778,150.903611,pm10,µg/m³,6.8
7427,21612,Rouse Hill-7427,2020-03-28T23:00:00+11:00,-33.682778,150.903611,pm10,µg/m³,6.4
7427,21611,Rouse Hill-7427,2020-03-28T01:00:00+11:00,-33.682778,150.903611,pm25,µg/m³,8.7
7427,21611,Rouse Hill-7427,2020-03-28T02:00:00+11:00,-33.682778,150.903611,pm25,µg/m³,6.9
7427,21611,Rouse Hill-7427,2020-03-28T03:00:00+11:00,-33.682778,150.903611,pm25,µg/m³,8.0
7427,21611,Rouse Hill-7427,2020-03-28T04:00:00+11:00,-33.682778,150.903611,pm25,µg/m³,5.2
7427,21611,Rouse Hill-7427,2020-03-28T05:00:00+11:00,-33.682778,150.903611,pm25,µg/m³,4.4
7427,21611,Rouse Hill-7427,2020-03-28T06:00:00+11:00,-33.682778,150.903611,pm25,µg/m³,9.4
7427,21611,Rouse Hill-7427,2020-03-28T07:00:00+11:00,-33.682778,150.903611,pm25,µg/m³,7.8
7427,21611,Rouse Hill-7427,2020-03-28T09:00:00+11:00,-33.682778,150.903611,pm25,µg/m³,3.7
7427,21611,Rouse Hill-7427,2020-03-28T10:00:00+11:00,-33.682778,150.903611,pm25,µg/m³,6.2
7427,21611,Rouse Hill-7427,2020-03-28T11:00:00+11:00,-33.682778,150.903611,pm25,µg/m³,1.7
7427,21611,Rouse Hill-7427,2020-03-28T12:00:00+11:00,-33.682778,150.903611,pm25,µg/m³,7.5
7427,21611,Rouse Hill-7427,2020-03-28T13:00:00+11:00,-33.682778,150.903611,pm25,µg/m³,5.5
7427,21611,Rouse Hill-7427,2020-03-28T14:00:00+11:00,-33.682778,150.903611,pm25,µg/m³,0.5
7427,21611,Rouse Hill-7427,2020-03-28T15:00:00+11:00,-33.682778,150.903611,pm25,µg/m³,0.0
7427,21611,Rouse Hill-7427,2020-03-28T16:00:00+11:00,-33.682778,150.903611,pm25,µg/m³,1.9
7427,21611,Rouse Hill-7427,2020-03-28T17:00:00+11:00,-33.682778,150.903611,pm25,µg/m³,3.3
7427,21611,Rouse Hill-7427,2020-03-28T18:00:00+11:00,-33.682778,150.903611,pm25,µg/m³,1.9
7427,21611,Rouse Hill-7427,2020-03-28T19:00:00+11:00,-33.682778,150.903611,pm25,µg/m³,4.4
7427,21611,Rouse Hill-7427,2020-03-28T21:00:00+11:00,-33.682778,150.903611,pm25,µg/m³,2.3
7427,21611,Rouse Hill-7427,2020-03-28T22:00:00+11:00,-33.682778,150.903611,pm25,µg/m³,0.0
7427,21611,Rouse Hill-7427,2020-03-28T23:00:00+11:00,-33.682778,150.903611,pm25,µg/m³,0.0
7427,25601,Rouse Hill-7427,2020-03-28T01:00:00+11:00,-33.682778,150.903611,no2,ppm,0.015
7427,25603,Rouse Hill-7427,2020-03-28T01:00:00+11:00,-33.682778,150.903611,so2,ppm,0.0
7427,25603,Rouse Hill-7427,2020-03-28T03:00:00+11:00,-33.682778,150.903611,so2,ppm,0.0
7427,25603,Rouse Hill-7427,2020-03-28T04:00:00+11:00,-33.682778,150.903611,so2,ppm,0.0
7427,25603,Rouse Hill-7427,2020-03-28T05:00:00+11:00,-33.682778,150.903611,so2,ppm,0.0
7427,25603,Rouse Hill-7427,2020-03-28T06:00:00+11:00,-33.682778,150.903611,so2,ppm,0.0
7427,25603,Rouse Hill-7427,2020-03-28T07:00:00+11:00,-33.682778,150.903611,so2,ppm,0.0
7427,25603,Rouse Hill-7427,2020-03-28T08:00:00+11:00,-33.682778,150.903611,so2,ppm,0.001
7427,25603,Rouse Hill-7427,2020-03-28T09:00:00+11:00,-33.682778,150.903611,so2,ppm,0.001
7427,25603,Rouse Hill-7427,2020-03-28T10:00:00+11:00,-33.682778,150.903611,so2,ppm,0.001
7427,25603,Rouse Hill-7427,2020-03-28T11:00:00+11:00,-33.682778,150.903611,so2,ppm,0.001
7427,25603,Rouse Hill-7427,2020-03-28T12:00:00+11:00,-33.682778,150.903611,so2,ppm,0.0
7427,25603,Rouse Hill-7427,2020-03-28T13:00:00+11:00,-33.682778,150.903611,so2,ppm,0.001
7427,25603,Rouse Hill-7427,2020-03-28T14:00:00+11:00,-33.682778,150.903611,so2,ppm,0.0
7427,25603,Rouse Hill-7427,2020-03-28T15:00:00+11:00,-33.682778,150.903611,so2,ppm,0.0
7427,25603,Rouse Hill-7427,2020-03-28T16:00:00+11:00,-33.682778,150.903611,so2,ppm,0.0
7427,25601,Rouse Hill-7427,2020-03-28T03:00:00+11:00,-33.682778,150.903611,no2,ppm,0.009
7427,25601,Rouse Hill-7427,2020-03-28T04:00:00+11:00,-33.682778,150.903611,no2,ppm,0.007
7427,25601,Rouse Hill-7427,2020-03-28T05:00:00+11:00,-33.682778,150.903611,no2,ppm,0.005
7427,25601,Rouse Hill-7427,2020-03-28T06:00:00+11:00,-33.682778,150.903611,no2,ppm,0.005
7427,25601,Rouse Hill-7427,2020-03-28T07:00:00+11:00,-33.682778,150.903611,no2,ppm,0.004
7427,25601,Rouse Hill-7427,2020-03-28T08:00:00+11:00,-33.682778,150.903611,no2,ppm,0.004
7427,25601,Rouse Hill-7427,2020-03-28T09:00:00+11:00,-33.682778,150.903611,no2,ppm,0.006
7427,25601,Rouse Hill-7427,2020-03-28T10:00:00+11:00,-33.682778,150.903611,no2,ppm,0.006
7427,25601,Rouse Hill-7427,2020-03-28T11:00:00+11:00,-33.682778,150.903611,no2,ppm,0.004
7427,25601,Rouse Hill-7427,2020-03-28T12:00:00+11:00,-33.682778,150.903611,no2,ppm,0.003
7427,25601,Rouse Hill-7427,2020-03-28T13:00:00+11:00,-33.682778,150.903611,no2,ppm,0.002
7427,25601,Rouse Hill-7427,2020-03-28T14:00:00+11:00,-33.682778,150.903611,no2,ppm,0.002
7427,25601,Rouse Hill-7427,2020-03-28T15:00:00+11:00,-33.682778,150.903611,no2,ppm,0.002
7427,25601,Rouse Hill-7427,2020-03-28T16:00:00+11:00,-33.682778,150.903611,no2,ppm,0.001
7427,25601,Rouse Hill-7427,2020-03-28T17:00:00+11:00,-33.682778,150.903611,no2,ppm,0.001
7427,25601,Rouse Hill-7427,2020-03-28T18:00:00+11:00,-33.682778,150.903611,no2,ppm,0.001
7427,25601,Rouse Hill-7427,2020-03-28T19:00:00+11:00,-33.682778,150.903611,no2,ppm,0.001
7427,25601,Rouse Hill-7427,2020-03-28T21:00:00+11:00,-33.682778,150.903611,no2,ppm,0.002
7427,25601,Rouse Hill-7427,2020-03-28T22:00:00+11:00,-33.682778,150.903611,no2,ppm,0.002
7427,25601,Rouse Hill-7427,2020-03-28T23:00:00+11:00,-33.682778,150.903611,no2,ppm,0.003
7427,28892,Rouse Hill-7427,2020-03-28T01:00:00+11:00,-33.682778,150.903611,co,ppm,0.2
7427,25603,Rouse Hill-7427,2020-03-28T17:00:00+11:00,-33.682778,150.903611,so2,ppm,0.0
7427,25603,Rouse Hill-7427,2020-03-28T18:00:00+11:00,-33.682778,150.903611,so2,ppm,0.001
7427,25603,Rouse Hill-7427,2020-03-28T19:00:00+11:00,-33.682778,150.903611,so2,ppm,0.0
7427,25603,Rouse Hill-7427,2020-03-28T21:00:00+11:00,-33.682778,150.903611,so2,ppm,0.0
7427,25603,Rouse Hill-7427,2020-03-28T22:00:00+11:00,-33.682778,150.903611,so2,ppm,0.0
7427,25603,Rouse Hill-7427,2020-03-28T23:00:00+11:00,-33.682778,150.903611,so2,ppm,0.0
7427,28892,Rouse Hill-7427,2020-03-28T02:00:00+11:00,-33.682778,150.903611,co,ppm,0.2
7427,28892,Rouse Hill-7427,2020-03-28T03:00:00+11:00,-33.682778,150.903611,co,ppm,0.2
7427,28892,Rouse Hill-7427,2020-03-28T04:00:00+11:00,-33.682778,150.903611,co,ppm,0.2
7427,28892,Rouse Hill-7427,2020-03-28T05:00:00+11:00,-33.682778,150.903611,co,ppm,0.3
7427,28892,Rouse Hill-7427,2020-03-28T06:00:00+11:00,-33.682778,150.903611,co,ppm,0.3
7427,28892,Rouse Hill-7427,2020-03-28T07:00:00+11:00,-33.682778,150.903611,co,ppm,0.3
7427,28892,Rouse Hill-7427,2020-03-28T08:00:00+11:00,-33.682778,150.903611,co,ppm,0.3
7427,28892,Rouse Hill-7427,2020-03-28T09:00:00+11:00,-33.682778,150.903611,co,ppm,0.2
7427,28892,Rouse Hill-7427,2020-03-28T10:00:00+11:00,-33.682778,150.903611,co,ppm,0.2
7427,28892,Rouse Hill-7427,2020-03-28T11:00:00+11:00,-33.682778,150.903611,co,ppm,0.2
7427,28892,Rouse Hill-7427,2020-03-28T12:00:00+11:00,-33.682778,150.903611,co,ppm,0.2
7427,28892,Rouse Hill-7427,2020-03-28T13:00:00+11:00,-33.682778,150.903611,co,ppm,0.2
7427,28892,Rouse Hill-7427,2020-03-28T14:00:00+11:00,-33.682778,150.903611,co,ppm,0.2
7427,28892,Rouse Hill-7427,2020-03-28T15:00:00+11:00,-33.682778,150.903611,co,ppm,0.2
7427,28892,Rouse Hill-7427,2020-03-28T16:00:00+11:00,-33.682778,150.903611,co,ppm,0.2
7427,28892,Rouse Hill-7427,2020-03-28T17:00:00+11:00,-33.682778,150.903611,co,ppm,0.2
7427,28892,Rouse Hill-7427,2020-03-28T18:00:00+11:00,-33.682778,150.903611,co,ppm,0.2
7427,28892,Rouse Hill-7427,2020-03-28T19:00:00+11:00,-33.682778,150.903611,co,ppm,0.2
7427,28892,Rouse Hill-7427,2020-03-28T21:00:00+11:00,-33.682778,150.903611,co,ppm,0.2
7427,28892,Rouse Hill-7427,2020-03-28T22:00:00+11:00,-33.682778,150.903611,co,ppm,0.2
7427,28892,Rouse Hill-7427,2020-03-28T23:00:00+11:00,-33.682778,150.903611,co,ppm,0.2
7427,25602,Rouse Hill-7427,2020-03-28T01:00:00+11:00,-33.682778,150.903611,o3,ppm,0.0
7427,25602,Rouse Hill-7427,2020-03-28T02:00:00+11:00,-33.682778,150.903611,o3,ppm,0.0
7427,25602,Rouse Hill-7427,2020-03-28T03:00:00+11:00,-33.682778,150.903611,o3,ppm,0.0
7427,25602,Rouse Hill-7427,2020-03-28T04:00:00+11:00,-33.682778,150.903611,o3,ppm,0.0
7427,25602,Rouse Hill-7427,2020-03-28T05:00:00+11:00,-33.682778,150.903611,o3,ppm,0.001
7427,25602,Rouse Hill-7427,2020-03-28T06:00:00+11:00,-33.682778,150.903611,o3,ppm,0.001
7427,25602,Rouse Hill-7427,2020-03-28T07:00:00+11:00,-33.682778,150.903611,o3,ppm,0.001
7427,25602,Rouse Hill-7427,2020-03-28T08:00:00+11:00,-33.682778,150.903611,o3,ppm,0.004
7427,25602,Rouse Hill-7427,2020-03-28T09:00:00+11:00,-33.682778,150.903611,o3,ppm,0.009
7427,25602,Rouse Hill-7427,2020-03-28T10:00:00+11:00,-33.682778,150.903611,o3,ppm,0.013
7427,25602,Rouse Hill-7427,2020-03-28T11:00:00+11:00,-33.682778,150.903611,o3,ppm,0.022
7427,25602,Rouse Hill-7427,2020-03-28T12:00:00+11:00,-33.682778,150.903611,o3,ppm,0.026
7427,25602,Rouse Hill-7427,2020-03-28T13:00:00+11:00,-33.682778,150.903611,o3,ppm,0.027
7427,25602,Rouse Hill-7427,2020-03-28T14:00:00+11:00,-33.682778,150.903611,o3,ppm,0.028
7427,25602,Rouse Hill-7427,2020-03-28T15:00:00+11:00,-33.682778,150.903611,o3,ppm,0.028
7427,25602,Rouse Hill-7427,2020-03-28T16:00:00+11:00,-33.682778,150.903611,o3,ppm,0.028
7427,25602,Rouse Hill-7427,2020-03-28T17:00:00+11:00,-33.682778,150.903611,o3,ppm,0.024
7427,25602,Rouse Hill-7427,2020-03-28T18:00:00+11:00,-33.682778,150.903611,o3,ppm,0.022
7427,25602,Rouse Hill-7427,2020-03-28T19:00:00+11:00,-33.682778,150.903611,o3,ppm,0.021
7427,25602,Rouse Hill-7427,2020-03-28T21:00:00+11:00,-33.682778,150.903611,o3,ppm,0.017
7427,25602,Rouse Hill-7427,2020-03-28T22:00:00+11:00,-33.682778,150.903611,o3,ppm,0.016
7427,25602,Rouse Hill-7427,2020-03-28T23:00:00+11:00,-33.682778,150.903611,o3,ppm,0.014
7427,21612,Rouse Hill-7427,2020-03-29T01:00:00+11:00,-33.682778,150.903611,pm10,µg/m³,7.6
7427,21612,Rouse Hill-7427,2020-03-29T02:00:00+11:00,-33.682778,150.903611,pm10,µg/m³,7.6
7427,21612,Rouse Hill-7427,2020-03-29T03:00:00+11:00,-33.682778,150.903611,pm10,µg/m³,8.7
7427,21612,Rouse Hill-7427,2020-03-29T05:00:00+11:00,-33.682778,150.903611,pm10,µg/m³,10.3
7427,21612,Rouse Hill-7427,2020-03-29T06:00:00+11:00,-33.682778,150.903611,pm10,µg/m³,14.3
7427,21612,Rouse Hill-7427,2020-03-29T07:00:00+11:00,-33.682778,150.903611,pm10,µg/m³,18.3
7427,21612,Rouse Hill-7427,2020-03-29T08:00:00+11:00,-33.682778,150.903611,pm10,µg/m³,17.5
7427,21612,Rouse Hill-7427,2020-03-29T09:00:00+11:00,-33.682778,150.903611,pm10,µg/m³,12.4
7427,21612,Rouse Hill-7427,2020-03-29T10:00:00+11:00,-33.682778,150.903611,pm10,µg/m³,12.3
7427,21612,Rouse Hill-7427,2020-03-29T12:00:00+11:00,-33.682778,150.903611,pm10,µg/m³,5.2
7427,21612,Rouse Hill-7427,2020-03-29T13:00:00+11:00,-33.682778,150.903611,pm10,µg/m³,1.5
7427,21612,Rouse Hill-7427,2020-03-29T14:00:00+11:00,-33.682778,150.903611,pm10,µg/m³,2.8
7427,21612,Rouse Hill-7427,2020-03-29T15:00:00+11:00,-33.682778,150.903611,pm10,µg/m³,5.3
7427,21612,Rouse Hill-7427,2020-03-29T16:00:00+11:00,-33.682778,150.903611,pm10,µg/m³,8.2
7427,21612,Rouse Hill-7427,2020-03-29T17:00:00+11:00,-33.682778,150.903611,pm10,µg/m³,13.0
7427,21612,Rouse Hill-7427,2020-03-29T18:00:00+11:00,-33.682778,150.903611,pm10,µg/m³,16.6
7427,21612,Rouse Hill-7427,2020-03-29T19:00:00+11:00,-33.682778,150.903611,pm10,µg/m³,12.7
7427,21612,Rouse Hill-7427,2020-03-29T20:00:00+11:00,-33.682778,150.903611,pm10,µg/m³,12.7
7427,21612,Rouse Hill-7427,2020-03-29T21:00:00+11:00,-33.682778,150.903611,pm10,µg/m³,18.1
7427,21612,Rouse Hill-7427,2020-03-29T22:00:00+11:00,-33.682778,150.903611,pm10,µg/m³,12.8
7427,21612,Rouse Hill-7427,2020-03-29T23:00:00+11:00,-33.682778,150.903611,pm10,µg/m³,11.8
7427,21611,Rouse Hill-7427,2020-03-29T01:00:00+11:00,-33.682778,150.903611,pm25,µg/m³,1.7
7427,21611,Rouse Hill-7427,2020-03-29T02:00:00+11:00,-33.682778,150.903611,pm25,µg/m³,3.8
7427,21611,Rouse Hill-7427,2020-03-29T03:00:00+11:00,-33.682778,150.903611,pm25,µg/m³,1.2
7427,21611,Rouse Hill-7427,2020-03-29T05:00:00+11:00,-33.682778,150.903611,pm25,µg/m³,0.0
7427,21611,Rouse Hill-7427,2020-03-29T06:00:00+11:00,-33.682778,150.903611,pm25,µg/m³,0.0
7427,21611,Rouse Hill-7427,2020-03-29T07:00:00+11:00,-33.682778,150.903611,pm25,µg/m³,6.0
7427,21611,Rouse Hill-7427,2020-03-29T08:00:00+11:00,-33.682778,150.903611,pm25,µg/m³,0.5
7427,21611,Rouse Hill-7427,2020-03-29T09:00:00+11:00,-33.682778,150.903611,pm25,µg/m³,3.7
7427,21611,Rouse Hill-7427,2020-03-29T10:00:00+11:00,-33.682778,150.903611,pm25,µg/m³,5.4
7427,21611,Rouse Hill-7427,2020-03-29T12:00:00+11:00,-33.682778,150.903611,pm25,µg/m³,3.0
7427,21611,Rouse Hill-7427,2020-03-29T13:00:00+11:00,-33.682778,150.903611,pm25,µg/m³,3.8
7427,21611,Rouse Hill-7427,2020-03-29T14:00:00+11:00,-33.682778,150.903611,pm25,µg/m³,0.0
7427,21611,Rouse Hill-7427,2020-03-29T15:00:00+11:00,-33.682778,150.903611,pm25,µg/m³,0.0
7427,21611,Rouse Hill-7427,2020-03-29T16:00:00+11:00,-33.682778,150.903611,pm25,µg/m³,0.0
7427,21611,Rouse Hill-7427,2020-03-29T17:00:00+11:00,-33.682778,150.903611,pm25,µg/m³,1.6
7427,21611,Rouse Hill-7427,2020-03-29T18:00:00+11:00,-33.682778,150.903611,pm25,µg/m³,6.0
7427,21611,Rouse Hill-7427,2020-03-29T19:00:00+11:00,-33.682778,150.903611,pm25,µg/m³,6.2
7427,21611,Rouse Hill-7427,2020-03-29T20:00:00+11:00,-33.682778,150.903611,pm25,µg/m³,5.5
7427,21611,Rouse Hill-7427,2020-03-29T21:00:00+11:00,-33.682778,150.903611,pm25,µg/m³,3.9
7427,21611,Rouse Hill-7427,2020-03-29T22:00:00+11:00,-33.682778,150.903611,pm25,µg/m³,7.9
7427,21611,Rouse Hill-7427,2020-03-29T23:00:00+11:00,-33.682778,150.903611,pm25,µg/m³,3.0
7427,25601,Rouse Hill-7427,2020-03-29T01:00:00+11:00,-33.682778,150.903611,no2,ppm,0.004
7427,25601,Rouse Hill-7427,2020-03-29T03:00:00+11:00,-33.682778,150.903611,no2,ppm,0.003
7427,25601,Rouse Hill-7427,2020-03-29T05:00:00+11:00,-33.682778,150.903611,no2,ppm,0.003
7427,25601,Rouse Hill-7427,2020-03-29T06:00:00+11:00,-33.682778,150.903611,no2,ppm,0.003
7427,25601,Rouse Hill-7427,2020-03-29T07:00:00+11:00,-33.682778,150.903611,no2,ppm,0.004
7427,25601,Rouse Hill-7427,2020-03-29T08:00:00+11:00,-33.682778,150.903611,no2,ppm,0.003
7427,25601,Rouse Hill-7427,2020-03-29T09:00:00+11:00,-33.682778,150.903611,no2,ppm,0.003
7427,25601,Rouse Hill-7427,2020-03-29T10:00:00+11:00,-33.682778,150.903611,no2,ppm,0.002
7427,25601,Rouse Hill-7427,2020-03-29T12:00:00+11:00,-33.682778,150.903611,no2,ppm,0.0
7427,25601,Rouse Hill-7427,2020-03-29T13:00:00+11:00,-33.682778,150.903611,no2,ppm,0.0
7427,25601,Rouse Hill-7427,2020-03-29T14:00:00+11:00,-33.682778,150.903611,no2,ppm,0.0
7427,25601,Rouse Hill-7427,2020-03-29T15:00:00+11:00,-33.682778,150.903611,no2,ppm,0.0
7427,25601,Rouse Hill-7427,2020-03-29T16:00:00+11:00,-33.682778,150.903611,no2,ppm,0.0
7427,25601,Rouse Hill-7427,2020-03-29T17:00:00+11:00,-33.682778,150.903611,no2,ppm,0.0
7427,25601,Rouse Hill-7427,2020-03-29T18:00:00+11:00,-33.682778,150.903611,no2,ppm,0.001
7427,25601,Rouse Hill-7427,2020-03-29T19:00:00+11:00,-33.682778,150.903611,no2,ppm,0.002
7427,25601,Rouse Hill-7427,2020-03-29T20:00:00+11:00,-33.682778,150.903611,no2,ppm,0.004
7427,25601,Rouse Hill-7427,2020-03-29T21:00:00+11:00,-33.682778,150.903611,no2,ppm,0.004
7427,25601,Rouse Hill-7427,2020-03-29T22:00:00+11:00,-33.682778,150.903611,no2,ppm,0.004
7427,25601,Rouse Hill-7427,2020-03-29T23:00:00+11:00,-33.682778,150.903611,no2,ppm,0.004
7427,28892,Rouse Hill-7427,2020-03-29T01:00:00+11:00,-33.682778,150.903611,co,ppm,0.2
7427,28892,Rouse Hill-7427,2020-03-29T02:00:00+11:00,-33.682778,150.903611,co,ppm,0.2
7427,28892,Rouse Hill-7427,2020-03-29T03:00:00+11:00,-33.682778,150.903611,co,ppm,0.2
7427,28892,Rouse Hill-7427,2020-03-29T05:00:00+11:00,-33.682778,150.903611,co,ppm,0.2
7427,28892,Rouse Hill-7427,2020-03-29T06:00:00+11:00,-33.682778,150.903611,co,ppm,0.2
7427,28892,Rouse Hill-7427,2020-03-29T07:00:00+11:00,-33.682778,150.903611,co,ppm,0.2
7427,28892,Rouse Hill-7427,2020-03-29T08:00:00+11:00,-33.682778,150.903611,co,ppm,0.2
7427,28892,Rouse Hill-7427,2020-03-29T09:00:00+11:00,-33.682778,150.903611,co,ppm,0.2
7427,28892,Rouse Hill-7427,2020-03-29T10:00:00+11:00,-33.682778,150.903611,co,ppm,0.2
7427,28892,Rouse Hill-7427,2020-03-29T12:00:00+11:00,-33.682778,150.903611,co,ppm,0.2
7427,28892,Rouse Hill-7427,2020-03-29T13:00:00+11:00,-33.682778,150.903611,co,ppm,0.2
7427,28892,Rouse Hill-7427,2020-03-29T14:00:00+11:00,-33.682778,150.903611,co,ppm,0.2
7427,28892,Rouse Hill-7427,2020-03-29T15:00:00+11:00,-33.682778,150.903611,co,ppm,0.2
7427,28892,Rouse Hill-7427,2020-03-29T16:00:00+11:00,-33.682778,150.903611,co,ppm,0.2
7427,28892,Rouse Hill-7427,2020-03-29T17:00:00+11:00,-33.682778,150.903611,co,ppm,0.2
7427,28892,Rouse Hill-7427,2020-03-29T18:00:00+11:00,-33.682778,150.903611,co,ppm,0.2
7427,28892,Rouse Hill-7427,2020-03-29T19:00:00+11:00,-33.682778,150.903611,co,ppm,0.2
7427,28892,Rouse Hill-7427,2020-03-29T20:00:00+11:00,-33.682778,150.903611,co,ppm,0.2
7427,28892,Rouse Hill-7427,2020-03-29T21:00:00+11:00,-33.682778,150.903611,co,ppm,0.2
7427,28892,Rouse Hill-7427,2020-03-29T22:00:00+11:00,-33.682778,150.903611,co,ppm,0.2
7427,28892,Rouse Hill-7427,2020-03-29T23:00:00+11:00,-33.682778,150.903611,co,ppm,0.2
7427,25603,Rouse Hill-7427,2020-03-29T01:00:00+11:00,-33.682778,150.903611,so2,ppm,0.0
7427,25603,Rouse Hill-7427,2020-03-29T03:00:00+11:00,-33.682778,150.903611,so2,ppm,0.0
7427,25603,Rouse Hill-7427,2020-03-29T05:00:00+11:00,-33.682778,150.903611,so2,ppm,0.0
7427,25603,Rouse Hill-7427,2020-03-29T06:00:00+11:00,-33.682778,150.903611,so2,ppm,0.0
7427,25603,Rouse Hill-7427,2020-03-29T07:00:00+11:00,-33.682778,150.903611,so2,ppm,0.0
7427,25603,Rouse Hill-7427,2020-03-29T08:00:00+11:00,-33.682778,150.903611,so2,ppm,0.0
7427,25603,Rouse Hill-7427,2020-03-29T09:00:00+11:00,-33.682778,150.903611,so2,ppm,0.0
7427,25603,Rouse Hill-7427,2020-03-29T10:00:00+11:00,-33.682778,150.903611,so2,ppm,0.001
7427,25603,Rouse Hill-7427,2020-03-29T12:00:00+11:00,-33.682778,150.903611,so2,ppm,0.001
7427,25603,Rouse Hill-7427,2020-03-29T13:00:00+11:00,-33.682778,150.903611,so2,ppm,0.0
7427,25603,Rouse Hill-7427,2020-03-29T14:00:00+11:00,-33.682778,150.903611,so2,ppm,0.0
7427,25603,Rouse Hill-7427,2020-03-29T15:00:00+11:00,-33.682778,150.903611,so2,ppm,0.0
7427,25603,Rouse Hill-7427,2020-03-29T16:00:00+11:00,-33.682778,150.903611,so2,ppm,0.0
7427,25603,Rouse Hill-7427,2020-03-29T17:00:00+11:00,-33.682778,150.903611,so2,ppm,0.0
7427,25603,Rouse Hill-7427,2020-03-29T18:00:00+11:00,-33.682778,150.903611,so2,ppm,0.001
7427,25603,Rouse Hill-7427,2020-03-29T19:00:00+11:00,-33.682778,150.903611,so2,ppm,0.001
7427,25603,Rouse Hill-7427,2020-03-29T20:00:00+11:00,-33.682778,150.903611,so2,ppm,0.001
7427,25603,Rouse Hill-7427,2020-03-29T21:00:00+11:00,-33.682778,150.903611,so2,ppm,0.002
7427,25603,Rouse Hill-7427,2020-03-29T22:00:00+11:00,-33.682778,150.903611,so2,ppm,0.002
7427,25603,Rouse Hill-7427,2020-03-29T23:00:00+11:00,-33.682778,150.903611,so2,ppm,0.002
7427,25602,Rouse Hill-7427,2020-03-29T01:00:00+11:00,-33.682778,150.903611,o3,ppm,0.011
7427,25602,Rouse Hill-7427,2020-03-29T02:00:00+11:00,-33.682778,150.903611,o3,ppm,0.013
7427,25602,Rouse Hill-7427,2020-03-29T03:00:00+11:00,-33.682778,150.903611,o3,ppm,0.007
7427,25602,Rouse Hill-7427,2020-03-29T05:00:00+11:00,-33.682778,150.903611,o3,ppm,0.008
7427,25602,Rouse Hill-7427,2020-03-29T06:00:00+11:00,-33.682778,150.903611,o3,ppm,0.005
7427,25602,Rouse Hill-7427,2020-03-29T07:00:00+11:00,-33.682778,150.903611,o3,ppm,0.005
7427,25602,Rouse Hill-7427,2020-03-29T08:00:00+11:00,-33.682778,150.903611,o3,ppm,0.007
7427,25602,Rouse Hill-7427,2020-03-29T09:00:00+11:00,-33.682778,150.903611,o3,ppm,0.01
7427,25602,Rouse Hill-7427,2020-03-29T10:00:00+11:00,-33.682778,150.903611,o3,ppm,0.013
7427,25602,Rouse Hill-7427,2020-03-29T12:00:00+11:00,-33.682778,150.903611,o3,ppm,0.02
7427,25602,Rouse Hill-7427,2020-03-29T13:00:00+11:00,-33.682778,150.903611,o3,ppm,0.021
7427,25602,Rouse Hill-7427,2020-03-29T14:00:00+11:00,-33.682778,150.903611,o3,ppm,0.021
7427,25602,Rouse Hill-7427,2020-03-29T15:00:00+11:00,-33.682778,150.903611,o3,ppm,0.02
7427,25602,Rouse Hill-7427,2020-03-29T16:00:00+11:00,-33.682778,150.903611,o3,ppm,0.02
7427,25602,Rouse Hill-7427,2020-03-29T17:00:00+11:00,-33.682778,150.903611,o3,ppm,0.021
7427,25602,Rouse Hill-7427,2020-03-29T18:00:00+11:00,-33.682778,150.903611,o3,ppm,0.024
7427,25602,Rouse Hill-7427,2020-03-29T19:00:00+11:00,-33.682778,150.903611,o3,ppm,0.02
7427,25602,Rouse Hill-7427,2020-03-29T20:00:00+11:00,-33.682778,150.903611,o3,ppm,0.016
7427,25602,Rouse Hill-7427,2020-03-29T21:00:00+11:00,-33.682778,150.903611,o3,ppm,0.014
7427,25602,Rouse Hill-7427,2020-03-29T22:00:00+11:00,-33.682778,150.903611,o3,ppm,0.013
7427,25602,Rouse Hill-7427,2020-03-29T23:00:00+11:00,-33.682778,150.903611,o3,ppm,0.011
7427,21612,Rouse Hill-7427,2020-03-31T01:00:00+11:00,-33.682778,150.903611,pm10,µg/m³,7.1
7427,21612,Rouse Hill-7427,2020-03-31T03:00:00+11:00,-33.682778,150.903611,pm10,µg/m³,7.2
7427,21612,Rouse Hill-7427,2020-03-31T05:00:00+11:00,-33.682778,150.903611,pm10,µg/m³,8.9
7427,21612,Rouse Hill-7427,2020-03-31T06:00:00+11:00,-33.682778,150.903611,pm10,µg/m³,10.5
7427,21612,Rouse Hill-7427,2020-03-31T07:00:00+11:00,-33.682778,150.903611,pm10,µg/m³,15.1
7427,21612,Rouse Hill-7427,2020-03-31T08:00:00+11:00,-33.682778,150.903611,pm10,µg/m³,18.5
7427,21612,Rouse Hill-7427,2020-03-31T09:00:00+11:00,-33.682778,150.903611,pm10,µg/m³,15.3
7427,21612,Rouse Hill-7427,2020-03-31T10:00:00+11:00,-33.682778,150.903611,pm10,µg/m³,20.3
7427,21612,Rouse Hill-7427,2020-03-31T11:00:00+11:00,-33.682778,150.903611,pm10,µg/m³,11.7
7427,21612,Rouse Hill-7427,2020-03-31T12:00:00+11:00,-33.682778,150.903611,pm10,µg/m³,9.6
7427,21612,Rouse Hill-7427,2020-03-31T13:00:00+11:00,-33.682778,150.903611,pm10,µg/m³,13.1
7427,21612,Rouse Hill-7427,2020-03-31T14:00:00+11:00,-33.682778,150.903611,pm10,µg/m³,11.8
7427,21612,Rouse Hill-7427,2020-03-31T15:00:00+11:00,-33.682778,150.903611,pm10,µg/m³,18.3
7427,21612,Rouse Hill-7427,2020-03-31T16:00:00+11:00,-33.682778,150.903611,pm10,µg/m³,25.2
7427,21612,Rouse Hill-7427,2020-03-31T17:00:00+11:00,-33.682778,150.903611,pm10,µg/m³,22.2
7427,21612,Rouse Hill-7427,2020-03-31T18:00:00+11:00,-33.682778,150.903611,pm10,µg/m³,18.7
7427,21612,Rouse Hill-7427,2020-03-31T19:00:00+11:00,-33.682778,150.903611,pm10,µg/m³,20.4
7427,21612,Rouse Hill-7427,2020-03-31T20:00:00+11:00,-33.682778,150.903611,pm10,µg/m³,20.5
7427,21611,Rouse Hill-7427,2020-03-31T01:00:00+11:00,-33.682778,150.903611,pm25,µg/m³,2.1
7427,21611,Rouse Hill-7427,2020-03-31T03:00:00+11:00,-33.682778,150.903611,pm25,µg/m³,1.3
7427,21611,Rouse Hill-7427,2020-03-31T05:00:00+11:00,-33.682778,150.903611,pm25,µg/m³,4.2
7427,21611,Rouse Hill-7427,2020-03-31T06:00:00+11:00,-33.682778,150.903611,pm25,µg/m³,6.8
7427,21611,Rouse Hill-7427,2020-03-31T07:00:00+11:00,-33.682778,150.903611,pm25,µg/m³,8.3
7427,21611,Rouse Hill-7427,2020-03-31T08:00:00+11:00,-33.682778,150.903611,pm25,µg/m³,5.6
7427,21611,Rouse Hill-7427,2020-03-31T09:00:00+11:00,-33.682778,150.903611,pm25,µg/m³,7.1
7427,21611,Rouse Hill-7427,2020-03-31T10:00:00+11:00,-33.682778,150.903611,pm25,µg/m³,8.1
7427,21611,Rouse Hill-7427,2020-03-31T11:00:00+11:00,-33.682778,150.903611,pm25,µg/m³,6.2
7427,21611,Rouse Hill-7427,2020-03-31T12:00:00+11:00,-33.682778,150.903611,pm25,µg/m³,1.9
7427,21611,Rouse Hill-7427,2020-03-31T13:00:00+11:00,-33.682778,150.903611,pm25,µg/m³,4.4
7427,21611,Rouse Hill-7427,2020-03-31T14:00:00+11:00,-33.682778,150.903611,pm25,µg/m³,6.5
7427,21611,Rouse Hill-7427,2020-03-31T15:00:00+11:00,-33.682778,150.903611,pm25,µg/m³,2.5
7427,21611,Rouse Hill-7427,2020-03-31T16:00:00+11:00,-33.682778,150.903611,pm25,µg/m³,4.2
7427,21611,Rouse Hill-7427,2020-03-31T17:00:00+11:00,-33.682778,150.903611,pm25,µg/m³,8.2
7427,21611,Rouse Hill-7427,2020-03-31T18:00:00+11:00,-33.682778,150.903611,pm25,µg/m³,9.3
7427,21611,Rouse Hill-7427,2020-03-31T19:00:00+11:00,-33.682778,150.903611,pm25,µg/m³,11.8
7427,21611,Rouse Hill-7427,2020-03-31T20:00:00+11:00,-33.682778,150.903611,pm25,µg/m³,13.2
7427,25601,Rouse Hill-7427,2020-03-31T01:00:00+11:00,-33.682778,150.903611,no2,ppm,0.0
7427,25601,Rouse Hill-7427,2020-03-31T03:00:00+11:00,-33.682778,150.903611,no2,ppm,0.004
7427,25601,Rouse Hill-7427,2020-03-31T05:00:00+11:00,-33.682778,150.903611,no2,ppm,0.005
7427,25601,Rouse Hill-7427,2020-03-31T06:00:00+11:00,-33.682778,150.903611,no2,ppm,0.006
7427,25601,Rouse Hill-7427,2020-03-31T07:00:00+11:00,-33.682778,150.903611,no2,ppm,0.007
7427,25601,Rouse Hill-7427,2020-03-31T08:00:00+11:00,-33.682778,150.903611,no2,ppm,0.005
7427,25601,Rouse Hill-7427,2020-03-31T09:00:00+11:00,-33.682778,150.903611,no2,ppm,0.006
7427,25601,Rouse Hill-7427,2020-03-31T10:00:00+11:00,-33.682778,150.903611,no2,ppm,0.006
7427,25601,Rouse Hill-7427,2020-03-31T11:00:00+11:00,-33.682778,150.903611,no2,ppm,0.005
7427,25601,Rouse Hill-7427,2020-03-31T12:00:00+11:00,-33.682778,150.903611,no2,ppm,0.002
7427,25601,Rouse Hill-7427,2020-03-31T13:00:00+11:00,-33.682778,150.903611,no2,ppm,0.003
7427,25601,Rouse Hill-7427,2020-03-31T14:00:00+11:00,-33.682778,150.903611,no2,ppm,0.004
7427,25601,Rouse Hill-7427,2020-03-31T15:00:00+11:00,-33.682778,150.903611,no2,ppm,0.004
7427,25601,Rouse Hill-7427,2020-03-31T16:00:00+11:00,-33.682778,150.903611,no2,ppm,0.006
7427,25601,Rouse Hill-7427,2020-03-31T17:00:00+11:00,-33.682778,150.903611,no2,ppm,0.005
7427,25601,Rouse Hill-7427,2020-03-31T18:00:00+11:00,-33.682778,150.903611,no2,ppm,0.003
7427,25601,Rouse Hill-7427,2020-03-31T19:00:00+11:00,-33.682778,150.903611,no2,ppm,0.004
7427,25601,Rouse Hill-7427,2020-03-31T20:00:00+11:00,-33.682778,150.903611,no2,ppm,0.003
7427,28892,Rouse Hill-7427,2020-03-31T01:00:00+11:00,-33.682778,150.903611,co,ppm,0.2
7427,28892,Rouse Hill-7427,2020-03-31T03:00:00+11:00,-33.682778,150.903611,co,ppm,0.2
7427,28892,Rouse Hill-7427,2020-03-31T05:00:00+11:00,-33.682778,150.903611,co,ppm,0.2
7427,28892,Rouse Hill-7427,2020-03-31T06:00:00+11:00,-33.682778,150.903611,co,ppm,0.2
7427,28892,Rouse Hill-7427,2020-03-31T07:00:00+11:00,-33.682778,150.903611,co,ppm,0.2
7427,28892,Rouse Hill-7427,2020-03-31T08:00:00+11:00,-33.682778,150.903611,co,ppm,0.2
7427,28892,Rouse Hill-7427,2020-03-31T09:00:00+11:00,-33.682778,150.903611,co,ppm,0.2
7427,28892,Rouse Hill-7427,2020-03-31T10:00:00+11:00,-33.682778,150.903611,co,ppm,0.2
7427,28892,Rouse Hill-7427,2020-03-31T11:00:00+11:00,-33.682778,150.903611,co,ppm,0.2
7427,28892,Rouse Hill-7427,2020-03-31T12:00:00+11:00,-33.682778,150.903611,co,ppm,0.2
7427,28892,Rouse Hill-7427,2020-03-31T13:00:00+11:00,-33.682778,150.903611,co,ppm,0.2
7427,28892,Rouse Hill-7427,2020-03-31T14:00:00+11:00,-33.682778,150.903611,co,ppm,0.2
7427,28892,Rouse Hill-7427,2020-03-31T15:00:00+11:00,-33.682778,150.903611,co,ppm,0.2
7427,28892,Rouse Hill-7427,2020-03-31T16:00:00+11:00,-33.682778,150.903611,co,ppm,0.2
7427,28892,Rouse Hill-7427,2020-03-31T17:00:00+11:00,-33.682778,150.903611,co,ppm,0.2
7427,28892,Rouse Hill-7427,2020-03-31T18:00:00+11:00,-33.682778,150.903611,co,ppm,0.2
7427,28892,Rouse Hill-7427,2020-03-31T19:00:00+11:00,-33.682778,150.903611,co,ppm,0.2
7427,28892,Rouse Hill-7427,2020-03-31T20:00:00+11:00,-33.682778,150.903611,co,ppm,0.2
7427,25603,Rouse Hill-7427,2020-03-31T01:00:00+11:00,-33.682778,150.903611,so2,ppm,0.0
7427,25603,Rouse Hill-7427,2020-03-31T03:00:00+11:00,-33.682778,150.903611,so2,ppm,0.0
7427,25603,Rouse Hill-7427,2020-03-31T05:00:00+11:00,-33.682778,150.903611,so2,ppm,0.0
7427,25603,Rouse Hill-7427,2020-03-31T06:00:00+11:00,-33.682778,150.903611,so2,ppm,0.0
7427,25603,Rouse Hill-7427,2020-03-31T07:00:00+11:00,-33.682778,150.903611,so2,ppm,0.0
7427,25603,Rouse Hill-7427,2020-03-31T08:00:00+11:00,-33.682778,150.903611,so2,ppm,0.0
7427,25603,Rouse Hill-7427,2020-03-31T09:00:00+11:00,-33.682778,150.903611,so2,ppm,0.0
7427,25603,Rouse Hill-7427,2020-03-31T10:00:00+11:00,-33.682778,150.903611,so2,ppm,0.0
7427,25603,Rouse Hill-7427,2020-03-31T11:00:00+11:00,-33.682778,150.903611,so2,ppm,0.0
7427,25603,Rouse Hill-7427,2020-03-31T12:00:00+11:00,-33.682778,150.903611,so2,ppm,0.0
7427,25603,Rouse Hill-7427,2020-03-31T13:00:00+11:00,-33.682778,150.903611,so2,ppm,0.0
7427,25603,Rouse Hill-7427,2020-03-31T14:00:00+11:00,-33.682778,150.903611,so2,ppm,0.0
7427,25603,Rouse Hill-7427,2020-03-31T15:00:00+11:00,-33.682778,150.903611,so2,ppm,0.0
7427,25603,Rouse Hill-7427,2020-03-31T16:00:00+11:00,-33.682778,150.903611,so2,ppm,0.0
7427,25603,Rouse Hill-7427,2020-03-31T17:00:00+11:00,-33.682778,150.903611,so2,ppm,0.0
7427,25603,Rouse Hill-7427,2020-03-31T18:00:00+11:00,-33.682778,150.903611,so2,ppm,0.0
7427,25603,Rouse Hill-7427,2020-03-31T19:00:00+11:00,-33.682778,150.903611,so2,ppm,0.0
7427,25603,Rouse Hill-7427,2020-03-31T20:00:00+11:00,-33.682778,150.903611,so2,ppm,0.0
7427,25602,Rouse Hill-7427,2020-03-31T01:00:00+11:00,-33.682778,150.903611,o3,ppm,0.014
7427,25602,Rouse Hill-7427,2020-03-31T03:00:00+11:00,-33.682778,150.903611,o3,ppm,0.009
7427,25602,Rouse Hill-7427,2020-03-31T05:00:00+11:00,-33.682778,150.903611,o3,ppm,0.003
7427,25602,Rouse Hill-7427,2020-03-31T06:00:00+11:00,-33.682778,150.903611,o3,ppm,0.001
7427,25602,Rouse Hill-7427,2020-03-31T07:00:00+11:00,-33.682778,150.903611,o3,ppm,0.001
7427,25602,Rouse Hill-7427,2020-03-31T08:00:00+11:00,-33.682778,150.903611,o3,ppm,0.005
7427,25602,Rouse Hill-7427,2020-03-31T09:00:00+11:00,-33.682778,150.903611,o3,ppm,0.008
7427,25602,Rouse Hill-7427,2020-03-31T10:00:00+11:00,-33.682778,150.903611,o3,ppm,0.012
7427,25602,Rouse Hill-7427,2020-03-31T11:00:00+11:00,-33.682778,150.903611,o3,ppm,0.023
7427,25602,Rouse Hill-7427,2020-03-31T12:00:00+11:00,-33.682778,150.903611,o3,ppm,0.033
7427,25602,Rouse Hill-7427,2020-03-31T13:00:00+11:00,-33.682778,150.903611,o3,ppm,0.039
7427,25602,Rouse Hill-7427,2020-03-31T14:00:00+11:00,-33.682778,150.903611,o3,ppm,0.042
7427,25602,Rouse Hill-7427,2020-03-31T15:00:00+11:00,-33.682778,150.903611,o3,ppm,0.044
7427,25602,Rouse Hill-7427,2020-03-31T16:00:00+11:00,-33.682778,150.903611,o3,ppm,0.039
7427,25602,Rouse Hill-7427,2020-03-31T17:00:00+11:00,-33.682778,150.903611,o3,ppm,0.034
7427,25602,Rouse Hill-7427,2020-03-31T18:00:00+11:00,-33.682778,150.903611,o3,ppm,0.03
7427,25602,Rouse Hill-7427,2020-03-31T19:00:00+11:00,-33.682778,150.903611,o3,ppm,0.027
7427,25602,Rouse Hill-7427,2020-03-31T20:00:00+11:00,-33.682778,150.903611,o3,ppm,0.026
