location_id,sensors_id,location,datetime,lat,lon,parameter,units,value
7426,21608,Macquarie Park-7426,2020-05-01T01:00:00+10:00,-33.765278,151.117806,pm10,µg/m³,0.0
7426,21608,Macquarie Park-7426,2020-05-01T02:00:00+10:00,-33.765278,151.117806,pm10,µg/m³,0.0
7426,21608,Macquarie Park-7426,2020-05-01T03:00:00+10:00,-33.765278,151.117806,pm10,µg/m³,2.3
7426,21608,Macquarie Park-7426,2020-05-01T04:00:00+10:00,-33.765278,151.117806,pm10,µg/m³,1.1
7426,21608,Macquarie Park-7426,2020-05-01T05:00:00+10:00,-33.765278,151.117806,pm10,µg/m³,3.3
7426,21608,Macquarie Park-7426,2020-05-01T06:00:00+10:00,-33.765278,151.117806,pm10,µg/m³,0.9
7426,21608,Macquarie Park-7426,2020-05-01T07:00:00+10:00,-33.765278,151.117806,pm10,µg/m³,2.7
7426,21608,Macquarie Park-7426,2020-05-01T08:00:00+10:00,-33.765278,151.117806,pm10,µg/m³,7.2
7426,21608,Macquarie Park-7426,2020-05-01T09:00:00+10:00,-33.765278,151.117806,pm10,µg/m³,1.7
7426,21608,Macquarie Park-7426,2020-05-01T10:00:00+10:00,-33.765278,151.117806,pm10,µg/m³,0.2
7426,21608,Macquarie Park-7426,2020-05-01T11:00:00+10:00,-33.765278,151.117806,pm10,µg/m³,1.2
7426,21608,Macquarie Park-7426,2020-05-01T12:00:00+10:00,-33.765278,151.117806,pm10,µg/m³,3.2
7426,21608,Macquarie Park-7426,2020-05-01T13:00:00+10:00,-33.765278,151.117806,pm10,µg/m³,3.4
7426,21608,Macquarie Park-7426,2020-05-01T14:00:00+10:00,-33.765278,151.117806,pm10,µg/m³,0.5
7426,21608,Macquarie Park-7426,2020-05-01T15:00:00+10:00,-33.765278,151.117806,pm10,µg/m³,6.2
7426,21608,Macquarie Park-7426,2020-05-01T16:00:00+10:00,-33.765278,151.117806,pm10,µg/m³,3.6
7426,21608,Macquarie Park-7426,2020-05-01T17:00:00+10:00,-33.765278,151.117806,pm10,µg/m³,8.1
7426,21608,Macquarie Park-7426,2020-05-01T19:00:00+10:00,-33.765278,151.117806,pm10,µg/m³,8.9
7426,21608,Macquarie Park-7426,2020-05-01T20:00:00+10:00,-33.765278,151.117806,pm10,µg/m³,8.0
7426,21608,Macquarie Park-7426,2020-05-01T21:00:00+10:00,-33.765278,151.117806,pm10,µg/m³,7.4
7426,21608,Macquarie Park-7426,2020-05-01T22:00:00+10:00,-33.765278,151.117806,pm10,µg/m³,6.7
7426,21608,Macquarie Park-7426,2020-05-01T23:00:00+10:00,-33.765278,151.117806,pm10,µg/m³,5.8
7426,21609,Macquarie Park-7426,2020-05-01T01:00:00+10:00,-33.765278,151.117806,pm25,µg/m³,1.2
7426,21609,Macquarie Park-7426,2020-05-01T02:00:00+10:00,-33.765278,151.117806,pm25,µg/m³,1.8
7426,21609,Macquarie Park-7426,2020-05-01T03:00:00+10:00,-33.765278,151.117806,pm25,µg/m³,1.4
7426,21609,Macquarie Park-7426,2020-05-01T04:00:00+10:00,-33.765278,151.117806,pm25,µg/m³,1.8
7426,21609,Macquarie Park-7426,2020-05-01T05:00:00+10:00,-33.765278,151.117806,pm25,µg/m³,0.0
7426,21609,Macquarie Park-7426,2020-05-01T06:00:00+10:00,-33.765278,151.117806,pm25,µg/m³,1.2
7426,21609,Macquarie Park-7426,2020-05-01T07:00:00+10:00,-33.765278,151.117806,pm25,µg/m³,2.3
7426,21609,Macquarie Park-7426,2020-05-01T08:00:00+10:00,-33.765278,151.117806,pm25,µg/m³,3.2
7426,21609,Macquarie Park-7426,2020-05-01T09:00:00+10:00,-33.765278,151.117806,pm25,µg/m³,1.9
7426,21609,Macquarie Park-7426,2020-05-01T10:00:00+10:00,-33.765278,151.117806,pm25,µg/m³,0.7
7426,21609,Macquarie Park-7426,2020-05-01T11:00:00+10:00,-33.765278,151.117806,pm25,µg/m³,0.1
7426,21609,Macquarie Park-7426,2020-05-01T12:00:00+10:00,-33.765278,151.117806,pm25,µg/m³,0.0
7426,21609,Macquarie Park-7426,2020-05-01T13:00:00+10:00,-33.765278,151.117806,pm25,µg/m³,2.2
7426,21609,Macquarie Park-7426,2020-05-01T14:00:00+10:00,-33.765278,151.117806,pm25,µg/m³,3.9
7426,21609,Macquarie Park-7426,2020-05-01T15:00:00+10:00,-33.765278,151.117806,pm25,µg/m³,1.0
7426,21609,Macquarie Park-7426,2020-05-01T16:00:00+10:00,-33.765278,151.117806,pm25,µg/m³,3.4
7426,21609,Macquarie Park-7426,2020-05-01T17:00:00+10:00,-33.765278,151.117806,pm25,µg/m³,2.4
7426,21609,Macquarie Park-7426,2020-05-01T19:00:00+10:00,-33.765278,151.117806,pm25,µg/m³,3.5
7426,21609,Macquarie Park-7426,2020-05-01T20:00:00+10:00,-33.765278,151.117806,pm25,µg/m³,3.0
7426,21609,Macquarie Park-7426,2020-05-01T21:00:00+10:00,-33.765278,151.117806,pm25,µg/m³,9.1
7426,21609,Macquarie Park-7426,2020-05-01T22:00:00+10:00,-33.765278,151.117806,pm25,µg/m³,11.8
7426,21609,Macquarie Park-7426,2020-05-01T23:00:00+10:00,-33.765278,151.117806,pm25,µg/m³,3.1
7426,25234,Macquarie Park-7426,2020-05-01T01:00:00+10:00,-33.765278,151.117806,no2,ppm,0.0
7426,25234,Macquarie Park-7426,2020-05-01T03:00:00+10:00,-33.765278,151.117806,no2,ppm,0.0
7426,25234,Macquarie Park-7426,2020-05-01T04:00:00+10:00,-33.765278,151.117806,no2,ppm,0.001
7426,25234,Macquarie Park-7426,2020-05-01T05:00:00+10:00,-33.765278,151.117806,no2,ppm,0.003
7426,25234,Macquarie Park-7426,2020-05-01T06:00:00+10:00,-33.765278,151.117806,no2,ppm,0.001
7426,25234,Macquarie Park-7426,2020-05-01T07:00:00+10:00,-33.765278,151.117806,no2,ppm,0.002
7426,25234,Macquarie Park-7426,2020-05-01T08:00:00+10:00,-33.765278,151.117806,no2,ppm,0.003
7426,25234,Macquarie Park-7426,2020-05-01T09:00:00+10:00,-33.765278,151.117806,no2,ppm,0.002
7426,25234,Macquarie Park-7426,2020-05-01T10:00:00+10:00,-33.765278,151.117806,no2,ppm,0.001
7426,25234,Macquarie Park-7426,2020-05-01T11:00:00+10:00,-33.765278,151.117806,no2,ppm,0.001
7426,25234,Macquarie Park-7426,2020-05-01T12:00:00+10:00,-33.765278,151.117806,no2,ppm,0.0
7426,25234,Macquarie Park-7426,2020-05-01T13:00:00+10:00,-33.765278,151.117806,no2,ppm,0.001
7426,25234,Macquarie Park-7426,2020-05-01T14:00:00+10:00,-33.765278,151.117806,no2,ppm,0.0
7426,25234,Macquarie Park-7426,2020-05-01T15:00:00+10:00,-33.765278,151.117806,no2,ppm,0.001
7426,25234,Macquarie Park-7426,2020-05-01T16:00:00+10:00,-33.765278,151.117806,no2,ppm,0.001
7426,25234,Macquarie Park-7426,2020-05-01T17:00:00+10:00,-33.765278,151.117806,no2,ppm,0.001
7426,25234,Macquarie Park-7426,2020-05-01T19:00:00+10:00,-33.765278,151.117806,no2,ppm,0.001
7426,25234,Macquarie Park-7426,2020-05-01T20:00:00+10:00,-33.765278,151.117806,no2,ppm,0.001
7426,25234,Macquarie Park-7426,2020-05-01T21:00:00+10:00,-33.765278,151.117806,no2,ppm,0.0
7426,25234,Macquarie Park-7426,2020-05-01T22:00:00+10:00,-33.765278,151.117806,no2,ppm,0.0
7426,25234,Macquarie Park-7426,2020-05-01T23:00:00+10:00,-33.765278,151.117806,no2,ppm,0.0
7426,28467,Macquarie Park-7426,2020-05-01T01:00:00+10:00,-33.765278,151.117806,co,ppm,0.2
7426,28467,Macquarie Park-7426,2020-05-01T02:00:00+10:00,-33.765278,151.117806,co,ppm,0.2
7426,28467,Macquarie Park-7426,2020-05-01T03:00:00+10:00,-33.765278,151.117806,co,ppm,0.1
7426,28467,Macquarie Park-7426,2020-05-01T04:00:00+10:00,-33.765278,151.117806,co,ppm,0.1
7426,28467,Macquarie Park-7426,2020-05-01T05:00:00+10:00,-33.765278,151.117806,co,ppm,0.1
7426,28467,Macquarie Park-7426,2020-05-01T06:00:00+10:00,-33.765278,151.117806,co,ppm,0.1
7426,28467,Macquarie Park-7426,2020-05-01T07:00:00+10:00,-33.765278,151.117806,co,ppm,0.1
7426,28467,Macquarie Park-7426,2020-05-01T08:00:00+10:00,-33.765278,151.117806,co,ppm,0.1
7426,28467,Macquarie Park-7426,2020-05-01T09:00:00+10:00,-33.765278,151.117806,co,ppm,0.1
7426,28467,Macquarie Park-7426,2020-05-01T10:00:00+10:00,-33.765278,151.117806,co,ppm,0.1
7426,28467,Macquarie Park-7426,2020-05-01T11:00:00+10:00,-33.765278,151.117806,co,ppm,0.1
7426,28467,Macquarie Park-7426,2020-05-01T12:00:00+10:00,-33.765278,151.117806,co,ppm,0.1
7426,28467,Macquarie Park-7426,2020-05-01T13:00:00+10:00,-33.765278,151.117806,co,ppm,0.1
7426,28467,Macquarie Park-7426,2020-05-01T14:00:00+10:00,-33.765278,151.117806,co,ppm,0.1
7426,28467,Macquarie Park-7426,2020-05-01T15:00:00+10:00,-33.765278,151.117806,co,ppm,0.1
7426,28467,Macquarie Park-7426,2020-05-01T16:00:00+10:00,-33.765278,151.117806,co,ppm,0.1
7426,28467,Macquarie Park-7426,2020-05-01T17:00:00+10:00,-33.765278,151.117806,co,ppm,0.1
7426,28467,Macquarie Park-7426,2020-05-01T19:00:00+10:00,-33.765278,151.117806,co,ppm,0.1
7426,28467,Macquarie Park-7426,2020-05-01T20:00:00+10:00,-33.765278,151.117806,co,ppm,0.1
7426,28467,Macquarie Park-7426,2020-05-01T21:00:00+10:00,-33.765278,151.117806,co,ppm,0.1
7426,28467,Macquarie Park-7426,2020-05-01T22:00:00+10:00,-33.765278,151.117806,co,ppm,0.1
7426,28467,Macquarie Park-7426,2020-05-01T23:00:00+10:00,-33.765278,151.117806,co,ppm,0.1
7426,25237,Macquarie Park-7426,2020-05-01T01:00:00+10:00,-33.765278,151.117806,so2,ppm,0.0
7426,25237,Macquarie Park-7426,2020-05-01T03:00:00+10:00,-33.765278,151.117806,so2,ppm,0.0
7426,25237,Macquarie Park-7426,2020-05-01T04:00:00+10:00,-33.765278,151.117806,so2,ppm,0.0
7426,25237,Macquarie Park-7426,2020-05-01T05:00:00+10:00,-33.765278,151.117806,so2,ppm,0.0
7426,25237,Macquarie Park-7426,2020-05-01T06:00:00+10:00,-33.765278,151.117806,so2,ppm,0.0
7426,25237,Macquarie Park-7426,2020-05-01T07:00:00+10:00,-33.765278,151.117806,so2,ppm,0.0
7426,25237,Macquarie Park-7426,2020-05-01T08:00:00+10:00,-33.765278,151.117806,so2,ppm,0.0
7426,25237,Macquarie Park-7426,2020-05-01T09:00:00+10:00,-33.765278,151.117806,so2,ppm,0.0
7426,25237,Macquarie Park-7426,2020-05-01T10:00:00+10:00,-33.765278,151.117806,so2,ppm,0.0
7426,25237,Macquarie Park-7426,2020-05-01T11:00:00+10:00,-33.765278,151.117806,so2,ppm,0.0
7426,25237,Macquarie Park-7426,2020-05-01T12:00:00+10:00,-33.765278,151.117806,so2,ppm,0.0
7426,25237,Macquarie Park-7426,2020-05-01T13:00:00+10:00,-33.765278,151.117806,so2,ppm,0.0
7426,25237,Macquarie Park-7426,2020-05-01T14:00:00+10:00,-33.765278,151.117806,so2,ppm,0.0
7426,25237,Macquarie Park-7426,2020-05-01T15:00:00+10:00,-33.765278,151.117806,so2,ppm,0.001
7426,25237,Macquarie Park-7426,2020-05-01T16:00:00+10:00,-33.765278,151.117806,so2,ppm,0.001
7426,25237,Macquarie Park-7426,2020-05-01T17:00:00+10:00,-33.765278,151.117806,so2,ppm,0.001
7426,25237,Macquarie Park-7426,2020-05-01T19:00:00+10:00,-33.765278,151.117806,so2,ppm,0.001
7426,25237,Macquarie Park-7426,2020-05-01T20:00:00+10:00,-33.765278,151.117806,so2,ppm,0.0
7426,25237,Macquarie Park-7426,2020-05-01T21:00:00+10:00,-33.765278,151.117806,so2,ppm,0.0
7426,25237,Macquarie Park-7426,2020-05-01T22:00:00+10:00,-33.765278,151.117806,so2,ppm,0.0
7426,25237,Macquarie Park-7426,2020-05-01T23:00:00+10:00,-33.765278,151.117806,so2,ppm,0.0
7426,25235,Macquarie Park-7426,2020-05-01T01:00:00+10:00,-33.765278,151.117806,o3,ppm,0.023
7426,25235,Macquarie Park-7426,2020-05-01T02:00:00+10:00,-33.765278,151.117806,o3,ppm,0.018
7426,25235,Macquarie Park-7426,2020-05-01T03:00:00+10:00,-33.765278,151.117806,o3,ppm,0.017
7426,25235,Macquarie Park-7426,2020-05-01T04:00:00+10:00,-33.765278,151.117806,o3,ppm,0.019
7426,25235,Macquarie Park-7426,2020-05-01T05:00:00+10:00,-33.765278,151.117806,o3,ppm,0.017
7426,25235,Macquarie Park-7426,2020-05-01T06:00:00+10:00,-33.765278,151.117806,o3,ppm,0.02
7426,25235,Macquarie Park-7426,2020-05-01T07:00:00+10:00,-33.765278,151.117806,o3,ppm,0.018
7426,25235,Macquarie Park-7426,2020-05-01T08:00:00+10:00,-33.765278,151.117806,o3,ppm,0.016
7426,25235,Macquarie Park-7426,2020-05-01T09:00:00+10:00,-33.765278,151.117806,o3,ppm,0.021
7426,25235,Macquarie Park-7426,2020-05-01T10:00:00+10:00,-33.765278,151.117806,o3,ppm,0.024
7426,25235,Macquarie Park-7426,2020-05-01T11:00:00+10:00,-33.765278,151.117806,o3,ppm,0.025
7426,25235,Macquarie Park-7426,2020-05-01T12:00:00+10:00,-33.765278,151.117806,o3,ppm,0.026
7426,25235,Macquarie Park-7426,2020-05-01T13:00:00+10:00,-33.765278,151.117806,o3,ppm,0.026
7426,25235,Macquarie Park-7426,2020-05-01T14:00:00+10:00,-33.765278,151.117806,o3,ppm,0.026
7426,25235,Macquarie Park-7426,2020-05-01T15:00:00+10:00,-33.765278,151.117806,o3,ppm,0.026
7426,25235,Macquarie Park-7426,2020-05-01T16:00:00+10:00,-33.765278,151.117806,o3,ppm,0.025
7426,25235,Macquarie Park-7426,2020-05-01T17:00:00+10:00,-33.765278,151.117806,o3,ppm,0.025
7426,25235,Macquarie Park-7426,2020-05-01T19:00:00+10:00,-33.765278,151.117806,o3,ppm,0.024
7426,25235,Macquarie Park-7426,2020-05-01T20:00:00+10:00,-33.765278,151.117806,o3,ppm,0.024
7426,25235,Macquarie Park-7426,2020-05-01T21:00:00+10:00,-33.765278,151.117806,o3,ppm,0.024
7426,25235,Macquarie Park-7426,2020-05-01T22:00:00+10:00,-33.765278,151.117806,o3,ppm,0.024
7426,25235,Macquarie Park-7426,2020-05-01T23:00:00+10:00,-33.765278,151.117806,o3,ppm,0.024
7426,21608,Macquarie Park-7426,2020-05-02T01:00:00+10:00,-33.765278,151.117806,pm10,µg/m³,6.6
7426,21608,Macquarie Park-7426,2020-05-02T03:00:00+10:00,-33.765278,151.117806,pm10,µg/m³,1.4
7426,21608,Macquarie Park-7426,2020-05-02T04:00:00+10:00,-33.765278,151.117806,pm10,µg/m³,0.7
7426,21608,Macquarie Park-7426,2020-05-02T05:00:00+10:00,-33.765278,151.117806,pm10,µg/m³,2.7
7426,21608,Macquarie Park-7426,2020-05-02T06:00:00+10:00,-33.765278,151.117806,pm10,µg/m³,4.1
7426,21608,Macquarie Park-7426,2020-05-02T07:00:00+10:00,-33.765278,151.117806,pm10,µg/m³,5.8
7426,21608,Macquarie Park-7426,2020-05-02T08:00:00+10:00,-33.765278,151.117806,pm10,µg/m³,3.1
7426,21608,Macquarie Park-7426,2020-05-02T09:00:00+10:00,-33.765278,151.117806,pm10,µg/m³,5.3
7426,21608,Macquarie Park-7426,2020-05-02T10:00:00+10:00,-33.765278,151.117806,pm10,µg/m³,8.0
7426,21608,Macquarie Park-7426,2020-05-02T11:00:00+10:00,-33.765278,151.117806,pm10,µg/m³,6.6
7426,21608,Macquarie Park-7426,2020-05-02T12:00:00+10:00,-33.765278,151.117806,pm10,µg/m³,5.0
7426,21608,Macquarie Park-7426,2020-05-02T13:00:00+10:00,-33.765278,151.117806,pm10,µg/m³,8.3
7426,21608,Macquarie Park-7426,2020-05-02T14:00:00+10:00,-33.765278,151.117806,pm10,µg/m³,8.9
7426,21608,Macquarie Park-7426,2020-05-02T16:00:00+10:00,-33.765278,151.117806,pm10,µg/m³,12.5
7426,21608,Macquarie Park-7426,2020-05-02T17:00:00+10:00,-33.765278,151.117806,pm10,µg/m³,14.7
7426,21608,Macquarie Park-7426,2020-05-02T18:00:00+10:00,-33.765278,151.117806,pm10,µg/m³,12.7
7426,21608,Macquarie Park-7426,2020-05-02T19:00:00+10:00,-33.765278,151.117806,pm10,µg/m³,14.1
7426,21608,Macquarie Park-7426,2020-05-02T20:00:00+10:00,-33.765278,151.117806,pm10,µg/m³,9.5
7426,21608,Macquarie Park-7426,2020-05-02T21:00:00+10:00,-33.765278,151.117806,pm10,µg/m³,8.0
7426,21608,Macquarie Park-7426,2020-05-02T22:00:00+10:00,-33.765278,151.117806,pm10,µg/m³,6.8
7426,21608,Macquarie Park-7426,2020-05-02T23:00:00+10:00,-33.765278,151.117806,pm10,µg/m³,10.2
7426,21609,Macquarie Park-7426,2020-05-02T01:00:00+10:00,-33.765278,151.117806,pm25,µg/m³,3.7
7426,21609,Macquarie Park-7426,2020-05-02T03:00:00+10:00,-33.765278,151.117806,pm25,µg/m³,1.0
7426,21609,Macquarie Park-7426,2020-05-02T04:00:00+10:00,-33.765278,151.117806,pm25,µg/m³,2.7
7426,21609,Macquarie Park-7426,2020-05-02T05:00:00+10:00,-33.765278,151.117806,pm25,µg/m³,5.2
7426,21609,Macquarie Park-7426,2020-05-02T06:00:00+10:00,-33.765278,151.117806,pm25,µg/m³,2.5
7426,21609,Macquarie Park-7426,2020-05-02T07:00:00+10:00,-33.765278,151.117806,pm25,µg/m³,6.6
7426,21609,Macquarie Park-7426,2020-05-02T08:00:00+10:00,-33.765278,151.117806,pm25,µg/m³,1.1
7426,21609,Macquarie Park-7426,2020-05-02T09:00:00+10:00,-33.765278,151.117806,pm25,µg/m³,0.0
7426,21609,Macquarie Park-7426,2020-05-02T10:00:00+10:00,-33.765278,151.117806,pm25,µg/m³,2.5
7426,21609,Macquarie Park-7426,2020-05-02T11:00:00+10:00,-33.765278,151.117806,pm25,µg/m³,2.8
7426,21609,Macquarie Park-7426,2020-05-02T12:00:00+10:00,-33.765278,151.117806,pm25,µg/m³,0.0
7426,21609,Macquarie Park-7426,2020-05-02T13:00:00+10:00,-33.765278,151.117806,pm25,µg/m³,4.5
7426,21609,Macquarie Park-7426,2020-05-02T14:00:00+10:00,-33.765278,151.117806,pm25,µg/m³,9.4
7426,21609,Macquarie Park-7426,2020-05-02T16:00:00+10:00,-33.765278,151.117806,pm25,µg/m³,3.0
7426,21609,Macquarie Park-7426,2020-05-02T17:00:00+10:00,-33.765278,151.117806,pm25,µg/m³,2.4
7426,21609,Macquarie Park-7426,2020-05-02T18:00:00+10:00,-33.765278,151.117806,pm25,µg/m³,1.7
7426,21609,Macquarie Park-7426,2020-05-02T19:00:00+10:00,-33.765278,151.117806,pm25,µg/m³,1.9
7426,21609,Macquarie Park-7426,2020-05-02T20:00:00+10:00,-33.765278,151.117806,pm25,µg/m³,5.0
7426,21609,Macquarie Park-7426,2020-05-02T21:00:00+10:00,-33.765278,151.117806,pm25,µg/m³,10.1
7426,21609,Macquarie Park-7426,2020-05-02T22:00:00+10:00,-33.765278,151.117806,pm25,µg/m³,11.5
7426,21609,Macquarie Park-7426,2020-05-02T23:00:00+10:00,-33.765278,151.117806,pm25,µg/m³,7.5
7426,28467,Macquarie Park-7426,2020-05-02T01:00:00+10:00,-33.765278,151.117806,co,ppm,0.1
7426,25234,Macquarie Park-7426,2020-05-02T01:00:00+10:00,-33.765278,151.117806,no2,ppm,0.0
7426,25234,Macquarie Park-7426,2020-05-02T03:00:00+10:00,-33.765278,151.117806,no2,ppm,0.0
7426,25234,Macquarie Park-7426,2020-05-02T04:00:00+10:00,-33.765278,151.117806,no2,ppm,0.0
7426,25234,Macquarie Park-7426,2020-05-02T05:00:00+10:00,-33.765278,151.117806,no2,ppm,0.0
7426,25234,Macquarie Park-7426,2020-05-02T06:00:00+10:00,-33.765278,151.117806,no2,ppm,0.0
7426,25234,Macquarie Park-7426,2020-05-02T07:00:00+10:00,-33.765278,151.117806,no2,ppm,0.0
7426,25234,Macquarie Park-7426,2020-05-02T08:00:00+10:00,-33.765278,151.117806,no2,ppm,0.001
7426,25234,Macquarie Park-7426,2020-05-02T09:00:00+10:00,-33.765278,151.117806,no2,ppm,0.0
7426,25234,Macquarie Park-7426,2020-05-02T10:00:00+10:00,-33.765278,151.117806,no2,ppm,0.001
7426,25234,Macquarie Park-7426,2020-05-02T11:00:00+10:00,-33.765278,151.117806,no2,ppm,0.0
7426,25234,Macquarie Park-7426,2020-05-02T12:00:00+10:00,-33.765278,151.117806,no2,ppm,0.0
7426,25234,Macquarie Park-7426,2020-05-02T13:00:00+10:00,-33.765278,151.117806,no2,ppm,0.0
7426,25234,Macquarie Park-7426,2020-05-02T14:00:00+10:00,-33.765278,151.117806,no2,ppm,0.0
7426,25234,Macquarie Park-7426,2020-05-02T16:00:00+10:00,-33.765278,151.117806,no2,ppm,0.0
7426,25234,Macquarie Park-7426,2020-05-02T17:00:00+10:00,-33.765278,151.117806,no2,ppm,0.001
7426,25234,Macquarie Park-7426,2020-05-02T18:00:00+10:00,-33.765278,151.117806,no2,ppm,0.002
7426,25234,Macquarie Park-7426,2020-05-02T19:00:00+10:00,-33.765278,151.117806,no2,ppm,0.003
7426,25234,Macquarie Park-7426,2020-05-02T20:00:00+10:00,-33.765278,151.117806,no2,ppm,0.002
7426,25234,Macquarie Park-7426,2020-05-02T21:00:00+10:00,-33.765278,151.117806,no2,ppm,0.003
7426,25234,Macquarie Park-7426,2020-05-02T22:00:00+10:00,-33.765278,151.117806,no2,ppm,0.003
7426,25234,Macquarie Park-7426,2020-05-02T23:00:00+10:00,-33.765278,151.117806,no2,ppm,0.003
7426,28467,Macquarie Park-7426,2020-05-02T03:00:00+10:00,-33.765278,151.117806,co,ppm,0.1
7426,28467,Macquarie Park-7426,2020-05-02T04:00:00+10:00,-33.765278,151.117806,co,ppm,0.1
7426,28467,Macquarie Park-7426,2020-05-02T05:00:00+10:00,-33.765278,151.117806,co,ppm,0.1
7426,28467,Macquarie Park-7426,2020-05-02T06:00:00+10:00,-33.765278,151.117806,co,ppm,0.1
7426,28467,Macquarie Park-7426,2020-05-02T07:00:00+10:00,-33.765278,151.117806,co,ppm,0.1
7426,28467,Macquarie Park-7426,2020-05-02T08:00:00+10:00,-33.765278,151.117806,co,ppm,0.1
7426,28467,Macquarie Park-7426,2020-05-02T09:00:00+10:00,-33.765278,151.117806,co,ppm,0.1
7426,28467,Macquarie Park-7426,2020-05-02T10:00:00+10:00,-33.765278,151.117806,co,ppm,0.1
7426,28467,Macquarie Park-7426,2020-05-02T11:00:00+10:00,-33.765278,151.117806,co,ppm,0.1
7426,28467,Macquarie Park-7426,2020-05-02T12:00:00+10:00,-33.765278,151.117806,co,ppm,0.1
7426,28467,Macquarie Park-7426,2020-05-02T13:00:00+10:00,-33.765278,151.117806,co,ppm,0.1
7426,28467,Macquarie Park-7426,2020-05-02T14:00:00+10:00,-33.765278,151.117806,co,ppm,0.1
7426,28467,Macquarie Park-7426,2020-05-02T16:00:00+10:00,-33.765278,151.117806,co,ppm,0.1
7426,28467,Macquarie Park-7426,2020-05-02T17:00:00+10:00,-33.765278,151.117806,co,ppm,0.1
7426,28467,Macquarie Park-7426,2020-05-02T18:00:00+10:00,-33.765278,151.117806,co,ppm,0.1
7426,28467,Macquarie Park-7426,2020-05-02T19:00:00+10:00,-33.765278,151.117806,co,ppm,0.1
7426,28467,Macquarie Park-7426,2020-05-02T20:00:00+10:00,-33.765278,151.117806,co,ppm,0.1
7426,28467,Macquarie Park-7426,2020-05-02T21:00:00+10:00,-33.765278,151.117806,co,ppm,0.1
7426,28467,Macquarie Park-7426,2020-05-02T22:00:00+10:00,-33.765278,151.117806,co,ppm,0.1
7426,28467,Macquarie Park-7426,2020-05-02T23:00:00+10:00,-33.765278,151.117806,co,ppm,0.1
7426,25237,Macquarie Park-7426,2020-05-02T01:00:00+10:00,-33.765278,151.117806,so2,ppm,0.0
7426,25237,Macquarie Park-7426,2020-05-02T03:00:00+10:00,-33.765278,151.117806,so2,ppm,0.0
7426,25237,Macquarie Park-7426,2020-05-02T04:00:00+10:00,-33.765278,151.117806,so2,ppm,0.0
7426,25237,Macquarie Park-7426,2020-05-02T05:00:00+10:00,-33.765278,151.117806,so2,ppm,0.0
7426,25237,Macquarie Park-7426,2020-05-02T06:00:00+10:00,-33.765278,151.117806,so2,ppm,0.0
7426,25237,Macquarie Park-7426,2020-05-02T07:00:00+10:00,-33.765278,151.117806,so2,ppm,0.0
7426,25237,Macquarie Park-7426,2020-05-02T08:00:00+10:00,-33.765278,151.117806,so2,ppm,0.0
7426,25237,Macquarie Park-7426,2020-05-02T09:00:00+10:00,-33.765278,151.117806,so2,ppm,0.0
7426,25237,Macquarie Park-7426,2020-05-02T10:00:00+10:00,-33.765278,151.117806,so2,ppm,0.0
7426,25237,Macquarie Park-7426,2020-05-02T11:00:00+10:00,-33.765278,151.117806,so2,ppm,0.0
7426,25237,Macquarie Park-7426,2020-05-02T12:00:00+10:00,-33.765278,151.117806,so2,ppm,0.0
7426,25237,Macquarie Park-7426,2020-05-02T13:00:00+10:00,-33.765278,151.117806,so2,ppm,0.0
7426,25237,Macquarie Park-7426,2020-05-02T14:00:00+10:00,-33.765278,151.117806,so2,ppm,0.0
7426,25237,Macquarie Park-7426,2020-05-02T16:00:00+10:00,-33.765278,151.117806,so2,ppm,0.0
7426,25237,Macquarie Park-7426,2020-05-02T17:00:00+10:00,-33.765278,151.117806,so2,ppm,0.0
7426,25237,Macquarie Park-7426,2020-05-02T18:00:00+10:00,-33.765278,151.117806,so2,ppm,0.0
7426,25237,Macquarie Park-7426,2020-05-02T19:00:00+10:00,-33.765278,151.117806,so2,ppm,0.0
7426,25237,Macquarie Park-7426,2020-05-02T20:00:00+10:00,-33.765278,151.117806,so2,ppm,0.0
7426,25237,Macquarie Park-7426,2020-05-02T21:00:00+10:00,-33.765278,151.117806,so2,ppm,0.0
7426,25237,Macquarie Park-7426,2020-05-02T22:00:00+10:00,-33.765278,151.117806,so2,ppm,0.0
7426,25237,Macquarie Park-7426,2020-05-02T23:00:00+10:00,-33.765278,151.117806,so2,ppm,0.0
7426,25235,Macquarie Park-7426,2020-05-02T01:00:00+10:00,-33.765278,151.117806,o3,ppm,0.022
7426,25235,Macquarie Park-7426,2020-05-02T03:00:00+10:00,-33.765278,151.117806,o3,ppm,0.022
7426,25235,Macquarie Park-7426,2020-05-02T04:00:00+10:00,-33.765278,151.117806,o3,ppm,0.024
7426,25235,Macquarie Park-7426,2020-05-02T05:00:00+10:00,-33.765278,151.117806,o3,ppm,0.026
7426,25235,Macquarie Park-7426,2020-05-02T06:00:00+10:00,-33.765278,151.117806,o3,ppm,0.026
7426,25235,Macquarie Park-7426,2020-05-02T07:00:00+10:00,-33.765278,151.117806,o3,ppm,0.025
7426,25235,Macquarie Park-7426,2020-05-02T08:00:00+10:00,-33.765278,151.117806,o3,ppm,0.025
7426,25235,Macquarie Park-7426,2020-05-02T09:00:00+10:00,-33.765278,151.117806,o3,ppm,0.029
7426,25235,Macquarie Park-7426,2020-05-02T10:00:00+10:00,-33.765278,151.117806,o3,ppm,0.027
7426,25235,Macquarie Park-7426,2020-05-02T11:00:00+10:00,-33.765278,151.117806,o3,ppm,0.027
7426,25235,Macquarie Park-7426,2020-05-02T12:00:00+10:00,-33.765278,151.117806,o3,ppm,0.027
7426,25235,Macquarie Park-7426,2020-05-02T13:00:00+10:00,-33.765278,151.117806,o3,ppm,0.027
7426,25235,Macquarie Park-7426,2020-05-02T14:00:00+10:00,-33.765278,151.117806,o3,ppm,0.028
7426,25235,Macquarie Park-7426,2020-05-02T16:00:00+10:00,-33.765278,151.117806,o3,ppm,0.029
7426,25235,Macquarie Park-7426,2020-05-02T17:00:00+10:00,-33.765278,151.117806,o3,ppm,0.026
7426,25235,Macquarie Park-7426,2020-05-02T18:00:00+10:00,-33.765278,151.117806,o3,ppm,0.024
7426,25235,Macquarie Park-7426,2020-05-02T19:00:00+10:00,-33.765278,151.117806,o3,ppm,0.023
7426,25235,Macquarie Park-7426,2020-05-02T20:00:00+10:00,-33.765278,151.117806,o3,ppm,0.024
7426,25235,Macquarie Park-7426,2020-05-02T21:00:00+10:00,-33.765278,151.117806,o3,ppm,0.023
7426,25235,Macquarie Park-7426,2020-05-02T22:00:00+10:00,-33.765278,151.117806,o3,ppm,0.023
7426,25235,Macquarie Park-7426,2020-05-02T23:00:00+10:00,-33.765278,151.117806,o3,ppm,0.021
7426,21608,Macquarie Park-7426,2020-05-03T01:00:00+10:00,-33.765278,151.117806,pm10,µg/m³,6.6
7426,21608,Macquarie Park-7426,2020-05-03T02:00:00+10:00,-33.765278,151.117806,pm10,µg/m³,7.9
7426,21608,Macquarie Park-7426,2020-05-03T03:00:00+10:00,-33.765278,151.117806,pm10,µg/m³,7.6
7426,21608,Macquarie Park-7426,2020-05-03T04:00:00+10:00,-33.765278,151.117806,pm10,µg/m³,8.4
7426,21608,Macquarie Park-7426,2020-05-03T06:00:00+10:00,-33.765278,151.117806,pm10,µg/m³,9.2
7426,21608,Macquarie Park-7426,2020-05-03T07:00:00+10:00,-33.765278,151.117806,pm10,µg/m³,9.6
7426,21608,Macquarie Park-7426,2020-05-03T08:00:00+10:00,-33.765278,151.117806,pm10,µg/m³,9.2
7426,21608,Macquarie Park-7426,2020-05-03T09:00:00+10:00,-33.765278,151.117806,pm10,µg/m³,5.3
7426,21608,Macquarie Park-7426,2020-05-03T10:00:00+10:00,-33.765278,151.117806,pm10,µg/m³,5.2
7426,21608,Macquarie Park-7426,2020-05-03T11:00:00+10:00,-33.765278,151.117806,pm10,µg/m³,5.2
7426,21608,Macquarie Park-7426,2020-05-03T13:00:00+10:00,-33.765278,151.117806,pm10,µg/m³,7.6
7426,21608,Macquarie Park-7426,2020-05-03T14:00:00+10:00,-33.765278,151.117806,pm10,µg/m³,11.9
7426,21608,Macquarie Park-7426,2020-05-03T15:00:00+10:00,-33.765278,151.117806,pm10,µg/m³,12.5
7426,21608,Macquarie Park-7426,2020-05-03T16:00:00+10:00,-33.765278,151.117806,pm10,µg/m³,12.5
7426,21608,Macquarie Park-7426,2020-05-03T17:00:00+10:00,-33.765278,151.117806,pm10,µg/m³,18.2
7426,21608,Macquarie Park-7426,2020-05-03T18:00:00+10:00,-33.765278,151.117806,pm10,µg/m³,22.7
7426,21608,Macquarie Park-7426,2020-05-03T19:00:00+10:00,-33.765278,151.117806,pm10,µg/m³,28.4
7426,21608,Macquarie Park-7426,2020-05-03T20:00:00+10:00,-33.765278,151.117806,pm10,µg/m³,27.8
7426,21608,Macquarie Park-7426,2020-05-03T21:00:00+10:00,-33.765278,151.117806,pm10,µg/m³,26.4
7426,21609,Macquarie Park-7426,2020-05-03T01:00:00+10:00,-33.765278,151.117806,pm25,µg/m³,4.8
7426,21609,Macquarie Park-7426,2020-05-03T02:00:00+10:00,-33.765278,151.117806,pm25,µg/m³,6.1
7426,21609,Macquarie Park-7426,2020-05-03T03:00:00+10:00,-33.765278,151.117806,pm25,µg/m³,1.3
7426,21609,Macquarie Park-7426,2020-05-03T04:00:00+10:00,-33.765278,151.117806,pm25,µg/m³,5.1
7426,21609,Macquarie Park-7426,2020-05-03T06:00:00+10:00,-33.765278,151.117806,pm25,µg/m³,6.2
7426,21609,Macquarie Park-7426,2020-05-03T07:00:00+10:00,-33.765278,151.117806,pm25,µg/m³,3.6
7426,21609,Macquarie Park-7426,2020-05-03T08:00:00+10:00,-33.765278,151.117806,pm25,µg/m³,3.5
7426,21609,Macquarie Park-7426,2020-05-03T09:00:00+10:00,-33.765278,151.117806,pm25,µg/m³,2.0
7426,21609,Macquarie Park-7426,2020-05-03T10:00:00+10:00,-33.765278,151.117806,pm25,µg/m³,0.9
7426,21609,Macquarie Park-7426,2020-05-03T11:00:00+10:00,-33.765278,151.117806,pm25,µg/m³,0.8
7426,21609,Macquarie Park-7426,2020-05-03T13:00:00+10:00,-33.765278,151.117806,pm25,µg/m³,0.0
7426,21609,Macquarie Park-7426,2020-05-03T14:00:00+10:00,-33.765278,151.117806,pm25,µg/m³,0.0
7426,21609,Macquarie Park-7426,2020-05-03T15:00:00+10:00,-33.765278,151.117806,pm25,µg/m³,1.9
7426,21609,Macquarie Park-7426,2020-05-03T16:00:00+10:00,-33.765278,151.117806,pm25,µg/m³,1.2
7426,21609,Macquarie Park-7426,2020-05-03T17:00:00+10:00,-33.765278,151.117806,pm25,µg/m³,3.8
7426,21609,Macquarie Park-7426,2020-05-03T18:00:00+10:00,-33.765278,151.117806,pm25,µg/m³,6.3
7426,21609,Macquarie Park-7426,2020-05-03T19:00:00+10:00,-33.765278,151.117806,pm25,µg/m³,10.2
7426,21609,Macquarie Park-7426,2020-05-03T20:00:00+10:00,-33.765278,151.117806,pm25,µg/m³,16.5
7426,21609,Macquarie Park-7426,2020-05-03T21:00:00+10:00,-33.765278,151.117806,pm25,µg/m³,22.7
7426,25234,Macquarie Park-7426,2020-05-03T01:00:00+10:00,-33.765278,151.117806,no2,ppm,0.001
7426,25234,Macquarie Park-7426,2020-05-03T03:00:00+10:00,-33.765278,151.117806,no2,ppm,0.001
7426,25234,Macquarie Park-7426,2020-05-03T04:00:00+10:00,-33.765278,151.117806,no2,ppm,0.002
7426,25234,Macquarie Park-7426,2020-05-03T06:00:00+10:00,-33.765278,151.117806,no2,ppm,0.002
7426,25234,Macquarie Park-7426,2020-05-03T07:00:00+10:00,-33.765278,151.117806,no2,ppm,0.001
7426,25234,Macquarie Park-7426,2020-05-03T08:00:00+10:00,-33.765278,151.117806,no2,ppm,0.002
7426,25234,Macquarie Park-7426,2020-05-03T09:00:00+10:00,-33.765278,151.117806,no2,ppm,0.002
7426,25234,Macquarie Park-7426,2020-05-03T10:00:00+10:00,-33.765278,151.117806,no2,ppm,0.001
7426,25234,Macquarie Park-7426,2020-05-03T11:00:00+10:00,-33.765278,151.117806,no2,ppm,0.001
7426,25234,Macquarie Park-7426,2020-05-03T13:00:00+10:00,-33.765278,151.117806,no2,ppm,0.001
7426,25234,Macquarie Park-7426,2020-05-03T14:00:00+10:00,-33.765278,151.117806,no2,ppm,0.001
7426,25234,Macquarie Park-7426,2020-05-03T15:00:00+10:00,-33.765278,151.117806,no2,ppm,0.001
7426,25234,Macquarie Park-7426,2020-05-03T16:00:00+10:00,-33.765278,151.117806,no2,ppm,0.001
7426,25234,Macquarie Park-7426,2020-05-03T17:00:00+10:00,-33.765278,151.117806,no2,ppm,0.002
7426,25234,Macquarie Park-7426,2020-05-03T18:00:00+10:00,-33.765278,151.117806,no2,ppm,0.003
7426,25234,Macquarie Park-7426,2020-05-03T19:00:00+10:00,-33.765278,151.117806,no2,ppm,0.007
7426,25234,Macquarie Park-7426,2020-05-03T20:00:00+10:00,-33.765278,151.117806,no2,ppm,0.007
7426,25234,Macquarie Park-7426,2020-05-03T21:00:00+10:00,-33.765278,151.117806,no2,ppm,0.008
7426,28467,Macquarie Park-7426,2020-05-03T01:00:00+10:00,-33.765278,151.117806,co,ppm,0.1
7426,28467,Macquarie Park-7426,2020-05-03T02:00:00+10:00,-33.765278,151.117806,co,ppm,0.1
7426,28467,Macquarie Park-7426,2020-05-03T03:00:00+10:00,-33.765278,151.117806,co,ppm,0.1
7426,28467,Macquarie Park-7426,2020-05-03T04:00:00+10:00,-33.765278,151.117806,co,ppm,0.1
7426,28467,Macquarie Park-7426,2020-05-03T06:00:00+10:00,-33.765278,151.117806,co,ppm,0.1
7426,28467,Macquarie Park-7426,2020-05-03T07:00:00+10:00,-33.765278,151.117806,co,ppm,0.1
7426,28467,Macquarie Park-7426,2020-05-03T08:00:00+10:00,-33.765278,151.117806,co,ppm,0.1
7426,28467,Macquarie Park-7426,2020-05-03T09:00:00+10:00,-33.765278,151.117806,co,ppm,0.1
7426,28467,Macquarie Park-7426,2020-05-03T10:00:00+10:00,-33.765278,151.117806,co,ppm,0.1
7426,28467,Macquarie Park-7426,2020-05-03T11:00:00+10:00,-33.765278,151.117806,co,ppm,0.1
7426,28467,Macquarie Park-7426,2020-05-03T13:00:00+10:00,-33.765278,151.117806,co,ppm,0.1
7426,28467,Macquarie Park-7426,2020-05-03T14:00:00+10:00,-33.765278,151.117806,co,ppm,0.1
7426,28467,Macquarie Park-7426,2020-05-03T15:00:00+10:00,-33.765278,151.117806,co,ppm,0.1
7426,28467,Macquarie Park-7426,2020-05-03T16:00:00+10:00,-33.765278,151.117806,co,ppm,0.1
7426,28467,Macquarie Park-7426,2020-05-03T17:00:00+10:00,-33.765278,151.117806,co,ppm,0.1
7426,28467,Macquarie Park-7426,2020-05-03T18:00:00+10:00,-33.765278,151.117806,co,ppm,0.1
7426,28467,Macquarie Park-7426,2020-05-03T19:00:00+10:00,-33.765278,151.117806,co,ppm,0.2
7426,28467,Macquarie Park-7426,2020-05-03T20:00:00+10:00,-33.765278,151.117806,co,ppm,0.2
7426,28467,Macquarie Park-7426,2020-05-03T21:00:00+10:00,-33.765278,151.117806,co,ppm,0.2
7426,25237,Macquarie Park-7426,2020-05-03T01:00:00+10:00,-33.765278,151.117806,so2,ppm,0.0
7426,25237,Macquarie Park-7426,2020-05-03T03:00:00+10:00,-33.765278,151.117806,so2,ppm,0.0
7426,25237,Macquarie Park-7426,2020-05-03T04:00:00+10:00,-33.765278,151.117806,so2,ppm,0.0
7426,25237,Macquarie Park-7426,2020-05-03T06:00:00+10:00,-33.765278,151.117806,so2,ppm,0.0
7426,25237,Macquarie Park-7426,2020-05-03T07:00:00+10:00,-33.765278,151.117806,so2,ppm,0.0
7426,25237,Macquarie Park-7426,2020-05-03T08:00:00+10:00,-33.765278,151.117806,so2,ppm,0.0
7426,25237,Macquarie Park-7426,2020-05-03T09:00:00+10:00,-33.765278,151.117806,so2,ppm,0.0
7426,25237,Macquarie Park-7426,2020-05-03T10:00:00+10:00,-33.765278,151.117806,so2,ppm,0.0
7426,25237,Macquarie Park-7426,2020-05-03T11:00:00+10:00,-33.765278,151.117806,so2,ppm,0.0
7426,25237,Macquarie Park-7426,2020-05-03T13:00:00+10:00,-33.765278,151.117806,so2,ppm,0.0
7426,25237,Macquarie Park-7426,2020-05-03T14:00:00+10:00,-33.765278,151.117806,so2,ppm,0.0
7426,25237,Macquarie Park-7426,2020-05-03T15:00:00+10:00,-33.765278,151.117806,so2,ppm,0.0
7426,25237,Macquarie Park-7426,2020-05-03T16:00:00+10:00,-33.765278,151.117806,so2,ppm,0.0
7426,25237,Macquarie Park-7426,2020-05-03T17:00:00+10:00,-33.765278,151.117806,so2,ppm,0.0
7426,25237,Macquarie Park-7426,2020-05-03T18:00:00+10:00,-33.765278,151.117806,so2,ppm,0.0
7426,25237,Macquarie Park-7426,2020-05-03T19:00:00+10:00,-33.765278,151.117806,so2,ppm,0.0
7426,25237,Macquarie Park-7426,2020-05-03T20:00:00+10:00,-33.765278,151.117806,so2,ppm,0.0
7426,25237,Macquarie Park-7426,2020-05-03T21:00:00+10:00,-33.765278,151.117806,so2,ppm,0.0
7426,25235,Macquarie Park-7426,2020-05-03T01:00:00+10:00,-33.765278,151.117806,o3,ppm,0.024
7426,25235,Macquarie Park-7426,2020-05-03T02:00:00+10:00,-33.765278,151.117806,o3,ppm,0.022
7426,25235,Macquarie Park-7426,2020-05-03T03:00:00+10:00,-33.765278,151.117806,o3,ppm,0.023
7426,25235,Macquarie Park-7426,2020-05-03T04:00:00+10:00,-33.765278,151.117806,o3,ppm,0.02
7426,25235,Macquarie Park-7426,2020-05-03T06:00:00+10:00,-33.765278,151.117806,o3,ppm,0.011
7426,25235,Macquarie Park-7426,2020-05-03T07:00:00+10:00,-33.765278,151.117806,o3,ppm,0.009
7426,25235,Macquarie Park-7426,2020-05-03T08:00:00+10:00,-33.765278,151.117806,o3,ppm,0.014
7426,25235,Macquarie Park-7426,2020-05-03T09:00:00+10:00,-33.765278,151.117806,o3,ppm,0.02
7426,25235,Macquarie Park-7426,2020-05-03T10:00:00+10:00,-33.765278,151.117806,o3,ppm,0.022
7426,25235,Macquarie Park-7426,2020-05-03T11:00:00+10:00,-33.765278,151.117806,o3,ppm,0.024
7426,25235,Macquarie Park-7426,2020-05-03T13:00:00+10:00,-33.765278,151.117806,o3,ppm,0.027
7426,25235,Macquarie Park-7426,2020-05-03T14:00:00+10:00,-33.765278,151.117806,o3,ppm,0.028
7426,25235,Macquarie Park-7426,2020-05-03T15:00:00+10:00,-33.765278,151.117806,o3,ppm,0.028
7426,25235,Macquarie Park-7426,2020-05-03T16:00:00+10:00,-33.765278,151.117806,o3,ppm,0.027
7426,25235,Macquarie Park-7426,2020-05-03T17:00:00+10:00,-33.765278,151.117806,o3,ppm,0.026
7426,25235,Macquarie Park-7426,2020-05-03T18:00:00+10:00,-33.765278,151.117806,o3,ppm,0.021
7426,25235,Macquarie Park-7426,2020-05-03T19:00:00+10:00,-33.765278,151.117806,o3,ppm,0.01
7426,25235,Macquarie Park-7426,2020-05-03T20:00:00+10:00,-33.765278,151.117806,o3,ppm,0.004
7426,25235,Macquarie Park-7426,2020-05-03T21:00:00+10:00,-33.765278,151.117806,o3,ppm,0.003
7426,21608,Macquarie Park-7426,2020-05-04T06:00:00+10:00,-33.765278,151.117806,pm10,µg/m³,6.3
7426,21608,Macquarie Park-7426,2020-05-04T07:00:00+10:00,-33.765278,151.117806,pm10,µg/m³,8.6
7426,21608,Macquarie Park-7426,2020-05-04T08:00:00+10:00,-33.765278,151.117806,pm10,µg/m³,22.1
7426,21608,Macquarie Park-7426,2020-05-04T10:00:00+10:00,-33.765278,151.117806,pm10,µg/m³,14.7
7426,21608,Macquarie Park-7426,2020-05-04T11:00:00+10:00,-33.765278,151.117806,pm10,µg/m³,19.8
7426,21608,Macquarie Park-7426,2020-05-04T12:00:00+10:00,-33.765278,151.117806,pm10,µg/m³,22.1
7426,21608,Macquarie Park-7426,2020-05-04T15:00:00+10:00,-33.765278,151.117806,pm10,µg/m³,20.0
7426,21608,Macquarie Park-7426,2020-05-04T16:00:00+10:00,-33.765278,151.117806,pm10,µg/m³,19.1
7426,21608,Macquarie Park-7426,2020-05-04T17:00:00+10:00,-33.765278,151.117806,pm10,µg/m³,14.7
7426,21608,Macquarie Park-7426,2020-05-04T18:00:00+10:00,-33.765278,151.117806,pm10,µg/m³,10.5
7426,21608,Macquarie Park-7426,2020-05-04T21:00:00+10:00,-33.765278,151.117806,pm10,µg/m³,15.4
7426,21608,Macquarie Park-7426,2020-05-04T22:00:00+10:00,-33.765278,151.117806,pm10,µg/m³,13.5
7426,21608,Macquarie Park-7426,2020-05-04T23:00:00+10:00,-33.765278,151.117806,pm10,µg/m³,8.4
7426,21609,Macquarie Park-7426,2020-05-04T06:00:00+10:00,-33.765278,151.117806,pm25,µg/m³,8.6
7426,21609,Macquarie Park-7426,2020-05-04T07:00:00+10:00,-33.765278,151.117806,pm25,µg/m³,6.8
7426,21609,Macquarie Park-7426,2020-05-04T08:00:00+10:00,-33.765278,151.117806,pm25,µg/m³,5.3
7426,21609,Macquarie Park-7426,2020-05-04T10:00:00+10:00,-33.765278,151.117806,pm25,µg/m³,6.1
7426,21609,Macquarie Park-7426,2020-05-04T11:00:00+10:00,-33.765278,151.117806,pm25,µg/m³,6.9
7426,21609,Macquarie Park-7426,2020-05-04T12:00:00+10:00,-33.765278,151.117806,pm25,µg/m³,7.1
7426,21609,Macquarie Park-7426,2020-05-04T15:00:00+10:00,-33.765278,151.117806,pm25,µg/m³,9.5
7426,21609,Macquarie Park-7426,2020-05-04T16:00:00+10:00,-33.765278,151.117806,pm25,µg/m³,7.8
7426,21609,Macquarie Park-7426,2020-05-04T17:00:00+10:00,-33.765278,151.117806,pm25,µg/m³,9.3
7426,21609,Macquarie Park-7426,2020-05-04T18:00:00+10:00,-33.765278,151.117806,pm25,µg/m³,3.5
7426,21609,Macquarie Park-7426,2020-05-04T21:00:00+10:00,-33.765278,151.117806,pm25,µg/m³,0.0
7426,21609,Macquarie Park-7426,2020-05-04T22:00:00+10:00,-33.765278,151.117806,pm25,µg/m³,0.0
7426,21609,Macquarie Park-7426,2020-05-04T23:00:00+10:00,-33.765278,151.117806,pm25,µg/m³,5.4
7426,25234,Macquarie Park-7426,2020-05-04T06:00:00+10:00,-33.765278,151.117806,no2,ppm,0.003
7426,25234,Macquarie Park-7426,2020-05-04T07:00:00+10:00,-33.765278,151.117806,no2,ppm,0.004
7426,25234,Macquarie Park-7426,2020-05-04T08:00:00+10:00,-33.765278,151.117806,no2,ppm,0.005
7426,25234,Macquarie Park-7426,2020-05-04T10:00:00+10:00,-33.765278,151.117806,no2,ppm,0.014
7426,25234,Macquarie Park-7426,2020-05-04T11:00:00+10:00,-33.765278,151.117806,no2,ppm,0.01
7426,25234,Macquarie Park-7426,2020-05-04T12:00:00+10:00,-33.765278,151.117806,no2,ppm,0.007
7426,25234,Macquarie Park-7426,2020-05-04T16:00:00+10:00,-33.765278,151.117806,no2,ppm,0.004
7426,25234,Macquarie Park-7426,2020-05-04T17:00:00+10:00,-33.765278,151.117806,no2,ppm,0.004
7426,25234,Macquarie Park-7426,2020-05-04T18:00:00+10:00,-33.765278,151.117806,no2,ppm,0.007
7426,25234,Macquarie Park-7426,2020-05-04T21:00:00+10:00,-33.765278,151.117806,no2,ppm,0.008
7426,25234,Macquarie Park-7426,2020-05-04T22:00:00+10:00,-33.765278,151.117806,no2,ppm,0.008
7426,25234,Macquarie Park-7426,2020-05-04T23:00:00+10:00,-33.765278,151.117806,no2,ppm,0.011
7426,28467,Macquarie Park-7426,2020-05-04T06:00:00+10:00,-33.765278,151.117806,co,ppm,0.4
7426,28467,Macquarie Park-7426,2020-05-04T07:00:00+10:00,-33.765278,151.117806,co,ppm,0.4
7426,28467,Macquarie Park-7426,2020-05-04T08:00:00+10:00,-33.765278,151.117806,co,ppm,0.3
7426,28467,Macquarie Park-7426,2020-05-04T10:00:00+10:00,-33.765278,151.117806,co,ppm,0.3
7426,28467,Macquarie Park-7426,2020-05-04T11:00:00+10:00,-33.765278,151.117806,co,ppm,0.3
7426,28467,Macquarie Park-7426,2020-05-04T12:00:00+10:00,-33.765278,151.117806,co,ppm,0.2
7426,28467,Macquarie Park-7426,2020-05-04T15:00:00+10:00,-33.765278,151.117806,co,ppm,0.2
7426,28467,Macquarie Park-7426,2020-05-04T16:00:00+10:00,-33.765278,151.117806,co,ppm,0.2
7426,28467,Macquarie Park-7426,2020-05-04T17:00:00+10:00,-33.765278,151.117806,co,ppm,0.2
7426,28467,Macquarie Park-7426,2020-05-04T18:00:00+10:00,-33.765278,151.117806,co,ppm,0.2
7426,28467,Macquarie Park-7426,2020-05-04T21:00:00+10:00,-33.765278,151.117806,co,ppm,0.2
7426,28467,Macquarie Park-7426,2020-05-04T22:00:00+10:00,-33.765278,151.117806,co,ppm,0.2
7426,28467,Macquarie Park-7426,2020-05-04T23:00:00+10:00,-33.765278,151.117806,co,ppm,0.2
7426,25237,Macquarie Park-7426,2020-05-04T06:00:00+10:00,-33.765278,151.117806,so2,ppm,0.0
7426,25237,Macquarie Park-7426,2020-05-04T07:00:00+10:00,-33.765278,151.117806,so2,ppm,0.0
7426,25237,Macquarie Park-7426,2020-05-04T08:00:00+10:00,-33.765278,151.117806,so2,ppm,0.0
7426,25237,Macquarie Park-7426,2020-05-04T10:00:00+10:00,-33.765278,151.117806,so2,ppm,0.001
7426,25237,Macquarie Park-7426,2020-05-04T11:00:00+10:00,-33.765278,151.117806,so2,ppm,0.001
7426,25237,Macquarie Park-7426,2020-05-04T12:00:00+10:00,-33.765278,151.117806,so2,ppm,0.001
7426,25237,Macquarie Park-7426,2020-05-04T16:00:00+10:00,-33.765278,151.117806,so2,ppm,0.0
7426,25237,Macquarie Park-7426,2020-05-04T17:00:00+10:00,-33.765278,151.117806,so2,ppm,0.0
7426,25237,Macquarie Park-7426,2020-05-04T18:00:00+10:00,-33.765278,151.117806,so2,ppm,0.0
7426,25237,Macquarie Park-7426,2020-05-04T21:00:00+10:00,-33.765278,151.117806,so2,ppm,0.0
7426,25237,Macquarie Park-7426,2020-05-04T22:00:00+10:00,-33.765278,151.117806,so2,ppm,0.0
7426,25237,Macquarie Park-7426,2020-05-04T23:00:00+10:00,-33.765278,151.117806,so2,ppm,0.0
7426,25235,Macquarie Park-7426,2020-05-04T06:00:00+10:00,-33.765278,151.117806,o3,ppm,0.001
7426,25235,Macquarie Park-7426,2020-05-04T07:00:00+10:00,-33.765278,151.117806,o3,ppm,0.001
7426,25235,Macquarie Park-7426,2020-05-04T08:00:00+10:00,-33.765278,151.117806,o3,ppm,0.002
7426,25235,Macquarie Park-7426,2020-05-04T10:00:00+10:00,-33.765278,151.117806,o3,ppm,0.008
7426,25235,Macquarie Park-7426,2020-05-04T11:00:00+10:00,-33.765278,151.117806,o3,ppm,0.013
7426,25235,Macquarie Park-7426,2020-05-04T12:00:00+10:00,-33.765278,151.117806,o3,ppm,0.019
7426,25235,Macquarie Park-7426,2020-05-04T15:00:00+10:00,-33.765278,151.117806,o3,ppm,0.022
7426,25235,Macquarie Park-7426,2020-05-04T17:00:00+10:00,-33.765278,151.117806,o3,ppm,0.023
7426,25235,Macquarie Park-7426,2020-05-04T18:00:00+10:00,-33.765278,151.117806,o3,ppm,0.021
7426,25235,Macquarie Park-7426,2020-05-04T21:00:00+10:00,-33.765278,151.117806,o3,ppm,0.006
7426,25235,Macquarie Park-7426,2020-05-04T22:00:00+10:00,-33.765278,151.117806,o3,ppm,0.005
7426,25235,Macquarie Park-7426,2020-05-04T23:00:00+10:00,-33.765278,151.117806,o3,ppm,0.01
7426,21608,Macquarie Park-7426,2020-05-05T01:00:00+10:00,-33.765278,151.117806,pm10,µg/m³,12.2
7426,21608,Macquarie Park-7426,2020-05-05T02:00:00+10:00,-33.765278,151.117806,pm10,µg/m³,12.7
7426,21608,Macquarie Park-7426,2020-05-05T03:00:00+10:00,-33.765278,151.117806,pm10,µg/m³,17.0
7426,21608,Macquarie Park-7426,2020-05-05T04:00:00+10:00,-33.765278,151.117806,pm10,µg/m³,12.9
7426,21608,Macquarie Park-7426,2020-05-05T06:00:00+10:00,-33.765278,151.117806,pm10,µg/m³,11.3
7426,21608,Macquarie Park-7426,2020-05-05T07:00:00+10:00,-33.765278,151.117806,pm10,µg/m³,10.1
7426,21608,Macquarie Park-7426,2020-05-05T08:00:00+10:00,-33.765278,151.117806,pm10,µg/m³,12.6
7426,21608,Macquarie Park-7426,2020-05-05T09:00:00+10:00,-33.765278,151.117806,pm10,µg/m³,13.4
7426,21608,Macquarie Park-7426,2020-05-05T10:00:00+10:00,-33.765278,151.117806,pm10,µg/m³,14.1
7426,21608,Macquarie Park-7426,2020-05-05T11:00:00+10:00,-33.765278,151.117806,pm10,µg/m³,17.4
7426,21608,Macquarie Park-7426,2020-05-05T12:00:00+10:00,-33.765278,151.117806,pm10,µg/m³,12.9
7426,21608,Macquarie Park-7426,2020-05-05T13:00:00+10:00,-33.765278,151.117806,pm10,µg/m³,7.6
7426,21608,Macquarie Park-7426,2020-05-05T14:00:00+10:00,-33.765278,151.117806,pm10,µg/m³,11.6
7426,21608,Macquarie Park-7426,2020-05-05T15:00:00+10:00,-33.765278,151.117806,pm10,µg/m³,13.0
7426,21608,Macquarie Park-7426,2020-05-05T16:00:00+10:00,-33.765278,151.117806,pm10,µg/m³,12.5
7426,21608,Macquarie Park-7426,2020-05-05T17:00:00+10:00,-33.765278,151.117806,pm10,µg/m³,14.3
7426,21608,Macquarie Park-7426,2020-05-05T18:00:00+10:00,-33.765278,151.117806,pm10,µg/m³,13.2
7426,21608,Macquarie Park-7426,2020-05-05T19:00:00+10:00,-33.765278,151.117806,pm10,µg/m³,10.9
7426,21608,Macquarie Park-7426,2020-05-05T20:00:00+10:00,-33.765278,151.117806,pm10,µg/m³,8.2
7426,21608,Macquarie Park-7426,2020-05-05T22:00:00+10:00,-33.765278,151.117806,pm10,µg/m³,11.1
7426,21608,Macquarie Park-7426,2020-05-05T23:00:00+10:00,-33.765278,151.117806,pm10,µg/m³,11.7
7426,21609,Macquarie Park-7426,2020-05-05T01:00:00+10:00,-33.765278,151.117806,pm25,µg/m³,4.3
7426,21609,Macquarie Park-7426,2020-05-05T02:00:00+10:00,-33.765278,151.117806,pm25,µg/m³,6.1
7426,21609,Macquarie Park-7426,2020-05-05T03:00:00+10:00,-33.765278,151.117806,pm25,µg/m³,4.5
7426,21609,Macquarie Park-7426,2020-05-05T04:00:00+10:00,-33.765278,151.117806,pm25,µg/m³,3.3
7426,21609,Macquarie Park-7426,2020-05-05T06:00:00+10:00,-33.765278,151.117806,pm25,µg/m³,2.8
7426,21609,Macquarie Park-7426,2020-05-05T07:00:00+10:00,-33.765278,151.117806,pm25,µg/m³,6.8
7426,21609,Macquarie Park-7426,2020-05-05T08:00:00+10:00,-33.765278,151.117806,pm25,µg/m³,2.3
7426,21609,Macquarie Park-7426,2020-05-05T09:00:00+10:00,-33.765278,151.117806,pm25,µg/m³,6.6
7426,21609,Macquarie Park-7426,2020-05-05T10:00:00+10:00,-33.765278,151.117806,pm25,µg/m³,4.3
7426,21609,Macquarie Park-7426,2020-05-05T11:00:00+10:00,-33.765278,151.117806,pm25,µg/m³,0.0
7426,21609,Macquarie Park-7426,2020-05-05T12:00:00+10:00,-33.765278,151.117806,pm25,µg/m³,0.4
7426,21609,Macquarie Park-7426,2020-05-05T13:00:00+10:00,-33.765278,151.117806,pm25,µg/m³,2.8
7426,21609,Macquarie Park-7426,2020-05-05T14:00:00+10:00,-33.765278,151.117806,pm25,µg/m³,5.2
7426,21609,Macquarie Park-7426,2020-05-05T15:00:00+10:00,-33.765278,151.117806,pm25,µg/m³,1.3
7426,21609,Macquarie Park-7426,2020-05-05T16:00:00+10:00,-33.765278,151.117806,pm25,µg/m³,6.1
7426,21609,Macquarie Park-7426,2020-05-05T17:00:00+10:00,-33.765278,151.117806,pm25,µg/m³,6.5
7426,21609,Macquarie Park-7426,2020-05-05T18:00:00+10:00,-33.765278,151.117806,pm25,µg/m³,7.7
7426,21609,Macquarie Park-7426,2020-05-05T19:00:00+10:00,-33.765278,151.117806,pm25,µg/m³,1.7
7426,21609,Macquarie Park-7426,2020-05-05T20:00:00+10:00,-33.765278,151.117806,pm25,µg/m³,5.1
7426,21609,Macquarie Park-7426,2020-05-05T22:00:00+10:00,-33.765278,151.117806,pm25,µg/m³,12.8
7426,21609,Macquarie Park-7426,2020-05-05T23:00:00+10:00,-33.765278,151.117806,pm25,µg/m³,9.7
7426,25234,Macquarie Park-7426,2020-05-05T01:00:00+10:00,-33.765278,151.117806,no2,ppm,0.01
7426,25234,Macquarie Park-7426,2020-05-05T03:00:00+10:00,-33.765278,151.117806,no2,ppm,0.007
7426,25234,Macquarie Park-7426,2020-05-05T04:00:00+10:00,-33.765278,151.117806,no2,ppm,0.006
7426,25234,Macquarie Park-7426,2020-05-05T06:00:00+10:00,-33.765278,151.117806,no2,ppm,0.004
7426,25234,Macquarie Park-7426,2020-05-05T07:00:00+10:00,-33.765278,151.117806,no2,ppm,0.006
7426,25234,Macquarie Park-7426,2020-05-05T08:00:00+10:00,-33.765278,151.117806,no2,ppm,0.011
7426,25234,Macquarie Park-7426,2020-05-05T09:00:00+10:00,-33.765278,151.117806,no2,ppm,0.014
7426,25234,Macquarie Park-7426,2020-05-05T10:00:00+10:00,-33.765278,151.117806,no2,ppm,0.011
7426,25234,Macquarie Park-7426,2020-05-05T11:00:00+10:00,-33.765278,151.117806,no2,ppm,0.008
7426,25234,Macquarie Park-7426,2020-05-05T12:00:00+10:00,-33.765278,151.117806,no2,ppm,0.004
7426,25234,Macquarie Park-7426,2020-05-05T13:00:00+10:00,-33.765278,151.117806,no2,ppm,0.002
7426,25234,Macquarie Park-7426,2020-05-05T14:00:00+10:00,-33.765278,151.117806,no2,ppm,0.002
7426,25234,Macquarie Park-7426,2020-05-05T15:00:00+10:00,-33.765278,151.117806,no2,ppm,0.002
7426,25234,Macquarie Park-7426,2020-05-05T16:00:00+10:00,-33.765278,151.117806,no2,ppm,0.004
7426,25234,Macquarie Park-7426,2020-05-05T17:00:00+10:00,-33.765278,151.117806,no2,ppm,0.006
7426,25234,Macquarie Park-7426,2020-05-05T18:00:00+10:00,-33.765278,151.117806,no2,ppm,0.008
7426,25234,Macquarie Park-7426,2020-05-05T19:00:00+10:00,-33.765278,151.117806,no2,ppm,0.009
7426,25234,Macquarie Park-7426,2020-05-05T20:00:00+10:00,-33.765278,151.117806,no2,ppm,0.007
7426,25234,Macquarie Park-7426,2020-05-05T22:00:00+10:00,-33.765278,151.117806,no2,ppm,0.005
7426,25234,Macquarie Park-7426,2020-05-05T23:00:00+10:00,-33.765278,151.117806,no2,ppm,0.007
7426,28467,Macquarie Park-7426,2020-05-05T01:00:00+10:00,-33.765278,151.117806,co,ppm,0.2
7426,28467,Macquarie Park-7426,2020-05-05T02:00:00+10:00,-33.765278,151.117806,co,ppm,0.2
7426,28467,Macquarie Park-7426,2020-05-05T03:00:00+10:00,-33.765278,151.117806,co,ppm,0.2
7426,28467,Macquarie Park-7426,2020-05-05T04:00:00+10:00,-33.765278,151.117806,co,ppm,0.2
7426,28467,Macquarie Park-7426,2020-05-05T06:00:00+10:00,-33.765278,151.117806,co,ppm,0.2
7426,28467,Macquarie Park-7426,2020-05-05T07:00:00+10:00,-33.765278,151.117806,co,ppm,0.2
7426,28467,Macquarie Park-7426,2020-05-05T08:00:00+10:00,-33.765278,151.117806,co,ppm,0.2
7426,28467,Macquarie Park-7426,2020-05-05T09:00:00+10:00,-33.765278,151.117806,co,ppm,0.2
7426,28467,Macquarie Park-7426,2020-05-05T10:00:00+10:00,-33.765278,151.117806,co,ppm,0.2
7426,28467,Macquarie Park-7426,2020-05-05T11:00:00+10:00,-33.765278,151.117806,co,ppm,0.2
7426,28467,Macquarie Park-7426,2020-05-05T12:00:00+10:00,-33.765278,151.117806,co,ppm,0.2
7426,28467,Macquarie Park-7426,2020-05-05T13:00:00+10:00,-33.765278,151.117806,co,ppm,0.2
7426,28467,Macquarie Park-7426,2020-05-05T14:00:00+10:00,-33.765278,151.117806,co,ppm,0.2
7426,28467,Macquarie Park-7426,2020-05-05T15:00:00+10:00,-33.765278,151.117806,co,ppm,0.2
7426,28467,Macquarie Park-7426,2020-05-05T16:00:00+10:00,-33.765278,151.117806,co,ppm,0.2
7426,28467,Macquarie Park-7426,2020-05-05T17:00:00+10:00,-33.765278,151.117806,co,ppm,0.2
7426,28467,Macquarie Park-7426,2020-05-05T18:00:00+10:00,-33.765278,151.117806,co,ppm,0.2
7426,28467,Macquarie Park-7426,2020-05-05T19:00:00+10:00,-33.765278,151.117806,co,ppm,0.2
7426,28467,Macquarie Park-7426,2020-05-05T20:00:00+10:00,-33.765278,151.117806,co,ppm,0.2
7426,28467,Macquarie Park-7426,2020-05-05T22:00:00+10:00,-33.765278,151.117806,co,ppm,0.3
7426,28467,Macquarie Park-7426,2020-05-05T23:00:00+10:00,-33.765278,151.117806,co,ppm,0.3
7426,25237,Macquarie Park-7426,2020-05-05T01:00:00+10:00,-33.765278,151.117806,so2,ppm,0.0
7426,25237,Macquarie Park-7426,2020-05-05T03:00:00+10:00,-33.765278,151.117806,so2,ppm,0.0
7426,25237,Macquarie Park-7426,2020-05-05T04:00:00+10:00,-33.765278,151.117806,so2,ppm,0.0
7426,25237,Macquarie Park-7426,2020-05-05T06:00:00+10:00,-33.765278,151.117806,so2,ppm,0.0
7426,25237,Macquarie Park-7426,2020-05-05T07:00:00+10:00,-33.765278,151.117806,so2,ppm,0.0
7426,25237,Macquarie Park-7426,2020-05-05T08:00:00+10:00,-33.765278,151.117806,so2,ppm,0.0
7426,25237,Macquarie Park-7426,2020-05-05T09:00:00+10:00,-33.765278,151.117806,so2,ppm,0.0
7426,25237,Macquarie Park-7426,2020-05-05T10:00:00+10:00,-33.765278,151.117806,so2,ppm,0.0
7426,25237,Macquarie Park-7426,2020-05-05T11:00:00+10:00,-33.765278,151.117806,so2,ppm,0.0
7426,25237,Macquarie Park-7426,2020-05-05T12:00:00+10:00,-33.765278,151.117806,so2,ppm,0.0
7426,25237,Macquarie Park-7426,2020-05-05T13:00:00+10:00,-33.765278,151.117806,so2,ppm,0.0
7426,25237,Macquarie Park-7426,2020-05-05T14:00:00+10:00,-33.765278,151.117806,so2,ppm,0.0
7426,25237,Macquarie Park-7426,2020-05-05T15:00:00+10:00,-33.765278,151.117806,so2,ppm,0.0
7426,25237,Macquarie Park-7426,2020-05-05T16:00:00+10:00,-33.765278,151.117806,so2,ppm,0.0
7426,25237,Macquarie Park-7426,2020-05-05T17:00:00+10:00,-33.765278,151.117806,so2,ppm,0.0
7426,25237,Macquarie Park-7426,2020-05-05T18:00:00+10:00,-33.765278,151.117806,so2,ppm,0.0
7426,25237,Macquarie Park-7426,2020-05-05T19:00:00+10:00,-33.765278,151.117806,so2,ppm,0.0
7426,25237,Macquarie Park-7426,2020-05-05T20:00:00+10:00,-33.765278,151.117806,so2,ppm,0.0
7426,25237,Macquarie Park-7426,2020-05-05T22:00:00+10:00,-33.765278,151.117806,so2,ppm,0.0
7426,25237,Macquarie Park-7426,2020-05-05T23:00:00+10:00,-33.765278,151.117806,so2,ppm,0.0
7426,25235,Macquarie Park-7426,2020-05-05T01:00:00+10:00,-33.765278,151.117806,o3,ppm,0.007
7426,25235,Macquarie Park-7426,2020-05-05T02:00:00+10:00,-33.765278,151.117806,o3,ppm,0.009
7426,25235,Macquarie Park-7426,2020-05-05T03:00:00+10:00,-33.765278,151.117806,o3,ppm,0.01
7426,25235,Macquarie Park-7426,2020-05-05T04:00:00+10:00,-33.765278,151.117806,o3,ppm,0.01
7426,25235,Macquarie Park-7426,2020-05-05T06:00:00+10:00,-33.765278,151.117806,o3,ppm,0.008
7426,25235,Macquarie Park-7426,2020-05-05T07:00:00+10:00,-33.765278,151.117806,o3,ppm,0.006
7426,25235,Macquarie Park-7426,2020-05-05T08:00:00+10:00,-33.765278,151.117806,o3,ppm,0.004
7426,25235,Macquarie Park-7426,2020-05-05T09:00:00+10:00,-33.765278,151.117806,o3,ppm,0.003
7426,25235,Macquarie Park-7426,2020-05-05T10:00:00+10:00,-33.765278,151.117806,o3,ppm,0.01
7426,25235,Macquarie Park-7426,2020-05-05T11:00:00+10:00,-33.765278,151.117806,o3,ppm,0.013
7426,25235,Macquarie Park-7426,2020-05-05T12:00:00+10:00,-33.765278,151.117806,o3,ppm,0.019
7426,25235,Macquarie Park-7426,2020-05-05T13:00:00+10:00,-33.765278,151.117806,o3,ppm,0.022
7426,25235,Macquarie Park-7426,2020-05-05T14:00:00+10:00,-33.765278,151.117806,o3,ppm,0.022
7426,25235,Macquarie Park-7426,2020-05-05T15:00:00+10:00,-33.765278,151.117806,o3,ppm,0.022
7426,25235,Macquarie Park-7426,2020-05-05T16:00:00+10:00,-33.765278,151.117806,o3,ppm,0.02
7426,25235,Macquarie Park-7426,2020-05-05T17:00:00+10:00,-33.765278,151.117806,o3,ppm,0.017
7426,25235,Macquarie Park-7426,2020-05-05T18:00:00+10:00,-33.765278,151.117806,o3,ppm,0.01
7426,25235,Macquarie Park-7426,2020-05-05T19:00:00+10:00,-33.765278,151.117806,o3,ppm,0.002
7426,25235,Macquarie Park-7426,2020-05-05T20:00:00+10:00,-33.765278,151.117806,o3,ppm,0.001
7426,25235,Macquarie Park-7426,2020-05-05T22:00:00+10:00,-33.765278,151.117806,o3,ppm,0.0
7426,25235,Macquarie Park-7426,2020-05-05T23:00:00+10:00,-33.765278,151.117806,o3,ppm,0.0
7426,21608,Macquarie Park-7426,2020-05-06T01:00:00+10:00,-33.765278,151.117806,pm10,µg/m³,10.6
7426,21608,Macquarie Park-7426,2020-05-06T02:00:00+10:00,-33.765278,151.117806,pm10,µg/m³,9.4
7426,21608,Macquarie Park-7426,2020-05-06T03:00:00+10:00,-33.765278,151.117806,pm10,µg/m³,9.8
7426,21608,Macquarie Park-7426,2020-05-06T04:00:00+10:00,-33.765278,151.117806,pm10,µg/m³,8.3
7426,21608,Macquarie Park-7426,2020-05-06T05:00:00+10:00,-33.765278,151.117806,pm10,µg/m³,7.9
7426,21608,Macquarie Park-7426,2020-05-06T06:00:00+10:00,-33.765278,151.117806,pm10,µg/m³,5.9
7426,21608,Macquarie Park-7426,2020-05-06T07:00:00+10:00,-33.765278,151.117806,pm10,µg/m³,7.3
7426,21608,Macquarie Park-7426,2020-05-06T08:00:00+10:00,-33.765278,151.117806,pm10,µg/m³,20.8
7426,21608,Macquarie Park-7426,2020-05-06T09:00:00+10:00,-33.765278,151.117806,pm10,µg/m³,52.3
7426,21608,Macquarie Park-7426,2020-05-06T10:00:00+10:00,-33.765278,151.117806,pm10,µg/m³,8.5
7426,21608,Macquarie Park-7426,2020-05-06T11:00:00+10:00,-33.765278,151.117806,pm10,µg/m³,0.0
7426,21608,Macquarie Park-7426,2020-05-06T12:00:00+10:00,-33.765278,151.117806,pm10,µg/m³,0.0
7426,21608,Macquarie Park-7426,2020-05-06T13:00:00+10:00,-33.765278,151.117806,pm10,µg/m³,0.0
7426,21608,Macquarie Park-7426,2020-05-06T14:00:00+10:00,-33.765278,151.117806,pm10,µg/m³,0.0
7426,21608,Macquarie Park-7426,2020-05-06T15:00:00+10:00,-33.765278,151.117806,pm10,µg/m³,4.6
7426,21608,Macquarie Park-7426,2020-05-06T16:00:00+10:00,-33.765278,151.117806,pm10,µg/m³,7.1
7426,21608,Macquarie Park-7426,2020-05-06T17:00:00+10:00,-33.765278,151.117806,pm10,µg/m³,11.8
7426,21608,Macquarie Park-7426,2020-05-06T18:00:00+10:00,-33.765278,151.117806,pm10,µg/m³,16.6
7426,21608,Macquarie Park-7426,2020-05-06T19:00:00+10:00,-33.765278,151.117806,pm10,µg/m³,13.0
7426,21608,Macquarie Park-7426,2020-05-06T20:00:00+10:00,-33.765278,151.117806,pm10,µg/m³,9.2
7426,21608,Macquarie Park-7426,2020-05-06T21:00:00+10:00,-33.765278,151.117806,pm10,µg/m³,8.8
7426,21608,Macquarie Park-7426,2020-05-06T22:00:00+10:00,-33.765278,151.117806,pm10,µg/m³,13.6
7426,21608,Macquarie Park-7426,2020-05-06T23:00:00+10:00,-33.765278,151.117806,pm10,µg/m³,9.0
7426,21609,Macquarie Park-7426,2020-05-06T01:00:00+10:00,-33.765278,151.117806,pm25,µg/m³,14.5
7426,21609,Macquarie Park-7426,2020-05-06T02:00:00+10:00,-33.765278,151.117806,pm25,µg/m³,15.3
7426,21609,Macquarie Park-7426,2020-05-06T03:00:00+10:00,-33.765278,151.117806,pm25,µg/m³,11.8
7426,21609,Macquarie Park-7426,2020-05-06T04:00:00+10:00,-33.765278,151.117806,pm25,µg/m³,11.4
7426,21609,Macquarie Park-7426,2020-05-06T05:00:00+10:00,-33.765278,151.117806,pm25,µg/m³,5.7
7426,21609,Macquarie Park-7426,2020-05-06T06:00:00+10:00,-33.765278,151.117806,pm25,µg/m³,5.6
7426,21609,Macquarie Park-7426,2020-05-06T07:00:00+10:00,-33.765278,151.117806,pm25,µg/m³,7.4
7426,21609,Macquarie Park-7426,2020-05-06T08:00:00+10:00,-33.765278,151.117806,pm25,µg/m³,9.3
7426,21609,Macquarie Park-7426,2020-05-06T10:00:00+10:00,-33.765278,151.117806,pm25,µg/m³,0.2
7426,21609,Macquarie Park-7426,2020-05-06T11:00:00+10:00,-33.765278,151.117806,pm25,µg/m³,0.0
7426,21609,Macquarie Park-7426,2020-05-06T12:00:00+10:00,-33.765278,151.117806,pm25,µg/m³,2.1
7426,21609,Macquarie Park-7426,2020-05-06T13:00:00+10:00,-33.765278,151.117806,pm25,µg/m³,3.6
7426,21609,Macquarie Park-7426,2020-05-06T14:00:00+10:00,-33.765278,151.117806,pm25,µg/m³,10.8
7426,21609,Macquarie Park-7426,2020-05-06T15:00:00+10:00,-33.765278,151.117806,pm25,µg/m³,6.0
7426,21609,Macquarie Park-7426,2020-05-06T16:00:00+10:00,-33.765278,151.117806,pm25,µg/m³,4.0
7426,21609,Macquarie Park-7426,2020-05-06T17:00:00+10:00,-33.765278,151.117806,pm25,µg/m³,0.0
7426,21609,Macquarie Park-7426,2020-05-06T18:00:00+10:00,-33.765278,151.117806,pm25,µg/m³,0.0
7426,21609,Macquarie Park-7426,2020-05-06T19:00:00+10:00,-33.765278,151.117806,pm25,µg/m³,5.6
7426,21609,Macquarie Park-7426,2020-05-06T20:00:00+10:00,-33.765278,151.117806,pm25,µg/m³,8.3
7426,21609,Macquarie Park-7426,2020-05-06T21:00:00+10:00,-33.765278,151.117806,pm25,µg/m³,15.6
7426,21609,Macquarie Park-7426,2020-05-06T22:00:00+10:00,-33.765278,151.117806,pm25,µg/m³,20.3
7426,21609,Macquarie Park-7426,2020-05-06T23:00:00+10:00,-33.765278,151.117806,pm25,µg/m³,14.9
7426,25234,Macquarie Park-7426,2020-05-06T01:00:00+10:00,-33.765278,151.117806,no2,ppm,0.004
7426,25234,Macquarie Park-7426,2020-05-06T03:00:00+10:00,-33.765278,151.117806,no2,ppm,0.002
7426,25234,Macquarie Park-7426,2020-05-06T04:00:00+10:00,-33.765278,151.117806,no2,ppm,0.003
7426,25234,Macquarie Park-7426,2020-05-06T05:00:00+10:00,-33.765278,151.117806,no2,ppm,0.002
7426,25234,Macquarie Park-7426,2020-05-06T06:00:00+10:00,-33.765278,151.117806,no2,ppm,0.003
7426,25234,Macquarie Park-7426,2020-05-06T07:00:00+10:00,-33.765278,151.117806,no2,ppm,0.003
7426,25234,Macquarie Park-7426,2020-05-06T08:00:00+10:00,-33.765278,151.117806,no2,ppm,0.003
7426,25234,Macquarie Park-7426,2020-05-06T09:00:00+10:00,-33.765278,151.117806,no2,ppm,0.009
7426,25234,Macquarie Park-7426,2020-05-06T10:00:00+10:00,-33.765278,151.117806,no2,ppm,0.013
7426,25234,Macquarie Park-7426,2020-05-06T11:00:00+10:00,-33.765278,151.117806,no2,ppm,0.006
7426,25234,Macquarie Park-7426,2020-05-06T12:00:00+10:00,-33.765278,151.117806,no2,ppm,0.002
7426,25234,Macquarie Park-7426,2020-05-06T13:00:00+10:00,-33.765278,151.117806,no2,ppm,0.002
7426,25234,Macquarie Park-7426,2020-05-06T14:00:00+10:00,-33.765278,151.117806,no2,ppm,0.001
7426,25234,Macquarie Park-7426,2020-05-06T15:00:00+10:00,-33.765278,151.117806,no2,ppm,0.0
7426,25234,Macquarie Park-7426,2020-05-06T16:00:00+10:00,-33.765278,151.117806,no2,ppm,0.001
7426,25234,Macquarie Park-7426,2020-05-06T17:00:00+10:00,-33.765278,151.117806,no2,ppm,0.002
7426,25234,Macquarie Park-7426,2020-05-06T18:00:00+10:00,-33.765278,151.117806,no2,ppm,0.009
7426,25234,Macquarie Park-7426,2020-05-06T19:00:00+10:00,-33.765278,151.117806,no2,ppm,0.012
7426,25234,Macquarie Park-7426,2020-05-06T20:00:00+10:00,-33.765278,151.117806,no2,ppm,0.01
7426,25234,Macquarie Park-7426,2020-05-06T21:00:00+10:00,-33.765278,151.117806,no2,ppm,0.009
7426,25234,Macquarie Park-7426,2020-05-06T22:00:00+10:00,-33.765278,151.117806,no2,ppm,0.008
7426,25234,Macquarie Park-7426,2020-05-06T23:00:00+10:00,-33.765278,151.117806,no2,ppm,0.009
7426,28467,Macquarie Park-7426,2020-05-06T01:00:00+10:00,-33.765278,151.117806,co,ppm,0.4
7426,28467,Macquarie Park-7426,2020-05-06T02:00:00+10:00,-33.765278,151.117806,co,ppm,0.4
7426,28467,Macquarie Park-7426,2020-05-06T03:00:00+10:00,-33.765278,151.117806,co,ppm,0.4
7426,28467,Macquarie Park-7426,2020-05-06T04:00:00+10:00,-33.765278,151.117806,co,ppm,0.4
7426,28467,Macquarie Park-7426,2020-05-06T05:00:00+10:00,-33.765278,151.117806,co,ppm,0.4
7426,28467,Macquarie Park-7426,2020-05-06T06:00:00+10:00,-33.765278,151.117806,co,ppm,0.4
7426,28467,Macquarie Park-7426,2020-05-06T07:00:00+10:00,-33.765278,151.117806,co,ppm,0.4
7426,28467,Macquarie Park-7426,2020-05-06T08:00:00+10:00,-33.765278,151.117806,co,ppm,0.4
7426,28467,Macquarie Park-7426,2020-05-06T09:00:00+10:00,-33.765278,151.117806,co,ppm,0.4
7426,28467,Macquarie Park-7426,2020-05-06T10:00:00+10:00,-33.765278,151.117806,co,ppm,0.4
7426,28467,Macquarie Park-7426,2020-05-06T11:00:00+10:00,-33.765278,151.117806,co,ppm,0.3
7426,28467,Macquarie Park-7426,2020-05-06T12:00:00+10:00,-33.765278,151.117806,co,ppm,0.3
7426,28467,Macquarie Park-7426,2020-05-06T13:00:00+10:00,-33.765278,151.117806,co,ppm,0.3
7426,28467,Macquarie Park-7426,2020-05-06T14:00:00+10:00,-33.765278,151.117806,co,ppm,0.3
7426,28467,Macquarie Park-7426,2020-05-06T15:00:00+10:00,-33.765278,151.117806,co,ppm,0.2
7426,28467,Macquarie Park-7426,2020-05-06T16:00:00+10:00,-33.765278,151.117806,co,ppm,0.2
7426,28467,Macquarie Park-7426,2020-05-06T17:00:00+10:00,-33.765278,151.117806,co,ppm,0.2
7426,28467,Macquarie Park-7426,2020-05-06T18:00:00+10:00,-33.765278,151.117806,co,ppm,0.2
7426,28467,Macquarie Park-7426,2020-05-06T19:00:00+10:00,-33.765278,151.117806,co,ppm,0.2
7426,28467,Macquarie Park-7426,2020-05-06T20:00:00+10:00,-33.765278,151.117806,co,ppm,0.2
7426,28467,Macquarie Park-7426,2020-05-06T21:00:00+10:00,-33.765278,151.117806,co,ppm,0.2
7426,28467,Macquarie Park-7426,2020-05-06T22:00:00+10:00,-33.765278,151.117806,co,ppm,0.3
7426,28467,Macquarie Park-7426,2020-05-06T23:00:00+10:00,-33.765278,151.117806,co,ppm,0.3
7426,25237,Macquarie Park-7426,2020-05-06T01:00:00+10:00,-33.765278,151.117806,so2,ppm,0.0
7426,25237,Macquarie Park-7426,2020-05-06T03:00:00+10:00,-33.765278,151.117806,so2,ppm,0.0
7426,25237,Macquarie Park-7426,2020-05-06T04:00:00+10:00,-33.765278,151.117806,so2,ppm,0.0
7426,25237,Macquarie Park-7426,2020-05-06T05:00:00+10:00,-33.765278,151.117806,so2,ppm,0.0
7426,25237,Macquarie Park-7426,2020-05-06T06:00:00+10:00,-33.765278,151.117806,so2,ppm,0.0
7426,25237,Macquarie Park-7426,2020-05-06T07:00:00+10:00,-33.765278,151.117806,so2,ppm,0.0
7426,25237,Macquarie Park-7426,2020-05-06T08:00:00+10:00,-33.765278,151.117806,so2,ppm,0.0
7426,25237,Macquarie Park-7426,2020-05-06T09:00:00+10:00,-33.765278,151.117806,so2,ppm,0.001
7426,25237,Macquarie Park-7426,2020-05-06T10:00:00+10:00,-33.765278,151.117806,so2,ppm,0.0
7426,25237,Macquarie Park-7426,2020-05-06T11:00:00+10:00,-33.765278,151.117806,so2,ppm,0.001
7426,25237,Macquarie Park-7426,2020-05-06T12:00:00+10:00,-33.765278,151.117806,so2,ppm,0.002
7426,25237,Macquarie Park-7426,2020-05-06T13:00:00+10:00,-33.765278,151.117806,so2,ppm,0.003
7426,25237,Macquarie Park-7426,2020-05-06T14:00:00+10:00,-33.765278,151.117806,so2,ppm,0.001
7426,25237,Macquarie Park-7426,2020-05-06T15:00:00+10:00,-33.765278,151.117806,so2,ppm,0.001
7426,25237,Macquarie Park-7426,2020-05-06T16:00:00+10:00,-33.765278,151.117806,so2,ppm,0.001
7426,25237,Macquarie Park-7426,2020-05-06T17:00:00+10:00,-33.765278,151.117806,so2,ppm,0.0
7426,25237,Macquarie Park-7426,2020-05-06T18:00:00+10:00,-33.765278,151.117806,so2,ppm,0.0
7426,25237,Macquarie Park-7426,2020-05-06T19:00:00+10:00,-33.765278,151.117806,so2,ppm,0.0
7426,25237,Macquarie Park-7426,2020-05-06T20:00:00+10:00,-33.765278,151.117806,so2,ppm,0.0
7426,25237,Macquarie Park-7426,2020-05-06T21:00:00+10:00,-33.765278,151.117806,so2,ppm,0.0
7426,25237,Macquarie Park-7426,2020-05-06T22:00:00+10:00,-33.765278,151.117806,so2,ppm,0.0
7426,25237,Macquarie Park-7426,2020-05-06T23:00:00+10:00,-33.765278,151.117806,so2,ppm,0.0
7426,25235,Macquarie Park-7426,2020-05-06T01:00:00+10:00,-33.765278,151.117806,o3,ppm,0.0
7426,25235,Macquarie Park-7426,2020-05-06T02:00:00+10:00,-33.765278,151.117806,o3,ppm,0.0
7426,25235,Macquarie Park-7426,2020-05-06T03:00:00+10:00,-33.765278,151.117806,o3,ppm,0.0
7426,25235,Macquarie Park-7426,2020-05-06T04:00:00+10:00,-33.765278,151.117806,o3,ppm,0.0
7426,25235,Macquarie Park-7426,2020-05-06T05:00:00+10:00,-33.765278,151.117806,o3,ppm,0.0
7426,25235,Macquarie Park-7426,2020-05-06T06:00:00+10:00,-33.765278,151.117806,o3,ppm,0.0
7426,25235,Macquarie Park-7426,2020-05-06T07:00:00+10:00,-33.765278,151.117806,o3,ppm,0.0
7426,25235,Macquarie Park-7426,2020-05-06T08:00:00+10:00,-33.765278,151.117806,o3,ppm,0.001
7426,25235,Macquarie Park-7426,2020-05-06T09:00:00+10:00,-33.765278,151.117806,o3,ppm,0.002
7426,25235,Macquarie Park-7426,2020-05-06T10:00:00+10:00,-33.765278,151.117806,o3,ppm,0.005
7426,25235,Macquarie Park-7426,2020-05-06T11:00:00+10:00,-33.765278,151.117806,o3,ppm,0.018
7426,25235,Macquarie Park-7426,2020-05-06T12:00:00+10:00,-33.765278,151.117806,o3,ppm,0.026
7426,25235,Macquarie Park-7426,2020-05-06T13:00:00+10:00,-33.765278,151.117806,o3,ppm,0.029
7426,25235,Macquarie Park-7426,2020-05-06T14:00:00+10:00,-33.765278,151.117806,o3,ppm,0.031
7426,25235,Macquarie Park-7426,2020-05-06T15:00:00+10:00,-33.765278,151.117806,o3,ppm,0.031
7426,25235,Macquarie Park-7426,2020-05-06T16:00:00+10:00,-33.765278,151.117806,o3,ppm,0.029
7426,25235,Macquarie Park-7426,2020-05-06T17:00:00+10:00,-33.765278,151.117806,o3,ppm,0.025
7426,25235,Macquarie Park-7426,2020-05-06T18:00:00+10:00,-33.765278,151.117806,o3,ppm,0.011
7426,25235,Macquarie Park-7426,2020-05-06T19:00:00+10:00,-33.765278,151.117806,o3,ppm,0.002
7426,25235,Macquarie Park-7426,2020-05-06T20:00:00+10:00,-33.765278,151.117806,o3,ppm,0.0
7426,25235,Macquarie Park-7426,2020-05-06T21:00:00+10:00,-33.765278,151.117806,o3,ppm,0.0
7426,25235,Macquarie Park-7426,2020-05-06T22:00:00+10:00,-33.765278,151.117806,o3,ppm,0.0
7426,25235,Macquarie Park-7426,2020-05-06T23:00:00+10:00,-33.765278,151.117806,o3,ppm,0.0
7426,21608,Macquarie Park-7426,2020-05-07T02:00:00+10:00,-33.765278,151.117806,pm10,µg/m³,7.4
7426,21608,Macquarie Park-7426,2020-05-07T04:00:00+10:00,-33.765278,151.117806,pm10,µg/m³,4.5
7426,21608,Macquarie Park-7426,2020-05-07T06:00:00+10:00,-33.765278,151.117806,pm10,µg/m³,4.9
7426,21608,Macquarie Park-7426,2020-05-07T07:00:00+10:00,-33.765278,151.117806,pm10,µg/m³,7.3
7426,21608,Macquarie Park-7426,2020-05-07T08:00:00+10:00,-33.765278,151.117806,pm10,µg/m³,18.1
7426,21608,Macquarie Park-7426,2020-05-07T09:00:00+10:00,-33.765278,151.117806,pm10,µg/m³,31.1
7426,21608,Macquarie Park-7426,2020-05-07T10:00:00+10:00,-33.765278,151.117806,pm10,µg/m³,39.1
7426,21608,Macquarie Park-7426,2020-05-07T11:00:00+10:00,-33.765278,151.117806,pm10,µg/m³,0.0
7426,21608,Macquarie Park-7426,2020-05-07T12:00:00+10:00,-33.765278,151.117806,pm10,µg/m³,0.6
7426,21608,Macquarie Park-7426,2020-05-07T13:00:00+10:00,-33.765278,151.117806,pm10,µg/m³,5.2
7426,21608,Macquarie Park-7426,2020-05-07T14:00:00+10:00,-33.765278,151.117806,pm10,µg/m³,5.1
7426,21608,Macquarie Park-7426,2020-05-07T15:00:00+10:00,-33.765278,151.117806,pm10,µg/m³,6.1
7426,21608,Macquarie Park-7426,2020-05-07T16:00:00+10:00,-33.765278,151.117806,pm10,µg/m³,9.0
7426,21608,Macquarie Park-7426,2020-05-07T17:00:00+10:00,-33.765278,151.117806,pm10,µg/m³,18.4
7426,21608,Macquarie Park-7426,2020-05-07T18:00:00+10:00,-33.765278,151.117806,pm10,µg/m³,20.5
7426,21608,Macquarie Park-7426,2020-05-07T20:00:00+10:00,-33.765278,151.117806,pm10,µg/m³,16.0
7426,21608,Macquarie Park-7426,2020-05-07T23:00:00+10:00,-33.765278,151.117806,pm10,µg/m³,5.8
7426,21609,Macquarie Park-7426,2020-05-07T02:00:00+10:00,-33.765278,151.117806,pm25,µg/m³,9.0
7426,21609,Macquarie Park-7426,2020-05-07T04:00:00+10:00,-33.765278,151.117806,pm25,µg/m³,6.5
7426,21609,Macquarie Park-7426,2020-05-07T06:00:00+10:00,-33.765278,151.117806,pm25,µg/m³,12.4
7426,21609,Macquarie Park-7426,2020-05-07T07:00:00+10:00,-33.765278,151.117806,pm25,µg/m³,9.6
7426,21609,Macquarie Park-7426,2020-05-07T08:00:00+10:00,-33.765278,151.117806,pm25,µg/m³,7.8
7426,21609,Macquarie Park-7426,2020-05-07T09:00:00+10:00,-33.765278,151.117806,pm25,µg/m³,3.8
7426,21609,Macquarie Park-7426,2020-05-07T10:00:00+10:00,-33.765278,151.117806,pm25,µg/m³,2.8
7426,21609,Macquarie Park-7426,2020-05-07T11:00:00+10:00,-33.765278,151.117806,pm25,µg/m³,1.6
7426,21609,Macquarie Park-7426,2020-05-07T12:00:00+10:00,-33.765278,151.117806,pm25,µg/m³,0.8
7426,21609,Macquarie Park-7426,2020-05-07T13:00:00+10:00,-33.765278,151.117806,pm25,µg/m³,0.6
7426,21609,Macquarie Park-7426,2020-05-07T14:00:00+10:00,-33.765278,151.117806,pm25,µg/m³,9.5
7426,21609,Macquarie Park-7426,2020-05-07T15:00:00+10:00,-33.765278,151.117806,pm25,µg/m³,2.7
7426,21609,Macquarie Park-7426,2020-05-07T16:00:00+10:00,-33.765278,151.117806,pm25,µg/m³,1.7
7426,21609,Macquarie Park-7426,2020-05-07T17:00:00+10:00,-33.765278,151.117806,pm25,µg/m³,6.9
7426,21609,Macquarie Park-7426,2020-05-07T18:00:00+10:00,-33.765278,151.117806,pm25,µg/m³,3.3
7426,21609,Macquarie Park-7426,2020-05-07T20:00:00+10:00,-33.765278,151.117806,pm25,µg/m³,4.9
7426,21609,Macquarie Park-7426,2020-05-07T23:00:00+10:00,-33.765278,151.117806,pm25,µg/m³,10.6
7426,25234,Macquarie Park-7426,2020-05-07T04:00:00+10:00,-33.765278,151.117806,no2,ppm,0.004
7426,25234,Macquarie Park-7426,2020-05-07T06:00:00+10:00,-33.765278,151.117806,no2,ppm,0.003
7426,25234,Macquarie Park-7426,2020-05-07T07:00:00+10:00,-33.765278,151.117806,no2,ppm,0.004
7426,25234,Macquarie Park-7426,2020-05-07T08:00:00+10:00,-33.765278,151.117806,no2,ppm,0.004
7426,25234,Macquarie Park-7426,2020-05-07T09:00:00+10:00,-33.765278,151.117806,no2,ppm,0.011
7426,25234,Macquarie Park-7426,2020-05-07T10:00:00+10:00,-33.765278,151.117806,no2,ppm,0.015
7426,25234,Macquarie Park-7426,2020-05-07T11:00:00+10:00,-33.765278,151.117806,no2,ppm,0.009
7426,25234,Macquarie Park-7426,2020-05-07T12:00:00+10:00,-33.765278,151.117806,no2,ppm,0.003
7426,25234,Macquarie Park-7426,2020-05-07T13:00:00+10:00,-33.765278,151.117806,no2,ppm,0.001
7426,25234,Macquarie Park-7426,2020-05-07T14:00:00+10:00,-33.765278,151.117806,no2,ppm,0.0
7426,25234,Macquarie Park-7426,2020-05-07T15:00:00+10:00,-33.765278,151.117806,no2,ppm,0.0
7426,25234,Macquarie Park-7426,2020-05-07T16:00:00+10:00,-33.765278,151.117806,no2,ppm,0.001
7426,25234,Macquarie Park-7426,2020-05-07T17:00:00+10:00,-33.765278,151.117806,no2,ppm,0.005
7426,25234,Macquarie Park-7426,2020-05-07T18:00:00+10:00,-33.765278,151.117806,no2,ppm,0.015
7426,25234,Macquarie Park-7426,2020-05-07T20:00:00+10:00,-33.765278,151.117806,no2,ppm,0.012
7426,25234,Macquarie Park-7426,2020-05-07T23:00:00+10:00,-33.765278,151.117806,no2,ppm,0.004
7426,28467,Macquarie Park-7426,2020-05-07T02:00:00+10:00,-33.765278,151.117806,co,ppm,0.4
7426,28467,Macquarie Park-7426,2020-05-07T04:00:00+10:00,-33.765278,151.117806,co,ppm,0.4
7426,28467,Macquarie Park-7426,2020-05-07T06:00:00+10:00,-33.765278,151.117806,co,ppm,0.3
7426,28467,Macquarie Park-7426,2020-05-07T07:00:00+10:00,-33.765278,151.117806,co,ppm,0.3
7426,28467,Macquarie Park-7426,2020-05-07T08:00:00+10:00,-33.765278,151.117806,co,ppm,0.3
7426,28467,Macquarie Park-7426,2020-05-07T09:00:00+10:00,-33.765278,151.117806,co,ppm,0.3
7426,28467,Macquarie Park-7426,2020-05-07T10:00:00+10:00,-33.765278,151.117806,co,ppm,0.3
7426,28467,Macquarie Park-7426,2020-05-07T11:00:00+10:00,-33.765278,151.117806,co,ppm,0.3
7426,28467,Macquarie Park-7426,2020-05-07T12:00:00+10:00,-33.765278,151.117806,co,ppm,0.3
7426,28467,Macquarie Park-7426,2020-05-07T13:00:00+10:00,-33.765278,151.117806,co,ppm,0.3
7426,28467,Macquarie Park-7426,2020-05-07T14:00:00+10:00,-33.765278,151.117806,co,ppm,0.3
7426,28467,Macquarie Park-7426,2020-05-07T15:00:00+10:00,-33.765278,151.117806,co,ppm,0.3
7426,28467,Macquarie Park-7426,2020-05-07T16:00:00+10:00,-33.765278,151.117806,co,ppm,0.3
7426,28467,Macquarie Park-7426,2020-05-07T17:00:00+10:00,-33.765278,151.117806,co,ppm,0.2
7426,28467,Macquarie Park-7426,2020-05-07T18:00:00+10:00,-33.765278,151.117806,co,ppm,0.2
7426,28467,Macquarie Park-7426,2020-05-07T20:00:00+10:00,-33.765278,151.117806,co,ppm,0.3
7426,28467,Macquarie Park-7426,2020-05-07T23:00:00+10:00,-33.765278,151.117806,co,ppm,0.3
7426,25237,Macquarie Park-7426,2020-05-07T04:00:00+10:00,-33.765278,151.117806,so2,ppm,0.0
7426,25237,Macquarie Park-7426,2020-05-07T06:00:00+10:00,-33.765278,151.117806,so2,ppm,0.0
7426,25237,Macquarie Park-7426,2020-05-07T07:00:00+10:00,-33.765278,151.117806,so2,ppm,0.0
7426,25237,Macquarie Park-7426,2020-05-07T08:00:00+10:00,-33.765278,151.117806,so2,ppm,0.0
7426,25237,Macquarie Park-7426,2020-05-07T09:00:00+10:00,-33.765278,151.117806,so2,ppm,0.001
7426,25237,Macquarie Park-7426,2020-05-07T10:00:00+10:00,-33.765278,151.117806,so2,ppm,0.001
7426,25237,Macquarie Park-7426,2020-05-07T11:00:00+10:00,-33.765278,151.117806,so2,ppm,0.0
7426,25237,Macquarie Park-7426,2020-05-07T12:00:00+10:00,-33.765278,151.117806,so2,ppm,0.0
7426,25237,Macquarie Park-7426,2020-05-07T13:00:00+10:00,-33.765278,151.117806,so2,ppm,0.0
7426,25237,Macquarie Park-7426,2020-05-07T14:00:00+10:00,-33.765278,151.117806,so2,ppm,0.0
7426,25237,Macquarie Park-7426,2020-05-07T15:00:00+10:00,-33.765278,151.117806,so2,ppm,0.0
7426,25237,Macquarie Park-7426,2020-05-07T16:00:00+10:00,-33.765278,151.117806,so2,ppm,0.0
7426,25237,Macquarie Park-7426,2020-05-07T17:00:00+10:00,-33.765278,151.117806,so2,ppm,0.0
7426,25237,Macquarie Park-7426,2020-05-07T18:00:00+10:00,-33.765278,151.117806,so2,ppm,0.0
7426,25237,Macquarie Park-7426,2020-05-07T20:00:00+10:00,-33.765278,151.117806,so2,ppm,0.0
7426,25237,Macquarie Park-7426,2020-05-07T23:00:00+10:00,-33.765278,151.117806,so2,ppm,0.0
7426,25235,Macquarie Park-7426,2020-05-07T02:00:00+10:00,-33.765278,151.117806,o3,ppm,0.0
7426,25235,Macquarie Park-7426,2020-05-07T04:00:00+10:00,-33.765278,151.117806,o3,ppm,0.001
7426,25235,Macquarie Park-7426,2020-05-07T06:00:00+10:00,-33.765278,151.117806,o3,ppm,0.001
7426,25235,Macquarie Park-7426,2020-05-07T07:00:00+10:00,-33.765278,151.117806,o3,ppm,0.001
7426,25235,Macquarie Park-7426,2020-05-07T08:00:00+10:00,-33.765278,151.117806,o3,ppm,0.001
7426,25235,Macquarie Park-7426,2020-05-07T09:00:00+10:00,-33.765278,151.117806,o3,ppm,0.001
7426,25235,Macquarie Park-7426,2020-05-07T10:00:00+10:00,-33.765278,151.117806,o3,ppm,0.002
7426,25235,Macquarie Park-7426,2020-05-07T11:00:00+10:00,-33.765278,151.117806,o3,ppm,0.009
7426,25235,Macquarie Park-7426,2020-05-07T12:00:00+10:00,-33.765278,151.117806,o3,ppm,0.019
7426,25235,Macquarie Park-7426,2020-05-07T13:00:00+10:00,-33.765278,151.117806,o3,ppm,0.022
7426,25235,Macquarie Park-7426,2020-05-07T14:00:00+10:00,-33.765278,151.117806,o3,ppm,0.024
7426,25235,Macquarie Park-7426,2020-05-07T15:00:00+10:00,-33.765278,151.117806,o3,ppm,0.025
7426,25235,Macquarie Park-7426,2020-05-07T16:00:00+10:00,-33.765278,151.117806,o3,ppm,0.024
7426,25235,Macquarie Park-7426,2020-05-07T17:00:00+10:00,-33.765278,151.117806,o3,ppm,0.019
7426,25235,Macquarie Park-7426,2020-05-07T18:00:00+10:00,-33.765278,151.117806,o3,ppm,0.004
7426,25235,Macquarie Park-7426,2020-05-07T20:00:00+10:00,-33.765278,151.117806,o3,ppm,0.0
7426,25235,Macquarie Park-7426,2020-05-07T23:00:00+10:00,-33.765278,151.117806,o3,ppm,0.017
7426,21608,Macquarie Park-7426,2020-05-08T01:00:00+10:00,-33.765278,151.117806,pm10,µg/m³,7.2
7426,21608,Macquarie Park-7426,2020-05-08T02:00:00+10:00,-33.765278,151.117806,pm10,µg/m³,6.1
7426,21608,Macquarie Park-7426,2020-05-08T03:00:00+10:00,-33.765278,151.117806,pm10,µg/m³,6.7
7426,21608,Macquarie Park-7426,2020-05-08T04:00:00+10:00,-33.765278,151.117806,pm10,µg/m³,6.6
7426,21608,Macquarie Park-7426,2020-05-08T05:00:00+10:00,-33.765278,151.117806,pm10,µg/m³,8.3
7426,21608,Macquarie Park-7426,2020-05-08T06:00:00+10:00,-33.765278,151.117806,pm10,µg/m³,8.2
7426,21608,Macquarie Park-7426,2020-05-08T08:00:00+10:00,-33.765278,151.117806,pm10,µg/m³,9.5
7426,21608,Macquarie Park-7426,2020-05-08T09:00:00+10:00,-33.765278,151.117806,pm10,µg/m³,12.2
7426,21608,Macquarie Park-7426,2020-05-08T10:00:00+10:00,-33.765278,151.117806,pm10,µg/m³,8.0
7426,21608,Macquarie Park-7426,2020-05-08T11:00:00+10:00,-33.765278,151.117806,pm10,µg/m³,8.7
7426,21608,Macquarie Park-7426,2020-05-08T12:00:00+10:00,-33.765278,151.117806,pm10,µg/m³,11.6
7426,21608,Macquarie Park-7426,2020-05-08T13:00:00+10:00,-33.765278,151.117806,pm10,µg/m³,11.2
7426,21608,Macquarie Park-7426,2020-05-08T15:00:00+10:00,-33.765278,151.117806,pm10,µg/m³,13.0
7426,21608,Macquarie Park-7426,2020-05-08T16:00:00+10:00,-33.765278,151.117806,pm10,µg/m³,14.0
7426,21608,Macquarie Park-7426,2020-05-08T17:00:00+10:00,-33.765278,151.117806,pm10,µg/m³,18.5
7426,21608,Macquarie Park-7426,2020-05-08T18:00:00+10:00,-33.765278,151.117806,pm10,µg/m³,19.5
7426,21608,Macquarie Park-7426,2020-05-08T19:00:00+10:00,-33.765278,151.117806,pm10,µg/m³,23.7
7426,21608,Macquarie Park-7426,2020-05-08T20:00:00+10:00,-33.765278,151.117806,pm10,µg/m³,13.1
7426,21608,Macquarie Park-7426,2020-05-08T21:00:00+10:00,-33.765278,151.117806,pm10,µg/m³,15.5
7426,21608,Macquarie Park-7426,2020-05-08T22:00:00+10:00,-33.765278,151.117806,pm10,µg/m³,13.5
7426,21608,Macquarie Park-7426,2020-05-08T23:00:00+10:00,-33.765278,151.117806,pm10,µg/m³,15.8
7426,21609,Macquarie Park-7426,2020-05-08T01:00:00+10:00,-33.765278,151.117806,pm25,µg/m³,2.5
7426,21609,Macquarie Park-7426,2020-05-08T02:00:00+10:00,-33.765278,151.117806,pm25,µg/m³,4.3
7426,21609,Macquarie Park-7426,2020-05-08T03:00:00+10:00,-33.765278,151.117806,pm25,µg/m³,1.9
7426,21609,Macquarie Park-7426,2020-05-08T04:00:00+10:00,-33.765278,151.117806,pm25,µg/m³,3.6
7426,21609,Macquarie Park-7426,2020-05-08T05:00:00+10:00,-33.765278,151.117806,pm25,µg/m³,9.6
7426,21609,Macquarie Park-7426,2020-05-08T06:00:00+10:00,-33.765278,151.117806,pm25,µg/m³,12.5
7426,21609,Macquarie Park-7426,2020-05-08T08:00:00+10:00,-33.765278,151.117806,pm25,µg/m³,4.2
7426,21609,Macquarie Park-7426,2020-05-08T09:00:00+10:00,-33.765278,151.117806,pm25,µg/m³,4.4
7426,21609,Macquarie Park-7426,2020-05-08T10:00:00+10:00,-33.765278,151.117806,pm25,µg/m³,3.1
7426,21609,Macquarie Park-7426,2020-05-08T11:00:00+10:00,-33.765278,151.117806,pm25,µg/m³,1.9
7426,21609,Macquarie Park-7426,2020-05-08T12:00:00+10:00,-33.765278,151.117806,pm25,µg/m³,0.0
7426,21609,Macquarie Park-7426,2020-05-08T13:00:00+10:00,-33.765278,151.117806,pm25,µg/m³,12.0
7426,21609,Macquarie Park-7426,2020-05-08T15:00:00+10:00,-33.765278,151.117806,pm25,µg/m³,7.7
7426,21609,Macquarie Park-7426,2020-05-08T16:00:00+10:00,-33.765278,151.117806,pm25,µg/m³,5.9
7426,21609,Macquarie Park-7426,2020-05-08T17:00:00+10:00,-33.765278,151.117806,pm25,µg/m³,3.6
7426,21609,Macquarie Park-7426,2020-05-08T18:00:00+10:00,-33.765278,151.117806,pm25,µg/m³,10.1
7426,21609,Macquarie Park-7426,2020-05-08T19:00:00+10:00,-33.765278,151.117806,pm25,µg/m³,3.7
7426,21609,Macquarie Park-7426,2020-05-08T20:00:00+10:00,-33.765278,151.117806,pm25,µg/m³,6.7
7426,21609,Macquarie Park-7426,2020-05-08T21:00:00+10:00,-33.765278,151.117806,pm25,µg/m³,2.8
7426,21609,Macquarie Park-7426,2020-05-08T22:00:00+10:00,-33.765278,151.117806,pm25,µg/m³,4.8
7426,21609,Macquarie Park-7426,2020-05-08T23:00:00+10:00,-33.765278,151.117806,pm25,µg/m³,10.0
7426,25234,Macquarie Park-7426,2020-05-08T01:00:00+10:00,-33.765278,151.117806,no2,ppm,0.003
7426,25234,Macquarie Park-7426,2020-05-08T03:00:00+10:00,-33.765278,151.117806,no2,ppm,0.002
7426,25234,Macquarie Park-7426,2020-05-08T04:00:00+10:00,-33.765278,151.117806,no2,ppm,0.001
7426,25234,Macquarie Park-7426,2020-05-08T05:00:00+10:00,-33.765278,151.117806,no2,ppm,0.001
7426,25234,Macquarie Park-7426,2020-05-08T06:00:00+10:00,-33.765278,151.117806,no2,ppm,0.001
7426,25234,Macquarie Park-7426,2020-05-08T08:00:00+10:00,-33.765278,151.117806,no2,ppm,0.003
7426,25234,Macquarie Park-7426,2020-05-08T09:00:00+10:00,-33.765278,151.117806,no2,ppm,0.002
7426,25234,Macquarie Park-7426,2020-05-08T10:00:00+10:00,-33.765278,151.117806,no2,ppm,0.001
7426,25234,Macquarie Park-7426,2020-05-08T11:00:00+10:00,-33.765278,151.117806,no2,ppm,0.001
7426,25234,Macquarie Park-7426,2020-05-08T12:00:00+10:00,-33.765278,151.117806,no2,ppm,0.001
7426,25234,Macquarie Park-7426,2020-05-08T13:00:00+10:00,-33.765278,151.117806,no2,ppm,0.0
7426,25234,Macquarie Park-7426,2020-05-08T15:00:00+10:00,-33.765278,151.117806,no2,ppm,0.0
7426,25234,Macquarie Park-7426,2020-05-08T16:00:00+10:00,-33.765278,151.117806,no2,ppm,0.001
7426,25234,Macquarie Park-7426,2020-05-08T17:00:00+10:00,-33.765278,151.117806,no2,ppm,0.003
7426,25234,Macquarie Park-7426,2020-05-08T18:00:00+10:00,-33.765278,151.117806,no2,ppm,0.008
7426,25234,Macquarie Park-7426,2020-05-08T19:00:00+10:00,-33.765278,151.117806,no2,ppm,0.01
7426,25234,Macquarie Park-7426,2020-05-08T20:00:00+10:00,-33.765278,151.117806,no2,ppm,0.012
7426,25234,Macquarie Park-7426,2020-05-08T21:00:00+10:00,-33.765278,151.117806,no2,ppm,0.008
7426,25234,Macquarie Park-7426,2020-05-08T22:00:00+10:00,-33.765278,151.117806,no2,ppm,0.007
7426,25234,Macquarie Park-7426,2020-05-08T23:00:00+10:00,-33.765278,151.117806,no2,ppm,0.011
7426,28467,Macquarie Park-7426,2020-05-08T01:00:00+10:00,-33.765278,151.117806,co,ppm,0.3
7426,28467,Macquarie Park-7426,2020-05-08T02:00:00+10:00,-33.765278,151.117806,co,ppm,0.3
7426,28467,Macquarie Park-7426,2020-05-08T03:00:00+10:00,-33.765278,151.117806,co,ppm,0.3
7426,28467,Macquarie Park-7426,2020-05-08T04:00:00+10:00,-33.765278,151.117806,co,ppm,0.2
7426,28467,Macquarie Park-7426,2020-05-08T05:00:00+10:00,-33.765278,151.117806,co,ppm,0.2
7426,28467,Macquarie Park-7426,2020-05-08T06:00:00+10:00,-33.765278,151.117806,co,ppm,0.2
7426,28467,Macquarie Park-7426,2020-05-08T08:00:00+10:00,-33.765278,151.117806,co,ppm,0.2
7426,28467,Macquarie Park-7426,2020-05-08T09:00:00+10:00,-33.765278,151.117806,co,ppm,0.2
7426,28467,Macquarie Park-7426,2020-05-08T10:00:00+10:00,-33.765278,151.117806,co,ppm,0.2
7426,28467,Macquarie Park-7426,2020-05-08T11:00:00+10:00,-33.765278,151.117806,co,ppm,0.2
7426,28467,Macquarie Park-7426,2020-05-08T12:00:00+10:00,-33.765278,151.117806,co,ppm,0.2
7426,28467,Macquarie Park-7426,2020-05-08T13:00:00+10:00,-33.765278,151.117806,co,ppm,0.2
7426,28467,Macquarie Park-7426,2020-05-08T15:00:00+10:00,-33.765278,151.117806,co,ppm,0.2
7426,28467,Macquarie Park-7426,2020-05-08T16:00:00+10:00,-33.765278,151.117806,co,ppm,0.2
7426,28467,Macquarie Park-7426,2020-05-08T17:00:00+10:00,-33.765278,151.117806,co,ppm,0.2
7426,28467,Macquarie Park-7426,2020-05-08T18:00:00+10:00,-33.765278,151.117806,co,ppm,0.2
7426,28467,Macquarie Park-7426,2020-05-08T19:00:00+10:00,-33.765278,151.117806,co,ppm,0.2
7426,28467,Macquarie Park-7426,2020-05-08T20:00:00+10:00,-33.765278,151.117806,co,ppm,0.2
7426,28467,Macquarie Park-7426,2020-05-08T21:00:00+10:00,-33.765278,151.117806,co,ppm,0.2
7426,28467,Macquarie Park-7426,2020-05-08T22:00:00+10:00,-33.765278,151.117806,co,ppm,0.2
7426,28467,Macquarie Park-7426,2020-05-08T23:00:00+10:00,-33.765278,151.117806,co,ppm,0.2
7426,25237,Macquarie Park-7426,2020-05-08T01:00:00+10:00,-33.765278,151.117806,so2,ppm,0.0
7426,25237,Macquarie Park-7426,2020-05-08T03:00:00+10:00,-33.765278,151.117806,so2,ppm,0.0
7426,25237,Macquarie Park-7426,2020-05-08T04:00:00+10:00,-33.765278,151.117806,so2,ppm,0.0
7426,25237,Macquarie Park-7426,2020-05-08T05:00:00+10:00,-33.765278,151.117806,so2,ppm,0.0
7426,25237,Macquarie Park-7426,2020-05-08T06:00:00+10:00,-33.765278,151.117806,so2,ppm,0.0
7426,25237,Macquarie Park-7426,2020-05-08T08:00:00+10:00,-33.765278,151.117806,so2,ppm,0.0
7426,25237,Macquarie Park-7426,2020-05-08T09:00:00+10:00,-33.765278,151.117806,so2,ppm,0.0
7426,25237,Macquarie Park-7426,2020-05-08T10:00:00+10:00,-33.765278,151.117806,so2,ppm,0.0
7426,25237,Macquarie Park-7426,2020-05-08T11:00:00+10:00,-33.765278,151.117806,so2,ppm,0.0
7426,25237,Macquarie Park-7426,2020-05-08T12:00:00+10:00,-33.765278,151.117806,so2,ppm,0.0
7426,25237,Macquarie Park-7426,2020-05-08T13:00:00+10:00,-33.765278,151.117806,so2,ppm,0.0
7426,25237,Macquarie Park-7426,2020-05-08T15:00:00+10:00,-33.765278,151.117806,so2,ppm,0.0
7426,25237,Macquarie Park-7426,2020-05-08T16:00:00+10:00,-33.765278,151.117806,so2,ppm,0.001
7426,25237,Macquarie Park-7426,2020-05-08T17:00:00+10:00,-33.765278,151.117806,so2,ppm,0.0
7426,25237,Macquarie Park-7426,2020-05-08T18:00:00+10:00,-33.765278,151.117806,so2,ppm,0.0
7426,25237,Macquarie Park-7426,2020-05-08T19:00:00+10:00,-33.765278,151.117806,so2,ppm,0.0
7426,25237,Macquarie Park-7426,2020-05-08T20:00:00+10:00,-33.765278,151.117806,so2,ppm,0.0
7426,25237,Macquarie Park-7426,2020-05-08T21:00:00+10:00,-33.765278,151.117806,so2,ppm,0.0
7426,25237,Macquarie Park-7426,2020-05-08T22:00:00+10:00,-33.765278,151.117806,so2,ppm,0.0
7426,25237,Macquarie Park-7426,2020-05-08T23:00:00+10:00,-33.765278,151.117806,so2,ppm,0.0
7426,25235,Macquarie Park-7426,2020-05-08T01:00:00+10:00,-33.765278,151.117806,o3,ppm,0.012
7426,25235,Macquarie Park-7426,2020-05-08T02:00:00+10:00,-33.765278,151.117806,o3,ppm,0.015
7426,25235,Macquarie Park-7426,2020-05-08T03:00:00+10:00,-33.765278,151.117806,o3,ppm,0.012
7426,25235,Macquarie Park-7426,2020-05-08T04:00:00+10:00,-33.765278,151.117806,o3,ppm,0.018
7426,25235,Macquarie Park-7426,2020-05-08T05:00:00+10:00,-33.765278,151.117806,o3,ppm,0.018
7426,25235,Macquarie Park-7426,2020-05-08T06:00:00+10:00,-33.765278,151.117806,o3,ppm,0.018
7426,25235,Macquarie Park-7426,2020-05-08T08:00:00+10:00,-33.765278,151.117806,o3,ppm,0.018
7426,25235,Macquarie Park-7426,2020-05-08T09:00:00+10:00,-33.765278,151.117806,o3,ppm,0.02
7426,25235,Macquarie Park-7426,2020-05-08T10:00:00+10:00,-33.765278,151.117806,o3,ppm,0.022
7426,25235,Macquarie Park-7426,2020-05-08T11:00:00+10:00,-33.765278,151.117806,o3,ppm,0.024
7426,25235,Macquarie Park-7426,2020-05-08T12:00:00+10:00,-33.765278,151.117806,o3,ppm,0.024
7426,25235,Macquarie Park-7426,2020-05-08T13:00:00+10:00,-33.765278,151.117806,o3,ppm,0.025
7426,25235,Macquarie Park-7426,2020-05-08T15:00:00+10:00,-33.765278,151.117806,o3,ppm,0.029
7426,25235,Macquarie Park-7426,2020-05-08T16:00:00+10:00,-33.765278,151.117806,o3,ppm,0.029
7426,25235,Macquarie Park-7426,2020-05-08T17:00:00+10:00,-33.765278,151.117806,o3,ppm,0.023
7426,25235,Macquarie Park-7426,2020-05-08T18:00:00+10:00,-33.765278,151.117806,o3,ppm,0.014
7426,25235,Macquarie Park-7426,2020-05-08T19:00:00+10:00,-33.765278,151.117806,o3,ppm,0.006
7426,25235,Macquarie Park-7426,2020-05-08T20:00:00+10:00,-33.765278,151.117806,o3,ppm,0.005
7426,25235,Macquarie Park-7426,2020-05-08T21:00:00+10:00,-33.765278,151.117806,o3,ppm,0.01
7426,25235,Macquarie Park-7426,2020-05-08T22:00:00+10:00,-33.765278,151.117806,o3,ppm,0.012
7426,25235,Macquarie Park-7426,2020-05-08T23:00:00+10:00,-33.765278,151.117806,o3,ppm,0.004
7426,21608,Macquarie Park-7426,2020-05-09T01:00:00+10:00,-33.765278,151.117806,pm10,µg/m³,11.0
7426,21608,Macquarie Park-7426,2020-05-09T02:00:00+10:00,-33.765278,151.117806,pm10,µg/m³,7.0
7426,21608,Macquarie Park-7426,2020-05-09T06:00:00+10:00,-33.765278,151.117806,pm10,µg/m³,11.5
7426,21608,Macquarie Park-7426,2020-05-09T07:00:00+10:00,-33.765278,151.117806,pm10,µg/m³,12.6
7426,21608,Macquarie Park-7426,2020-05-09T08:00:00+10:00,-33.765278,151.117806,pm10,µg/m³,14.0
7426,21608,Macquarie Park-7426,2020-05-09T09:00:00+10:00,-33.765278,151.117806,pm10,µg/m³,12.8
7426,21608,Macquarie Park-7426,2020-05-09T10:00:00+10:00,-33.765278,151.117806,pm10,µg/m³,9.7
7426,21608,Macquarie Park-7426,2020-05-09T11:00:00+10:00,-33.765278,151.117806,pm10,µg/m³,11.7
7426,21608,Macquarie Park-7426,2020-05-09T12:00:00+10:00,-33.765278,151.117806,pm10,µg/m³,10.6
7426,21608,Macquarie Park-7426,2020-05-09T13:00:00+10:00,-33.765278,151.117806,pm10,µg/m³,5.4
7426,21608,Macquarie Park-7426,2020-05-09T14:00:00+10:00,-33.765278,151.117806,pm10,µg/m³,7.9
7426,21608,Macquarie Park-7426,2020-05-09T15:00:00+10:00,-33.765278,151.117806,pm10,µg/m³,12.6
7426,21608,Macquarie Park-7426,2020-05-09T16:00:00+10:00,-33.765278,151.117806,pm10,µg/m³,10.5
7426,21608,Macquarie Park-7426,2020-05-09T18:00:00+10:00,-33.765278,151.117806,pm10,µg/m³,12.2
7426,21608,Macquarie Park-7426,2020-05-09T20:00:00+10:00,-33.765278,151.117806,pm10,µg/m³,13.0
7426,21608,Macquarie Park-7426,2020-05-09T21:00:00+10:00,-33.765278,151.117806,pm10,µg/m³,11.9
7426,21608,Macquarie Park-7426,2020-05-09T22:00:00+10:00,-33.765278,151.117806,pm10,µg/m³,11.1
7426,21609,Macquarie Park-7426,2020-05-09T01:00:00+10:00,-33.765278,151.117806,pm25,µg/m³,8.3
7426,21609,Macquarie Park-7426,2020-05-09T02:00:00+10:00,-33.765278,151.117806,pm25,µg/m³,5.1
7426,21609,Macquarie Park-7426,2020-05-09T06:00:00+10:00,-33.765278,151.117806,pm25,µg/m³,14.7
7426,21609,Macquarie Park-7426,2020-05-09T07:00:00+10:00,-33.765278,151.117806,pm25,µg/m³,5.6
7426,21609,Macquarie Park-7426,2020-05-09T08:00:00+10:00,-33.765278,151.117806,pm25,µg/m³,5.8
7426,21609,Macquarie Park-7426,2020-05-09T09:00:00+10:00,-33.765278,151.117806,pm25,µg/m³,2.8
7426,21609,Macquarie Park-7426,2020-05-09T10:00:00+10:00,-33.765278,151.117806,pm25,µg/m³,0.0
7426,21609,Macquarie Park-7426,2020-05-09T11:00:00+10:00,-33.765278,151.117806,pm25,µg/m³,4.4
7426,21609,Macquarie Park-7426,2020-05-09T12:00:00+10:00,-33.765278,151.117806,pm25,µg/m³,0.7
7426,21609,Macquarie Park-7426,2020-05-09T13:00:00+10:00,-33.765278,151.117806,pm25,µg/m³,0.8
7426,21609,Macquarie Park-7426,2020-05-09T14:00:00+10:00,-33.765278,151.117806,pm25,µg/m³,0.0
7426,21609,Macquarie Park-7426,2020-05-09T15:00:00+10:00,-33.765278,151.117806,pm25,µg/m³,2.7
7426,21609,Macquarie Park-7426,2020-05-09T16:00:00+10:00,-33.765278,151.117806,pm25,µg/m³,4.6
7426,21609,Macquarie Park-7426,2020-05-09T18:00:00+10:00,-33.765278,151.117806,pm25,µg/m³,4.4
7426,21609,Macquarie Park-7426,2020-05-09T20:00:00+10:00,-33.765278,151.117806,pm25,µg/m³,3.9
7426,21609,Macquarie Park-7426,2020-05-09T21:00:00+10:00,-33.765278,151.117806,pm25,µg/m³,1.1
7426,21609,Macquarie Park-7426,2020-05-09T22:00:00+10:00,-33.765278,151.117806,pm25,µg/m³,2.2
7426,25234,Macquarie Park-7426,2020-05-09T01:00:00+10:00,-33.765278,151.117806,no2,ppm,0.006
7426,25234,Macquarie Park-7426,2020-05-09T06:00:00+10:00,-33.765278,151.117806,no2,ppm,0.0
7426,25234,Macquarie Park-7426,2020-05-09T07:00:00+10:00,-33.765278,151.117806,no2,ppm,0.0
7426,25234,Macquarie Park-7426,2020-05-09T08:00:00+10:00,-33.765278,151.117806,no2,ppm,0.002
7426,25234,Macquarie Park-7426,2020-05-09T09:00:00+10:00,-33.765278,151.117806,no2,ppm,0.001
7426,25234,Macquarie Park-7426,2020-05-09T10:00:00+10:00,-33.765278,151.117806,no2,ppm,0.0
7426,25234,Macquarie Park-7426,2020-05-09T11:00:00+10:00,-33.765278,151.117806,no2,ppm,0.001
7426,25234,Macquarie Park-7426,2020-05-09T12:00:00+10:00,-33.765278,151.117806,no2,ppm,0.001
7426,25234,Macquarie Park-7426,2020-05-09T13:00:00+10:00,-33.765278,151.117806,no2,ppm,0.0
7426,25234,Macquarie Park-7426,2020-05-09T14:00:00+10:00,-33.765278,151.117806,no2,ppm,0.0
7426,25234,Macquarie Park-7426,2020-05-09T15:00:00+10:00,-33.765278,151.117806,no2,ppm,0.0
7426,25234,Macquarie Park-7426,2020-05-09T16:00:00+10:00,-33.765278,151.117806,no2,ppm,0.0
7426,25234,Macquarie Park-7426,2020-05-09T18:00:00+10:00,-33.765278,151.117806,no2,ppm,0.001
7426,25234,Macquarie Park-7426,2020-05-09T20:00:00+10:00,-33.765278,151.117806,no2,ppm,0.001
7426,25234,Macquarie Park-7426,2020-05-09T21:00:00+10:00,-33.765278,151.117806,no2,ppm,0.001
7426,25234,Macquarie Park-7426,2020-05-09T22:00:00+10:00,-33.765278,151.117806,no2,ppm,0.002
7426,28467,Macquarie Park-7426,2020-05-09T01:00:00+10:00,-33.765278,151.117806,co,ppm,0.3
7426,28467,Macquarie Park-7426,2020-05-09T02:00:00+10:00,-33.765278,151.117806,co,ppm,0.3
7426,28467,Macquarie Park-7426,2020-05-09T06:00:00+10:00,-33.765278,151.117806,co,ppm,0.2
7426,28467,Macquarie Park-7426,2020-05-09T07:00:00+10:00,-33.765278,151.117806,co,ppm,0.2
7426,28467,Macquarie Park-7426,2020-05-09T08:00:00+10:00,-33.765278,151.117806,co,ppm,0.2
7426,28467,Macquarie Park-7426,2020-05-09T09:00:00+10:00,-33.765278,151.117806,co,ppm,0.2
7426,28467,Macquarie Park-7426,2020-05-09T10:00:00+10:00,-33.765278,151.117806,co,ppm,0.2
7426,28467,Macquarie Park-7426,2020-05-09T11:00:00+10:00,-33.765278,151.117806,co,ppm,0.2
7426,28467,Macquarie Park-7426,2020-05-09T12:00:00+10:00,-33.765278,151.117806,co,ppm,0.2
7426,28467,Macquarie Park-7426,2020-05-09T13:00:00+10:00,-33.765278,151.117806,co,ppm,0.2
7426,28467,Macquarie Park-7426,2020-05-09T14:00:00+10:00,-33.765278,151.117806,co,ppm,0.2
7426,28467,Macquarie Park-7426,2020-05-09T15:00:00+10:00,-33.765278,151.117806,co,ppm,0.2
7426,28467,Macquarie Park-7426,2020-05-09T16:00:00+10:00,-33.765278,151.117806,co,ppm,0.2
7426,28467,Macquarie Park-7426,2020-05-09T18:00:00+10:00,-33.765278,151.117806,co,ppm,0.2
7426,28467,Macquarie Park-7426,2020-05-09T20:00:00+10:00,-33.765278,151.117806,co,ppm,0.2
7426,28467,Macquarie Park-7426,2020-05-09T21:00:00+10:00,-33.765278,151.117806,co,ppm,0.2
7426,28467,Macquarie Park-7426,2020-05-09T22:00:00+10:00,-33.765278,151.117806,co,ppm,0.2
7426,25237,Macquarie Park-7426,2020-05-09T01:00:00+10:00,-33.765278,151.117806,so2,ppm,0.0
7426,25237,Macquarie Park-7426,2020-05-09T06:00:00+10:00,-33.765278,151.117806,so2,ppm,0.0
7426,25237,Macquarie Park-7426,2020-05-09T07:00:00+10:00,-33.765278,151.117806,so2,ppm,0.0
7426,25237,Macquarie Park-7426,2020-05-09T08:00:00+10:00,-33.765278,151.117806,so2,ppm,0.0
7426,25237,Macquarie Park-7426,2020-05-09T09:00:00+10:00,-33.765278,151.117806,so2,ppm,0.0
7426,25237,Macquarie Park-7426,2020-05-09T10:00:00+10:00,-33.765278,151.117806,so2,ppm,0.0
7426,25237,Macquarie Park-7426,2020-05-09T11:00:00+10:00,-33.765278,151.117806,so2,ppm,0.0
7426,25237,Macquarie Park-7426,2020-05-09T12:00:00+10:00,-33.765278,151.117806,so2,ppm,0.0
7426,25237,Macquarie Park-7426,2020-05-09T13:00:00+10:00,-33.765278,151.117806,so2,ppm,0.0
7426,25237,Macquarie Park-7426,2020-05-09T14:00:00+10:00,-33.765278,151.117806,so2,ppm,0.0
7426,25237,Macquarie Park-7426,2020-05-09T15:00:00+10:00,-33.765278,151.117806,so2,ppm,0.0
7426,25237,Macquarie Park-7426,2020-05-09T16:00:00+10:00,-33.765278,151.117806,so2,ppm,0.0
7426,25237,Macquarie Park-7426,2020-05-09T18:00:00+10:00,-33.765278,151.117806,so2,ppm,0.0
7426,25237,Macquarie Park-7426,2020-05-09T20:00:00+10:00,-33.765278,151.117806,so2,ppm,0.0
7426,25237,Macquarie Park-7426,2020-05-09T21:00:00+10:00,-33.765278,151.117806,so2,ppm,0.0
7426,25237,Macquarie Park-7426,2020-05-09T22:00:00+10:00,-33.765278,151.117806,so2,ppm,0.0
7426,25235,Macquarie Park-7426,2020-05-09T01:00:00+10:00,-33.765278,151.117806,o3,ppm,0.004
7426,25235,Macquarie Park-7426,2020-05-09T02:00:00+10:00,-33.765278,151.117806,o3,ppm,0.005
7426,25235,Macquarie Park-7426,2020-05-09T06:00:00+10:00,-33.765278,151.117806,o3,ppm,0.023
7426,25235,Macquarie Park-7426,2020-05-09T07:00:00+10:00,-33.765278,151.117806,o3,ppm,0.022
7426,25235,Macquarie Park-7426,2020-05-09T08:00:00+10:00,-33.765278,151.117806,o3,ppm,0.02
7426,25235,Macquarie Park-7426,2020-05-09T09:00:00+10:00,-33.765278,151.117806,o3,ppm,0.022
7426,25235,Macquarie Park-7426,2020-05-09T10:00:00+10:00,-33.765278,151.117806,o3,ppm,0.023
7426,25235,Macquarie Park-7426,2020-05-09T11:00:00+10:00,-33.765278,151.117806,o3,ppm,0.023
7426,25235,Macquarie Park-7426,2020-05-09T12:00:00+10:00,-33.765278,151.117806,o3,ppm,0.024
7426,25235,Macquarie Park-7426,2020-05-09T13:00:00+10:00,-33.765278,151.117806,o3,ppm,0.025
7426,25235,Macquarie Park-7426,2020-05-09T14:00:00+10:00,-33.765278,151.117806,o3,ppm,0.026
7426,25235,Macquarie Park-7426,2020-05-09T15:00:00+10:00,-33.765278,151.117806,o3,ppm,0.026
7426,25235,Macquarie Park-7426,2020-05-09T16:00:00+10:00,-33.765278,151.117806,o3,ppm,0.026
7426,25235,Macquarie Park-7426,2020-05-09T18:00:00+10:00,-33.765278,151.117806,o3,ppm,0.023
7426,25235,Macquarie Park-7426,2020-05-09T20:00:00+10:00,-33.765278,151.117806,o3,ppm,0.022
7426,25235,Macquarie Park-7426,2020-05-09T21:00:00+10:00,-33.765278,151.117806,o3,ppm,0.021
7426,25235,Macquarie Park-7426,2020-05-09T22:00:00+10:00,-33.765278,151.117806,o3,ppm,0.018
7426,21608,Macquarie Park-7426,2020-05-10T03:00:00+10:00,-33.765278,151.117806,pm10,µg/m³,10.4
7426,21608,Macquarie Park-7426,2020-05-10T04:00:00+10:00,-33.765278,151.117806,pm10,µg/m³,0.0
7426,21608,Macquarie Park-7426,2020-05-10T06:00:00+10:00,-33.765278,151.117806,pm10,µg/m³,7.0
7426,21608,Macquarie Park-7426,2020-05-10T07:00:00+10:00,-33.765278,151.117806,pm10,µg/m³,6.7
7426,21608,Macquarie Park-7426,2020-05-10T08:00:00+10:00,-33.765278,151.117806,pm10,µg/m³,4.0
7426,21608,Macquarie Park-7426,2020-05-10T09:00:00+10:00,-33.765278,151.117806,pm10,µg/m³,0.2
7426,21608,Macquarie Park-7426,2020-05-10T10:00:00+10:00,-33.765278,151.117806,pm10,µg/m³,0.0
7426,21608,Macquarie Park-7426,2020-05-10T11:00:00+10:00,-33.765278,151.117806,pm10,µg/m³,1.9
7426,21608,Macquarie Park-7426,2020-05-10T12:00:00+10:00,-33.765278,151.117806,pm10,µg/m³,0.0
7426,21608,Macquarie Park-7426,2020-05-10T13:00:00+10:00,-33.765278,151.117806,pm10,µg/m³,0.7
7426,21608,Macquarie Park-7426,2020-05-10T14:00:00+10:00,-33.765278,151.117806,pm10,µg/m³,0.0
7426,21608,Macquarie Park-7426,2020-05-10T15:00:00+10:00,-33.765278,151.117806,pm10,µg/m³,6.4
7426,21608,Macquarie Park-7426,2020-05-10T16:00:00+10:00,-33.765278,151.117806,pm10,µg/m³,6.4
7426,21608,Macquarie Park-7426,2020-05-10T18:00:00+10:00,-33.765278,151.117806,pm10,µg/m³,21.6
7426,21608,Macquarie Park-7426,2020-05-10T19:00:00+10:00,-33.765278,151.117806,pm10,µg/m³,25.5
7426,21608,Macquarie Park-7426,2020-05-10T20:00:00+10:00,-33.765278,151.117806,pm10,µg/m³,23.1
7426,21608,Macquarie Park-7426,2020-05-10T21:00:00+10:00,-33.765278,151.117806,pm10,µg/m³,10.4
7426,21608,Macquarie Park-7426,2020-05-10T22:00:00+10:00,-33.765278,151.117806,pm10,µg/m³,20.2
7426,21609,Macquarie Park-7426,2020-05-10T03:00:00+10:00,-33.765278,151.117806,pm25,µg/m³,2.9
7426,21609,Macquarie Park-7426,2020-05-10T04:00:00+10:00,-33.765278,151.117806,pm25,µg/m³,2.0
7426,21609,Macquarie Park-7426,2020-05-10T06:00:00+10:00,-33.765278,151.117806,pm25,µg/m³,2.7
7426,21609,Macquarie Park-7426,2020-05-10T07:00:00+10:00,-33.765278,151.117806,pm25,µg/m³,1.1
7426,21609,Macquarie Park-7426,2020-05-10T08:00:00+10:00,-33.765278,151.117806,pm25,µg/m³,2.5
7426,21609,Macquarie Park-7426,2020-05-10T09:00:00+10:00,-33.765278,151.117806,pm25,µg/m³,0.0
7426,21609,Macquarie Park-7426,2020-05-10T10:00:00+10:00,-33.765278,151.117806,pm25,µg/m³,1.5
7426,21609,Macquarie Park-7426,2020-05-10T11:00:00+10:00,-33.765278,151.117806,pm25,µg/m³,2.0
7426,21609,Macquarie Park-7426,2020-05-10T12:00:00+10:00,-33.765278,151.117806,pm25,µg/m³,0.0
7426,21609,Macquarie Park-7426,2020-05-10T13:00:00+10:00,-33.765278,151.117806,pm25,µg/m³,0.0
7426,21609,Macquarie Park-7426,2020-05-10T14:00:00+10:00,-33.765278,151.117806,pm25,µg/m³,0.0
7426,21609,Macquarie Park-7426,2020-05-10T15:00:00+10:00,-33.765278,151.117806,pm25,µg/m³,0.0
7426,21609,Macquarie Park-7426,2020-05-10T16:00:00+10:00,-33.765278,151.117806,pm25,µg/m³,0.2
7426,21609,Macquarie Park-7426,2020-05-10T18:00:00+10:00,-33.765278,151.117806,pm25,µg/m³,4.3
7426,21609,Macquarie Park-7426,2020-05-10T19:00:00+10:00,-33.765278,151.117806,pm25,µg/m³,11.1
7426,21609,Macquarie Park-7426,2020-05-10T20:00:00+10:00,-33.765278,151.117806,pm25,µg/m³,16.3
7426,21609,Macquarie Park-7426,2020-05-10T21:00:00+10:00,-33.765278,151.117806,pm25,µg/m³,12.6
7426,21609,Macquarie Park-7426,2020-05-10T22:00:00+10:00,-33.765278,151.117806,pm25,µg/m³,14.7
7426,25234,Macquarie Park-7426,2020-05-10T03:00:00+10:00,-33.765278,151.117806,no2,ppm,0.002
7426,25234,Macquarie Park-7426,2020-05-10T04:00:00+10:00,-33.765278,151.117806,no2,ppm,0.001
7426,25234,Macquarie Park-7426,2020-05-10T06:00:00+10:00,-33.765278,151.117806,no2,ppm,0.001
7426,25234,Macquarie Park-7426,2020-05-10T07:00:00+10:00,-33.765278,151.117806,no2,ppm,0.001
7426,25234,Macquarie Park-7426,2020-05-10T08:00:00+10:00,-33.765278,151.117806,no2,ppm,0.002
7426,25234,Macquarie Park-7426,2020-05-10T09:00:00+10:00,-33.765278,151.117806,no2,ppm,0.003
7426,25234,Macquarie Park-7426,2020-05-10T10:00:00+10:00,-33.765278,151.117806,no2,ppm,0.001
7426,25234,Macquarie Park-7426,2020-05-10T11:00:00+10:00,-33.765278,151.117806,no2,ppm,0.001
7426,25234,Macquarie Park-7426,2020-05-10T12:00:00+10:00,-33.765278,151.117806,no2,ppm,0.001
7426,25234,Macquarie Park-7426,2020-05-10T13:00:00+10:00,-33.765278,151.117806,no2,ppm,0.001
7426,25234,Macquarie Park-7426,2020-05-10T14:00:00+10:00,-33.765278,151.117806,no2,ppm,0.001
7426,25234,Macquarie Park-7426,2020-05-10T15:00:00+10:00,-33.765278,151.117806,no2,ppm,0.001
7426,25234,Macquarie Park-7426,2020-05-10T16:00:00+10:00,-33.765278,151.117806,no2,ppm,0.001
7426,25234,Macquarie Park-7426,2020-05-10T18:00:00+10:00,-33.765278,151.117806,no2,ppm,0.006
7426,25234,Macquarie Park-7426,2020-05-10T19:00:00+10:00,-33.765278,151.117806,no2,ppm,0.008
7426,25234,Macquarie Park-7426,2020-05-10T20:00:00+10:00,-33.765278,151.117806,no2,ppm,0.008
7426,25234,Macquarie Park-7426,2020-05-10T21:00:00+10:00,-33.765278,151.117806,no2,ppm,0.008
7426,25234,Macquarie Park-7426,2020-05-10T22:00:00+10:00,-33.765278,151.117806,no2,ppm,0.008
7426,28467,Macquarie Park-7426,2020-05-10T03:00:00+10:00,-33.765278,151.117806,co,ppm,0.2
7426,28467,Macquarie Park-7426,2020-05-10T04:00:00+10:00,-33.765278,151.117806,co,ppm,0.2
7426,28467,Macquarie Park-7426,2020-05-10T06:00:00+10:00,-33.765278,151.117806,co,ppm,0.1
7426,28467,Macquarie Park-7426,2020-05-10T07:00:00+10:00,-33.765278,151.117806,co,ppm,0.1
7426,28467,Macquarie Park-7426,2020-05-10T08:00:00+10:00,-33.765278,151.117806,co,ppm,0.1
7426,28467,Macquarie Park-7426,2020-05-10T09:00:00+10:00,-33.765278,151.117806,co,ppm,0.1
7426,28467,Macquarie Park-7426,2020-05-10T10:00:00+10:00,-33.765278,151.117806,co,ppm,0.1
7426,28467,Macquarie Park-7426,2020-05-10T11:00:00+10:00,-33.765278,151.117806,co,ppm,0.1
7426,28467,Macquarie Park-7426,2020-05-10T12:00:00+10:00,-33.765278,151.117806,co,ppm,0.1
7426,28467,Macquarie Park-7426,2020-05-10T13:00:00+10:00,-33.765278,151.117806,co,ppm,0.1
7426,28467,Macquarie Park-7426,2020-05-10T14:00:00+10:00,-33.765278,151.117806,co,ppm,0.1
7426,28467,Macquarie Park-7426,2020-05-10T15:00:00+10:00,-33.765278,151.117806,co,ppm,0.1
7426,28467,Macquarie Park-7426,2020-05-10T16:00:00+10:00,-33.765278,151.117806,co,ppm,0.1
7426,28467,Macquarie Park-7426,2020-05-10T18:00:00+10:00,-33.765278,151.117806,co,ppm,0.1
7426,28467,Macquarie Park-7426,2020-05-10T19:00:00+10:00,-33.765278,151.117806,co,ppm,0.1
7426,28467,Macquarie Park-7426,2020-05-10T20:00:00+10:00,-33.765278,151.117806,co,ppm,0.2
7426,28467,Macquarie Park-7426,2020-05-10T21:00:00+10:00,-33.765278,151.117806,co,ppm,0.2
7426,28467,Macquarie Park-7426,2020-05-10T22:00:00+10:00,-33.765278,151.117806,co,ppm,0.2
7426,25237,Macquarie Park-7426,2020-05-10T03:00:00+10:00,-33.765278,151.117806,so2,ppm,0.0
7426,25237,Macquarie Park-7426,2020-05-10T04:00:00+10:00,-33.765278,151.117806,so2,ppm,0.0
7426,25237,Macquarie Park-7426,2020-05-10T06:00:00+10:00,-33.765278,151.117806,so2,ppm,0.0
7426,25237,Macquarie Park-7426,2020-05-10T07:00:00+10:00,-33.765278,151.117806,so2,ppm,0.0
7426,25237,Macquarie Park-7426,2020-05-10T08:00:00+10:00,-33.765278,151.117806,so2,ppm,0.0
7426,25237,Macquarie Park-7426,2020-05-10T09:00:00+10:00,-33.765278,151.117806,so2,ppm,0.0
7426,25237,Macquarie Park-7426,2020-05-10T10:00:00+10:00,-33.765278,151.117806,so2,ppm,0.0
7426,25237,Macquarie Park-7426,2020-05-10T11:00:00+10:00,-33.765278,151.117806,so2,ppm,0.0
7426,25237,Macquarie Park-7426,2020-05-10T12:00:00+10:00,-33.765278,151.117806,so2,ppm,0.0
7426,25237,Macquarie Park-7426,2020-05-10T13:00:00+10:00,-33.765278,151.117806,so2,ppm,0.0
7426,25237,Macquarie Park-7426,2020-05-10T14:00:00+10:00,-33.765278,151.117806,so2,ppm,0.0
7426,25237,Macquarie Park-7426,2020-05-10T15:00:00+10:00,-33.765278,151.117806,so2,ppm,0.0
7426,25237,Macquarie Park-7426,2020-05-10T16:00:00+10:00,-33.765278,151.117806,so2,ppm,0.0
7426,25237,Macquarie Park-7426,2020-05-10T18:00:00+10:00,-33.765278,151.117806,so2,ppm,0.0
7426,25237,Macquarie Park-7426,2020-05-10T19:00:00+10:00,-33.765278,151.117806,so2,ppm,0.0
7426,25237,Macquarie Park-7426,2020-05-10T20:00:00+10:00,-33.765278,151.117806,so2,ppm,0.0
7426,25237,Macquarie Park-7426,2020-05-10T21:00:00+10:00,-33.765278,151.117806,so2,ppm,0.0
7426,25237,Macquarie Park-7426,2020-05-10T22:00:00+10:00,-33.765278,151.117806,so2,ppm,0.0
7426,25235,Macquarie Park-7426,2020-05-10T03:00:00+10:00,-33.765278,151.117806,o3,ppm,0.016
7426,25235,Macquarie Park-7426,2020-05-10T04:00:00+10:00,-33.765278,151.117806,o3,ppm,0.023
7426,25235,Macquarie Park-7426,2020-05-10T06:00:00+10:00,-33.765278,151.117806,o3,ppm,0.018
7426,25235,Macquarie Park-7426,2020-05-10T07:00:00+10:00,-33.765278,151.117806,o3,ppm,0.014
7426,25235,Macquarie Park-7426,2020-05-10T08:00:00+10:00,-33.765278,151.117806,o3,ppm,0.017
7426,25235,Macquarie Park-7426,2020-05-10T09:00:00+10:00,-33.765278,151.117806,o3,ppm,0.02
7426,25235,Macquarie Park-7426,2020-05-10T10:00:00+10:00,-33.765278,151.117806,o3,ppm,0.025
7426,25235,Macquarie Park-7426,2020-05-10T11:00:00+10:00,-33.765278,151.117806,o3,ppm,0.026
7426,25235,Macquarie Park-7426,2020-05-10T12:00:00+10:00,-33.765278,151.117806,o3,ppm,0.027
7426,25235,Macquarie Park-7426,2020-05-10T13:00:00+10:00,-33.765278,151.117806,o3,ppm,0.028
7426,25235,Macquarie Park-7426,2020-05-10T14:00:00+10:00,-33.765278,151.117806,o3,ppm,0.029
7426,25235,Macquarie Park-7426,2020-05-10T15:00:00+10:00,-33.765278,151.117806,o3,ppm,0.029
7426,25235,Macquarie Park-7426,2020-05-10T16:00:00+10:00,-33.765278,151.117806,o3,ppm,0.028
7426,25235,Macquarie Park-7426,2020-05-10T18:00:00+10:00,-33.765278,151.117806,o3,ppm,0.018
7426,25235,Macquarie Park-7426,2020-05-10T19:00:00+10:00,-33.765278,151.117806,o3,ppm,0.01
7426,25235,Macquarie Park-7426,2020-05-10T20:00:00+10:00,-33.765278,151.117806,o3,ppm,0.006
7426,25235,Macquarie Park-7426,2020-05-10T21:00:00+10:00,-33.765278,151.117806,o3,ppm,0.01
7426,25235,Macquarie Park-7426,2020-05-10T22:00:00+10:00,-33.765278,151.117806,o3,ppm,0.008
7426,21608,Macquarie Park-7426,2020-05-11T01:00:00+10:00,-33.765278,151.117806,pm10,µg/m³,7.6
7426,21608,Macquarie Park-7426,2020-05-11T02:00:00+10:00,-33.765278,151.117806,pm10,µg/m³,6.8
7426,21608,Macquarie Park-7426,2020-05-11T03:00:00+10:00,-33.765278,151.117806,pm10,µg/m³,6.4
7426,21608,Macquarie Park-7426,2020-05-11T04:00:00+10:00,-33.765278,151.117806,pm10,µg/m³,6.1
7426,21608,Macquarie Park-7426,2020-05-11T05:00:00+10:00,-33.765278,151.117806,pm10,µg/m³,5.6
7426,21608,Macquarie Park-7426,2020-05-11T06:00:00+10:00,-33.765278,151.117806,pm10,µg/m³,6.1
7426,21608,Macquarie Park-7426,2020-05-11T07:00:00+10:00,-33.765278,151.117806,pm10,µg/m³,7.2
7426,21608,Macquarie Park-7426,2020-05-11T09:00:00+10:00,-33.765278,151.117806,pm10,µg/m³,5.9
7426,21608,Macquarie Park-7426,2020-05-11T10:00:00+10:00,-33.765278,151.117806,pm10,µg/m³,11.9
7426,21608,Macquarie Park-7426,2020-05-11T11:00:00+10:00,-33.765278,151.117806,pm10,µg/m³,11.5
7426,21608,Macquarie Park-7426,2020-05-11T12:00:00+10:00,-33.765278,151.117806,pm10,µg/m³,5.8
7426,21608,Macquarie Park-7426,2020-05-11T13:00:00+10:00,-33.765278,151.117806,pm10,µg/m³,8.6
7426,21608,Macquarie Park-7426,2020-05-11T14:00:00+10:00,-33.765278,151.117806,pm10,µg/m³,12.0
7426,21608,Macquarie Park-7426,2020-05-11T15:00:00+10:00,-33.765278,151.117806,pm10,µg/m³,16.3
7426,21608,Macquarie Park-7426,2020-05-11T16:00:00+10:00,-33.765278,151.117806,pm10,µg/m³,13.8
7426,21608,Macquarie Park-7426,2020-05-11T18:00:00+10:00,-33.765278,151.117806,pm10,µg/m³,17.4
7426,21608,Macquarie Park-7426,2020-05-11T19:00:00+10:00,-33.765278,151.117806,pm10,µg/m³,18.7
7426,21608,Macquarie Park-7426,2020-05-11T20:00:00+10:00,-33.765278,151.117806,pm10,µg/m³,15.3
7426,21608,Macquarie Park-7426,2020-05-11T21:00:00+10:00,-33.765278,151.117806,pm10,µg/m³,15.3
7426,21608,Macquarie Park-7426,2020-05-11T22:00:00+10:00,-33.765278,151.117806,pm10,µg/m³,19.5
7426,21608,Macquarie Park-7426,2020-05-11T23:00:00+10:00,-33.765278,151.117806,pm10,µg/m³,15.2
7426,21609,Macquarie Park-7426,2020-05-11T01:00:00+10:00,-33.765278,151.117806,pm25,µg/m³,9.5
7426,21609,Macquarie Park-7426,2020-05-11T02:00:00+10:00,-33.765278,151.117806,pm25,µg/m³,5.4
7426,21609,Macquarie Park-7426,2020-05-11T03:00:00+10:00,-33.765278,151.117806,pm25,µg/m³,6.6
7426,21609,Macquarie Park-7426,2020-05-11T04:00:00+10:00,-33.765278,151.117806,pm25,µg/m³,4.0
7426,21609,Macquarie Park-7426,2020-05-11T05:00:00+10:00,-33.765278,151.117806,pm25,µg/m³,6.0
7426,21609,Macquarie Park-7426,2020-05-11T06:00:00+10:00,-33.765278,151.117806,pm25,µg/m³,6.0
7426,21609,Macquarie Park-7426,2020-05-11T07:00:00+10:00,-33.765278,151.117806,pm25,µg/m³,1.1
7426,21609,Macquarie Park-7426,2020-05-11T09:00:00+10:00,-33.765278,151.117806,pm25,µg/m³,3.7
7426,21609,Macquarie Park-7426,2020-05-11T10:00:00+10:00,-33.765278,151.117806,pm25,µg/m³,3.9
7426,21609,Macquarie Park-7426,2020-05-11T11:00:00+10:00,-33.765278,151.117806,pm25,µg/m³,4.3
7426,21609,Macquarie Park-7426,2020-05-11T12:00:00+10:00,-33.765278,151.117806,pm25,µg/m³,0.8
7426,21609,Macquarie Park-7426,2020-05-11T13:00:00+10:00,-33.765278,151.117806,pm25,µg/m³,2.7
7426,21609,Macquarie Park-7426,2020-05-11T14:00:00+10:00,-33.765278,151.117806,pm25,µg/m³,0.0
7426,21609,Macquarie Park-7426,2020-05-11T15:00:00+10:00,-33.765278,151.117806,pm25,µg/m³,6.8
7426,21609,Macquarie Park-7426,2020-05-11T16:00:00+10:00,-33.765278,151.117806,pm25,µg/m³,3.9
7426,21609,Macquarie Park-7426,2020-05-11T18:00:00+10:00,-33.765278,151.117806,pm25,µg/m³,6.3
7426,21609,Macquarie Park-7426,2020-05-11T19:00:00+10:00,-33.765278,151.117806,pm25,µg/m³,7.0
7426,21609,Macquarie Park-7426,2020-05-11T20:00:00+10:00,-33.765278,151.117806,pm25,µg/m³,11.7
7426,21609,Macquarie Park-7426,2020-05-11T21:00:00+10:00,-33.765278,151.117806,pm25,µg/m³,15.6
7426,21609,Macquarie Park-7426,2020-05-11T22:00:00+10:00,-33.765278,151.117806,pm25,µg/m³,23.2
7426,21609,Macquarie Park-7426,2020-05-11T23:00:00+10:00,-33.765278,151.117806,pm25,µg/m³,20.9
7426,25234,Macquarie Park-7426,2020-05-11T01:00:00+10:00,-33.765278,151.117806,no2,ppm,0.003
7426,25234,Macquarie Park-7426,2020-05-11T03:00:00+10:00,-33.765278,151.117806,no2,ppm,0.002
7426,25234,Macquarie Park-7426,2020-05-11T04:00:00+10:00,-33.765278,151.117806,no2,ppm,0.003
7426,25234,Macquarie Park-7426,2020-05-11T05:00:00+10:00,-33.765278,151.117806,no2,ppm,0.002
7426,25234,Macquarie Park-7426,2020-05-11T06:00:00+10:00,-33.765278,151.117806,no2,ppm,0.003
7426,25234,Macquarie Park-7426,2020-05-11T07:00:00+10:00,-33.765278,151.117806,no2,ppm,0.005
7426,25234,Macquarie Park-7426,2020-05-11T09:00:00+10:00,-33.765278,151.117806,no2,ppm,0.013
7426,25234,Macquarie Park-7426,2020-05-11T10:00:00+10:00,-33.765278,151.117806,no2,ppm,0.013
7426,25234,Macquarie Park-7426,2020-05-11T11:00:00+10:00,-33.765278,151.117806,no2,ppm,0.011
7426,25234,Macquarie Park-7426,2020-05-11T12:00:00+10:00,-33.765278,151.117806,no2,ppm,0.006
7426,25234,Macquarie Park-7426,2020-05-11T13:00:00+10:00,-33.765278,151.117806,no2,ppm,0.005
7426,25234,Macquarie Park-7426,2020-05-11T14:00:00+10:00,-33.765278,151.117806,no2,ppm,0.004
7426,25234,Macquarie Park-7426,2020-05-11T15:00:00+10:00,-33.765278,151.117806,no2,ppm,0.005
7426,25234,Macquarie Park-7426,2020-05-11T16:00:00+10:00,-33.765278,151.117806,no2,ppm,0.005
7426,25234,Macquarie Park-7426,2020-05-11T18:00:00+10:00,-33.765278,151.117806,no2,ppm,0.011
7426,25234,Macquarie Park-7426,2020-05-11T19:00:00+10:00,-33.765278,151.117806,no2,ppm,0.013
7426,25234,Macquarie Park-7426,2020-05-11T20:00:00+10:00,-33.765278,151.117806,no2,ppm,0.011
7426,25234,Macquarie Park-7426,2020-05-11T21:00:00+10:00,-33.765278,151.117806,no2,ppm,0.011
7426,25234,Macquarie Park-7426,2020-05-11T22:00:00+10:00,-33.765278,151.117806,no2,ppm,0.012
7426,25234,Macquarie Park-7426,2020-05-11T23:00:00+10:00,-33.765278,151.117806,no2,ppm,0.012
7426,28467,Macquarie Park-7426,2020-05-11T01:00:00+10:00,-33.765278,151.117806,co,ppm,0.4
7426,28467,Macquarie Park-7426,2020-05-11T02:00:00+10:00,-33.765278,151.117806,co,ppm,0.4
7426,28467,Macquarie Park-7426,2020-05-11T03:00:00+10:00,-33.765278,151.117806,co,ppm,0.4
7426,28467,Macquarie Park-7426,2020-05-11T04:00:00+10:00,-33.765278,151.117806,co,ppm,0.3
7426,28467,Macquarie Park-7426,2020-05-11T05:00:00+10:00,-33.765278,151.117806,co,ppm,0.3
7426,28467,Macquarie Park-7426,2020-05-11T06:00:00+10:00,-33.765278,151.117806,co,ppm,0.3
7426,28467,Macquarie Park-7426,2020-05-11T07:00:00+10:00,-33.765278,151.117806,co,ppm,0.2
7426,28467,Macquarie Park-7426,2020-05-11T09:00:00+10:00,-33.765278,151.117806,co,ppm,0.2
7426,28467,Macquarie Park-7426,2020-05-11T10:00:00+10:00,-33.765278,151.117806,co,ppm,0.2
7426,28467,Macquarie Park-7426,2020-05-11T11:00:00+10:00,-33.765278,151.117806,co,ppm,0.2
7426,28467,Macquarie Park-7426,2020-05-11T12:00:00+10:00,-33.765278,151.117806,co,ppm,0.2
7426,28467,Macquarie Park-7426,2020-05-11T13:00:00+10:00,-33.765278,151.117806,co,ppm,0.2
7426,28467,Macquarie Park-7426,2020-05-11T14:00:00+10:00,-33.765278,151.117806,co,ppm,0.2
7426,28467,Macquarie Park-7426,2020-05-11T15:00:00+10:00,-33.765278,151.117806,co,ppm,0.2
7426,28467,Macquarie Park-7426,2020-05-11T16:00:00+10:00,-33.765278,151.117806,co,ppm,0.2
7426,28467,Macquarie Park-7426,2020-05-11T18:00:00+10:00,-33.765278,151.117806,co,ppm,0.2
7426,28467,Macquarie Park-7426,2020-05-11T19:00:00+10:00,-33.765278,151.117806,co,ppm,0.2
7426,28467,Macquarie Park-7426,2020-05-11T20:00:00+10:00,-33.765278,151.117806,co,ppm,0.2
7426,28467,Macquarie Park-7426,2020-05-11T21:00:00+10:00,-33.765278,151.117806,co,ppm,0.2
7426,28467,Macquarie Park-7426,2020-05-11T22:00:00+10:00,-33.765278,151.117806,co,ppm,0.3
7426,28467,Macquarie Park-7426,2020-05-11T23:00:00+10:00,-33.765278,151.117806,co,ppm,0.3
7426,25237,Macquarie Park-7426,2020-05-11T01:00:00+10:00,-33.765278,151.117806,so2,ppm,0.0
7426,25237,Macquarie Park-7426,2020-05-11T03:00:00+10:00,-33.765278,151.117806,so2,ppm,0.0
7426,25237,Macquarie Park-7426,2020-05-11T04:00:00+10:00,-33.765278,151.117806,so2,ppm,0.0
7426,25237,Macquarie Park-7426,2020-05-11T05:00:00+10:00,-33.765278,151.117806,so2,ppm,0.0
7426,25237,Macquarie Park-7426,2020-05-11T06:00:00+10:00,-33.765278,151.117806,so2,ppm,0.0
7426,25237,Macquarie Park-7426,2020-05-11T07:00:00+10:00,-33.765278,151.117806,so2,ppm,0.0
7426,25237,Macquarie Park-7426,2020-05-11T09:00:00+10:00,-33.765278,151.117806,so2,ppm,0.001
7426,25237,Macquarie Park-7426,2020-05-11T10:00:00+10:00,-33.765278,151.117806,so2,ppm,0.0
7426,25237,Macquarie Park-7426,2020-05-11T11:00:00+10:00,-33.765278,151.117806,so2,ppm,0.0
7426,25237,Macquarie Park-7426,2020-05-11T12:00:00+10:00,-33.765278,151.117806,so2,ppm,0.0
7426,25237,Macquarie Park-7426,2020-05-11T13:00:00+10:00,-33.765278,151.117806,so2,ppm,0.0
7426,25237,Macquarie Park-7426,2020-05-11T14:00:00+10:00,-33.765278,151.117806,so2,ppm,0.0
7426,25237,Macquarie Park-7426,2020-05-11T15:00:00+10:00,-33.765278,151.117806,so2,ppm,0.0
7426,25237,Macquarie Park-7426,2020-05-11T16:00:00+10:00,-33.765278,151.117806,so2,ppm,0.001
7426,25237,Macquarie Park-7426,2020-05-11T18:00:00+10:00,-33.765278,151.117806,so2,ppm,0.0
7426,25237,Macquarie Park-7426,2020-05-11T19:00:00+10:00,-33.765278,151.117806,so2,ppm,0.0
7426,25237,Macquarie Park-7426,2020-05-11T20:00:00+10:00,-33.765278,151.117806,so2,ppm,0.0
7426,25237,Macquarie Park-7426,2020-05-11T21:00:00+10:00,-33.765278,151.117806,so2,ppm,0.0
7426,25237,Macquarie Park-7426,2020-05-11T22:00:00+10:00,-33.765278,151.117806,so2,ppm,0.0
7426,25237,Macquarie Park-7426,2020-05-11T23:00:00+10:00,-33.765278,151.117806,so2,ppm,0.0
7426,25235,Macquarie Park-7426,2020-05-11T01:00:00+10:00,-33.765278,151.117806,o3,ppm,0.008
7426,25235,Macquarie Park-7426,2020-05-11T02:00:00+10:00,-33.765278,151.117806,o3,ppm,0.007
7426,25235,Macquarie Park-7426,2020-05-11T03:00:00+10:00,-33.765278,151.117806,o3,ppm,0.006
7426,25235,Macquarie Park-7426,2020-05-11T04:00:00+10:00,-33.765278,151.117806,o3,ppm,0.009
7426,25235,Macquarie Park-7426,2020-05-11T05:00:00+10:00,-33.765278,151.117806,o3,ppm,0.008
7426,25235,Macquarie Park-7426,2020-05-11T06:00:00+10:00,-33.765278,151.117806,o3,ppm,0.006
7426,25235,Macquarie Park-7426,2020-05-11T07:00:00+10:00,-33.765278,151.117806,o3,ppm,0.005
7426,25235,Macquarie Park-7426,2020-05-11T09:00:00+10:00,-33.765278,151.117806,o3,ppm,0.008
7426,25235,Macquarie Park-7426,2020-05-11T10:00:00+10:00,-33.765278,151.117806,o3,ppm,0.01
7426,25235,Macquarie Park-7426,2020-05-11T11:00:00+10:00,-33.765278,151.117806,o3,ppm,0.013
7426,25235,Macquarie Park-7426,2020-05-11T12:00:00+10:00,-33.765278,151.117806,o3,ppm,0.02
7426,25235,Macquarie Park-7426,2020-05-11T13:00:00+10:00,-33.765278,151.117806,o3,ppm,0.023
7426,25235,Macquarie Park-7426,2020-05-11T14:00:00+10:00,-33.765278,151.117806,o3,ppm,0.026
7426,25235,Macquarie Park-7426,2020-05-11T15:00:00+10:00,-33.765278,151.117806,o3,ppm,0.026
7426,25235,Macquarie Park-7426,2020-05-11T16:00:00+10:00,-33.765278,151.117806,o3,ppm,0.023
7426,25235,Macquarie Park-7426,2020-05-11T18:00:00+10:00,-33.765278,151.117806,o3,ppm,0.012
7426,25235,Macquarie Park-7426,2020-05-11T19:00:00+10:00,-33.765278,151.117806,o3,ppm,0.004
7426,25235,Macquarie Park-7426,2020-05-11T20:00:00+10:00,-33.765278,151.117806,o3,ppm,0.002
7426,25235,Macquarie Park-7426,2020-05-11T21:00:00+10:00,-33.765278,151.117806,o3,ppm,0.001
7426,25235,Macquarie Park-7426,2020-05-11T22:00:00+10:00,-33.765278,151.117806,o3,ppm,0.001
7426,25235,Macquarie Park-7426,2020-05-11T23:00:00+10:00,-33.765278,151.117806,o3,ppm,0.0
7426,21608,Macquarie Park-7426,2020-05-12T01:00:00+10:00,-33.765278,151.117806,pm10,µg/m³,16.4
7426,21608,Macquarie Park-7426,2020-05-12T03:00:00+10:00,-33.765278,151.117806,pm10,µg/m³,12.4
7426,21608,Macquarie Park-7426,2020-05-12T05:00:00+10:00,-33.765278,151.117806,pm10,µg/m³,11.2
7426,21608,Macquarie Park-7426,2020-05-12T06:00:00+10:00,-33.765278,151.117806,pm10,µg/m³,9.8
7426,21608,Macquarie Park-7426,2020-05-12T07:00:00+10:00,-33.765278,151.117806,pm10,µg/m³,10.1
7426,21608,Macquarie Park-7426,2020-05-12T08:00:00+10:00,-33.765278,151.117806,pm10,µg/m³,21.9
7426,21608,Macquarie Park-7426,2020-05-12T09:00:00+10:00,-33.765278,151.117806,pm10,µg/m³,18.6
7426,21608,Macquarie Park-7426,2020-05-12T10:00:00+10:00,-33.765278,151.117806,pm10,µg/m³,6.7
7426,21608,Macquarie Park-7426,2020-05-12T11:00:00+10:00,-33.765278,151.117806,pm10,µg/m³,14.1
7426,21608,Macquarie Park-7426,2020-05-12T12:00:00+10:00,-33.765278,151.117806,pm10,µg/m³,13.5
7426,21608,Macquarie Park-7426,2020-05-12T13:00:00+10:00,-33.765278,151.117806,pm10,µg/m³,7.3
7426,21608,Macquarie Park-7426,2020-05-12T14:00:00+10:00,-33.765278,151.117806,pm10,µg/m³,6.8
7426,21608,Macquarie Park-7426,2020-05-12T15:00:00+10:00,-33.765278,151.117806,pm10,µg/m³,8.2
7426,21608,Macquarie Park-7426,2020-05-12T16:00:00+10:00,-33.765278,151.117806,pm10,µg/m³,8.6
7426,21608,Macquarie Park-7426,2020-05-12T17:00:00+10:00,-33.765278,151.117806,pm10,µg/m³,18.8
7426,21608,Macquarie Park-7426,2020-05-12T18:00:00+10:00,-33.765278,151.117806,pm10,µg/m³,19.1
7426,21608,Macquarie Park-7426,2020-05-12T19:00:00+10:00,-33.765278,151.117806,pm10,µg/m³,16.5
7426,21609,Macquarie Park-7426,2020-05-12T01:00:00+10:00,-33.765278,151.117806,pm25,µg/m³,14.9
7426,21609,Macquarie Park-7426,2020-05-12T03:00:00+10:00,-33.765278,151.117806,pm25,µg/m³,15.3
7426,21609,Macquarie Park-7426,2020-05-12T05:00:00+10:00,-33.765278,151.117806,pm25,µg/m³,9.1
7426,21609,Macquarie Park-7426,2020-05-12T06:00:00+10:00,-33.765278,151.117806,pm25,µg/m³,11.0
7426,21609,Macquarie Park-7426,2020-05-12T07:00:00+10:00,-33.765278,151.117806,pm25,µg/m³,11.2
7426,21609,Macquarie Park-7426,2020-05-12T08:00:00+10:00,-33.765278,151.117806,pm25,µg/m³,6.4
7426,21609,Macquarie Park-7426,2020-05-12T09:00:00+10:00,-33.765278,151.117806,pm25,µg/m³,5.6
7426,21609,Macquarie Park-7426,2020-05-12T10:00:00+10:00,-33.765278,151.117806,pm25,µg/m³,2.3
7426,21609,Macquarie Park-7426,2020-05-12T11:00:00+10:00,-33.765278,151.117806,pm25,µg/m³,5.6
7426,21609,Macquarie Park-7426,2020-05-12T12:00:00+10:00,-33.765278,151.117806,pm25,µg/m³,0.0
7426,21609,Macquarie Park-7426,2020-05-12T13:00:00+10:00,-33.765278,151.117806,pm25,µg/m³,3.3
7426,21609,Macquarie Park-7426,2020-05-12T14:00:00+10:00,-33.765278,151.117806,pm25,µg/m³,6.0
7426,21609,Macquarie Park-7426,2020-05-12T15:00:00+10:00,-33.765278,151.117806,pm25,µg/m³,2.8
7426,21609,Macquarie Park-7426,2020-05-12T16:00:00+10:00,-33.765278,151.117806,pm25,µg/m³,4.1
7426,21609,Macquarie Park-7426,2020-05-12T17:00:00+10:00,-33.765278,151.117806,pm25,µg/m³,2.9
7426,21609,Macquarie Park-7426,2020-05-12T18:00:00+10:00,-33.765278,151.117806,pm25,µg/m³,5.4
7426,21609,Macquarie Park-7426,2020-05-12T19:00:00+10:00,-33.765278,151.117806,pm25,µg/m³,3.7
7426,25234,Macquarie Park-7426,2020-05-12T01:00:00+10:00,-33.765278,151.117806,no2,ppm,0.01
7426,25234,Macquarie Park-7426,2020-05-12T03:00:00+10:00,-33.765278,151.117806,no2,ppm,0.007
7426,25234,Macquarie Park-7426,2020-05-12T05:00:00+10:00,-33.765278,151.117806,no2,ppm,0.007
7426,25234,Macquarie Park-7426,2020-05-12T06:00:00+10:00,-33.765278,151.117806,no2,ppm,0.006
7426,25234,Macquarie Park-7426,2020-05-12T07:00:00+10:00,-33.765278,151.117806,no2,ppm,0.007
7426,25234,Macquarie Park-7426,2020-05-12T08:00:00+10:00,-33.765278,151.117806,no2,ppm,0.006
7426,25234,Macquarie Park-7426,2020-05-12T09:00:00+10:00,-33.765278,151.117806,no2,ppm,0.012
7426,25234,Macquarie Park-7426,2020-05-12T10:00:00+10:00,-33.765278,151.117806,no2,ppm,0.013
7426,25234,Macquarie Park-7426,2020-05-12T11:00:00+10:00,-33.765278,151.117806,no2,ppm,0.01
7426,25234,Macquarie Park-7426,2020-05-12T12:00:00+10:00,-33.765278,151.117806,no2,ppm,0.007
7426,25234,Macquarie Park-7426,2020-05-12T13:00:00+10:00,-33.765278,151.117806,no2,ppm,0.002
7426,25234,Macquarie Park-7426,2020-05-12T14:00:00+10:00,-33.765278,151.117806,no2,ppm,0.005
7426,25234,Macquarie Park-7426,2020-05-12T15:00:00+10:00,-33.765278,151.117806,no2,ppm,0.003
7426,25234,Macquarie Park-7426,2020-05-12T16:00:00+10:00,-33.765278,151.117806,no2,ppm,0.001
7426,25234,Macquarie Park-7426,2020-05-12T17:00:00+10:00,-33.765278,151.117806,no2,ppm,0.004
7426,25234,Macquarie Park-7426,2020-05-12T18:00:00+10:00,-33.765278,151.117806,no2,ppm,0.008
7426,25234,Macquarie Park-7426,2020-05-12T19:00:00+10:00,-33.765278,151.117806,no2,ppm,0.007
7426,28467,Macquarie Park-7426,2020-05-12T01:00:00+10:00,-33.765278,151.117806,co,ppm,0.4
7426,28467,Macquarie Park-7426,2020-05-12T03:00:00+10:00,-33.765278,151.117806,co,ppm,0.5
7426,28467,Macquarie Park-7426,2020-05-12T05:00:00+10:00,-33.765278,151.117806,co,ppm,0.5
7426,28467,Macquarie Park-7426,2020-05-12T06:00:00+10:00,-33.765278,151.117806,co,ppm,0.5
7426,28467,Macquarie Park-7426,2020-05-12T07:00:00+10:00,-33.765278,151.117806,co,ppm,0.5
7426,28467,Macquarie Park-7426,2020-05-12T08:00:00+10:00,-33.765278,151.117806,co,ppm,0.4
7426,28467,Macquarie Park-7426,2020-05-12T09:00:00+10:00,-33.765278,151.117806,co,ppm,0.4
7426,28467,Macquarie Park-7426,2020-05-12T10:00:00+10:00,-33.765278,151.117806,co,ppm,0.4
7426,28467,Macquarie Park-7426,2020-05-12T11:00:00+10:00,-33.765278,151.117806,co,ppm,0.3
7426,28467,Macquarie Park-7426,2020-05-12T12:00:00+10:00,-33.765278,151.117806,co,ppm,0.3
7426,28467,Macquarie Park-7426,2020-05-12T13:00:00+10:00,-33.765278,151.117806,co,ppm,0.3
7426,28467,Macquarie Park-7426,2020-05-12T14:00:00+10:00,-33.765278,151.117806,co,ppm,0.2
7426,28467,Macquarie Park-7426,2020-05-12T15:00:00+10:00,-33.765278,151.117806,co,ppm,0.2
7426,28467,Macquarie Park-7426,2020-05-12T16:00:00+10:00,-33.765278,151.117806,co,ppm,0.2
7426,28467,Macquarie Park-7426,2020-05-12T17:00:00+10:00,-33.765278,151.117806,co,ppm,0.2
7426,28467,Macquarie Park-7426,2020-05-12T18:00:00+10:00,-33.765278,151.117806,co,ppm,0.2
7426,28467,Macquarie Park-7426,2020-05-12T19:00:00+10:00,-33.765278,151.117806,co,ppm,0.2
7426,25237,Macquarie Park-7426,2020-05-12T01:00:00+10:00,-33.765278,151.117806,so2,ppm,0.0
7426,25237,Macquarie Park-7426,2020-05-12T03:00:00+10:00,-33.765278,151.117806,so2,ppm,0.0
7426,25237,Macquarie Park-7426,2020-05-12T05:00:00+10:00,-33.765278,151.117806,so2,ppm,0.0
7426,25237,Macquarie Park-7426,2020-05-12T06:00:00+10:00,-33.765278,151.117806,so2,ppm,0.0
7426,25237,Macquarie Park-7426,2020-05-12T07:00:00+10:00,-33.765278,151.117806,so2,ppm,0.0
7426,25237,Macquarie Park-7426,2020-05-12T08:00:00+10:00,-33.765278,151.117806,so2,ppm,0.0
7426,25237,Macquarie Park-7426,2020-05-12T09:00:00+10:00,-33.765278,151.117806,so2,ppm,0.001
7426,25237,Macquarie Park-7426,2020-05-12T10:00:00+10:00,-33.765278,151.117806,so2,ppm,0.001
7426,25237,Macquarie Park-7426,2020-05-12T11:00:00+10:00,-33.765278,151.117806,so2,ppm,0.0
7426,25237,Macquarie Park-7426,2020-05-12T12:00:00+10:00,-33.765278,151.117806,so2,ppm,0.0
7426,25237,Macquarie Park-7426,2020-05-12T13:00:00+10:00,-33.765278,151.117806,so2,ppm,0.0
7426,25237,Macquarie Park-7426,2020-05-12T14:00:00+10:00,-33.765278,151.117806,so2,ppm,0.008
7426,25237,Macquarie Park-7426,2020-05-12T15:00:00+10:00,-33.765278,151.117806,so2,ppm,0.004
7426,25237,Macquarie Park-7426,2020-05-12T16:00:00+10:00,-33.765278,151.117806,so2,ppm,0.002
7426,25237,Macquarie Park-7426,2020-05-12T17:00:00+10:00,-33.765278,151.117806,so2,ppm,0.002
7426,25237,Macquarie Park-7426,2020-05-12T18:00:00+10:00,-33.765278,151.117806,so2,ppm,0.001
7426,25237,Macquarie Park-7426,2020-05-12T19:00:00+10:00,-33.765278,151.117806,so2,ppm,0.001
7426,25235,Macquarie Park-7426,2020-05-12T01:00:00+10:00,-33.765278,151.117806,o3,ppm,0.0
7426,25235,Macquarie Park-7426,2020-05-12T03:00:00+10:00,-33.765278,151.117806,o3,ppm,0.0
7426,25235,Macquarie Park-7426,2020-05-12T05:00:00+10:00,-33.765278,151.117806,o3,ppm,0.0
7426,25235,Macquarie Park-7426,2020-05-12T06:00:00+10:00,-33.765278,151.117806,o3,ppm,0.0
7426,25235,Macquarie Park-7426,2020-05-12T07:00:00+10:00,-33.765278,151.117806,o3,ppm,0.0
7426,25235,Macquarie Park-7426,2020-05-12T08:00:00+10:00,-33.765278,151.117806,o3,ppm,0.002
7426,25235,Macquarie Park-7426,2020-05-12T09:00:00+10:00,-33.765278,151.117806,o3,ppm,0.003
7426,25235,Macquarie Park-7426,2020-05-12T10:00:00+10:00,-33.765278,151.117806,o3,ppm,0.008
7426,25235,Macquarie Park-7426,2020-05-12T11:00:00+10:00,-33.765278,151.117806,o3,ppm,0.014
7426,25235,Macquarie Park-7426,2020-05-12T12:00:00+10:00,-33.765278,151.117806,o3,ppm,0.022
7426,25235,Macquarie Park-7426,2020-05-12T13:00:00+10:00,-33.765278,151.117806,o3,ppm,0.029
7426,25235,Macquarie Park-7426,2020-05-12T14:00:00+10:00,-33.765278,151.117806,o3,ppm,0.023
7426,25235,Macquarie Park-7426,2020-05-12T15:00:00+10:00,-33.765278,151.117806,o3,ppm,0.027
7426,25235,Macquarie Park-7426,2020-05-12T16:00:00+10:00,-33.765278,151.117806,o3,ppm,0.03
7426,25235,Macquarie Park-7426,2020-05-12T17:00:00+10:00,-33.765278,151.117806,o3,ppm,0.026
7426,25235,Macquarie Park-7426,2020-05-12T18:00:00+10:00,-33.765278,151.117806,o3,ppm,0.023
7426,25235,Macquarie Park-7426,2020-05-12T19:00:00+10:00,-33.765278,151.117806,o3,ppm,0.022
7426,21608,Macquarie Park-7426,2020-05-14T03:00:00+10:00,-33.765278,151.117806,pm10,µg/m³,12.3
7426,21608,Macquarie Park-7426,2020-05-14T04:00:00+10:00,-33.765278,151.117806,pm10,µg/m³,13.4
7426,21608,Macquarie Park-7426,2020-05-14T05:00:00+10:00,-33.765278,151.117806,pm10,µg/m³,16.0
7426,21608,Macquarie Park-7426,2020-05-14T08:00:00+10:00,-33.765278,151.117806,pm10,µg/m³,11.2
7426,21608,Macquarie Park-7426,2020-05-14T12:00:00+10:00,-33.765278,151.117806,pm10,µg/m³,10.5
7426,21608,Macquarie Park-7426,2020-05-14T13:00:00+10:00,-33.765278,151.117806,pm10,µg/m³,17.3
7426,21608,Macquarie Park-7426,2020-05-14T14:00:00+10:00,-33.765278,151.117806,pm10,µg/m³,15.7
7426,21608,Macquarie Park-7426,2020-05-14T15:00:00+10:00,-33.765278,151.117806,pm10,µg/m³,13.1
7426,21608,Macquarie Park-7426,2020-05-14T16:00:00+10:00,-33.765278,151.117806,pm10,µg/m³,22.2
7426,21608,Macquarie Park-7426,2020-05-14T17:00:00+10:00,-33.765278,151.117806,pm10,µg/m³,14.2
7426,21608,Macquarie Park-7426,2020-05-14T18:00:00+10:00,-33.765278,151.117806,pm10,µg/m³,9.4
7426,21608,Macquarie Park-7426,2020-05-14T20:00:00+10:00,-33.765278,151.117806,pm10,µg/m³,16.6
7426,21608,Macquarie Park-7426,2020-05-14T21:00:00+10:00,-33.765278,151.117806,pm10,µg/m³,14.2
7426,21608,Macquarie Park-7426,2020-05-14T22:00:00+10:00,-33.765278,151.117806,pm10,µg/m³,13.4
7426,21609,Macquarie Park-7426,2020-05-14T03:00:00+10:00,-33.765278,151.117806,pm25,µg/m³,15.6
7426,21609,Macquarie Park-7426,2020-05-14T04:00:00+10:00,-33.765278,151.117806,pm25,µg/m³,12.1
7426,21609,Macquarie Park-7426,2020-05-14T05:00:00+10:00,-33.765278,151.117806,pm25,µg/m³,12.5
7426,21609,Macquarie Park-7426,2020-05-14T08:00:00+10:00,-33.765278,151.117806,pm25,µg/m³,5.9
7426,21609,Macquarie Park-7426,2020-05-14T12:00:00+10:00,-33.765278,151.117806,pm25,µg/m³,11.1
7426,21609,Macquarie Park-7426,2020-05-14T13:00:00+10:00,-33.765278,151.117806,pm25,µg/m³,0.0
7426,21609,Macquarie Park-7426,2020-05-14T14:00:00+10:00,-33.765278,151.117806,pm25,µg/m³,0.0
7426,21609,Macquarie Park-7426,2020-05-14T15:00:00+10:00,-33.765278,151.117806,pm25,µg/m³,3.8
7426,21609,Macquarie Park-7426,2020-05-14T16:00:00+10:00,-33.765278,151.117806,pm25,µg/m³,2.3
7426,21609,Macquarie Park-7426,2020-05-14T17:00:00+10:00,-33.765278,151.117806,pm25,µg/m³,10.8
7426,21609,Macquarie Park-7426,2020-05-14T18:00:00+10:00,-33.765278,151.117806,pm25,µg/m³,6.0
7426,21609,Macquarie Park-7426,2020-05-14T20:00:00+10:00,-33.765278,151.117806,pm25,µg/m³,2.8
7426,21609,Macquarie Park-7426,2020-05-14T21:00:00+10:00,-33.765278,151.117806,pm25,µg/m³,0.0
7426,21609,Macquarie Park-7426,2020-05-14T22:00:00+10:00,-33.765278,151.117806,pm25,µg/m³,0.0
7426,25234,Macquarie Park-7426,2020-05-14T03:00:00+10:00,-33.765278,151.117806,no2,ppm,0.008
7426,25234,Macquarie Park-7426,2020-05-14T04:00:00+10:00,-33.765278,151.117806,no2,ppm,0.007
7426,25234,Macquarie Park-7426,2020-05-14T05:00:00+10:00,-33.765278,151.117806,no2,ppm,0.008
7426,25234,Macquarie Park-7426,2020-05-14T08:00:00+10:00,-33.765278,151.117806,no2,ppm,0.017
7426,25234,Macquarie Park-7426,2020-05-14T12:00:00+10:00,-33.765278,151.117806,no2,ppm,0.007
7426,25234,Macquarie Park-7426,2020-05-14T13:00:00+10:00,-33.765278,151.117806,no2,ppm,0.004
7426,25234,Macquarie Park-7426,2020-05-14T14:00:00+10:00,-33.765278,151.117806,no2,ppm,0.004
7426,25234,Macquarie Park-7426,2020-05-14T15:00:00+10:00,-33.765278,151.117806,no2,ppm,0.003
7426,25234,Macquarie Park-7426,2020-05-14T16:00:00+10:00,-33.765278,151.117806,no2,ppm,0.005
7426,25234,Macquarie Park-7426,2020-05-14T17:00:00+10:00,-33.765278,151.117806,no2,ppm,0.012
7426,25234,Macquarie Park-7426,2020-05-14T18:00:00+10:00,-33.765278,151.117806,no2,ppm,0.013
7426,25234,Macquarie Park-7426,2020-05-14T20:00:00+10:00,-33.765278,151.117806,no2,ppm,0.011
7426,25234,Macquarie Park-7426,2020-05-14T21:00:00+10:00,-33.765278,151.117806,no2,ppm,0.009
7426,25234,Macquarie Park-7426,2020-05-14T22:00:00+10:00,-33.765278,151.117806,no2,ppm,0.008
7426,28467,Macquarie Park-7426,2020-05-14T03:00:00+10:00,-33.765278,151.117806,co,ppm,0.6
7426,28467,Macquarie Park-7426,2020-05-14T04:00:00+10:00,-33.765278,151.117806,co,ppm,0.5
7426,28467,Macquarie Park-7426,2020-05-14T05:00:00+10:00,-33.765278,151.117806,co,ppm,0.5
7426,28467,Macquarie Park-7426,2020-05-14T08:00:00+10:00,-33.765278,151.117806,co,ppm,0.4
7426,28467,Macquarie Park-7426,2020-05-14T12:00:00+10:00,-33.765278,151.117806,co,ppm,0.3
7426,28467,Macquarie Park-7426,2020-05-14T13:00:00+10:00,-33.765278,151.117806,co,ppm,0.3
7426,28467,Macquarie Park-7426,2020-05-14T14:00:00+10:00,-33.765278,151.117806,co,ppm,0.3
7426,28467,Macquarie Park-7426,2020-05-14T15:00:00+10:00,-33.765278,151.117806,co,ppm,0.2
7426,28467,Macquarie Park-7426,2020-05-14T16:00:00+10:00,-33.765278,151.117806,co,ppm,0.2
7426,28467,Macquarie Park-7426,2020-05-14T17:00:00+10:00,-33.765278,151.117806,co,ppm,0.2
7426,28467,Macquarie Park-7426,2020-05-14T18:00:00+10:00,-33.765278,151.117806,co,ppm,0.2
7426,28467,Macquarie Park-7426,2020-05-14T20:00:00+10:00,-33.765278,151.117806,co,ppm,0.2
7426,28467,Macquarie Park-7426,2020-05-14T21:00:00+10:00,-33.765278,151.117806,co,ppm,0.2
7426,28467,Macquarie Park-7426,2020-05-14T22:00:00+10:00,-33.765278,151.117806,co,ppm,0.3
7426,25237,Macquarie Park-7426,2020-05-14T03:00:00+10:00,-33.765278,151.117806,so2,ppm,0.0
7426,25237,Macquarie Park-7426,2020-05-14T04:00:00+10:00,-33.765278,151.117806,so2,ppm,0.0
7426,25237,Macquarie Park-7426,2020-05-14T05:00:00+10:00,-33.765278,151.117806,so2,ppm,0.0
7426,25237,Macquarie Park-7426,2020-05-14T08:00:00+10:00,-33.765278,151.117806,so2,ppm,0.0
7426,25237,Macquarie Park-7426,2020-05-14T12:00:00+10:00,-33.765278,151.117806,so2,ppm,0.0
7426,25237,Macquarie Park-7426,2020-05-14T13:00:00+10:00,-33.765278,151.117806,so2,ppm,0.0
7426,25237,Macquarie Park-7426,2020-05-14T14:00:00+10:00,-33.765278,151.117806,so2,ppm,0.0
7426,25237,Macquarie Park-7426,2020-05-14T15:00:00+10:00,-33.765278,151.117806,so2,ppm,0.0
7426,25237,Macquarie Park-7426,2020-05-14T16:00:00+10:00,-33.765278,151.117806,so2,ppm,0.0
7426,25237,Macquarie Park-7426,2020-05-14T17:00:00+10:00,-33.765278,151.117806,so2,ppm,0.0
7426,25237,Macquarie Park-7426,2020-05-14T18:00:00+10:00,-33.765278,151.117806,so2,ppm,0.0
7426,25237,Macquarie Park-7426,2020-05-14T20:00:00+10:00,-33.765278,151.117806,so2,ppm,0.0
7426,25237,Macquarie Park-7426,2020-05-14T21:00:00+10:00,-33.765278,151.117806,so2,ppm,0.0
7426,25237,Macquarie Park-7426,2020-05-14T22:00:00+10:00,-33.765278,151.117806,so2,ppm,0.0
7426,25235,Macquarie Park-7426,2020-05-14T03:00:00+10:00,-33.765278,151.117806,o3,ppm,0.0
7426,25235,Macquarie Park-7426,2020-05-14T04:00:00+10:00,-33.765278,151.117806,o3,ppm,0.0
7426,25235,Macquarie Park-7426,2020-05-14T05:00:00+10:00,-33.765278,151.117806,o3,ppm,0.0
7426,25235,Macquarie Park-7426,2020-05-14T08:00:00+10:00,-33.765278,151.117806,o3,ppm,0.002
7426,25235,Macquarie Park-7426,2020-05-14T12:00:00+10:00,-33.765278,151.117806,o3,ppm,0.004
7426,25235,Macquarie Park-7426,2020-05-14T13:00:00+10:00,-33.765278,151.117806,o3,ppm,0.022
7426,25235,Macquarie Park-7426,2020-05-14T14:00:00+10:00,-33.765278,151.117806,o3,ppm,0.021
7426,25235,Macquarie Park-7426,2020-05-14T15:00:00+10:00,-33.765278,151.117806,o3,ppm,0.023
7426,25235,Macquarie Park-7426,2020-05-14T16:00:00+10:00,-33.765278,151.117806,o3,ppm,0.02
7426,25235,Macquarie Park-7426,2020-05-14T17:00:00+10:00,-33.765278,151.117806,o3,ppm,0.012
7426,25235,Macquarie Park-7426,2020-05-14T18:00:00+10:00,-33.765278,151.117806,o3,ppm,0.007
7426,25235,Macquarie Park-7426,2020-05-14T20:00:00+10:00,-33.765278,151.117806,o3,ppm,0.001
7426,25235,Macquarie Park-7426,2020-05-14T21:00:00+10:00,-33.765278,151.117806,o3,ppm,0.007
7426,25235,Macquarie Park-7426,2020-05-14T22:00:00+10:00,-33.765278,151.117806,o3,ppm,0.003
7426,21608,Macquarie Park-7426,2020-05-15T01:00:00+10:00,-33.765278,151.117806,pm10,µg/m³,7.5
7426,21608,Macquarie Park-7426,2020-05-15T02:00:00+10:00,-33.765278,151.117806,pm10,µg/m³,7.9
7426,21608,Macquarie Park-7426,2020-05-15T04:00:00+10:00,-33.765278,151.117806,pm10,µg/m³,0.8
7426,21608,Macquarie Park-7426,2020-05-15T17:00:00+10:00,-33.765278,151.117806,pm10,µg/m³,7.6
7426,21608,Macquarie Park-7426,2020-05-15T18:00:00+10:00,-33.765278,151.117806,pm10,µg/m³,9.3
7426,21608,Macquarie Park-7426,2020-05-15T19:00:00+10:00,-33.765278,151.117806,pm10,µg/m³,8.8
7426,21608,Macquarie Park-7426,2020-05-15T21:00:00+10:00,-33.765278,151.117806,pm10,µg/m³,11.1
7426,21608,Macquarie Park-7426,2020-05-15T22:00:00+10:00,-33.765278,151.117806,pm10,µg/m³,8.8
7426,21608,Macquarie Park-7426,2020-05-15T23:00:00+10:00,-33.765278,151.117806,pm10,µg/m³,8.8
7426,21609,Macquarie Park-7426,2020-05-15T01:00:00+10:00,-33.765278,151.117806,pm25,µg/m³,12.6
7426,21609,Macquarie Park-7426,2020-05-15T02:00:00+10:00,-33.765278,151.117806,pm25,µg/m³,8.3
7426,21609,Macquarie Park-7426,2020-05-15T04:00:00+10:00,-33.765278,151.117806,pm25,µg/m³,8.0
7426,21609,Macquarie Park-7426,2020-05-15T17:00:00+10:00,-33.765278,151.117806,pm25,µg/m³,4.1
7426,21609,Macquarie Park-7426,2020-05-15T18:00:00+10:00,-33.765278,151.117806,pm25,µg/m³,7.6
7426,21609,Macquarie Park-7426,2020-05-15T19:00:00+10:00,-33.765278,151.117806,pm25,µg/m³,0.0
7426,21609,Macquarie Park-7426,2020-05-15T21:00:00+10:00,-33.765278,151.117806,pm25,µg/m³,0.0
7426,21609,Macquarie Park-7426,2020-05-15T22:00:00+10:00,-33.765278,151.117806,pm25,µg/m³,5.3
7426,21609,Macquarie Park-7426,2020-05-15T23:00:00+10:00,-33.765278,151.117806,pm25,µg/m³,5.9
7426,25234,Macquarie Park-7426,2020-05-15T01:00:00+10:00,-33.765278,151.117806,no2,ppm,0.007
7426,25234,Macquarie Park-7426,2020-05-15T04:00:00+10:00,-33.765278,151.117806,no2,ppm,0.003
7426,25234,Macquarie Park-7426,2020-05-15T17:00:00+10:00,-33.765278,151.117806,no2,ppm,0.01
7426,25234,Macquarie Park-7426,2020-05-15T18:00:00+10:00,-33.765278,151.117806,no2,ppm,0.01
7426,25234,Macquarie Park-7426,2020-05-15T19:00:00+10:00,-33.765278,151.117806,no2,ppm,0.013
7426,25234,Macquarie Park-7426,2020-05-15T21:00:00+10:00,-33.765278,151.117806,no2,ppm,0.012
7426,25234,Macquarie Park-7426,2020-05-15T22:00:00+10:00,-33.765278,151.117806,no2,ppm,0.01
7426,25234,Macquarie Park-7426,2020-05-15T23:00:00+10:00,-33.765278,151.117806,no2,ppm,0.011
7426,28467,Macquarie Park-7426,2020-05-15T01:00:00+10:00,-33.765278,151.117806,co,ppm,0.3
7426,28467,Macquarie Park-7426,2020-05-15T02:00:00+10:00,-33.765278,151.117806,co,ppm,0.4
7426,28467,Macquarie Park-7426,2020-05-15T04:00:00+10:00,-33.765278,151.117806,co,ppm,0.4
7426,28467,Macquarie Park-7426,2020-05-15T17:00:00+10:00,-33.765278,151.117806,co,ppm,0.2
7426,28467,Macquarie Park-7426,2020-05-15T18:00:00+10:00,-33.765278,151.117806,co,ppm,0.2
7426,28467,Macquarie Park-7426,2020-05-15T19:00:00+10:00,-33.765278,151.117806,co,ppm,0.2
7426,28467,Macquarie Park-7426,2020-05-15T21:00:00+10:00,-33.765278,151.117806,co,ppm,0.3
7426,28467,Macquarie Park-7426,2020-05-15T22:00:00+10:00,-33.765278,151.117806,co,ppm,0.3
7426,28467,Macquarie Park-7426,2020-05-15T23:00:00+10:00,-33.765278,151.117806,co,ppm,0.3
7426,25237,Macquarie Park-7426,2020-05-15T01:00:00+10:00,-33.765278,151.117806,so2,ppm,0.0
7426,25237,Macquarie Park-7426,2020-05-15T04:00:00+10:00,-33.765278,151.117806,so2,ppm,0.0
7426,25237,Macquarie Park-7426,2020-05-15T17:00:00+10:00,-33.765278,151.117806,so2,ppm,0.0
7426,25237,Macquarie Park-7426,2020-05-15T18:00:00+10:00,-33.765278,151.117806,so2,ppm,0.0
7426,25237,Macquarie Park-7426,2020-05-15T19:00:00+10:00,-33.765278,151.117806,so2,ppm,0.0
7426,25237,Macquarie Park-7426,2020-05-15T21:00:00+10:00,-33.765278,151.117806,so2,ppm,0.0
7426,25237,Macquarie Park-7426,2020-05-15T22:00:00+10:00,-33.765278,151.117806,so2,ppm,0.0
7426,25237,Macquarie Park-7426,2020-05-15T23:00:00+10:00,-33.765278,151.117806,so2,ppm,0.0
7426,25235,Macquarie Park-7426,2020-05-15T01:00:00+10:00,-33.765278,151.117806,o3,ppm,0.003
7426,25235,Macquarie Park-7426,2020-05-15T02:00:00+10:00,-33.765278,151.117806,o3,ppm,0.003
7426,25235,Macquarie Park-7426,2020-05-15T04:00:00+10:00,-33.765278,151.117806,o3,ppm,0.002
7426,25235,Macquarie Park-7426,2020-05-15T17:00:00+10:00,-33.765278,151.117806,o3,ppm,0.014
7426,25235,Macquarie Park-7426,2020-05-15T18:00:00+10:00,-33.765278,151.117806,o3,ppm,0.013
7426,25235,Macquarie Park-7426,2020-05-15T19:00:00+10:00,-33.765278,151.117806,o3,ppm,0.008
7426,25235,Macquarie Park-7426,2020-05-15T21:00:00+10:00,-33.765278,151.117806,o3,ppm,0.007
7426,25235,Macquarie Park-7426,2020-05-15T22:00:00+10:00,-33.765278,151.117806,o3,ppm,0.008
7426,25235,Macquarie Park-7426,2020-05-15T23:00:00+10:00,-33.765278,151.117806,o3,ppm,0.007
7426,21608,Macquarie Park-7426,2020-05-16T02:00:00+10:00,-33.765278,151.117806,pm10,µg/m³,5.6
7426,21608,Macquarie Park-7426,2020-05-16T03:00:00+10:00,-33.765278,151.117806,pm10,µg/m³,0.0
7426,21608,Macquarie Park-7426,2020-05-16T04:00:00+10:00,-33.765278,151.117806,pm10,µg/m³,0.0
7426,21608,Macquarie Park-7426,2020-05-16T05:00:00+10:00,-33.765278,151.117806,pm10,µg/m³,0.0
7426,21608,Macquarie Park-7426,2020-05-16T06:00:00+10:00,-33.765278,151.117806,pm10,µg/m³,3.1
7426,21608,Macquarie Park-7426,2020-05-16T07:00:00+10:00,-33.765278,151.117806,pm10,µg/m³,1.5
7426,21608,Macquarie Park-7426,2020-05-16T08:00:00+10:00,-33.765278,151.117806,pm10,µg/m³,22.2
7426,21608,Macquarie Park-7426,2020-05-16T09:00:00+10:00,-33.765278,151.117806,pm10,µg/m³,32.5
7426,21608,Macquarie Park-7426,2020-05-16T10:00:00+10:00,-33.765278,151.117806,pm10,µg/m³,7.0
7426,21608,Macquarie Park-7426,2020-05-16T15:00:00+10:00,-33.765278,151.117806,pm10,µg/m³,6.6
7426,21608,Macquarie Park-7426,2020-05-16T17:00:00+10:00,-33.765278,151.117806,pm10,µg/m³,12.0
7426,21608,Macquarie Park-7426,2020-05-16T20:00:00+10:00,-33.765278,151.117806,pm10,µg/m³,17.3
7426,21608,Macquarie Park-7426,2020-05-16T22:00:00+10:00,-33.765278,151.117806,pm10,µg/m³,25.3
7426,21608,Macquarie Park-7426,2020-05-16T23:00:00+10:00,-33.765278,151.117806,pm10,µg/m³,24.1
7426,21609,Macquarie Park-7426,2020-05-16T02:00:00+10:00,-33.765278,151.117806,pm25,µg/m³,7.5
7426,21609,Macquarie Park-7426,2020-05-16T03:00:00+10:00,-33.765278,151.117806,pm25,µg/m³,6.0
7426,21609,Macquarie Park-7426,2020-05-16T04:00:00+10:00,-33.765278,151.117806,pm25,µg/m³,8.0
7426,21609,Macquarie Park-7426,2020-05-16T05:00:00+10:00,-33.765278,151.117806,pm25,µg/m³,12.2
7426,21609,Macquarie Park-7426,2020-05-16T06:00:00+10:00,-33.765278,151.117806,pm25,µg/m³,6.3
7426,21609,Macquarie Park-7426,2020-05-16T07:00:00+10:00,-33.765278,151.117806,pm25,µg/m³,3.8
7426,21609,Macquarie Park-7426,2020-05-16T08:00:00+10:00,-33.765278,151.117806,pm25,µg/m³,3.1
7426,21609,Macquarie Park-7426,2020-05-16T09:00:00+10:00,-33.765278,151.117806,pm25,µg/m³,2.0
7426,21609,Macquarie Park-7426,2020-05-16T10:00:00+10:00,-33.765278,151.117806,pm25,µg/m³,3.4
7426,21609,Macquarie Park-7426,2020-05-16T15:00:00+10:00,-33.765278,151.117806,pm25,µg/m³,5.7
7426,21609,Macquarie Park-7426,2020-05-16T17:00:00+10:00,-33.765278,151.117806,pm25,µg/m³,4.0
7426,21609,Macquarie Park-7426,2020-05-16T20:00:00+10:00,-33.765278,151.117806,pm25,µg/m³,18.1
7426,21609,Macquarie Park-7426,2020-05-16T22:00:00+10:00,-33.765278,151.117806,pm25,µg/m³,22.3
7426,21609,Macquarie Park-7426,2020-05-16T23:00:00+10:00,-33.765278,151.117806,pm25,µg/m³,33.0
7426,25234,Macquarie Park-7426,2020-05-16T03:00:00+10:00,-33.765278,151.117806,no2,ppm,0.004
7426,25234,Macquarie Park-7426,2020-05-16T04:00:00+10:00,-33.765278,151.117806,no2,ppm,0.005
7426,25234,Macquarie Park-7426,2020-05-16T05:00:00+10:00,-33.765278,151.117806,no2,ppm,0.004
7426,25234,Macquarie Park-7426,2020-05-16T06:00:00+10:00,-33.765278,151.117806,no2,ppm,0.004
7426,25234,Macquarie Park-7426,2020-05-16T07:00:00+10:00,-33.765278,151.117806,no2,ppm,0.003
7426,25234,Macquarie Park-7426,2020-05-16T08:00:00+10:00,-33.765278,151.117806,no2,ppm,0.004
7426,25234,Macquarie Park-7426,2020-05-16T09:00:00+10:00,-33.765278,151.117806,no2,ppm,0.005
7426,25234,Macquarie Park-7426,2020-05-16T10:00:00+10:00,-33.765278,151.117806,no2,ppm,0.006
7426,25234,Macquarie Park-7426,2020-05-16T15:00:00+10:00,-33.765278,151.117806,no2,ppm,0.006
7426,25234,Macquarie Park-7426,2020-05-16T17:00:00+10:00,-33.765278,151.117806,no2,ppm,0.007
7426,25234,Macquarie Park-7426,2020-05-16T20:00:00+10:00,-33.765278,151.117806,no2,ppm,0.007
7426,25234,Macquarie Park-7426,2020-05-16T22:00:00+10:00,-33.765278,151.117806,no2,ppm,0.007
7426,25234,Macquarie Park-7426,2020-05-16T23:00:00+10:00,-33.765278,151.117806,no2,ppm,0.006
7426,28467,Macquarie Park-7426,2020-05-16T02:00:00+10:00,-33.765278,151.117806,co,ppm,0.3
7426,28467,Macquarie Park-7426,2020-05-16T03:00:00+10:00,-33.765278,151.117806,co,ppm,0.3
7426,28467,Macquarie Park-7426,2020-05-16T04:00:00+10:00,-33.765278,151.117806,co,ppm,0.3
7426,28467,Macquarie Park-7426,2020-05-16T05:00:00+10:00,-33.765278,151.117806,co,ppm,0.3
7426,28467,Macquarie Park-7426,2020-05-16T06:00:00+10:00,-33.765278,151.117806,co,ppm,0.3
7426,28467,Macquarie Park-7426,2020-05-16T07:00:00+10:00,-33.765278,151.117806,co,ppm,0.3
7426,28467,Macquarie Park-7426,2020-05-16T08:00:00+10:00,-33.765278,151.117806,co,ppm,0.3
7426,28467,Macquarie Park-7426,2020-05-16T09:00:00+10:00,-33.765278,151.117806,co,ppm,0.3
7426,28467,Macquarie Park-7426,2020-05-16T10:00:00+10:00,-33.765278,151.117806,co,ppm,0.3
7426,28467,Macquarie Park-7426,2020-05-16T15:00:00+10:00,-33.765278,151.117806,co,ppm,0.2
7426,28467,Macquarie Park-7426,2020-05-16T17:00:00+10:00,-33.765278,151.117806,co,ppm,0.2
7426,28467,Macquarie Park-7426,2020-05-16T20:00:00+10:00,-33.765278,151.117806,co,ppm,0.3
7426,28467,Macquarie Park-7426,2020-05-16T22:00:00+10:00,-33.765278,151.117806,co,ppm,0.4
7426,28467,Macquarie Park-7426,2020-05-16T23:00:00+10:00,-33.765278,151.117806,co,ppm,0.5
7426,25237,Macquarie Park-7426,2020-05-16T03:00:00+10:00,-33.765278,151.117806,so2,ppm,0.0
7426,25237,Macquarie Park-7426,2020-05-16T04:00:00+10:00,-33.765278,151.117806,so2,ppm,0.0
7426,25237,Macquarie Park-7426,2020-05-16T05:00:00+10:00,-33.765278,151.117806,so2,ppm,0.0
7426,25237,Macquarie Park-7426,2020-05-16T06:00:00+10:00,-33.765278,151.117806,so2,ppm,0.0
7426,25237,Macquarie Park-7426,2020-05-16T07:00:00+10:00,-33.765278,151.117806,so2,ppm,0.0
7426,25237,Macquarie Park-7426,2020-05-16T08:00:00+10:00,-33.765278,151.117806,so2,ppm,0.0
7426,25237,Macquarie Park-7426,2020-05-16T09:00:00+10:00,-33.765278,151.117806,so2,ppm,0.0
7426,25237,Macquarie Park-7426,2020-05-16T10:00:00+10:00,-33.765278,151.117806,so2,ppm,0.0
7426,25237,Macquarie Park-7426,2020-05-16T15:00:00+10:00,-33.765278,151.117806,so2,ppm,0.0
7426,25237,Macquarie Park-7426,2020-05-16T17:00:00+10:00,-33.765278,151.117806,so2,ppm,0.0
7426,25237,Macquarie Park-7426,2020-05-16T20:00:00+10:00,-33.765278,151.117806,so2,ppm,0.0
7426,25237,Macquarie Park-7426,2020-05-16T22:00:00+10:00,-33.765278,151.117806,so2,ppm,0.0
7426,25237,Macquarie Park-7426,2020-05-16T23:00:00+10:00,-33.765278,151.117806,so2,ppm,0.0
7426,25235,Macquarie Park-7426,2020-05-16T02:00:00+10:00,-33.765278,151.117806,o3,ppm,0.008
7426,25235,Macquarie Park-7426,2020-05-16T03:00:00+10:00,-33.765278,151.117806,o3,ppm,0.005
7426,25235,Macquarie Park-7426,2020-05-16T04:00:00+10:00,-33.765278,151.117806,o3,ppm,0.002
7426,25235,Macquarie Park-7426,2020-05-16T05:00:00+10:00,-33.765278,151.117806,o3,ppm,0.002
7426,25235,Macquarie Park-7426,2020-05-16T06:00:00+10:00,-33.765278,151.117806,o3,ppm,0.002
7426,25235,Macquarie Park-7426,2020-05-16T07:00:00+10:00,-33.765278,151.117806,o3,ppm,0.001
7426,25235,Macquarie Park-7426,2020-05-16T08:00:00+10:00,-33.765278,151.117806,o3,ppm,0.004
7426,25235,Macquarie Park-7426,2020-05-16T09:00:00+10:00,-33.765278,151.117806,o3,ppm,0.007
7426,25235,Macquarie Park-7426,2020-05-16T10:00:00+10:00,-33.765278,151.117806,o3,ppm,0.012
7426,25235,Macquarie Park-7426,2020-05-16T15:00:00+10:00,-33.765278,151.117806,o3,ppm,0.019
7426,25235,Macquarie Park-7426,2020-05-16T17:00:00+10:00,-33.765278,151.117806,o3,ppm,0.014
7426,25235,Macquarie Park-7426,2020-05-16T20:00:00+10:00,-33.765278,151.117806,o3,ppm,0.0
7426,25235,Macquarie Park-7426,2020-05-16T22:00:00+10:00,-33.765278,151.117806,o3,ppm,0.0
7426,25235,Macquarie Park-7426,2020-05-16T23:00:00+10:00,-33.765278,151.117806,o3,ppm,0.0
7426,21608,Macquarie Park-7426,2020-05-17T04:00:00+10:00,-33.765278,151.117806,pm10,µg/m³,18.8
7426,21608,Macquarie Park-7426,2020-05-17T07:00:00+10:00,-33.765278,151.117806,pm10,µg/m³,16.3
7426,21608,Macquarie Park-7426,2020-05-17T11:00:00+10:00,-33.765278,151.117806,pm10,µg/m³,0.0
7426,21608,Macquarie Park-7426,2020-05-17T12:00:00+10:00,-33.765278,151.117806,pm10,µg/m³,1.6
7426,21608,Macquarie Park-7426,2020-05-17T13:00:00+10:00,-33.765278,151.117806,pm10,µg/m³,7.6
7426,21608,Macquarie Park-7426,2020-05-17T14:00:00+10:00,-33.765278,151.117806,pm10,µg/m³,14.5
7426,21608,Macquarie Park-7426,2020-05-17T15:00:00+10:00,-33.765278,151.117806,pm10,µg/m³,14.6
7426,21608,Macquarie Park-7426,2020-05-17T17:00:00+10:00,-33.765278,151.117806,pm10,µg/m³,6.8
7426,21608,Macquarie Park-7426,2020-05-17T19:00:00+10:00,-33.765278,151.117806,pm10,µg/m³,12.9
7426,21608,Macquarie Park-7426,2020-05-17T20:00:00+10:00,-33.765278,151.117806,pm10,µg/m³,14.3
7426,21608,Macquarie Park-7426,2020-05-17T21:00:00+10:00,-33.765278,151.117806,pm10,µg/m³,12.7
7426,21608,Macquarie Park-7426,2020-05-17T22:00:00+10:00,-33.765278,151.117806,pm10,µg/m³,15.6
7426,21608,Macquarie Park-7426,2020-05-17T23:00:00+10:00,-33.765278,151.117806,pm10,µg/m³,14.0
7426,21609,Macquarie Park-7426,2020-05-17T04:00:00+10:00,-33.765278,151.117806,pm25,µg/m³,29.2
7426,21609,Macquarie Park-7426,2020-05-17T07:00:00+10:00,-33.765278,151.117806,pm25,µg/m³,24.4
7426,21609,Macquarie Park-7426,2020-05-17T11:00:00+10:00,-33.765278,151.117806,pm25,µg/m³,5.4
7426,21609,Macquarie Park-7426,2020-05-17T12:00:00+10:00,-33.765278,151.117806,pm25,µg/m³,0.0
7426,21609,Macquarie Park-7426,2020-05-17T13:00:00+10:00,-33.765278,151.117806,pm25,µg/m³,0.0
7426,21609,Macquarie Park-7426,2020-05-17T14:00:00+10:00,-33.765278,151.117806,pm25,µg/m³,0.0
7426,21609,Macquarie Park-7426,2020-05-17T15:00:00+10:00,-33.765278,151.117806,pm25,µg/m³,2.4
7426,21609,Macquarie Park-7426,2020-05-17T17:00:00+10:00,-33.765278,151.117806,pm25,µg/m³,6.8
7426,21609,Macquarie Park-7426,2020-05-17T19:00:00+10:00,-33.765278,151.117806,pm25,µg/m³,5.9
7426,21609,Macquarie Park-7426,2020-05-17T20:00:00+10:00,-33.765278,151.117806,pm25,µg/m³,1.8
7426,21609,Macquarie Park-7426,2020-05-17T21:00:00+10:00,-33.765278,151.117806,pm25,µg/m³,16.6
7426,21609,Macquarie Park-7426,2020-05-17T22:00:00+10:00,-33.765278,151.117806,pm25,µg/m³,28.8
7426,21609,Macquarie Park-7426,2020-05-17T23:00:00+10:00,-33.765278,151.117806,pm25,µg/m³,23.0
7426,25234,Macquarie Park-7426,2020-05-17T04:00:00+10:00,-33.765278,151.117806,no2,ppm,0.004
7426,25234,Macquarie Park-7426,2020-05-17T07:00:00+10:00,-33.765278,151.117806,no2,ppm,0.002
7426,25234,Macquarie Park-7426,2020-05-17T11:00:00+10:00,-33.765278,151.117806,no2,ppm,0.003
7426,25234,Macquarie Park-7426,2020-05-17T12:00:00+10:00,-33.765278,151.117806,no2,ppm,0.003
7426,25234,Macquarie Park-7426,2020-05-17T13:00:00+10:00,-33.765278,151.117806,no2,ppm,0.002
7426,25234,Macquarie Park-7426,2020-05-17T14:00:00+10:00,-33.765278,151.117806,no2,ppm,0.003
7426,25234,Macquarie Park-7426,2020-05-17T15:00:00+10:00,-33.765278,151.117806,no2,ppm,0.006
7426,25234,Macquarie Park-7426,2020-05-17T17:00:00+10:00,-33.765278,151.117806,no2,ppm,0.003
7426,25234,Macquarie Park-7426,2020-05-17T19:00:00+10:00,-33.765278,151.117806,no2,ppm,0.007
7426,25234,Macquarie Park-7426,2020-05-17T20:00:00+10:00,-33.765278,151.117806,no2,ppm,0.01
7426,25234,Macquarie Park-7426,2020-05-17T21:00:00+10:00,-33.765278,151.117806,no2,ppm,0.006
7426,25234,Macquarie Park-7426,2020-05-17T22:00:00+10:00,-33.765278,151.117806,no2,ppm,0.005
7426,25234,Macquarie Park-7426,2020-05-17T23:00:00+10:00,-33.765278,151.117806,no2,ppm,0.005
7426,28467,Macquarie Park-7426,2020-05-17T04:00:00+10:00,-33.765278,151.117806,co,ppm,0.8
7426,28467,Macquarie Park-7426,2020-05-17T07:00:00+10:00,-33.765278,151.117806,co,ppm,0.8
7426,28467,Macquarie Park-7426,2020-05-17T11:00:00+10:00,-33.765278,151.117806,co,ppm,0.6
7426,28467,Macquarie Park-7426,2020-05-17T12:00:00+10:00,-33.765278,151.117806,co,ppm,0.5
7426,28467,Macquarie Park-7426,2020-05-17T13:00:00+10:00,-33.765278,151.117806,co,ppm,0.4
7426,28467,Macquarie Park-7426,2020-05-17T14:00:00+10:00,-33.765278,151.117806,co,ppm,0.4
7426,28467,Macquarie Park-7426,2020-05-17T15:00:00+10:00,-33.765278,151.117806,co,ppm,0.3
7426,28467,Macquarie Park-7426,2020-05-17T17:00:00+10:00,-33.765278,151.117806,co,ppm,0.2
7426,28467,Macquarie Park-7426,2020-05-17T19:00:00+10:00,-33.765278,151.117806,co,ppm,0.3
7426,28467,Macquarie Park-7426,2020-05-17T20:00:00+10:00,-33.765278,151.117806,co,ppm,0.3
7426,28467,Macquarie Park-7426,2020-05-17T21:00:00+10:00,-33.765278,151.117806,co,ppm,0.3
7426,28467,Macquarie Park-7426,2020-05-17T22:00:00+10:00,-33.765278,151.117806,co,ppm,0.3
7426,28467,Macquarie Park-7426,2020-05-17T23:00:00+10:00,-33.765278,151.117806,co,ppm,0.4
7426,25237,Macquarie Park-7426,2020-05-17T04:00:00+10:00,-33.765278,151.117806,so2,ppm,0.0
7426,25237,Macquarie Park-7426,2020-05-17T07:00:00+10:00,-33.765278,151.117806,so2,ppm,0.0
7426,25237,Macquarie Park-7426,2020-05-17T11:00:00+10:00,-33.765278,151.117806,so2,ppm,0.0
7426,25237,Macquarie Park-7426,2020-05-17T12:00:00+10:00,-33.765278,151.117806,so2,ppm,0.0
7426,25237,Macquarie Park-7426,2020-05-17T13:00:00+10:00,-33.765278,151.117806,so2,ppm,0.0
7426,25237,Macquarie Park-7426,2020-05-17T14:00:00+10:00,-33.765278,151.117806,so2,ppm,0.0
7426,25237,Macquarie Park-7426,2020-05-17T15:00:00+10:00,-33.765278,151.117806,so2,ppm,0.0
7426,25237,Macquarie Park-7426,2020-05-17T17:00:00+10:00,-33.765278,151.117806,so2,ppm,0.0
7426,25237,Macquarie Park-7426,2020-05-17T19:00:00+10:00,-33.765278,151.117806,so2,ppm,0.0
7426,25237,Macquarie Park-7426,2020-05-17T20:00:00+10:00,-33.765278,151.117806,so2,ppm,0.0
7426,25237,Macquarie Park-7426,2020-05-17T21:00:00+10:00,-33.765278,151.117806,so2,ppm,0.0
7426,25237,Macquarie Park-7426,2020-05-17T22:00:00+10:00,-33.765278,151.117806,so2,ppm,0.0
7426,25237,Macquarie Park-7426,2020-05-17T23:00:00+10:00,-33.765278,151.117806,so2,ppm,0.0
7426,25235,Macquarie Park-7426,2020-05-17T04:00:00+10:00,-33.765278,151.117806,o3,ppm,0.001
7426,25235,Macquarie Park-7426,2020-05-17T07:00:00+10:00,-33.765278,151.117806,o3,ppm,0.001
7426,25235,Macquarie Park-7426,2020-05-17T11:00:00+10:00,-33.765278,151.117806,o3,ppm,0.018
7426,25235,Macquarie Park-7426,2020-05-17T12:00:00+10:00,-33.765278,151.117806,o3,ppm,0.024
7426,25235,Macquarie Park-7426,2020-05-17T13:00:00+10:00,-33.765278,151.117806,o3,ppm,0.029
7426,25235,Macquarie Park-7426,2020-05-17T14:00:00+10:00,-33.765278,151.117806,o3,ppm,0.028
7426,25235,Macquarie Park-7426,2020-05-17T15:00:00+10:00,-33.765278,151.117806,o3,ppm,0.021
7426,25235,Macquarie Park-7426,2020-05-17T17:00:00+10:00,-33.765278,151.117806,o3,ppm,0.02
7426,25235,Macquarie Park-7426,2020-05-17T19:00:00+10:00,-33.765278,151.117806,o3,ppm,0.007
7426,25235,Macquarie Park-7426,2020-05-17T20:00:00+10:00,-33.765278,151.117806,o3,ppm,0.003
7426,25235,Macquarie Park-7426,2020-05-17T21:00:00+10:00,-33.765278,151.117806,o3,ppm,0.002
7426,25235,Macquarie Park-7426,2020-05-17T22:00:00+10:00,-33.765278,151.117806,o3,ppm,0.001
7426,25235,Macquarie Park-7426,2020-05-17T23:00:00+10:00,-33.765278,151.117806,o3,ppm,0.001
7426,21608,Macquarie Park-7426,2020-05-18T02:00:00+10:00,-33.765278,151.117806,pm10,µg/m³,11.6
7426,21608,Macquarie Park-7426,2020-05-18T04:00:00+10:00,-33.765278,151.117806,pm10,µg/m³,11.9
7426,21608,Macquarie Park-7426,2020-05-18T05:00:00+10:00,-33.765278,151.117806,pm10,µg/m³,14.9
7426,21608,Macquarie Park-7426,2020-05-18T07:00:00+10:00,-33.765278,151.117806,pm10,µg/m³,15.8
7426,21608,Macquarie Park-7426,2020-05-18T08:00:00+10:00,-33.765278,151.117806,pm10,µg/m³,19.3
7426,21608,Macquarie Park-7426,2020-05-18T09:00:00+10:00,-33.765278,151.117806,pm10,µg/m³,47.7
7426,21608,Macquarie Park-7426,2020-05-18T10:00:00+10:00,-33.765278,151.117806,pm10,µg/m³,3.8
7426,21608,Macquarie Park-7426,2020-05-18T11:00:00+10:00,-33.765278,151.117806,pm10,µg/m³,9.4
7426,21608,Macquarie Park-7426,2020-05-18T12:00:00+10:00,-33.765278,151.117806,pm10,µg/m³,5.8
7426,21608,Macquarie Park-7426,2020-05-18T13:00:00+10:00,-33.765278,151.117806,pm10,µg/m³,15.0
7426,21608,Macquarie Park-7426,2020-05-18T14:00:00+10:00,-33.765278,151.117806,pm10,µg/m³,12.2
7426,21608,Macquarie Park-7426,2020-05-18T15:00:00+10:00,-33.765278,151.117806,pm10,µg/m³,8.5
7426,21608,Macquarie Park-7426,2020-05-18T16:00:00+10:00,-33.765278,151.117806,pm10,µg/m³,10.7
7426,21608,Macquarie Park-7426,2020-05-18T19:00:00+10:00,-33.765278,151.117806,pm10,µg/m³,8.5
7426,21608,Macquarie Park-7426,2020-05-18T20:00:00+10:00,-33.765278,151.117806,pm10,µg/m³,7.4
7426,21608,Macquarie Park-7426,2020-05-18T21:00:00+10:00,-33.765278,151.117806,pm10,µg/m³,13.6
7426,21608,Macquarie Park-7426,2020-05-18T22:00:00+10:00,-33.765278,151.117806,pm10,µg/m³,18.1
7426,21609,Macquarie Park-7426,2020-05-18T02:00:00+10:00,-33.765278,151.117806,pm25,µg/m³,18.4
7426,21609,Macquarie Park-7426,2020-05-18T04:00:00+10:00,-33.765278,151.117806,pm25,µg/m³,18.0
7426,21609,Macquarie Park-7426,2020-05-18T05:00:00+10:00,-33.765278,151.117806,pm25,µg/m³,14.8
7426,21609,Macquarie Park-7426,2020-05-18T07:00:00+10:00,-33.765278,151.117806,pm25,µg/m³,13.5
7426,21609,Macquarie Park-7426,2020-05-18T08:00:00+10:00,-33.765278,151.117806,pm25,µg/m³,9.4
7426,21609,Macquarie Park-7426,2020-05-18T10:00:00+10:00,-33.765278,151.117806,pm25,µg/m³,2.0
7426,21609,Macquarie Park-7426,2020-05-18T11:00:00+10:00,-33.765278,151.117806,pm25,µg/m³,5.7
7426,21609,Macquarie Park-7426,2020-05-18T12:00:00+10:00,-33.765278,151.117806,pm25,µg/m³,11.5
7426,21609,Macquarie Park-7426,2020-05-18T13:00:00+10:00,-33.765278,151.117806,pm25,µg/m³,12.3
7426,21609,Macquarie Park-7426,2020-05-18T14:00:00+10:00,-33.765278,151.117806,pm25,µg/m³,13.1
7426,21609,Macquarie Park-7426,2020-05-18T15:00:00+10:00,-33.765278,151.117806,pm25,µg/m³,4.7
7426,21609,Macquarie Park-7426,2020-05-18T16:00:00+10:00,-33.765278,151.117806,pm25,µg/m³,0.2
7426,21609,Macquarie Park-7426,2020-05-18T19:00:00+10:00,-33.765278,151.117806,pm25,µg/m³,5.2
7426,21609,Macquarie Park-7426,2020-05-18T20:00:00+10:00,-33.765278,151.117806,pm25,µg/m³,4.7
7426,21609,Macquarie Park-7426,2020-05-18T21:00:00+10:00,-33.765278,151.117806,pm25,µg/m³,4.6
7426,21609,Macquarie Park-7426,2020-05-18T22:00:00+10:00,-33.765278,151.117806,pm25,µg/m³,8.6
7426,25234,Macquarie Park-7426,2020-05-18T04:00:00+10:00,-33.765278,151.117806,no2,ppm,0.003
7426,25234,Macquarie Park-7426,2020-05-18T05:00:00+10:00,-33.765278,151.117806,no2,ppm,0.003
7426,25234,Macquarie Park-7426,2020-05-18T07:00:00+10:00,-33.765278,151.117806,no2,ppm,0.003
7426,25234,Macquarie Park-7426,2020-05-18T08:00:00+10:00,-33.765278,151.117806,no2,ppm,0.003
7426,25234,Macquarie Park-7426,2020-05-18T09:00:00+10:00,-33.765278,151.117806,no2,ppm,0.013
7426,25234,Macquarie Park-7426,2020-05-18T10:00:00+10:00,-33.765278,151.117806,no2,ppm,0.012
7426,25234,Macquarie Park-7426,2020-05-18T11:00:00+10:00,-33.765278,151.117806,no2,ppm,0.015
7426,25234,Macquarie Park-7426,2020-05-18T12:00:00+10:00,-33.765278,151.117806,no2,ppm,0.014
7426,25234,Macquarie Park-7426,2020-05-18T13:00:00+10:00,-33.765278,151.117806,no2,ppm,0.017
7426,25234,Macquarie Park-7426,2020-05-18T14:00:00+10:00,-33.765278,151.117806,no2,ppm,0.009
7426,25234,Macquarie Park-7426,2020-05-18T15:00:00+10:00,-33.765278,151.117806,no2,ppm,0.008
7426,25234,Macquarie Park-7426,2020-05-18T16:00:00+10:00,-33.765278,151.117806,no2,ppm,0.006
7426,25234,Macquarie Park-7426,2020-05-18T19:00:00+10:00,-33.765278,151.117806,no2,ppm,0.006
7426,25234,Macquarie Park-7426,2020-05-18T20:00:00+10:00,-33.765278,151.117806,no2,ppm,0.007
7426,25234,Macquarie Park-7426,2020-05-18T21:00:00+10:00,-33.765278,151.117806,no2,ppm,0.008
7426,25234,Macquarie Park-7426,2020-05-18T22:00:00+10:00,-33.765278,151.117806,no2,ppm,0.008
7426,28467,Macquarie Park-7426,2020-05-18T02:00:00+10:00,-33.765278,151.117806,co,ppm,0.5
7426,28467,Macquarie Park-7426,2020-05-18T04:00:00+10:00,-33.765278,151.117806,co,ppm,0.6
7426,28467,Macquarie Park-7426,2020-05-18T05:00:00+10:00,-33.765278,151.117806,co,ppm,0.6
7426,28467,Macquarie Park-7426,2020-05-18T07:00:00+10:00,-33.765278,151.117806,co,ppm,0.6
7426,28467,Macquarie Park-7426,2020-05-18T08:00:00+10:00,-33.765278,151.117806,co,ppm,0.6
7426,28467,Macquarie Park-7426,2020-05-18T09:00:00+10:00,-33.765278,151.117806,co,ppm,0.5
7426,28467,Macquarie Park-7426,2020-05-18T10:00:00+10:00,-33.765278,151.117806,co,ppm,0.5
7426,28467,Macquarie Park-7426,2020-05-18T11:00:00+10:00,-33.765278,151.117806,co,ppm,0.5
7426,28467,Macquarie Park-7426,2020-05-18T12:00:00+10:00,-33.765278,151.117806,co,ppm,0.4
7426,28467,Macquarie Park-7426,2020-05-18T13:00:00+10:00,-33.765278,151.117806,co,ppm,0.4
7426,28467,Macquarie Park-7426,2020-05-18T14:00:00+10:00,-33.765278,151.117806,co,ppm,0.4
7426,28467,Macquarie Park-7426,2020-05-18T15:00:00+10:00,-33.765278,151.117806,co,ppm,0.4
7426,28467,Macquarie Park-7426,2020-05-18T16:00:00+10:00,-33.765278,151.117806,co,ppm,0.3
7426,28467,Macquarie Park-7426,2020-05-18T19:00:00+10:00,-33.765278,151.117806,co,ppm,0.3
7426,28467,Macquarie Park-7426,2020-05-18T20:00:00+10:00,-33.765278,151.117806,co,ppm,0.3
7426,28467,Macquarie Park-7426,2020-05-18T21:00:00+10:00,-33.765278,151.117806,co,ppm,0.4
7426,28467,Macquarie Park-7426,2020-05-18T22:00:00+10:00,-33.765278,151.117806,co,ppm,0.4
7426,25237,Macquarie Park-7426,2020-05-18T04:00:00+10:00,-33.765278,151.117806,so2,ppm,0.0
7426,25237,Macquarie Park-7426,2020-05-18T05:00:00+10:00,-33.765278,151.117806,so2,ppm,0.0
7426,25237,Macquarie Park-7426,2020-05-18T07:00:00+10:00,-33.765278,151.117806,so2,ppm,0.0
7426,25237,Macquarie Park-7426,2020-05-18T08:00:00+10:00,-33.765278,151.117806,so2,ppm,0.0
7426,25237,Macquarie Park-7426,2020-05-18T09:00:00+10:00,-33.765278,151.117806,so2,ppm,0.0
7426,25237,Macquarie Park-7426,2020-05-18T10:00:00+10:00,-33.765278,151.117806,so2,ppm,0.0
7426,25237,Macquarie Park-7426,2020-05-18T11:00:00+10:00,-33.765278,151.117806,so2,ppm,0.0
7426,25237,Macquarie Park-7426,2020-05-18T12:00:00+10:00,-33.765278,151.117806,so2,ppm,0.0
7426,25237,Macquarie Park-7426,2020-05-18T13:00:00+10:00,-33.765278,151.117806,so2,ppm,0.0
7426,25237,Macquarie Park-7426,2020-05-18T14:00:00+10:00,-33.765278,151.117806,so2,ppm,0.0
7426,25237,Macquarie Park-7426,2020-05-18T15:00:00+10:00,-33.765278,151.117806,so2,ppm,0.0
7426,25237,Macquarie Park-7426,2020-05-18T16:00:00+10:00,-33.765278,151.117806,so2,ppm,0.0
7426,25237,Macquarie Park-7426,2020-05-18T19:00:00+10:00,-33.765278,151.117806,so2,ppm,0.0
7426,25237,Macquarie Park-7426,2020-05-18T20:00:00+10:00,-33.765278,151.117806,so2,ppm,0.0
7426,25237,Macquarie Park-7426,2020-05-18T21:00:00+10:00,-33.765278,151.117806,so2,ppm,0.0
7426,25237,Macquarie Park-7426,2020-05-18T22:00:00+10:00,-33.765278,151.117806,so2,ppm,0.0
7426,25235,Macquarie Park-7426,2020-05-18T02:00:00+10:00,-33.765278,151.117806,o3,ppm,0.001
7426,25235,Macquarie Park-7426,2020-05-18T04:00:00+10:00,-33.765278,151.117806,o3,ppm,0.0
7426,25235,Macquarie Park-7426,2020-05-18T05:00:00+10:00,-33.765278,151.117806,o3,ppm,0.0
7426,25235,Macquarie Park-7426,2020-05-18T07:00:00+10:00,-33.765278,151.117806,o3,ppm,0.0
7426,25235,Macquarie Park-7426,2020-05-18T08:00:00+10:00,-33.765278,151.117806,o3,ppm,0.0
7426,25235,Macquarie Park-7426,2020-05-18T09:00:00+10:00,-33.765278,151.117806,o3,ppm,0.002
7426,25235,Macquarie Park-7426,2020-05-18T10:00:00+10:00,-33.765278,151.117806,o3,ppm,0.009
7426,25235,Macquarie Park-7426,2020-05-18T11:00:00+10:00,-33.765278,151.117806,o3,ppm,0.01
7426,25235,Macquarie Park-7426,2020-05-18T12:00:00+10:00,-33.765278,151.117806,o3,ppm,0.011
7426,25235,Macquarie Park-7426,2020-05-18T13:00:00+10:00,-33.765278,151.117806,o3,ppm,0.007
7426,25235,Macquarie Park-7426,2020-05-18T14:00:00+10:00,-33.765278,151.117806,o3,ppm,0.011
7426,25235,Macquarie Park-7426,2020-05-18T15:00:00+10:00,-33.765278,151.117806,o3,ppm,0.013
7426,25235,Macquarie Park-7426,2020-05-18T16:00:00+10:00,-33.765278,151.117806,o3,ppm,0.012
7426,25235,Macquarie Park-7426,2020-05-18T19:00:00+10:00,-33.765278,151.117806,o3,ppm,0.0
7426,25235,Macquarie Park-7426,2020-05-18T20:00:00+10:00,-33.765278,151.117806,o3,ppm,0.0
7426,25235,Macquarie Park-7426,2020-05-18T21:00:00+10:00,-33.765278,151.117806,o3,ppm,0.0
7426,25235,Macquarie Park-7426,2020-05-18T22:00:00+10:00,-33.765278,151.117806,o3,ppm,0.0
7426,21608,Macquarie Park-7426,2020-05-19T01:00:00+10:00,-33.765278,151.117806,pm10,µg/m³,15.0
7426,21608,Macquarie Park-7426,2020-05-19T02:00:00+10:00,-33.765278,151.117806,pm10,µg/m³,12.5
7426,21608,Macquarie Park-7426,2020-05-19T05:00:00+10:00,-33.765278,151.117806,pm10,µg/m³,6.8
7426,21608,Macquarie Park-7426,2020-05-19T06:00:00+10:00,-33.765278,151.117806,pm10,µg/m³,2.8
7426,21608,Macquarie Park-7426,2020-05-19T07:00:00+10:00,-33.765278,151.117806,pm10,µg/m³,0.0
7426,21608,Macquarie Park-7426,2020-05-19T08:00:00+10:00,-33.765278,151.117806,pm10,µg/m³,10.6
7426,21608,Macquarie Park-7426,2020-05-19T09:00:00+10:00,-33.765278,151.117806,pm10,µg/m³,15.8
7426,21608,Macquarie Park-7426,2020-05-19T10:00:00+10:00,-33.765278,151.117806,pm10,µg/m³,17.7
7426,21608,Macquarie Park-7426,2020-05-19T14:00:00+10:00,-33.765278,151.117806,pm10,µg/m³,0.0
7426,21608,Macquarie Park-7426,2020-05-19T15:00:00+10:00,-33.765278,151.117806,pm10,µg/m³,4.1
7426,21608,Macquarie Park-7426,2020-05-19T16:00:00+10:00,-33.765278,151.117806,pm10,µg/m³,10.0
7426,21608,Macquarie Park-7426,2020-05-19T17:00:00+10:00,-33.765278,151.117806,pm10,µg/m³,11.8
7426,21608,Macquarie Park-7426,2020-05-19T18:00:00+10:00,-33.765278,151.117806,pm10,µg/m³,12.6
7426,21608,Macquarie Park-7426,2020-05-19T20:00:00+10:00,-33.765278,151.117806,pm10,µg/m³,7.6
7426,21608,Macquarie Park-7426,2020-05-19T21:00:00+10:00,-33.765278,151.117806,pm10,µg/m³,8.8
7426,21608,Macquarie Park-7426,2020-05-19T22:00:00+10:00,-33.765278,151.117806,pm10,µg/m³,5.9
7426,21608,Macquarie Park-7426,2020-05-19T23:00:00+10:00,-33.765278,151.117806,pm10,µg/m³,6.5
7426,21609,Macquarie Park-7426,2020-05-19T01:00:00+10:00,-33.765278,151.117806,pm25,µg/m³,14.3
7426,21609,Macquarie Park-7426,2020-05-19T02:00:00+10:00,-33.765278,151.117806,pm25,µg/m³,8.2
7426,21609,Macquarie Park-7426,2020-05-19T05:00:00+10:00,-33.765278,151.117806,pm25,µg/m³,10.8
7426,21609,Macquarie Park-7426,2020-05-19T06:00:00+10:00,-33.765278,151.117806,pm25,µg/m³,10.0
7426,21609,Macquarie Park-7426,2020-05-19T07:00:00+10:00,-33.765278,151.117806,pm25,µg/m³,2.7
7426,21609,Macquarie Park-7426,2020-05-19T08:00:00+10:00,-33.765278,151.117806,pm25,µg/m³,2.7
7426,21609,Macquarie Park-7426,2020-05-19T09:00:00+10:00,-33.765278,151.117806,pm25,µg/m³,5.7
7426,21609,Macquarie Park-7426,2020-05-19T10:00:00+10:00,-33.765278,151.117806,pm25,µg/m³,0.3
7426,21609,Macquarie Park-7426,2020-05-19T14:00:00+10:00,-33.765278,151.117806,pm25,µg/m³,0.0
7426,21609,Macquarie Park-7426,2020-05-19T15:00:00+10:00,-33.765278,151.117806,pm25,µg/m³,0.0
7426,21609,Macquarie Park-7426,2020-05-19T16:00:00+10:00,-33.765278,151.117806,pm25,µg/m³,0.0
7426,21609,Macquarie Park-7426,2020-05-19T17:00:00+10:00,-33.765278,151.117806,pm25,µg/m³,1.5
7426,21609,Macquarie Park-7426,2020-05-19T18:00:00+10:00,-33.765278,151.117806,pm25,µg/m³,5.2
7426,21609,Macquarie Park-7426,2020-05-19T20:00:00+10:00,-33.765278,151.117806,pm25,µg/m³,5.7
7426,21609,Macquarie Park-7426,2020-05-19T21:00:00+10:00,-33.765278,151.117806,pm25,µg/m³,7.9
7426,21609,Macquarie Park-7426,2020-05-19T22:00:00+10:00,-33.765278,151.117806,pm25,µg/m³,7.6
7426,21609,Macquarie Park-7426,2020-05-19T23:00:00+10:00,-33.765278,151.117806,pm25,µg/m³,0.0
7426,25234,Macquarie Park-7426,2020-05-19T01:00:00+10:00,-33.765278,151.117806,no2,ppm,0.005
7426,25234,Macquarie Park-7426,2020-05-19T05:00:00+10:00,-33.765278,151.117806,no2,ppm,0.004
7426,25234,Macquarie Park-7426,2020-05-19T06:00:00+10:00,-33.765278,151.117806,no2,ppm,0.004
7426,25234,Macquarie Park-7426,2020-05-19T07:00:00+10:00,-33.765278,151.117806,no2,ppm,0.005
7426,25234,Macquarie Park-7426,2020-05-19T08:00:00+10:00,-33.765278,151.117806,no2,ppm,0.007
7426,25234,Macquarie Park-7426,2020-05-19T09:00:00+10:00,-33.765278,151.117806,no2,ppm,0.011
7426,25234,Macquarie Park-7426,2020-05-19T10:00:00+10:00,-33.765278,151.117806,no2,ppm,0.011
7426,25234,Macquarie Park-7426,2020-05-19T14:00:00+10:00,-33.765278,151.117806,no2,ppm,0.002
7426,25234,Macquarie Park-7426,2020-05-19T15:00:00+10:00,-33.765278,151.117806,no2,ppm,0.001
7426,25234,Macquarie Park-7426,2020-05-19T16:00:00+10:00,-33.765278,151.117806,no2,ppm,0.003
7426,25234,Macquarie Park-7426,2020-05-19T17:00:00+10:00,-33.765278,151.117806,no2,ppm,0.007
7426,25234,Macquarie Park-7426,2020-05-19T18:00:00+10:00,-33.765278,151.117806,no2,ppm,0.008
7426,25234,Macquarie Park-7426,2020-05-19T20:00:00+10:00,-33.765278,151.117806,no2,ppm,0.007
7426,25234,Macquarie Park-7426,2020-05-19T21:00:00+10:00,-33.765278,151.117806,no2,ppm,0.007
7426,25234,Macquarie Park-7426,2020-05-19T22:00:00+10:00,-33.765278,151.117806,no2,ppm,0.005
7426,25234,Macquarie Park-7426,2020-05-19T23:00:00+10:00,-33.765278,151.117806,no2,ppm,0.005
7426,28467,Macquarie Park-7426,2020-05-19T01:00:00+10:00,-33.765278,151.117806,co,ppm,0.6
7426,28467,Macquarie Park-7426,2020-05-19T02:00:00+10:00,-33.765278,151.117806,co,ppm,0.6
7426,28467,Macquarie Park-7426,2020-05-19T05:00:00+10:00,-33.765278,151.117806,co,ppm,0.6
7426,28467,Macquarie Park-7426,2020-05-19T06:00:00+10:00,-33.765278,151.117806,co,ppm,0.5
7426,28467,Macquarie Park-7426,2020-05-19T07:00:00+10:00,-33.765278,151.117806,co,ppm,0.4
7426,28467,Macquarie Park-7426,2020-05-19T08:00:00+10:00,-33.765278,151.117806,co,ppm,0.4
7426,28467,Macquarie Park-7426,2020-05-19T09:00:00+10:00,-33.765278,151.117806,co,ppm,0.3
7426,28467,Macquarie Park-7426,2020-05-19T10:00:00+10:00,-33.765278,151.117806,co,ppm,0.3
7426,28467,Macquarie Park-7426,2020-05-19T14:00:00+10:00,-33.765278,151.117806,co,ppm,0.3
7426,28467,Macquarie Park-7426,2020-05-19T15:00:00+10:00,-33.765278,151.117806,co,ppm,0.3
7426,28467,Macquarie Park-7426,2020-05-19T16:00:00+10:00,-33.765278,151.117806,co,ppm,0.2
7426,28467,Macquarie Park-7426,2020-05-19T17:00:00+10:00,-33.765278,151.117806,co,ppm,0.2
7426,28467,Macquarie Park-7426,2020-05-19T18:00:00+10:00,-33.765278,151.117806,co,ppm,0.2
7426,28467,Macquarie Park-7426,2020-05-19T20:00:00+10:00,-33.765278,151.117806,co,ppm,0.2
7426,28467,Macquarie Park-7426,2020-05-19T21:00:00+10:00,-33.765278,151.117806,co,ppm,0.2
7426,28467,Macquarie Park-7426,2020-05-19T22:00:00+10:00,-33.765278,151.117806,co,ppm,0.3
7426,28467,Macquarie Park-7426,2020-05-19T23:00:00+10:00,-33.765278,151.117806,co,ppm,0.3
7426,25237,Macquarie Park-7426,2020-05-19T01:00:00+10:00,-33.765278,151.117806,so2,ppm,0.0
7426,25237,Macquarie Park-7426,2020-05-19T05:00:00+10:00,-33.765278,151.117806,so2,ppm,0.0
7426,25237,Macquarie Park-7426,2020-05-19T06:00:00+10:00,-33.765278,151.117806,so2,ppm,0.0
7426,25237,Macquarie Park-7426,2020-05-19T07:00:00+10:00,-33.765278,151.117806,so2,ppm,0.0
7426,25237,Macquarie Park-7426,2020-05-19T08:00:00+10:00,-33.765278,151.117806,so2,ppm,0.0
7426,25237,Macquarie Park-7426,2020-05-19T09:00:00+10:00,-33.765278,151.117806,so2,ppm,0.0
7426,25237,Macquarie Park-7426,2020-05-19T10:00:00+10:00,-33.765278,151.117806,so2,ppm,0.0
7426,25237,Macquarie Park-7426,2020-05-19T14:00:00+10:00,-33.765278,151.117806,so2,ppm,0.002
7426,25237,Macquarie Park-7426,2020-05-19T15:00:00+10:00,-33.765278,151.117806,so2,ppm,0.001
7426,25237,Macquarie Park-7426,2020-05-19T16:00:00+10:00,-33.765278,151.117806,so2,ppm,0.002
7426,25237,Macquarie Park-7426,2020-05-19T17:00:00+10:00,-33.765278,151.117806,so2,ppm,0.002
7426,25237,Macquarie Park-7426,2020-05-19T18:00:00+10:00,-33.765278,151.117806,so2,ppm,0.001
7426,25237,Macquarie Park-7426,2020-05-19T20:00:00+10:00,-33.765278,151.117806,so2,ppm,0.0
7426,25237,Macquarie Park-7426,2020-05-19T21:00:00+10:00,-33.765278,151.117806,so2,ppm,0.0
7426,25237,Macquarie Park-7426,2020-05-19T22:00:00+10:00,-33.765278,151.117806,so2,ppm,0.0
7426,25237,Macquarie Park-7426,2020-05-19T23:00:00+10:00,-33.765278,151.117806,so2,ppm,0.0
7426,25235,Macquarie Park-7426,2020-05-19T01:00:00+10:00,-33.765278,151.117806,o3,ppm,0.0
7426,25235,Macquarie Park-7426,2020-05-19T02:00:00+10:00,-33.765278,151.117806,o3,ppm,0.0
7426,25235,Macquarie Park-7426,2020-05-19T05:00:00+10:00,-33.765278,151.117806,o3,ppm,0.007
7426,25235,Macquarie Park-7426,2020-05-19T06:00:00+10:00,-33.765278,151.117806,o3,ppm,0.007
7426,25235,Macquarie Park-7426,2020-05-19T07:00:00+10:00,-33.765278,151.117806,o3,ppm,0.003
7426,25235,Macquarie Park-7426,2020-05-19T08:00:00+10:00,-33.765278,151.117806,o3,ppm,0.003
7426,25235,Macquarie Park-7426,2020-05-19T09:00:00+10:00,-33.765278,151.117806,o3,ppm,0.004
7426,25235,Macquarie Park-7426,2020-05-19T10:00:00+10:00,-33.765278,151.117806,o3,ppm,0.005
7426,25235,Macquarie Park-7426,2020-05-19T14:00:00+10:00,-33.765278,151.117806,o3,ppm,0.025
7426,25235,Macquarie Park-7426,2020-05-19T15:00:00+10:00,-33.765278,151.117806,o3,ppm,0.027
7426,25235,Macquarie Park-7426,2020-05-19T16:00:00+10:00,-33.765278,151.117806,o3,ppm,0.023
7426,25235,Macquarie Park-7426,2020-05-19T17:00:00+10:00,-33.765278,151.117806,o3,ppm,0.019
7426,25235,Macquarie Park-7426,2020-05-19T18:00:00+10:00,-33.765278,151.117806,o3,ppm,0.014
7426,25235,Macquarie Park-7426,2020-05-19T20:00:00+10:00,-33.765278,151.117806,o3,ppm,0.003
7426,25235,Macquarie Park-7426,2020-05-19T21:00:00+10:00,-33.765278,151.117806,o3,ppm,0.003
7426,25235,Macquarie Park-7426,2020-05-19T22:00:00+10:00,-33.765278,151.117806,o3,ppm,0.001
7426,25235,Macquarie Park-7426,2020-05-19T23:00:00+10:00,-33.765278,151.117806,o3,ppm,0.0
7426,21608,Macquarie Park-7426,2020-05-20T01:00:00+10:00,-33.765278,151.117806,pm10,µg/m³,8.3
7426,21608,Macquarie Park-7426,2020-05-20T02:00:00+10:00,-33.765278,151.117806,pm10,µg/m³,4.5
7426,21608,Macquarie Park-7426,2020-05-20T03:00:00+10:00,-33.765278,151.117806,pm10,µg/m³,3.8
7426,21608,Macquarie Park-7426,2020-05-20T06:00:00+10:00,-33.765278,151.117806,pm10,µg/m³,7.4
7426,21608,Macquarie Park-7426,2020-05-20T07:00:00+10:00,-33.765278,151.117806,pm10,µg/m³,13.8
7426,21608,Macquarie Park-7426,2020-05-20T11:00:00+10:00,-33.765278,151.117806,pm10,µg/m³,3.2
7426,21608,Macquarie Park-7426,2020-05-20T13:00:00+10:00,-33.765278,151.117806,pm10,µg/m³,7.4
7426,21608,Macquarie Park-7426,2020-05-20T14:00:00+10:00,-33.765278,151.117806,pm10,µg/m³,6.3
7426,21608,Macquarie Park-7426,2020-05-20T15:00:00+10:00,-33.765278,151.117806,pm10,µg/m³,10.0
7426,21608,Macquarie Park-7426,2020-05-20T16:00:00+10:00,-33.765278,151.117806,pm10,µg/m³,9.0
7426,21608,Macquarie Park-7426,2020-05-20T17:00:00+10:00,-33.765278,151.117806,pm10,µg/m³,10.0
7426,21608,Macquarie Park-7426,2020-05-20T18:00:00+10:00,-33.765278,151.117806,pm10,µg/m³,14.7
7426,21608,Macquarie Park-7426,2020-05-20T19:00:00+10:00,-33.765278,151.117806,pm10,µg/m³,15.1
7426,21608,Macquarie Park-7426,2020-05-20T20:00:00+10:00,-33.765278,151.117806,pm10,µg/m³,13.0
7426,21608,Macquarie Park-7426,2020-05-20T21:00:00+10:00,-33.765278,151.117806,pm10,µg/m³,12.0
7426,21608,Macquarie Park-7426,2020-05-20T22:00:00+10:00,-33.765278,151.117806,pm10,µg/m³,7.9
7426,21608,Macquarie Park-7426,2020-05-20T23:00:00+10:00,-33.765278,151.117806,pm10,µg/m³,10.0
7426,21609,Macquarie Park-7426,2020-05-20T01:00:00+10:00,-33.765278,151.117806,pm25,µg/m³,6.0
7426,21609,Macquarie Park-7426,2020-05-20T02:00:00+10:00,-33.765278,151.117806,pm25,µg/m³,8.5
7426,21609,Macquarie Park-7426,2020-05-20T03:00:00+10:00,-33.765278,151.117806,pm25,µg/m³,5.6
7426,21609,Macquarie Park-7426,2020-05-20T06:00:00+10:00,-33.765278,151.117806,pm25,µg/m³,11.3
7426,21609,Macquarie Park-7426,2020-05-20T07:00:00+10:00,-33.765278,151.117806,pm25,µg/m³,0.6
7426,21609,Macquarie Park-7426,2020-05-20T11:00:00+10:00,-33.765278,151.117806,pm25,µg/m³,4.0
7426,21609,Macquarie Park-7426,2020-05-20T13:00:00+10:00,-33.765278,151.117806,pm25,µg/m³,0.0
7426,21609,Macquarie Park-7426,2020-05-20T14:00:00+10:00,-33.765278,151.117806,pm25,µg/m³,0.8
7426,21609,Macquarie Park-7426,2020-05-20T15:00:00+10:00,-33.765278,151.117806,pm25,µg/m³,0.0
7426,21609,Macquarie Park-7426,2020-05-20T17:00:00+10:00,-33.765278,151.117806,pm25,µg/m³,2.9
7426,21609,Macquarie Park-7426,2020-05-20T18:00:00+10:00,-33.765278,151.117806,pm25,µg/m³,0.4
7426,21609,Macquarie Park-7426,2020-05-20T19:00:00+10:00,-33.765278,151.117806,pm25,µg/m³,6.5
7426,21609,Macquarie Park-7426,2020-05-20T20:00:00+10:00,-33.765278,151.117806,pm25,µg/m³,4.6
7426,21609,Macquarie Park-7426,2020-05-20T21:00:00+10:00,-33.765278,151.117806,pm25,µg/m³,5.0
7426,21609,Macquarie Park-7426,2020-05-20T22:00:00+10:00,-33.765278,151.117806,pm25,µg/m³,14.3
7426,21609,Macquarie Park-7426,2020-05-20T23:00:00+10:00,-33.765278,151.117806,pm25,µg/m³,12.1
7426,25234,Macquarie Park-7426,2020-05-20T01:00:00+10:00,-33.765278,151.117806,no2,ppm,0.005
7426,25234,Macquarie Park-7426,2020-05-20T03:00:00+10:00,-33.765278,151.117806,no2,ppm,0.003
7426,25234,Macquarie Park-7426,2020-05-20T06:00:00+10:00,-33.765278,151.117806,no2,ppm,0.004
7426,25234,Macquarie Park-7426,2020-05-20T07:00:00+10:00,-33.765278,151.117806,no2,ppm,0.012
7426,25234,Macquarie Park-7426,2020-05-20T11:00:00+10:00,-33.765278,151.117806,no2,ppm,0.001
7426,25234,Macquarie Park-7426,2020-05-20T13:00:00+10:00,-33.765278,151.117806,no2,ppm,0.0
7426,25234,Macquarie Park-7426,2020-05-20T14:00:00+10:00,-33.765278,151.117806,no2,ppm,0.0
7426,25234,Macquarie Park-7426,2020-05-20T16:00:00+10:00,-33.765278,151.117806,no2,ppm,0.001
7426,25234,Macquarie Park-7426,2020-05-20T17:00:00+10:00,-33.765278,151.117806,no2,ppm,0.002
7426,25234,Macquarie Park-7426,2020-05-20T18:00:00+10:00,-33.765278,151.117806,no2,ppm,0.006
7426,25234,Macquarie Park-7426,2020-05-20T19:00:00+10:00,-33.765278,151.117806,no2,ppm,0.008
7426,25234,Macquarie Park-7426,2020-05-20T20:00:00+10:00,-33.765278,151.117806,no2,ppm,0.008
7426,25234,Macquarie Park-7426,2020-05-20T21:00:00+10:00,-33.765278,151.117806,no2,ppm,0.008
7426,25234,Macquarie Park-7426,2020-05-20T22:00:00+10:00,-33.765278,151.117806,no2,ppm,0.004
7426,25234,Macquarie Park-7426,2020-05-20T23:00:00+10:00,-33.765278,151.117806,no2,ppm,0.004
7426,28467,Macquarie Park-7426,2020-05-20T01:00:00+10:00,-33.765278,151.117806,co,ppm,0.3
7426,28467,Macquarie Park-7426,2020-05-20T02:00:00+10:00,-33.765278,151.117806,co,ppm,0.3
7426,28467,Macquarie Park-7426,2020-05-20T03:00:00+10:00,-33.765278,151.117806,co,ppm,0.3
7426,28467,Macquarie Park-7426,2020-05-20T06:00:00+10:00,-33.765278,151.117806,co,ppm,0.3
7426,28467,Macquarie Park-7426,2020-05-20T07:00:00+10:00,-33.765278,151.117806,co,ppm,0.3
7426,28467,Macquarie Park-7426,2020-05-20T11:00:00+10:00,-33.765278,151.117806,co,ppm,0.3
7426,28467,Macquarie Park-7426,2020-05-20T13:00:00+10:00,-33.765278,151.117806,co,ppm,0.2
7426,28467,Macquarie Park-7426,2020-05-20T14:00:00+10:00,-33.765278,151.117806,co,ppm,0.2
7426,28467,Macquarie Park-7426,2020-05-20T15:00:00+10:00,-33.765278,151.117806,co,ppm,0.2
7426,28467,Macquarie Park-7426,2020-05-20T16:00:00+10:00,-33.765278,151.117806,co,ppm,0.2
7426,28467,Macquarie Park-7426,2020-05-20T17:00:00+10:00,-33.765278,151.117806,co,ppm,0.2
7426,28467,Macquarie Park-7426,2020-05-20T18:00:00+10:00,-33.765278,151.117806,co,ppm,0.2
7426,28467,Macquarie Park-7426,2020-05-20T19:00:00+10:00,-33.765278,151.117806,co,ppm,0.2
7426,28467,Macquarie Park-7426,2020-05-20T20:00:00+10:00,-33.765278,151.117806,co,ppm,0.2
7426,28467,Macquarie Park-7426,2020-05-20T21:00:00+10:00,-33.765278,151.117806,co,ppm,0.2
7426,28467,Macquarie Park-7426,2020-05-20T22:00:00+10:00,-33.765278,151.117806,co,ppm,0.2
7426,28467,Macquarie Park-7426,2020-05-20T23:00:00+10:00,-33.765278,151.117806,co,ppm,0.2
7426,25237,Macquarie Park-7426,2020-05-20T01:00:00+10:00,-33.765278,151.117806,so2,ppm,0.0
7426,25237,Macquarie Park-7426,2020-05-20T03:00:00+10:00,-33.765278,151.117806,so2,ppm,0.0
7426,25237,Macquarie Park-7426,2020-05-20T06:00:00+10:00,-33.765278,151.117806,so2,ppm,0.0
7426,25237,Macquarie Park-7426,2020-05-20T07:00:00+10:00,-33.765278,151.117806,so2,ppm,0.0
7426,25237,Macquarie Park-7426,2020-05-20T11:00:00+10:00,-33.765278,151.117806,so2,ppm,0.0
7426,25237,Macquarie Park-7426,2020-05-20T13:00:00+10:00,-33.765278,151.117806,so2,ppm,0.0
7426,25237,Macquarie Park-7426,2020-05-20T14:00:00+10:00,-33.765278,151.117806,so2,ppm,0.0
7426,25237,Macquarie Park-7426,2020-05-20T16:00:00+10:00,-33.765278,151.117806,so2,ppm,0.0
7426,25237,Macquarie Park-7426,2020-05-20T17:00:00+10:00,-33.765278,151.117806,so2,ppm,0.0
7426,25237,Macquarie Park-7426,2020-05-20T18:00:00+10:00,-33.765278,151.117806,so2,ppm,0.0
7426,25237,Macquarie Park-7426,2020-05-20T19:00:00+10:00,-33.765278,151.117806,so2,ppm,0.0
7426,25237,Macquarie Park-7426,2020-05-20T20:00:00+10:00,-33.765278,151.117806,so2,ppm,0.0
7426,25237,Macquarie Park-7426,2020-05-20T21:00:00+10:00,-33.765278,151.117806,so2,ppm,0.0
7426,25237,Macquarie Park-7426,2020-05-20T22:00:00+10:00,-33.765278,151.117806,so2,ppm,0.0
7426,25237,Macquarie Park-7426,2020-05-20T23:00:00+10:00,-33.765278,151.117806,so2,ppm,0.0
7426,25235,Macquarie Park-7426,2020-05-20T01:00:00+10:00,-33.765278,151.117806,o3,ppm,0.0
7426,25235,Macquarie Park-7426,2020-05-20T02:00:00+10:00,-33.765278,151.117806,o3,ppm,0.0
7426,25235,Macquarie Park-7426,2020-05-20T03:00:00+10:00,-33.765278,151.117806,o3,ppm,0.0
7426,25235,Macquarie Park-7426,2020-05-20T06:00:00+10:00,-33.765278,151.117806,o3,ppm,0.0
7426,25235,Macquarie Park-7426,2020-05-20T07:00:00+10:00,-33.765278,151.117806,o3,ppm,0.002
7426,25235,Macquarie Park-7426,2020-05-20T11:00:00+10:00,-33.765278,151.117806,o3,ppm,0.02
7426,25235,Macquarie Park-7426,2020-05-20T13:00:00+10:00,-33.765278,151.117806,o3,ppm,0.027
7426,25235,Macquarie Park-7426,2020-05-20T14:00:00+10:00,-33.765278,151.117806,o3,ppm,0.026
7426,25235,Macquarie Park-7426,2020-05-20T15:00:00+10:00,-33.765278,151.117806,o3,ppm,0.026
7426,25235,Macquarie Park-7426,2020-05-20T16:00:00+10:00,-33.765278,151.117806,o3,ppm,0.022
7426,25235,Macquarie Park-7426,2020-05-20T17:00:00+10:00,-33.765278,151.117806,o3,ppm,0.021
7426,25235,Macquarie Park-7426,2020-05-20T18:00:00+10:00,-33.765278,151.117806,o3,ppm,0.013
7426,25235,Macquarie Park-7426,2020-05-20T19:00:00+10:00,-33.765278,151.117806,o3,ppm,0.007
7426,25235,Macquarie Park-7426,2020-05-20T20:00:00+10:00,-33.765278,151.117806,o3,ppm,0.004
7426,25235,Macquarie Park-7426,2020-05-20T21:00:00+10:00,-33.765278,151.117806,o3,ppm,0.004
7426,25235,Macquarie Park-7426,2020-05-20T22:00:00+10:00,-33.765278,151.117806,o3,ppm,0.01
7426,25235,Macquarie Park-7426,2020-05-20T23:00:00+10:00,-33.765278,151.117806,o3,ppm,0.008
7426,21608,Macquarie Park-7426,2020-05-21T02:00:00+10:00,-33.765278,151.117806,pm10,µg/m³,9.2
7426,21608,Macquarie Park-7426,2020-05-21T03:00:00+10:00,-33.765278,151.117806,pm10,µg/m³,5.6
7426,21608,Macquarie Park-7426,2020-05-21T05:00:00+10:00,-33.765278,151.117806,pm10,µg/m³,8.1
7426,21608,Macquarie Park-7426,2020-05-21T06:00:00+10:00,-33.765278,151.117806,pm10,µg/m³,8.5
7426,21608,Macquarie Park-7426,2020-05-21T07:00:00+10:00,-33.765278,151.117806,pm10,µg/m³,7.0
7426,21608,Macquarie Park-7426,2020-05-21T08:00:00+10:00,-33.765278,151.117806,pm10,µg/m³,10.5
7426,21608,Macquarie Park-7426,2020-05-21T09:00:00+10:00,-33.765278,151.117806,pm10,µg/m³,11.4
7426,21608,Macquarie Park-7426,2020-05-21T11:00:00+10:00,-33.765278,151.117806,pm10,µg/m³,13.2
7426,21608,Macquarie Park-7426,2020-05-21T12:00:00+10:00,-33.765278,151.117806,pm10,µg/m³,9.8
7426,21608,Macquarie Park-7426,2020-05-21T14:00:00+10:00,-33.765278,151.117806,pm10,µg/m³,4.8
7426,21608,Macquarie Park-7426,2020-05-21T15:00:00+10:00,-33.765278,151.117806,pm10,µg/m³,4.9
7426,21608,Macquarie Park-7426,2020-05-21T17:00:00+10:00,-33.765278,151.117806,pm10,µg/m³,6.7
7426,21608,Macquarie Park-7426,2020-05-21T18:00:00+10:00,-33.765278,151.117806,pm10,µg/m³,8.1
7426,21608,Macquarie Park-7426,2020-05-21T19:00:00+10:00,-33.765278,151.117806,pm10,µg/m³,9.3
7426,21608,Macquarie Park-7426,2020-05-21T21:00:00+10:00,-33.765278,151.117806,pm10,µg/m³,2.1
7426,21608,Macquarie Park-7426,2020-05-21T22:00:00+10:00,-33.765278,151.117806,pm10,µg/m³,2.9
7426,21608,Macquarie Park-7426,2020-05-21T23:00:00+10:00,-33.765278,151.117806,pm10,µg/m³,0.0
7426,21609,Macquarie Park-7426,2020-05-21T02:00:00+10:00,-33.765278,151.117806,pm25,µg/m³,2.3
7426,21609,Macquarie Park-7426,2020-05-21T03:00:00+10:00,-33.765278,151.117806,pm25,µg/m³,8.7
7426,21609,Macquarie Park-7426,2020-05-21T05:00:00+10:00,-33.765278,151.117806,pm25,µg/m³,1.6
7426,21609,Macquarie Park-7426,2020-05-21T06:00:00+10:00,-33.765278,151.117806,pm25,µg/m³,7.7
7426,21609,Macquarie Park-7426,2020-05-21T07:00:00+10:00,-33.765278,151.117806,pm25,µg/m³,10.8
7426,21609,Macquarie Park-7426,2020-05-21T08:00:00+10:00,-33.765278,151.117806,pm25,µg/m³,10.1
7426,21609,Macquarie Park-7426,2020-05-21T09:00:00+10:00,-33.765278,151.117806,pm25,µg/m³,0.0
7426,21609,Macquarie Park-7426,2020-05-21T11:00:00+10:00,-33.765278,151.117806,pm25,µg/m³,14.0
7426,21609,Macquarie Park-7426,2020-05-21T12:00:00+10:00,-33.765278,151.117806,pm25,µg/m³,1.6
7426,21609,Macquarie Park-7426,2020-05-21T14:00:00+10:00,-33.765278,151.117806,pm25,µg/m³,2.9
7426,21609,Macquarie Park-7426,2020-05-21T15:00:00+10:00,-33.765278,151.117806,pm25,µg/m³,2.2
7426,21609,Macquarie Park-7426,2020-05-21T17:00:00+10:00,-33.765278,151.117806,pm25,µg/m³,4.3
7426,21609,Macquarie Park-7426,2020-05-21T18:00:00+10:00,-33.765278,151.117806,pm25,µg/m³,0.0
7426,21609,Macquarie Park-7426,2020-05-21T19:00:00+10:00,-33.765278,151.117806,pm25,µg/m³,4.5
7426,21609,Macquarie Park-7426,2020-05-21T21:00:00+10:00,-33.765278,151.117806,pm25,µg/m³,6.8
7426,21609,Macquarie Park-7426,2020-05-21T22:00:00+10:00,-33.765278,151.117806,pm25,µg/m³,13.8
7426,21609,Macquarie Park-7426,2020-05-21T23:00:00+10:00,-33.765278,151.117806,pm25,µg/m³,8.1
7426,25234,Macquarie Park-7426,2020-05-21T03:00:00+10:00,-33.765278,151.117806,no2,ppm,0.002
7426,25234,Macquarie Park-7426,2020-05-21T05:00:00+10:00,-33.765278,151.117806,no2,ppm,0.005
7426,25234,Macquarie Park-7426,2020-05-21T06:00:00+10:00,-33.765278,151.117806,no2,ppm,0.005
7426,25234,Macquarie Park-7426,2020-05-21T07:00:00+10:00,-33.765278,151.117806,no2,ppm,0.005
7426,25234,Macquarie Park-7426,2020-05-21T08:00:00+10:00,-33.765278,151.117806,no2,ppm,0.005
7426,25234,Macquarie Park-7426,2020-05-21T09:00:00+10:00,-33.765278,151.117806,no2,ppm,0.008
7426,25234,Macquarie Park-7426,2020-05-21T11:00:00+10:00,-33.765278,151.117806,no2,ppm,0.011
7426,25234,Macquarie Park-7426,2020-05-21T12:00:00+10:00,-33.765278,151.117806,no2,ppm,0.006
7426,25234,Macquarie Park-7426,2020-05-21T14:00:00+10:00,-33.765278,151.117806,no2,ppm,0.008
7426,25234,Macquarie Park-7426,2020-05-21T15:00:00+10:00,-33.765278,151.117806,no2,ppm,0.004
7426,25234,Macquarie Park-7426,2020-05-21T17:00:00+10:00,-33.765278,151.117806,no2,ppm,0.002
7426,25234,Macquarie Park-7426,2020-05-21T18:00:00+10:00,-33.765278,151.117806,no2,ppm,0.015
7426,25234,Macquarie Park-7426,2020-05-21T19:00:00+10:00,-33.765278,151.117806,no2,ppm,0.012
7426,25234,Macquarie Park-7426,2020-05-21T21:00:00+10:00,-33.765278,151.117806,no2,ppm,0.005
7426,25234,Macquarie Park-7426,2020-05-21T22:00:00+10:00,-33.765278,151.117806,no2,ppm,0.005
7426,25234,Macquarie Park-7426,2020-05-21T23:00:00+10:00,-33.765278,151.117806,no2,ppm,0.002
7426,28467,Macquarie Park-7426,2020-05-21T02:00:00+10:00,-33.765278,151.117806,co,ppm,0.3
7426,28467,Macquarie Park-7426,2020-05-21T03:00:00+10:00,-33.765278,151.117806,co,ppm,0.3
7426,28467,Macquarie Park-7426,2020-05-21T05:00:00+10:00,-33.765278,151.117806,co,ppm,0.2
7426,28467,Macquarie Park-7426,2020-05-21T06:00:00+10:00,-33.765278,151.117806,co,ppm,0.2
7426,28467,Macquarie Park-7426,2020-05-21T07:00:00+10:00,-33.765278,151.117806,co,ppm,0.2
7426,28467,Macquarie Park-7426,2020-05-21T08:00:00+10:00,-33.765278,151.117806,co,ppm,0.2
7426,28467,Macquarie Park-7426,2020-05-21T09:00:00+10:00,-33.765278,151.117806,co,ppm,0.2
7426,28467,Macquarie Park-7426,2020-05-21T11:00:00+10:00,-33.765278,151.117806,co,ppm,0.2
7426,28467,Macquarie Park-7426,2020-05-21T12:00:00+10:00,-33.765278,151.117806,co,ppm,0.3
7426,28467,Macquarie Park-7426,2020-05-21T14:00:00+10:00,-33.765278,151.117806,co,ppm,0.3
7426,28467,Macquarie Park-7426,2020-05-21T15:00:00+10:00,-33.765278,151.117806,co,ppm,0.3
7426,28467,Macquarie Park-7426,2020-05-21T17:00:00+10:00,-33.765278,151.117806,co,ppm,0.3
7426,28467,Macquarie Park-7426,2020-05-21T18:00:00+10:00,-33.765278,151.117806,co,ppm,0.2
7426,28467,Macquarie Park-7426,2020-05-21T19:00:00+10:00,-33.765278,151.117806,co,ppm,0.3
7426,28467,Macquarie Park-7426,2020-05-21T21:00:00+10:00,-33.765278,151.117806,co,ppm,0.2
7426,28467,Macquarie Park-7426,2020-05-21T22:00:00+10:00,-33.765278,151.117806,co,ppm,0.2
7426,28467,Macquarie Park-7426,2020-05-21T23:00:00+10:00,-33.765278,151.117806,co,ppm,0.2
7426,25237,Macquarie Park-7426,2020-05-21T03:00:00+10:00,-33.765278,151.117806,so2,ppm,0.0
7426,25237,Macquarie Park-7426,2020-05-21T05:00:00+10:00,-33.765278,151.117806,so2,ppm,0.0
7426,25237,Macquarie Park-7426,2020-05-21T06:00:00+10:00,-33.765278,151.117806,so2,ppm,0.0
7426,25237,Macquarie Park-7426,2020-05-21T07:00:00+10:00,-33.765278,151.117806,so2,ppm,0.0
7426,25237,Macquarie Park-7426,2020-05-21T08:00:00+10:00,-33.765278,151.117806,so2,ppm,0.0
7426,25237,Macquarie Park-7426,2020-05-21T09:00:00+10:00,-33.765278,151.117806,so2,ppm,0.0
7426,25237,Macquarie Park-7426,2020-05-21T11:00:00+10:00,-33.765278,151.117806,so2,ppm,0.0
7426,25237,Macquarie Park-7426,2020-05-21T12:00:00+10:00,-33.765278,151.117806,so2,ppm,0.0
7426,25237,Macquarie Park-7426,2020-05-21T14:00:00+10:00,-33.765278,151.117806,so2,ppm,0.0
7426,25237,Macquarie Park-7426,2020-05-21T15:00:00+10:00,-33.765278,151.117806,so2,ppm,0.0
7426,25237,Macquarie Park-7426,2020-05-21T17:00:00+10:00,-33.765278,151.117806,so2,ppm,0.0
7426,25237,Macquarie Park-7426,2020-05-21T18:00:00+10:00,-33.765278,151.117806,so2,ppm,0.0
7426,25237,Macquarie Park-7426,2020-05-21T19:00:00+10:00,-33.765278,151.117806,so2,ppm,0.0
7426,25237,Macquarie Park-7426,2020-05-21T21:00:00+10:00,-33.765278,151.117806,so2,ppm,0.0
7426,25237,Macquarie Park-7426,2020-05-21T22:00:00+10:00,-33.765278,151.117806,so2,ppm,0.0
7426,25237,Macquarie Park-7426,2020-05-21T23:00:00+10:00,-33.765278,151.117806,so2,ppm,0.0
7426,25235,Macquarie Park-7426,2020-05-21T02:00:00+10:00,-33.765278,151.117806,o3,ppm,0.005
7426,25235,Macquarie Park-7426,2020-05-21T03:00:00+10:00,-33.765278,151.117806,o3,ppm,0.017
7426,25235,Macquarie Park-7426,2020-05-21T05:00:00+10:00,-33.765278,151.117806,o3,ppm,0.01
7426,25235,Macquarie Park-7426,2020-05-21T06:00:00+10:00,-33.765278,151.117806,o3,ppm,0.01
7426,25235,Macquarie Park-7426,2020-05-21T07:00:00+10:00,-33.765278,151.117806,o3,ppm,0.006
7426,25235,Macquarie Park-7426,2020-05-21T08:00:00+10:00,-33.765278,151.117806,o3,ppm,0.002
7426,25235,Macquarie Park-7426,2020-05-21T09:00:00+10:00,-33.765278,151.117806,o3,ppm,0.001
7426,25235,Macquarie Park-7426,2020-05-21T11:00:00+10:00,-33.765278,151.117806,o3,ppm,0.004
7426,25235,Macquarie Park-7426,2020-05-21T12:00:00+10:00,-33.765278,151.117806,o3,ppm,0.008
7426,25235,Macquarie Park-7426,2020-05-21T14:00:00+10:00,-33.765278,151.117806,o3,ppm,0.011
7426,25235,Macquarie Park-7426,2020-05-21T15:00:00+10:00,-33.765278,151.117806,o3,ppm,0.018
7426,25235,Macquarie Park-7426,2020-05-21T17:00:00+10:00,-33.765278,151.117806,o3,ppm,0.015
7426,25235,Macquarie Park-7426,2020-05-21T18:00:00+10:00,-33.765278,151.117806,o3,ppm,0.003
7426,25235,Macquarie Park-7426,2020-05-21T19:00:00+10:00,-33.765278,151.117806,o3,ppm,0.002
7426,25235,Macquarie Park-7426,2020-05-21T21:00:00+10:00,-33.765278,151.117806,o3,ppm,0.017
7426,25235,Macquarie Park-7426,2020-05-21T22:00:00+10:00,-33.765278,151.117806,o3,ppm,0.015
7426,25235,Macquarie Park-7426,2020-05-21T23:00:00+10:00,-33.765278,151.117806,o3,ppm,0.018
7426,21608,Macquarie Park-7426,2020-05-22T01:00:00+10:00,-33.765278,151.117806,pm10,µg/m³,0.0
7426,21608,Macquarie Park-7426,2020-05-22T02:00:00+10:00,-33.765278,151.117806,pm10,µg/m³,0.0
7426,21608,Macquarie Park-7426,2020-05-22T06:00:00+10:00,-33.765278,151.117806,pm10,µg/m³,2.9
7426,21608,Macquarie Park-7426,2020-05-22T07:00:00+10:00,-33.765278,151.117806,pm10,µg/m³,5.1
7426,21608,Macquarie Park-7426,2020-05-22T08:00:00+10:00,-33.765278,151.117806,pm10,µg/m³,3.6
7426,21608,Macquarie Park-7426,2020-05-22T09:00:00+10:00,-33.765278,151.117806,pm10,µg/m³,0.0
7426,21608,Macquarie Park-7426,2020-05-22T10:00:00+10:00,-33.765278,151.117806,pm10,µg/m³,0.0
7426,21608,Macquarie Park-7426,2020-05-22T11:00:00+10:00,-33.765278,151.117806,pm10,µg/m³,4.2
7426,21608,Macquarie Park-7426,2020-05-22T12:00:00+10:00,-33.765278,151.117806,pm10,µg/m³,6.0
7426,21608,Macquarie Park-7426,2020-05-22T13:00:00+10:00,-33.765278,151.117806,pm10,µg/m³,7.1
7426,21608,Macquarie Park-7426,2020-05-22T14:00:00+10:00,-33.765278,151.117806,pm10,µg/m³,6.2
7426,21608,Macquarie Park-7426,2020-05-22T15:00:00+10:00,-33.765278,151.117806,pm10,µg/m³,6.8
7426,21608,Macquarie Park-7426,2020-05-22T16:00:00+10:00,-33.765278,151.117806,pm10,µg/m³,6.1
7426,21608,Macquarie Park-7426,2020-05-22T17:00:00+10:00,-33.765278,151.117806,pm10,µg/m³,7.2
7426,21608,Macquarie Park-7426,2020-05-22T18:00:00+10:00,-33.765278,151.117806,pm10,µg/m³,6.4
7426,21608,Macquarie Park-7426,2020-05-22T19:00:00+10:00,-33.765278,151.117806,pm10,µg/m³,1.9
7426,21608,Macquarie Park-7426,2020-05-22T21:00:00+10:00,-33.765278,151.117806,pm10,µg/m³,3.6
7426,21608,Macquarie Park-7426,2020-05-22T22:00:00+10:00,-33.765278,151.117806,pm10,µg/m³,2.0
7426,21609,Macquarie Park-7426,2020-05-22T01:00:00+10:00,-33.765278,151.117806,pm25,µg/m³,0.0
7426,21609,Macquarie Park-7426,2020-05-22T02:00:00+10:00,-33.765278,151.117806,pm25,µg/m³,0.0
7426,21609,Macquarie Park-7426,2020-05-22T06:00:00+10:00,-33.765278,151.117806,pm25,µg/m³,3.8
7426,21609,Macquarie Park-7426,2020-05-22T07:00:00+10:00,-33.765278,151.117806,pm25,µg/m³,2.7
7426,21609,Macquarie Park-7426,2020-05-22T08:00:00+10:00,-33.765278,151.117806,pm25,µg/m³,2.6
7426,21609,Macquarie Park-7426,2020-05-22T09:00:00+10:00,-33.765278,151.117806,pm25,µg/m³,2.3
7426,21609,Macquarie Park-7426,2020-05-22T10:00:00+10:00,-33.765278,151.117806,pm25,µg/m³,1.1
7426,21609,Macquarie Park-7426,2020-05-22T11:00:00+10:00,-33.765278,151.117806,pm25,µg/m³,1.7
7426,21609,Macquarie Park-7426,2020-05-22T12:00:00+10:00,-33.765278,151.117806,pm25,µg/m³,1.3
7426,21609,Macquarie Park-7426,2020-05-22T13:00:00+10:00,-33.765278,151.117806,pm25,µg/m³,0.0
7426,21609,Macquarie Park-7426,2020-05-22T14:00:00+10:00,-33.765278,151.117806,pm25,µg/m³,1.7
7426,21609,Macquarie Park-7426,2020-05-22T15:00:00+10:00,-33.765278,151.117806,pm25,µg/m³,1.4
7426,21609,Macquarie Park-7426,2020-05-22T16:00:00+10:00,-33.765278,151.117806,pm25,µg/m³,1.9
7426,21609,Macquarie Park-7426,2020-05-22T17:00:00+10:00,-33.765278,151.117806,pm25,µg/m³,3.7
7426,21609,Macquarie Park-7426,2020-05-22T18:00:00+10:00,-33.765278,151.117806,pm25,µg/m³,3.5
7426,21609,Macquarie Park-7426,2020-05-22T19:00:00+10:00,-33.765278,151.117806,pm25,µg/m³,2.7
7426,21609,Macquarie Park-7426,2020-05-22T21:00:00+10:00,-33.765278,151.117806,pm25,µg/m³,0.7
7426,21609,Macquarie Park-7426,2020-05-22T22:00:00+10:00,-33.765278,151.117806,pm25,µg/m³,3.6
7426,25234,Macquarie Park-7426,2020-05-22T01:00:00+10:00,-33.765278,151.117806,no2,ppm,0.0
7426,25234,Macquarie Park-7426,2020-05-22T06:00:00+10:00,-33.765278,151.117806,no2,ppm,0.005
7426,25234,Macquarie Park-7426,2020-05-22T07:00:00+10:00,-33.765278,151.117806,no2,ppm,0.014
7426,25234,Macquarie Park-7426,2020-05-22T08:00:00+10:00,-33.765278,151.117806,no2,ppm,0.018
7426,25234,Macquarie Park-7426,2020-05-22T09:00:00+10:00,-33.765278,151.117806,no2,ppm,0.016
7426,25234,Macquarie Park-7426,2020-05-22T10:00:00+10:00,-33.765278,151.117806,no2,ppm,0.006
7426,25234,Macquarie Park-7426,2020-05-22T11:00:00+10:00,-33.765278,151.117806,no2,ppm,0.004
7426,25234,Macquarie Park-7426,2020-05-22T12:00:00+10:00,-33.765278,151.117806,no2,ppm,0.004
7426,25234,Macquarie Park-7426,2020-05-22T13:00:00+10:00,-33.765278,151.117806,no2,ppm,0.004
7426,25234,Macquarie Park-7426,2020-05-22T14:00:00+10:00,-33.765278,151.117806,no2,ppm,0.004
7426,25234,Macquarie Park-7426,2020-05-22T15:00:00+10:00,-33.765278,151.117806,no2,ppm,0.004
7426,25234,Macquarie Park-7426,2020-05-22T16:00:00+10:00,-33.765278,151.117806,no2,ppm,0.007
7426,25234,Macquarie Park-7426,2020-05-22T17:00:00+10:00,-33.765278,151.117806,no2,ppm,0.01
7426,25234,Macquarie Park-7426,2020-05-22T18:00:00+10:00,-33.765278,151.117806,no2,ppm,0.009
7426,25234,Macquarie Park-7426,2020-05-22T19:00:00+10:00,-33.765278,151.117806,no2,ppm,0.006
7426,25234,Macquarie Park-7426,2020-05-22T21:00:00+10:00,-33.765278,151.117806,no2,ppm,0.003
7426,25234,Macquarie Park-7426,2020-05-22T22:00:00+10:00,-33.765278,151.117806,no2,ppm,0.002
7426,28467,Macquarie Park-7426,2020-05-22T01:00:00+10:00,-33.765278,151.117806,co,ppm,0.2
7426,28467,Macquarie Park-7426,2020-05-22T02:00:00+10:00,-33.765278,151.117806,co,ppm,0.2
7426,28467,Macquarie Park-7426,2020-05-22T06:00:00+10:00,-33.765278,151.117806,co,ppm,0.1
7426,28467,Macquarie Park-7426,2020-05-22T07:00:00+10:00,-33.765278,151.117806,co,ppm,0.1
7426,28467,Macquarie Park-7426,2020-05-22T08:00:00+10:00,-33.765278,151.117806,co,ppm,0.2
7426,28467,Macquarie Park-7426,2020-05-22T09:00:00+10:00,-33.765278,151.117806,co,ppm,0.2
7426,28467,Macquarie Park-7426,2020-05-22T10:00:00+10:00,-33.765278,151.117806,co,ppm,0.2
7426,28467,Macquarie Park-7426,2020-05-22T11:00:00+10:00,-33.765278,151.117806,co,ppm,0.2
7426,28467,Macquarie Park-7426,2020-05-22T12:00:00+10:00,-33.765278,151.117806,co,ppm,0.2
7426,28467,Macquarie Park-7426,2020-05-22T13:00:00+10:00,-33.765278,151.117806,co,ppm,0.2
7426,28467,Macquarie Park-7426,2020-05-22T14:00:00+10:00,-33.765278,151.117806,co,ppm,0.2
7426,28467,Macquarie Park-7426,2020-05-22T15:00:00+10:00,-33.765278,151.117806,co,ppm,0.2
7426,28467,Macquarie Park-7426,2020-05-22T16:00:00+10:00,-33.765278,151.117806,co,ppm,0.2
7426,28467,Macquarie Park-7426,2020-05-22T17:00:00+10:00,-33.765278,151.117806,co,ppm,0.2
7426,28467,Macquarie Park-7426,2020-05-22T18:00:00+10:00,-33.765278,151.117806,co,ppm,0.2
7426,28467,Macquarie Park-7426,2020-05-22T19:00:00+10:00,-33.765278,151.117806,co,ppm,0.2
7426,28467,Macquarie Park-7426,2020-05-22T21:00:00+10:00,-33.765278,151.117806,co,ppm,0.2
7426,28467,Macquarie Park-7426,2020-05-22T22:00:00+10:00,-33.765278,151.117806,co,ppm,0.2
7426,25237,Macquarie Park-7426,2020-05-22T01:00:00+10:00,-33.765278,151.117806,so2,ppm,0.0
7426,25237,Macquarie Park-7426,2020-05-22T06:00:00+10:00,-33.765278,151.117806,so2,ppm,0.0
7426,25237,Macquarie Park-7426,2020-05-22T07:00:00+10:00,-33.765278,151.117806,so2,ppm,0.0
7426,25237,Macquarie Park-7426,2020-05-22T08:00:00+10:00,-33.765278,151.117806,so2,ppm,0.0
7426,25237,Macquarie Park-7426,2020-05-22T09:00:00+10:00,-33.765278,151.117806,so2,ppm,0.0
7426,25237,Macquarie Park-7426,2020-05-22T10:00:00+10:00,-33.765278,151.117806,so2,ppm,0.0
7426,25237,Macquarie Park-7426,2020-05-22T11:00:00+10:00,-33.765278,151.117806,so2,ppm,0.0
7426,25237,Macquarie Park-7426,2020-05-22T12:00:00+10:00,-33.765278,151.117806,so2,ppm,0.0
7426,25237,Macquarie Park-7426,2020-05-22T13:00:00+10:00,-33.765278,151.117806,so2,ppm,0.0
7426,25237,Macquarie Park-7426,2020-05-22T14:00:00+10:00,-33.765278,151.117806,so2,ppm,0.0
7426,25237,Macquarie Park-7426,2020-05-22T15:00:00+10:00,-33.765278,151.117806,so2,ppm,0.0
7426,25237,Macquarie Park-7426,2020-05-22T16:00:00+10:00,-33.765278,151.117806,so2,ppm,0.0
7426,25237,Macquarie Park-7426,2020-05-22T17:00:00+10:00,-33.765278,151.117806,so2,ppm,0.0
7426,25237,Macquarie Park-7426,2020-05-22T18:00:00+10:00,-33.765278,151.117806,so2,ppm,0.0
7426,25237,Macquarie Park-7426,2020-05-22T19:00:00+10:00,-33.765278,151.117806,so2,ppm,0.0
7426,25237,Macquarie Park-7426,2020-05-22T21:00:00+10:00,-33.765278,151.117806,so2,ppm,0.0
7426,25237,Macquarie Park-7426,2020-05-22T22:00:00+10:00,-33.765278,151.117806,so2,ppm,0.0
7426,25235,Macquarie Park-7426,2020-05-22T01:00:00+10:00,-33.765278,151.117806,o3,ppm,0.026
7426,25235,Macquarie Park-7426,2020-05-22T02:00:00+10:00,-33.765278,151.117806,o3,ppm,0.022
7426,25235,Macquarie Park-7426,2020-05-22T06:00:00+10:00,-33.765278,151.117806,o3,ppm,0.017
7426,25235,Macquarie Park-7426,2020-05-22T07:00:00+10:00,-33.765278,151.117806,o3,ppm,0.008
7426,25235,Macquarie Park-7426,2020-05-22T08:00:00+10:00,-33.765278,151.117806,o3,ppm,0.005
7426,25235,Macquarie Park-7426,2020-05-22T09:00:00+10:00,-33.765278,151.117806,o3,ppm,0.008
7426,25235,Macquarie Park-7426,2020-05-22T10:00:00+10:00,-33.765278,151.117806,o3,ppm,0.018
7426,25235,Macquarie Park-7426,2020-05-22T11:00:00+10:00,-33.765278,151.117806,o3,ppm,0.02
7426,25235,Macquarie Park-7426,2020-05-22T12:00:00+10:00,-33.765278,151.117806,o3,ppm,0.022
7426,25235,Macquarie Park-7426,2020-05-22T13:00:00+10:00,-33.765278,151.117806,o3,ppm,0.021
7426,25235,Macquarie Park-7426,2020-05-22T14:00:00+10:00,-33.765278,151.117806,o3,ppm,0.02
7426,25235,Macquarie Park-7426,2020-05-22T15:00:00+10:00,-33.765278,151.117806,o3,ppm,0.02
7426,25235,Macquarie Park-7426,2020-05-22T16:00:00+10:00,-33.765278,151.117806,o3,ppm,0.017
7426,25235,Macquarie Park-7426,2020-05-22T17:00:00+10:00,-33.765278,151.117806,o3,ppm,0.013
7426,25235,Macquarie Park-7426,2020-05-22T18:00:00+10:00,-33.765278,151.117806,o3,ppm,0.014
7426,25235,Macquarie Park-7426,2020-05-22T19:00:00+10:00,-33.765278,151.117806,o3,ppm,0.017
7426,25235,Macquarie Park-7426,2020-05-22T21:00:00+10:00,-33.765278,151.117806,o3,ppm,0.019
7426,25235,Macquarie Park-7426,2020-05-22T22:00:00+10:00,-33.765278,151.117806,o3,ppm,0.02
7426,21608,Macquarie Park-7426,2020-05-23T01:00:00+10:00,-33.765278,151.117806,pm10,µg/m³,2.9
7426,21608,Macquarie Park-7426,2020-05-23T02:00:00+10:00,-33.765278,151.117806,pm10,µg/m³,2.6
7426,21608,Macquarie Park-7426,2020-05-23T03:00:00+10:00,-33.765278,151.117806,pm10,µg/m³,3.7
7426,21608,Macquarie Park-7426,2020-05-23T04:00:00+10:00,-33.765278,151.117806,pm10,µg/m³,3.7
7426,21608,Macquarie Park-7426,2020-05-23T06:00:00+10:00,-33.765278,151.117806,pm10,µg/m³,3.4
7426,21608,Macquarie Park-7426,2020-05-23T07:00:00+10:00,-33.765278,151.117806,pm10,µg/m³,4.3
7426,21608,Macquarie Park-7426,2020-05-23T08:00:00+10:00,-33.765278,151.117806,pm10,µg/m³,5.0
7426,21608,Macquarie Park-7426,2020-05-23T09:00:00+10:00,-33.765278,151.117806,pm10,µg/m³,6.7
7426,21608,Macquarie Park-7426,2020-05-23T11:00:00+10:00,-33.765278,151.117806,pm10,µg/m³,2.7
7426,21608,Macquarie Park-7426,2020-05-23T12:00:00+10:00,-33.765278,151.117806,pm10,µg/m³,4.8
7426,21608,Macquarie Park-7426,2020-05-23T13:00:00+10:00,-33.765278,151.117806,pm10,µg/m³,11.2
7426,21608,Macquarie Park-7426,2020-05-23T14:00:00+10:00,-33.765278,151.117806,pm10,µg/m³,11.2
7426,21608,Macquarie Park-7426,2020-05-23T15:00:00+10:00,-33.765278,151.117806,pm10,µg/m³,1.2
7426,21608,Macquarie Park-7426,2020-05-23T17:00:00+10:00,-33.765278,151.117806,pm10,µg/m³,11.4
7426,21608,Macquarie Park-7426,2020-05-23T18:00:00+10:00,-33.765278,151.117806,pm10,µg/m³,10.1
7426,21608,Macquarie Park-7426,2020-05-23T19:00:00+10:00,-33.765278,151.117806,pm10,µg/m³,7.0
7426,21608,Macquarie Park-7426,2020-05-23T20:00:00+10:00,-33.765278,151.117806,pm10,µg/m³,7.7
7426,21608,Macquarie Park-7426,2020-05-23T21:00:00+10:00,-33.765278,151.117806,pm10,µg/m³,8.4
7426,21608,Macquarie Park-7426,2020-05-23T22:00:00+10:00,-33.765278,151.117806,pm10,µg/m³,2.2
7426,21609,Macquarie Park-7426,2020-05-23T01:00:00+10:00,-33.765278,151.117806,pm25,µg/m³,0.5
7426,21609,Macquarie Park-7426,2020-05-23T02:00:00+10:00,-33.765278,151.117806,pm25,µg/m³,1.6
7426,21609,Macquarie Park-7426,2020-05-23T03:00:00+10:00,-33.765278,151.117806,pm25,µg/m³,2.6
7426,21609,Macquarie Park-7426,2020-05-23T04:00:00+10:00,-33.765278,151.117806,pm25,µg/m³,11.7
7426,21609,Macquarie Park-7426,2020-05-23T06:00:00+10:00,-33.765278,151.117806,pm25,µg/m³,0.0
7426,21609,Macquarie Park-7426,2020-05-23T07:00:00+10:00,-33.765278,151.117806,pm25,µg/m³,0.0
7426,21609,Macquarie Park-7426,2020-05-23T08:00:00+10:00,-33.765278,151.117806,pm25,µg/m³,1.5
7426,21609,Macquarie Park-7426,2020-05-23T09:00:00+10:00,-33.765278,151.117806,pm25,µg/m³,0.7
7426,21609,Macquarie Park-7426,2020-05-23T11:00:00+10:00,-33.765278,151.117806,pm25,µg/m³,7.4
7426,21609,Macquarie Park-7426,2020-05-23T12:00:00+10:00,-33.765278,151.117806,pm25,µg/m³,2.1
7426,21609,Macquarie Park-7426,2020-05-23T13:00:00+10:00,-33.765278,151.117806,pm25,µg/m³,0.0
7426,21609,Macquarie Park-7426,2020-05-23T14:00:00+10:00,-33.765278,151.117806,pm25,µg/m³,0.9
7426,21609,Macquarie Park-7426,2020-05-23T15:00:00+10:00,-33.765278,151.117806,pm25,µg/m³,0.8
7426,21609,Macquarie Park-7426,2020-05-23T17:00:00+10:00,-33.765278,151.117806,pm25,µg/m³,1.2
7426,21609,Macquarie Park-7426,2020-05-23T18:00:00+10:00,-33.765278,151.117806,pm25,µg/m³,11.5
7426,21609,Macquarie Park-7426,2020-05-23T19:00:00+10:00,-33.765278,151.117806,pm25,µg/m³,8.1
7426,21609,Macquarie Park-7426,2020-05-23T20:00:00+10:00,-33.765278,151.117806,pm25,µg/m³,6.6
7426,21609,Macquarie Park-7426,2020-05-23T21:00:00+10:00,-33.765278,151.117806,pm25,µg/m³,7.2
7426,21609,Macquarie Park-7426,2020-05-23T22:00:00+10:00,-33.765278,151.117806,pm25,µg/m³,7.3
7426,25234,Macquarie Park-7426,2020-05-23T01:00:00+10:00,-33.765278,151.117806,no2,ppm,0.001
7426,25234,Macquarie Park-7426,2020-05-23T03:00:00+10:00,-33.765278,151.117806,no2,ppm,0.001
7426,25234,Macquarie Park-7426,2020-05-23T04:00:00+10:00,-33.765278,151.117806,no2,ppm,0.001
7426,25234,Macquarie Park-7426,2020-05-23T06:00:00+10:00,-33.765278,151.117806,no2,ppm,0.004
7426,25234,Macquarie Park-7426,2020-05-23T07:00:00+10:00,-33.765278,151.117806,no2,ppm,0.006
7426,25234,Macquarie Park-7426,2020-05-23T08:00:00+10:00,-33.765278,151.117806,no2,ppm,0.005
7426,25234,Macquarie Park-7426,2020-05-23T09:00:00+10:00,-33.765278,151.117806,no2,ppm,0.004
7426,25234,Macquarie Park-7426,2020-05-23T11:00:00+10:00,-33.765278,151.117806,no2,ppm,0.001
7426,25234,Macquarie Park-7426,2020-05-23T12:00:00+10:00,-33.765278,151.117806,no2,ppm,0.003
7426,25234,Macquarie Park-7426,2020-05-23T13:00:00+10:00,-33.765278,151.117806,no2,ppm,0.002
7426,25234,Macquarie Park-7426,2020-05-23T14:00:00+10:00,-33.765278,151.117806,no2,ppm,0.005
7426,25234,Macquarie Park-7426,2020-05-23T15:00:00+10:00,-33.765278,151.117806,no2,ppm,0.004
7426,25234,Macquarie Park-7426,2020-05-23T17:00:00+10:00,-33.765278,151.117806,no2,ppm,0.008
7426,25234,Macquarie Park-7426,2020-05-23T18:00:00+10:00,-33.765278,151.117806,no2,ppm,0.008
7426,25234,Macquarie Park-7426,2020-05-23T19:00:00+10:00,-33.765278,151.117806,no2,ppm,0.008
7426,25234,Macquarie Park-7426,2020-05-23T20:00:00+10:00,-33.765278,151.117806,no2,ppm,0.007
7426,25234,Macquarie Park-7426,2020-05-23T21:00:00+10:00,-33.765278,151.117806,no2,ppm,0.008
7426,25234,Macquarie Park-7426,2020-05-23T22:00:00+10:00,-33.765278,151.117806,no2,ppm,0.005
7426,28467,Macquarie Park-7426,2020-05-23T01:00:00+10:00,-33.765278,151.117806,co,ppm,0.2
7426,28467,Macquarie Park-7426,2020-05-23T02:00:00+10:00,-33.765278,151.117806,co,ppm,0.2
7426,28467,Macquarie Park-7426,2020-05-23T03:00:00+10:00,-33.765278,151.117806,co,ppm,0.2
7426,28467,Macquarie Park-7426,2020-05-23T04:00:00+10:00,-33.765278,151.117806,co,ppm,0.1
7426,28467,Macquarie Park-7426,2020-05-23T06:00:00+10:00,-33.765278,151.117806,co,ppm,0.2
7426,28467,Macquarie Park-7426,2020-05-23T07:00:00+10:00,-33.765278,151.117806,co,ppm,0.2
7426,28467,Macquarie Park-7426,2020-05-23T08:00:00+10:00,-33.765278,151.117806,co,ppm,0.2
7426,28467,Macquarie Park-7426,2020-05-23T09:00:00+10:00,-33.765278,151.117806,co,ppm,0.2
7426,28467,Macquarie Park-7426,2020-05-23T11:00:00+10:00,-33.765278,151.117806,co,ppm,0.2
7426,28467,Macquarie Park-7426,2020-05-23T12:00:00+10:00,-33.765278,151.117806,co,ppm,0.2
7426,28467,Macquarie Park-7426,2020-05-23T13:00:00+10:00,-33.765278,151.117806,co,ppm,0.2
7426,28467,Macquarie Park-7426,2020-05-23T14:00:00+10:00,-33.765278,151.117806,co,ppm,0.2
7426,28467,Macquarie Park-7426,2020-05-23T15:00:00+10:00,-33.765278,151.117806,co,ppm,0.2
7426,28467,Macquarie Park-7426,2020-05-23T17:00:00+10:00,-33.765278,151.117806,co,ppm,0.2
7426,28467,Macquarie Park-7426,2020-05-23T18:00:00+10:00,-33.765278,151.117806,co,ppm,0.2
7426,28467,Macquarie Park-7426,2020-05-23T19:00:00+10:00,-33.765278,151.117806,co,ppm,0.2
7426,28467,Macquarie Park-7426,2020-05-23T20:00:00+10:00,-33.765278,151.117806,co,ppm,0.2
7426,28467,Macquarie Park-7426,2020-05-23T21:00:00+10:00,-33.765278,151.117806,co,ppm,0.2
7426,28467,Macquarie Park-7426,2020-05-23T22:00:00+10:00,-33.765278,151.117806,co,ppm,0.2
7426,25237,Macquarie Park-7426,2020-05-23T01:00:00+10:00,-33.765278,151.117806,so2,ppm,0.0
7426,25237,Macquarie Park-7426,2020-05-23T03:00:00+10:00,-33.765278,151.117806,so2,ppm,0.0
7426,25237,Macquarie Park-7426,2020-05-23T04:00:00+10:00,-33.765278,151.117806,so2,ppm,0.0
7426,25237,Macquarie Park-7426,2020-05-23T06:00:00+10:00,-33.765278,151.117806,so2,ppm,0.0
7426,25237,Macquarie Park-7426,2020-05-23T07:00:00+10:00,-33.765278,151.117806,so2,ppm,0.0
7426,25237,Macquarie Park-7426,2020-05-23T08:00:00+10:00,-33.765278,151.117806,so2,ppm,0.0
7426,25237,Macquarie Park-7426,2020-05-23T09:00:00+10:00,-33.765278,151.117806,so2,ppm,0.0
7426,25237,Macquarie Park-7426,2020-05-23T11:00:00+10:00,-33.765278,151.117806,so2,ppm,0.0
7426,25237,Macquarie Park-7426,2020-05-23T12:00:00+10:00,-33.765278,151.117806,so2,ppm,0.0
7426,25237,Macquarie Park-7426,2020-05-23T13:00:00+10:00,-33.765278,151.117806,so2,ppm,0.0
7426,25237,Macquarie Park-7426,2020-05-23T14:00:00+10:00,-33.765278,151.117806,so2,ppm,0.0
7426,25237,Macquarie Park-7426,2020-05-23T15:00:00+10:00,-33.765278,151.117806,so2,ppm,0.0
7426,25237,Macquarie Park-7426,2020-05-23T17:00:00+10:00,-33.765278,151.117806,so2,ppm,0.0
7426,25237,Macquarie Park-7426,2020-05-23T18:00:00+10:00,-33.765278,151.117806,so2,ppm,0.0
7426,25237,Macquarie Park-7426,2020-05-23T19:00:00+10:00,-33.765278,151.117806,so2,ppm,0.0
7426,25237,Macquarie Park-7426,2020-05-23T20:00:00+10:00,-33.765278,151.117806,so2,ppm,0.0
7426,25237,Macquarie Park-7426,2020-05-23T21:00:00+10:00,-33.765278,151.117806,so2,ppm,0.0
7426,25237,Macquarie Park-7426,2020-05-23T22:00:00+10:00,-33.765278,151.117806,so2,ppm,0.0
7426,25235,Macquarie Park-7426,2020-05-23T01:00:00+10:00,-33.765278,151.117806,o3,ppm,0.02
7426,25235,Macquarie Park-7426,2020-05-23T02:00:00+10:00,-33.765278,151.117806,o3,ppm,0.02
7426,25235,Macquarie Park-7426,2020-05-23T03:00:00+10:00,-33.765278,151.117806,o3,ppm,0.02
7426,25235,Macquarie Park-7426,2020-05-23T04:00:00+10:00,-33.765278,151.117806,o3,ppm,0.02
7426,25235,Macquarie Park-7426,2020-05-23T06:00:00+10:00,-33.765278,151.117806,o3,ppm,0.017
7426,25235,Macquarie Park-7426,2020-05-23T07:00:00+10:00,-33.765278,151.117806,o3,ppm,0.014
7426,25235,Macquarie Park-7426,2020-05-23T08:00:00+10:00,-33.765278,151.117806,o3,ppm,0.015
7426,25235,Macquarie Park-7426,2020-05-23T09:00:00+10:00,-33.765278,151.117806,o3,ppm,0.017
7426,25235,Macquarie Park-7426,2020-05-23T11:00:00+10:00,-33.765278,151.117806,o3,ppm,0.022
7426,25235,Macquarie Park-7426,2020-05-23T12:00:00+10:00,-33.765278,151.117806,o3,ppm,0.021
7426,25235,Macquarie Park-7426,2020-05-23T13:00:00+10:00,-33.765278,151.117806,o3,ppm,0.022
7426,25235,Macquarie Park-7426,2020-05-23T14:00:00+10:00,-33.765278,151.117806,o3,ppm,0.017
7426,25235,Macquarie Park-7426,2020-05-23T15:00:00+10:00,-33.765278,151.117806,o3,ppm,0.019
7426,25235,Macquarie Park-7426,2020-05-23T17:00:00+10:00,-33.765278,151.117806,o3,ppm,0.013
7426,25235,Macquarie Park-7426,2020-05-23T18:00:00+10:00,-33.765278,151.117806,o3,ppm,0.011
7426,25235,Macquarie Park-7426,2020-05-23T19:00:00+10:00,-33.765278,151.117806,o3,ppm,0.012
7426,25235,Macquarie Park-7426,2020-05-23T20:00:00+10:00,-33.765278,151.117806,o3,ppm,0.012
7426,25235,Macquarie Park-7426,2020-05-23T21:00:00+10:00,-33.765278,151.117806,o3,ppm,0.01
7426,25235,Macquarie Park-7426,2020-05-23T22:00:00+10:00,-33.765278,151.117806,o3,ppm,0.014
7426,21608,Macquarie Park-7426,2020-05-24T01:00:00+10:00,-33.765278,151.117806,pm10,µg/m³,1.8
7426,21608,Macquarie Park-7426,2020-05-24T02:00:00+10:00,-33.765278,151.117806,pm10,µg/m³,2.2
7426,21608,Macquarie Park-7426,2020-05-24T03:00:00+10:00,-33.765278,151.117806,pm10,µg/m³,2.0
7426,21608,Macquarie Park-7426,2020-05-24T04:00:00+10:00,-33.765278,151.117806,pm10,µg/m³,1.5
7426,21608,Macquarie Park-7426,2020-05-24T06:00:00+10:00,-33.765278,151.117806,pm10,µg/m³,4.5
7426,21608,Macquarie Park-7426,2020-05-24T07:00:00+10:00,-33.765278,151.117806,pm10,µg/m³,4.1
7426,21608,Macquarie Park-7426,2020-05-24T09:00:00+10:00,-33.765278,151.117806,pm10,µg/m³,7.1
7426,21608,Macquarie Park-7426,2020-05-24T12:00:00+10:00,-33.765278,151.117806,pm10,µg/m³,11.8
7426,21608,Macquarie Park-7426,2020-05-24T15:00:00+10:00,-33.765278,151.117806,pm10,µg/m³,12.8
7426,21608,Macquarie Park-7426,2020-05-24T16:00:00+10:00,-33.765278,151.117806,pm10,µg/m³,13.5
7426,21608,Macquarie Park-7426,2020-05-24T17:00:00+10:00,-33.765278,151.117806,pm10,µg/m³,13.6
7426,21608,Macquarie Park-7426,2020-05-24T18:00:00+10:00,-33.765278,151.117806,pm10,µg/m³,11.7
7426,21608,Macquarie Park-7426,2020-05-24T19:00:00+10:00,-33.765278,151.117806,pm10,µg/m³,11.2
7426,21608,Macquarie Park-7426,2020-05-24T20:00:00+10:00,-33.765278,151.117806,pm10,µg/m³,10.8
7426,21608,Macquarie Park-7426,2020-05-24T22:00:00+10:00,-33.765278,151.117806,pm10,µg/m³,12.0
7426,21608,Macquarie Park-7426,2020-05-24T23:00:00+10:00,-33.765278,151.117806,pm10,µg/m³,9.2
7426,21609,Macquarie Park-7426,2020-05-24T01:00:00+10:00,-33.765278,151.117806,pm25,µg/m³,2.0
7426,21609,Macquarie Park-7426,2020-05-24T02:00:00+10:00,-33.765278,151.117806,pm25,µg/m³,2.3
7426,21609,Macquarie Park-7426,2020-05-24T03:00:00+10:00,-33.765278,151.117806,pm25,µg/m³,2.1
7426,21609,Macquarie Park-7426,2020-05-24T04:00:00+10:00,-33.765278,151.117806,pm25,µg/m³,0.8
7426,21609,Macquarie Park-7426,2020-05-24T06:00:00+10:00,-33.765278,151.117806,pm25,µg/m³,0.9
7426,21609,Macquarie Park-7426,2020-05-24T07:00:00+10:00,-33.765278,151.117806,pm25,µg/m³,1.6
7426,21609,Macquarie Park-7426,2020-05-24T09:00:00+10:00,-33.765278,151.117806,pm25,µg/m³,1.0
7426,21609,Macquarie Park-7426,2020-05-24T12:00:00+10:00,-33.765278,151.117806,pm25,µg/m³,12.2
7426,21609,Macquarie Park-7426,2020-05-24T15:00:00+10:00,-33.765278,151.117806,pm25,µg/m³,2.3
7426,21609,Macquarie Park-7426,2020-05-24T16:00:00+10:00,-33.765278,151.117806,pm25,µg/m³,6.3
7426,21609,Macquarie Park-7426,2020-05-24T17:00:00+10:00,-33.765278,151.117806,pm25,µg/m³,0.0
7426,21609,Macquarie Park-7426,2020-05-24T18:00:00+10:00,-33.765278,151.117806,pm25,µg/m³,1.6
7426,21609,Macquarie Park-7426,2020-05-24T19:00:00+10:00,-33.765278,151.117806,pm25,µg/m³,5.0
7426,21609,Macquarie Park-7426,2020-05-24T20:00:00+10:00,-33.765278,151.117806,pm25,µg/m³,3.9
7426,21609,Macquarie Park-7426,2020-05-24T22:00:00+10:00,-33.765278,151.117806,pm25,µg/m³,14.7
7426,21609,Macquarie Park-7426,2020-05-24T23:00:00+10:00,-33.765278,151.117806,pm25,µg/m³,3.7
7426,25234,Macquarie Park-7426,2020-05-24T01:00:00+10:00,-33.765278,151.117806,no2,ppm,0.001
7426,25234,Macquarie Park-7426,2020-05-24T03:00:00+10:00,-33.765278,151.117806,no2,ppm,0.001
7426,25234,Macquarie Park-7426,2020-05-24T04:00:00+10:00,-33.765278,151.117806,no2,ppm,0.001
7426,25234,Macquarie Park-7426,2020-05-24T06:00:00+10:00,-33.765278,151.117806,no2,ppm,0.001
7426,25234,Macquarie Park-7426,2020-05-24T07:00:00+10:00,-33.765278,151.117806,no2,ppm,0.001
7426,25234,Macquarie Park-7426,2020-05-24T09:00:00+10:00,-33.765278,151.117806,no2,ppm,0.002
7426,25234,Macquarie Park-7426,2020-05-24T12:00:00+10:00,-33.765278,151.117806,no2,ppm,0.001
7426,25234,Macquarie Park-7426,2020-05-24T15:00:00+10:00,-33.765278,151.117806,no2,ppm,0.001
7426,25234,Macquarie Park-7426,2020-05-24T16:00:00+10:00,-33.765278,151.117806,no2,ppm,0.001
7426,25234,Macquarie Park-7426,2020-05-24T17:00:00+10:00,-33.765278,151.117806,no2,ppm,0.002
7426,25234,Macquarie Park-7426,2020-05-24T18:00:00+10:00,-33.765278,151.117806,no2,ppm,0.002
7426,25234,Macquarie Park-7426,2020-05-24T19:00:00+10:00,-33.765278,151.117806,no2,ppm,0.001
7426,25234,Macquarie Park-7426,2020-05-24T20:00:00+10:00,-33.765278,151.117806,no2,ppm,0.002
7426,25234,Macquarie Park-7426,2020-05-24T22:00:00+10:00,-33.765278,151.117806,no2,ppm,0.004
7426,25234,Macquarie Park-7426,2020-05-24T23:00:00+10:00,-33.765278,151.117806,no2,ppm,0.004
7426,28467,Macquarie Park-7426,2020-05-24T01:00:00+10:00,-33.765278,151.117806,co,ppm,0.2
7426,28467,Macquarie Park-7426,2020-05-24T02:00:00+10:00,-33.765278,151.117806,co,ppm,0.2
7426,28467,Macquarie Park-7426,2020-05-24T03:00:00+10:00,-33.765278,151.117806,co,ppm,0.2
7426,28467,Macquarie Park-7426,2020-05-24T04:00:00+10:00,-33.765278,151.117806,co,ppm,0.2
7426,28467,Macquarie Park-7426,2020-05-24T06:00:00+10:00,-33.765278,151.117806,co,ppm,0.2
7426,28467,Macquarie Park-7426,2020-05-24T07:00:00+10:00,-33.765278,151.117806,co,ppm,0.1
7426,28467,Macquarie Park-7426,2020-05-24T09:00:00+10:00,-33.765278,151.117806,co,ppm,0.1
7426,28467,Macquarie Park-7426,2020-05-24T12:00:00+10:00,-33.765278,151.117806,co,ppm,0.1
7426,28467,Macquarie Park-7426,2020-05-24T15:00:00+10:00,-33.765278,151.117806,co,ppm,0.2
7426,28467,Macquarie Park-7426,2020-05-24T16:00:00+10:00,-33.765278,151.117806,co,ppm,0.2
7426,28467,Macquarie Park-7426,2020-05-24T17:00:00+10:00,-33.765278,151.117806,co,ppm,0.2
7426,28467,Macquarie Park-7426,2020-05-24T18:00:00+10:00,-33.765278,151.117806,co,ppm,0.2
7426,28467,Macquarie Park-7426,2020-05-24T19:00:00+10:00,-33.765278,151.117806,co,ppm,0.1
7426,28467,Macquarie Park-7426,2020-05-24T20:00:00+10:00,-33.765278,151.117806,co,ppm,0.1
7426,28467,Macquarie Park-7426,2020-05-24T22:00:00+10:00,-33.765278,151.117806,co,ppm,0.1
7426,28467,Macquarie Park-7426,2020-05-24T23:00:00+10:00,-33.765278,151.117806,co,ppm,0.1
7426,25237,Macquarie Park-7426,2020-05-24T01:00:00+10:00,-33.765278,151.117806,so2,ppm,0.0
7426,25237,Macquarie Park-7426,2020-05-24T03:00:00+10:00,-33.765278,151.117806,so2,ppm,0.0
7426,25237,Macquarie Park-7426,2020-05-24T04:00:00+10:00,-33.765278,151.117806,so2,ppm,0.0
7426,25237,Macquarie Park-7426,2020-05-24T06:00:00+10:00,-33.765278,151.117806,so2,ppm,0.0
7426,25237,Macquarie Park-7426,2020-05-24T07:00:00+10:00,-33.765278,151.117806,so2,ppm,0.0
7426,25237,Macquarie Park-7426,2020-05-24T09:00:00+10:00,-33.765278,151.117806,so2,ppm,0.0
7426,25237,Macquarie Park-7426,2020-05-24T12:00:00+10:00,-33.765278,151.117806,so2,ppm,0.0
7426,25237,Macquarie Park-7426,2020-05-24T15:00:00+10:00,-33.765278,151.117806,so2,ppm,0.0
7426,25237,Macquarie Park-7426,2020-05-24T16:00:00+10:00,-33.765278,151.117806,so2,ppm,0.0
7426,25237,Macquarie Park-7426,2020-05-24T17:00:00+10:00,-33.765278,151.117806,so2,ppm,0.0
7426,25237,Macquarie Park-7426,2020-05-24T18:00:00+10:00,-33.765278,151.117806,so2,ppm,0.0
7426,25237,Macquarie Park-7426,2020-05-24T19:00:00+10:00,-33.765278,151.117806,so2,ppm,0.0
7426,25237,Macquarie Park-7426,2020-05-24T20:00:00+10:00,-33.765278,151.117806,so2,ppm,0.0
7426,25237,Macquarie Park-7426,2020-05-24T22:00:00+10:00,-33.765278,151.117806,so2,ppm,0.0
7426,25237,Macquarie Park-7426,2020-05-24T23:00:00+10:00,-33.765278,151.117806,so2,ppm,0.0
7426,25235,Macquarie Park-7426,2020-05-24T01:00:00+10:00,-33.765278,151.117806,o3,ppm,0.02
7426,25235,Macquarie Park-7426,2020-05-24T02:00:00+10:00,-33.765278,151.117806,o3,ppm,0.019
7426,25235,Macquarie Park-7426,2020-05-24T03:00:00+10:00,-33.765278,151.117806,o3,ppm,0.021
7426,25235,Macquarie Park-7426,2020-05-24T04:00:00+10:00,-33.765278,151.117806,o3,ppm,0.022
7426,25235,Macquarie Park-7426,2020-05-24T06:00:00+10:00,-33.765278,151.117806,o3,ppm,0.022
7426,25235,Macquarie Park-7426,2020-05-24T07:00:00+10:00,-33.765278,151.117806,o3,ppm,0.021
7426,25235,Macquarie Park-7426,2020-05-24T09:00:00+10:00,-33.765278,151.117806,o3,ppm,0.021
7426,25235,Macquarie Park-7426,2020-05-24T12:00:00+10:00,-33.765278,151.117806,o3,ppm,0.025
7426,25235,Macquarie Park-7426,2020-05-24T15:00:00+10:00,-33.765278,151.117806,o3,ppm,0.026
7426,25235,Macquarie Park-7426,2020-05-24T16:00:00+10:00,-33.765278,151.117806,o3,ppm,0.026
7426,25235,Macquarie Park-7426,2020-05-24T17:00:00+10:00,-33.765278,151.117806,o3,ppm,0.028
7426,25235,Macquarie Park-7426,2020-05-24T18:00:00+10:00,-33.765278,151.117806,o3,ppm,0.028
7426,25235,Macquarie Park-7426,2020-05-24T19:00:00+10:00,-33.765278,151.117806,o3,ppm,0.028
7426,25235,Macquarie Park-7426,2020-05-24T20:00:00+10:00,-33.765278,151.117806,o3,ppm,0.027
7426,25235,Macquarie Park-7426,2020-05-24T22:00:00+10:00,-33.765278,151.117806,o3,ppm,0.023
7426,25235,Macquarie Park-7426,2020-05-24T23:00:00+10:00,-33.765278,151.117806,o3,ppm,0.022
7426,21608,Macquarie Park-7426,2020-05-25T01:00:00+10:00,-33.765278,151.117806,pm10,µg/m³,6.1
7426,21608,Macquarie Park-7426,2020-05-25T02:00:00+10:00,-33.765278,151.117806,pm10,µg/m³,6.4
7426,21608,Macquarie Park-7426,2020-05-25T03:00:00+10:00,-33.765278,151.117806,pm10,µg/m³,7.3
7426,21608,Macquarie Park-7426,2020-05-25T04:00:00+10:00,-33.765278,151.117806,pm10,µg/m³,6.3
7426,21608,Macquarie Park-7426,2020-05-25T05:00:00+10:00,-33.765278,151.117806,pm10,µg/m³,6.9
7426,21608,Macquarie Park-7426,2020-05-25T06:00:00+10:00,-33.765278,151.117806,pm10,µg/m³,8.1
7426,21608,Macquarie Park-7426,2020-05-25T07:00:00+10:00,-33.765278,151.117806,pm10,µg/m³,8.6
7426,21608,Macquarie Park-7426,2020-05-25T08:00:00+10:00,-33.765278,151.117806,pm10,µg/m³,10.9
7426,21608,Macquarie Park-7426,2020-05-25T11:00:00+10:00,-33.765278,151.117806,pm10,µg/m³,19.3
7426,21608,Macquarie Park-7426,2020-05-25T12:00:00+10:00,-33.765278,151.117806,pm10,µg/m³,12.2
7426,21608,Macquarie Park-7426,2020-05-25T13:00:00+10:00,-33.765278,151.117806,pm10,µg/m³,11.1
7426,21608,Macquarie Park-7426,2020-05-25T14:00:00+10:00,-33.765278,151.117806,pm10,µg/m³,11.0
7426,21608,Macquarie Park-7426,2020-05-25T15:00:00+10:00,-33.765278,151.117806,pm10,µg/m³,11.1
7426,21608,Macquarie Park-7426,2020-05-25T16:00:00+10:00,-33.765278,151.117806,pm10,µg/m³,12.0
7426,21608,Macquarie Park-7426,2020-05-25T17:00:00+10:00,-33.765278,151.117806,pm10,µg/m³,13.6
7426,21608,Macquarie Park-7426,2020-05-25T18:00:00+10:00,-33.765278,151.117806,pm10,µg/m³,10.9
7426,21608,Macquarie Park-7426,2020-05-25T19:00:00+10:00,-33.765278,151.117806,pm10,µg/m³,9.5
7426,21608,Macquarie Park-7426,2020-05-25T20:00:00+10:00,-33.765278,151.117806,pm10,µg/m³,9.6
7426,21608,Macquarie Park-7426,2020-05-25T21:00:00+10:00,-33.765278,151.117806,pm10,µg/m³,8.9
7426,21608,Macquarie Park-7426,2020-05-25T22:00:00+10:00,-33.765278,151.117806,pm10,µg/m³,7.1
7426,21609,Macquarie Park-7426,2020-05-25T01:00:00+10:00,-33.765278,151.117806,pm25,µg/m³,2.4
7426,21609,Macquarie Park-7426,2020-05-25T02:00:00+10:00,-33.765278,151.117806,pm25,µg/m³,2.3
7426,21609,Macquarie Park-7426,2020-05-25T03:00:00+10:00,-33.765278,151.117806,pm25,µg/m³,1.7
7426,21609,Macquarie Park-7426,2020-05-25T04:00:00+10:00,-33.765278,151.117806,pm25,µg/m³,0.8
7426,21609,Macquarie Park-7426,2020-05-25T05:00:00+10:00,-33.765278,151.117806,pm25,µg/m³,0.0
7426,21609,Macquarie Park-7426,2020-05-25T06:00:00+10:00,-33.765278,151.117806,pm25,µg/m³,4.1
7426,21609,Macquarie Park-7426,2020-05-25T07:00:00+10:00,-33.765278,151.117806,pm25,µg/m³,10.6
7426,21609,Macquarie Park-7426,2020-05-25T08:00:00+10:00,-33.765278,151.117806,pm25,µg/m³,5.2
7426,21609,Macquarie Park-7426,2020-05-25T11:00:00+10:00,-33.765278,151.117806,pm25,µg/m³,5.0
7426,21609,Macquarie Park-7426,2020-05-25T12:00:00+10:00,-33.765278,151.117806,pm25,µg/m³,1.9
7426,21609,Macquarie Park-7426,2020-05-25T13:00:00+10:00,-33.765278,151.117806,pm25,µg/m³,0.0
7426,21609,Macquarie Park-7426,2020-05-25T14:00:00+10:00,-33.765278,151.117806,pm25,µg/m³,0.0
7426,21609,Macquarie Park-7426,2020-05-25T15:00:00+10:00,-33.765278,151.117806,pm25,µg/m³,0.2
7426,21609,Macquarie Park-7426,2020-05-25T16:00:00+10:00,-33.765278,151.117806,pm25,µg/m³,1.3
7426,21609,Macquarie Park-7426,2020-05-25T17:00:00+10:00,-33.765278,151.117806,pm25,µg/m³,1.2
7426,21609,Macquarie Park-7426,2020-05-25T18:00:00+10:00,-33.765278,151.117806,pm25,µg/m³,0.0
7426,21609,Macquarie Park-7426,2020-05-25T19:00:00+10:00,-33.765278,151.117806,pm25,µg/m³,0.0
7426,21609,Macquarie Park-7426,2020-05-25T20:00:00+10:00,-33.765278,151.117806,pm25,µg/m³,2.8
7426,21609,Macquarie Park-7426,2020-05-25T21:00:00+10:00,-33.765278,151.117806,pm25,µg/m³,0.0
7426,21609,Macquarie Park-7426,2020-05-25T22:00:00+10:00,-33.765278,151.117806,pm25,µg/m³,0.1
7426,25234,Macquarie Park-7426,2020-05-25T01:00:00+10:00,-33.765278,151.117806,no2,ppm,0.002
7426,25234,Macquarie Park-7426,2020-05-25T03:00:00+10:00,-33.765278,151.117806,no2,ppm,0.003
7426,25234,Macquarie Park-7426,2020-05-25T04:00:00+10:00,-33.765278,151.117806,no2,ppm,0.003
7426,25234,Macquarie Park-7426,2020-05-25T05:00:00+10:00,-33.765278,151.117806,no2,ppm,0.002
7426,25234,Macquarie Park-7426,2020-05-25T06:00:00+10:00,-33.765278,151.117806,no2,ppm,0.002
7426,25234,Macquarie Park-7426,2020-05-25T07:00:00+10:00,-33.765278,151.117806,no2,ppm,0.009
7426,25234,Macquarie Park-7426,2020-05-25T08:00:00+10:00,-33.765278,151.117806,no2,ppm,0.011
7426,25234,Macquarie Park-7426,2020-05-25T11:00:00+10:00,-33.765278,151.117806,no2,ppm,0.008
7426,25234,Macquarie Park-7426,2020-05-25T12:00:00+10:00,-33.765278,151.117806,no2,ppm,0.004
7426,25234,Macquarie Park-7426,2020-05-25T13:00:00+10:00,-33.765278,151.117806,no2,ppm,0.004
7426,25234,Macquarie Park-7426,2020-05-25T14:00:00+10:00,-33.765278,151.117806,no2,ppm,0.005
7426,25234,Macquarie Park-7426,2020-05-25T15:00:00+10:00,-33.765278,151.117806,no2,ppm,0.005
7426,25234,Macquarie Park-7426,2020-05-25T16:00:00+10:00,-33.765278,151.117806,no2,ppm,0.005
7426,25234,Macquarie Park-7426,2020-05-25T17:00:00+10:00,-33.765278,151.117806,no2,ppm,0.005
7426,25234,Macquarie Park-7426,2020-05-25T18:00:00+10:00,-33.765278,151.117806,no2,ppm,0.005
7426,25234,Macquarie Park-7426,2020-05-25T19:00:00+10:00,-33.765278,151.117806,no2,ppm,0.004
7426,25234,Macquarie Park-7426,2020-05-25T20:00:00+10:00,-33.765278,151.117806,no2,ppm,0.003
7426,25234,Macquarie Park-7426,2020-05-25T21:00:00+10:00,-33.765278,151.117806,no2,ppm,0.003
7426,25234,Macquarie Park-7426,2020-05-25T22:00:00+10:00,-33.765278,151.117806,no2,ppm,0.003
7426,28467,Macquarie Park-7426,2020-05-25T01:00:00+10:00,-33.765278,151.117806,co,ppm,0.1
7426,28467,Macquarie Park-7426,2020-05-25T02:00:00+10:00,-33.765278,151.117806,co,ppm,0.1
7426,28467,Macquarie Park-7426,2020-05-25T03:00:00+10:00,-33.765278,151.117806,co,ppm,0.1
7426,28467,Macquarie Park-7426,2020-05-25T04:00:00+10:00,-33.765278,151.117806,co,ppm,0.1
7426,28467,Macquarie Park-7426,2020-05-25T05:00:00+10:00,-33.765278,151.117806,co,ppm,0.1
7426,28467,Macquarie Park-7426,2020-05-25T06:00:00+10:00,-33.765278,151.117806,co,ppm,0.1
7426,28467,Macquarie Park-7426,2020-05-25T07:00:00+10:00,-33.765278,151.117806,co,ppm,0.1
7426,28467,Macquarie Park-7426,2020-05-25T08:00:00+10:00,-33.765278,151.117806,co,ppm,0.1
7426,28467,Macquarie Park-7426,2020-05-25T11:00:00+10:00,-33.765278,151.117806,co,ppm,0.2
7426,28467,Macquarie Park-7426,2020-05-25T12:00:00+10:00,-33.765278,151.117806,co,ppm,0.2
7426,28467,Macquarie Park-7426,2020-05-25T13:00:00+10:00,-33.765278,151.117806,co,ppm,0.2
7426,28467,Macquarie Park-7426,2020-05-25T14:00:00+10:00,-33.765278,151.117806,co,ppm,0.2
7426,28467,Macquarie Park-7426,2020-05-25T15:00:00+10:00,-33.765278,151.117806,co,ppm,0.2
7426,28467,Macquarie Park-7426,2020-05-25T16:00:00+10:00,-33.765278,151.117806,co,ppm,0.2
7426,28467,Macquarie Park-7426,2020-05-25T17:00:00+10:00,-33.765278,151.117806,co,ppm,0.2
7426,28467,Macquarie Park-7426,2020-05-25T18:00:00+10:00,-33.765278,151.117806,co,ppm,0.2
7426,28467,Macquarie Park-7426,2020-05-25T19:00:00+10:00,-33.765278,151.117806,co,ppm,0.2
7426,28467,Macquarie Park-7426,2020-05-25T20:00:00+10:00,-33.765278,151.117806,co,ppm,0.2
7426,28467,Macquarie Park-7426,2020-05-25T21:00:00+10:00,-33.765278,151.117806,co,ppm,0.2
7426,28467,Macquarie Park-7426,2020-05-25T22:00:00+10:00,-33.765278,151.117806,co,ppm,0.2
7426,25237,Macquarie Park-7426,2020-05-25T01:00:00+10:00,-33.765278,151.117806,so2,ppm,0.0
7426,25237,Macquarie Park-7426,2020-05-25T03:00:00+10:00,-33.765278,151.117806,so2,ppm,0.0
7426,25237,Macquarie Park-7426,2020-05-25T04:00:00+10:00,-33.765278,151.117806,so2,ppm,0.0
7426,25237,Macquarie Park-7426,2020-05-25T05:00:00+10:00,-33.765278,151.117806,so2,ppm,0.0
7426,25237,Macquarie Park-7426,2020-05-25T06:00:00+10:00,-33.765278,151.117806,so2,ppm,0.0
7426,25237,Macquarie Park-7426,2020-05-25T07:00:00+10:00,-33.765278,151.117806,so2,ppm,0.0
7426,25237,Macquarie Park-7426,2020-05-25T08:00:00+10:00,-33.765278,151.117806,so2,ppm,0.0
7426,25237,Macquarie Park-7426,2020-05-25T11:00:00+10:00,-33.765278,151.117806,so2,ppm,0.0
7426,25237,Macquarie Park-7426,2020-05-25T12:00:00+10:00,-33.765278,151.117806,so2,ppm,0.0
7426,25237,Macquarie Park-7426,2020-05-25T13:00:00+10:00,-33.765278,151.117806,so2,ppm,0.0
7426,25237,Macquarie Park-7426,2020-05-25T14:00:00+10:00,-33.765278,151.117806,so2,ppm,0.0
7426,25237,Macquarie Park-7426,2020-05-25T15:00:00+10:00,-33.765278,151.117806,so2,ppm,0.0
7426,25237,Macquarie Park-7426,2020-05-25T16:00:00+10:00,-33.765278,151.117806,so2,ppm,0.0
7426,25237,Macquarie Park-7426,2020-05-25T17:00:00+10:00,-33.765278,151.117806,so2,ppm,0.0
7426,25237,Macquarie Park-7426,2020-05-25T18:00:00+10:00,-33.765278,151.117806,so2,ppm,0.0
7426,25237,Macquarie Park-7426,2020-05-25T19:00:00+10:00,-33.765278,151.117806,so2,ppm,0.0
7426,25237,Macquarie Park-7426,2020-05-25T20:00:00+10:00,-33.765278,151.117806,so2,ppm,0.0
7426,25237,Macquarie Park-7426,2020-05-25T21:00:00+10:00,-33.765278,151.117806,so2,ppm,0.0
7426,25237,Macquarie Park-7426,2020-05-25T22:00:00+10:00,-33.765278,151.117806,so2,ppm,0.0
7426,25235,Macquarie Park-7426,2020-05-25T01:00:00+10:00,-33.765278,151.117806,o3,ppm,0.024
7426,25235,Macquarie Park-7426,2020-05-25T02:00:00+10:00,-33.765278,151.117806,o3,ppm,0.023
7426,25235,Macquarie Park-7426,2020-05-25T03:00:00+10:00,-33.765278,151.117806,o3,ppm,0.022
7426,25235,Macquarie Park-7426,2020-05-25T04:00:00+10:00,-33.765278,151.117806,o3,ppm,0.023
7426,25235,Macquarie Park-7426,2020-05-25T05:00:00+10:00,-33.765278,151.117806,o3,ppm,0.024
7426,25235,Macquarie Park-7426,2020-05-25T06:00:00+10:00,-33.765278,151.117806,o3,ppm,0.024
7426,25235,Macquarie Park-7426,2020-05-25T07:00:00+10:00,-33.765278,151.117806,o3,ppm,0.017
7426,25235,Macquarie Park-7426,2020-05-25T08:00:00+10:00,-33.765278,151.117806,o3,ppm,0.015
7426,25235,Macquarie Park-7426,2020-05-25T11:00:00+10:00,-33.765278,151.117806,o3,ppm,0.02
7426,25235,Macquarie Park-7426,2020-05-25T12:00:00+10:00,-33.765278,151.117806,o3,ppm,0.024
7426,25235,Macquarie Park-7426,2020-05-25T13:00:00+10:00,-33.765278,151.117806,o3,ppm,0.024
7426,25235,Macquarie Park-7426,2020-05-25T14:00:00+10:00,-33.765278,151.117806,o3,ppm,0.023
7426,25235,Macquarie Park-7426,2020-05-25T15:00:00+10:00,-33.765278,151.117806,o3,ppm,0.023
7426,25235,Macquarie Park-7426,2020-05-25T16:00:00+10:00,-33.765278,151.117806,o3,ppm,0.023
7426,25235,Macquarie Park-7426,2020-05-25T17:00:00+10:00,-33.765278,151.117806,o3,ppm,0.022
7426,25235,Macquarie Park-7426,2020-05-25T18:00:00+10:00,-33.765278,151.117806,o3,ppm,0.022
7426,25235,Macquarie Park-7426,2020-05-25T19:00:00+10:00,-33.765278,151.117806,o3,ppm,0.023
7426,25235,Macquarie Park-7426,2020-05-25T20:00:00+10:00,-33.765278,151.117806,o3,ppm,0.024
7426,25235,Macquarie Park-7426,2020-05-25T21:00:00+10:00,-33.765278,151.117806,o3,ppm,0.024
7426,25235,Macquarie Park-7426,2020-05-25T22:00:00+10:00,-33.765278,151.117806,o3,ppm,0.024
7426,21608,Macquarie Park-7426,2020-05-26T02:00:00+10:00,-33.765278,151.117806,pm10,µg/m³,5.3
7426,21608,Macquarie Park-7426,2020-05-26T03:00:00+10:00,-33.765278,151.117806,pm10,µg/m³,5.9
7426,21608,Macquarie Park-7426,2020-05-26T05:00:00+10:00,-33.765278,151.117806,pm10,µg/m³,6.7
7426,21608,Macquarie Park-7426,2020-05-26T06:00:00+10:00,-33.765278,151.117806,pm10,µg/m³,6.4
7426,21608,Macquarie Park-7426,2020-05-26T07:00:00+10:00,-33.765278,151.117806,pm10,µg/m³,7.5
7426,21608,Macquarie Park-7426,2020-05-26T08:00:00+10:00,-33.765278,151.117806,pm10,µg/m³,9.2
7426,21608,Macquarie Park-7426,2020-05-26T09:00:00+10:00,-33.765278,151.117806,pm10,µg/m³,12.4
7426,21608,Macquarie Park-7426,2020-05-26T10:00:00+10:00,-33.765278,151.117806,pm10,µg/m³,16.8
7426,21608,Macquarie Park-7426,2020-05-26T11:00:00+10:00,-33.765278,151.117806,pm10,µg/m³,22.7
7426,21608,Macquarie Park-7426,2020-05-26T14:00:00+10:00,-33.765278,151.117806,pm10,µg/m³,10.7
7426,21608,Macquarie Park-7426,2020-05-26T15:00:00+10:00,-33.765278,151.117806,pm10,µg/m³,18.7
7426,21608,Macquarie Park-7426,2020-05-26T16:00:00+10:00,-33.765278,151.117806,pm10,µg/m³,16.5
7426,21608,Macquarie Park-7426,2020-05-26T17:00:00+10:00,-33.765278,151.117806,pm10,µg/m³,21.0
7426,21608,Macquarie Park-7426,2020-05-26T18:00:00+10:00,-33.765278,151.117806,pm10,µg/m³,23.3
7426,21608,Macquarie Park-7426,2020-05-26T19:00:00+10:00,-33.765278,151.117806,pm10,µg/m³,22.2
7426,21608,Macquarie Park-7426,2020-05-26T20:00:00+10:00,-33.765278,151.117806,pm10,µg/m³,16.9
7426,21608,Macquarie Park-7426,2020-05-26T21:00:00+10:00,-33.765278,151.117806,pm10,µg/m³,17.5
7426,21608,Macquarie Park-7426,2020-05-26T22:00:00+10:00,-33.765278,151.117806,pm10,µg/m³,18.4
7426,21608,Macquarie Park-7426,2020-05-26T23:00:00+10:00,-33.765278,151.117806,pm10,µg/m³,15.3
7426,21609,Macquarie Park-7426,2020-05-26T02:00:00+10:00,-33.765278,151.117806,pm25,µg/m³,0.6
7426,21609,Macquarie Park-7426,2020-05-26T03:00:00+10:00,-33.765278,151.117806,pm25,µg/m³,1.1
7426,21609,Macquarie Park-7426,2020-05-26T05:00:00+10:00,-33.765278,151.117806,pm25,µg/m³,0.0
7426,21609,Macquarie Park-7426,2020-05-26T06:00:00+10:00,-33.765278,151.117806,pm25,µg/m³,0.0
7426,21609,Macquarie Park-7426,2020-05-26T07:00:00+10:00,-33.765278,151.117806,pm25,µg/m³,1.5
7426,21609,Macquarie Park-7426,2020-05-26T08:00:00+10:00,-33.765278,151.117806,pm25,µg/m³,3.3
7426,21609,Macquarie Park-7426,2020-05-26T09:00:00+10:00,-33.765278,151.117806,pm25,µg/m³,2.8
7426,21609,Macquarie Park-7426,2020-05-26T10:00:00+10:00,-33.765278,151.117806,pm25,µg/m³,4.2
7426,21609,Macquarie Park-7426,2020-05-26T11:00:00+10:00,-33.765278,151.117806,pm25,µg/m³,1.5
7426,21609,Macquarie Park-7426,2020-05-26T14:00:00+10:00,-33.765278,151.117806,pm25,µg/m³,13.0
7426,21609,Macquarie Park-7426,2020-05-26T15:00:00+10:00,-33.765278,151.117806,pm25,µg/m³,7.2
7426,21609,Macquarie Park-7426,2020-05-26T16:00:00+10:00,-33.765278,151.117806,pm25,µg/m³,5.4
7426,21609,Macquarie Park-7426,2020-05-26T17:00:00+10:00,-33.765278,151.117806,pm25,µg/m³,5.9
7426,21609,Macquarie Park-7426,2020-05-26T18:00:00+10:00,-33.765278,151.117806,pm25,µg/m³,6.0
7426,21609,Macquarie Park-7426,2020-05-26T19:00:00+10:00,-33.765278,151.117806,pm25,µg/m³,0.0
7426,21609,Macquarie Park-7426,2020-05-26T20:00:00+10:00,-33.765278,151.117806,pm25,µg/m³,0.0
7426,21609,Macquarie Park-7426,2020-05-26T21:00:00+10:00,-33.765278,151.117806,pm25,µg/m³,5.2
7426,21609,Macquarie Park-7426,2020-05-26T22:00:00+10:00,-33.765278,151.117806,pm25,µg/m³,6.5
7426,21609,Macquarie Park-7426,2020-05-26T23:00:00+10:00,-33.765278,151.117806,pm25,µg/m³,9.4
7426,25234,Macquarie Park-7426,2020-05-26T03:00:00+10:00,-33.765278,151.117806,no2,ppm,0.002
7426,25234,Macquarie Park-7426,2020-05-26T05:00:00+10:00,-33.765278,151.117806,no2,ppm,0.004
7426,25234,Macquarie Park-7426,2020-05-26T06:00:00+10:00,-33.765278,151.117806,no2,ppm,0.006
7426,25234,Macquarie Park-7426,2020-05-26T07:00:00+10:00,-33.765278,151.117806,no2,ppm,0.01
7426,25234,Macquarie Park-7426,2020-05-26T08:00:00+10:00,-33.765278,151.117806,no2,ppm,0.018
7426,25234,Macquarie Park-7426,2020-05-26T09:00:00+10:00,-33.765278,151.117806,no2,ppm,0.018
7426,25234,Macquarie Park-7426,2020-05-26T10:00:00+10:00,-33.765278,151.117806,no2,ppm,0.017
7426,25234,Macquarie Park-7426,2020-05-26T11:00:00+10:00,-33.765278,151.117806,no2,ppm,0.013
7426,25234,Macquarie Park-7426,2020-05-26T14:00:00+10:00,-33.765278,151.117806,no2,ppm,0.004
7426,25234,Macquarie Park-7426,2020-05-26T15:00:00+10:00,-33.765278,151.117806,no2,ppm,0.004
7426,25234,Macquarie Park-7426,2020-05-26T16:00:00+10:00,-33.765278,151.117806,no2,ppm,0.005
7426,25234,Macquarie Park-7426,2020-05-26T17:00:00+10:00,-33.765278,151.117806,no2,ppm,0.01
7426,25234,Macquarie Park-7426,2020-05-26T18:00:00+10:00,-33.765278,151.117806,no2,ppm,0.012
7426,25234,Macquarie Park-7426,2020-05-26T19:00:00+10:00,-33.765278,151.117806,no2,ppm,0.011
7426,25234,Macquarie Park-7426,2020-05-26T20:00:00+10:00,-33.765278,151.117806,no2,ppm,0.009
7426,25234,Macquarie Park-7426,2020-05-26T21:00:00+10:00,-33.765278,151.117806,no2,ppm,0.01
7426,25234,Macquarie Park-7426,2020-05-26T22:00:00+10:00,-33.765278,151.117806,no2,ppm,0.01
7426,25234,Macquarie Park-7426,2020-05-26T23:00:00+10:00,-33.765278,151.117806,no2,ppm,0.008
7426,28467,Macquarie Park-7426,2020-05-26T02:00:00+10:00,-33.765278,151.117806,co,ppm,0.2
7426,28467,Macquarie Park-7426,2020-05-26T03:00:00+10:00,-33.765278,151.117806,co,ppm,0.2
7426,28467,Macquarie Park-7426,2020-05-26T05:00:00+10:00,-33.765278,151.117806,co,ppm,0.2
7426,28467,Macquarie Park-7426,2020-05-26T06:00:00+10:00,-33.765278,151.117806,co,ppm,0.2
7426,28467,Macquarie Park-7426,2020-05-26T07:00:00+10:00,-33.765278,151.117806,co,ppm,0.2
7426,28467,Macquarie Park-7426,2020-05-26T08:00:00+10:00,-33.765278,151.117806,co,ppm,0.2
7426,28467,Macquarie Park-7426,2020-05-26T09:00:00+10:00,-33.765278,151.117806,co,ppm,0.2
7426,28467,Macquarie Park-7426,2020-05-26T10:00:00+10:00,-33.765278,151.117806,co,ppm,0.2
7426,28467,Macquarie Park-7426,2020-05-26T11:00:00+10:00,-33.765278,151.117806,co,ppm,0.2
7426,28467,Macquarie Park-7426,2020-05-26T14:00:00+10:00,-33.765278,151.117806,co,ppm,0.2
7426,28467,Macquarie Park-7426,2020-05-26T15:00:00+10:00,-33.765278,151.117806,co,ppm,0.2
7426,28467,Macquarie Park-7426,2020-05-26T16:00:00+10:00,-33.765278,151.117806,co,ppm,0.2
7426,28467,Macquarie Park-7426,2020-05-26T17:00:00+10:00,-33.765278,151.117806,co,ppm,0.2
7426,28467,Macquarie Park-7426,2020-05-26T18:00:00+10:00,-33.765278,151.117806,co,ppm,0.2
7426,28467,Macquarie Park-7426,2020-05-26T19:00:00+10:00,-33.765278,151.117806,co,ppm,0.2
7426,28467,Macquarie Park-7426,2020-05-26T20:00:00+10:00,-33.765278,151.117806,co,ppm,0.2
7426,28467,Macquarie Park-7426,2020-05-26T21:00:00+10:00,-33.765278,151.117806,co,ppm,0.2
7426,28467,Macquarie Park-7426,2020-05-26T22:00:00+10:00,-33.765278,151.117806,co,ppm,0.2
7426,28467,Macquarie Park-7426,2020-05-26T23:00:00+10:00,-33.765278,151.117806,co,ppm,0.3
7426,25237,Macquarie Park-7426,2020-05-26T03:00:00+10:00,-33.765278,151.117806,so2,ppm,0.0
7426,25237,Macquarie Park-7426,2020-05-26T05:00:00+10:00,-33.765278,151.117806,so2,ppm,0.0
7426,25237,Macquarie Park-7426,2020-05-26T06:00:00+10:00,-33.765278,151.117806,so2,ppm,0.0
7426,25237,Macquarie Park-7426,2020-05-26T07:00:00+10:00,-33.765278,151.117806,so2,ppm,0.0
7426,25237,Macquarie Park-7426,2020-05-26T08:00:00+10:00,-33.765278,151.117806,so2,ppm,0.0
7426,25237,Macquarie Park-7426,2020-05-26T09:00:00+10:00,-33.765278,151.117806,so2,ppm,0.0
7426,25237,Macquarie Park-7426,2020-05-26T10:00:00+10:00,-33.765278,151.117806,so2,ppm,0.0
7426,25237,Macquarie Park-7426,2020-05-26T11:00:00+10:00,-33.765278,151.117806,so2,ppm,0.0
7426,25237,Macquarie Park-7426,2020-05-26T14:00:00+10:00,-33.765278,151.117806,so2,ppm,0.0
7426,25237,Macquarie Park-7426,2020-05-26T15:00:00+10:00,-33.765278,151.117806,so2,ppm,0.0
7426,25237,Macquarie Park-7426,2020-05-26T16:00:00+10:00,-33.765278,151.117806,so2,ppm,0.0
7426,25237,Macquarie Park-7426,2020-05-26T17:00:00+10:00,-33.765278,151.117806,so2,ppm,0.0
7426,25237,Macquarie Park-7426,2020-05-26T18:00:00+10:00,-33.765278,151.117806,so2,ppm,0.0
7426,25237,Macquarie Park-7426,2020-05-26T19:00:00+10:00,-33.765278,151.117806,so2,ppm,0.0
7426,25237,Macquarie Park-7426,2020-05-26T20:00:00+10:00,-33.765278,151.117806,so2,ppm,0.0
7426,25237,Macquarie Park-7426,2020-05-26T21:00:00+10:00,-33.765278,151.117806,so2,ppm,0.0
7426,25237,Macquarie Park-7426,2020-05-26T22:00:00+10:00,-33.765278,151.117806,so2,ppm,0.0
7426,25237,Macquarie Park-7426,2020-05-26T23:00:00+10:00,-33.765278,151.117806,so2,ppm,0.0
7426,25235,Macquarie Park-7426,2020-05-26T02:00:00+10:00,-33.765278,151.117806,o3,ppm,0.024
7426,25235,Macquarie Park-7426,2020-05-26T03:00:00+10:00,-33.765278,151.117806,o3,ppm,0.023
7426,25235,Macquarie Park-7426,2020-05-26T05:00:00+10:00,-33.765278,151.117806,o3,ppm,0.018
7426,25235,Macquarie Park-7426,2020-05-26T06:00:00+10:00,-33.765278,151.117806,o3,ppm,0.016
7426,25235,Macquarie Park-7426,2020-05-26T07:00:00+10:00,-33.765278,151.117806,o3,ppm,0.011
7426,25235,Macquarie Park-7426,2020-05-26T08:00:00+10:00,-33.765278,151.117806,o3,ppm,0.005
7426,25235,Macquarie Park-7426,2020-05-26T09:00:00+10:00,-33.765278,151.117806,o3,ppm,0.004
7426,25235,Macquarie Park-7426,2020-05-26T10:00:00+10:00,-33.765278,151.117806,o3,ppm,0.005
7426,25235,Macquarie Park-7426,2020-05-26T11:00:00+10:00,-33.765278,151.117806,o3,ppm,0.01
7426,25235,Macquarie Park-7426,2020-05-26T14:00:00+10:00,-33.765278,151.117806,o3,ppm,0.024
7426,25235,Macquarie Park-7426,2020-05-26T15:00:00+10:00,-33.765278,151.117806,o3,ppm,0.024
7426,25235,Macquarie Park-7426,2020-05-26T16:00:00+10:00,-33.765278,151.117806,o3,ppm,0.023
7426,25235,Macquarie Park-7426,2020-05-26T17:00:00+10:00,-33.765278,151.117806,o3,ppm,0.018
7426,25235,Macquarie Park-7426,2020-05-26T18:00:00+10:00,-33.765278,151.117806,o3,ppm,0.016
7426,25235,Macquarie Park-7426,2020-05-26T19:00:00+10:00,-33.765278,151.117806,o3,ppm,0.016
7426,25235,Macquarie Park-7426,2020-05-26T20:00:00+10:00,-33.765278,151.117806,o3,ppm,0.007
7426,25235,Macquarie Park-7426,2020-05-26T21:00:00+10:00,-33.765278,151.117806,o3,ppm,0.006
7426,25235,Macquarie Park-7426,2020-05-26T22:00:00+10:00,-33.765278,151.117806,o3,ppm,0.006
7426,25235,Macquarie Park-7426,2020-05-26T23:00:00+10:00,-33.765278,151.117806,o3,ppm,0.003
7426,21608,Macquarie Park-7426,2020-05-27T01:00:00+10:00,-33.765278,151.117806,pm10,µg/m³,11.0
7426,21608,Macquarie Park-7426,2020-05-27T04:00:00+10:00,-33.765278,151.117806,pm10,µg/m³,8.0
7426,21608,Macquarie Park-7426,2020-05-27T05:00:00+10:00,-33.765278,151.117806,pm10,µg/m³,7.0
7426,21608,Macquarie Park-7426,2020-05-27T06:00:00+10:00,-33.765278,151.117806,pm10,µg/m³,1.4
7426,21608,Macquarie Park-7426,2020-05-27T08:00:00+10:00,-33.765278,151.117806,pm10,µg/m³,12.7
7426,21608,Macquarie Park-7426,2020-05-27T09:00:00+10:00,-33.765278,151.117806,pm10,µg/m³,19.6
7426,21608,Macquarie Park-7426,2020-05-27T13:00:00+10:00,-33.765278,151.117806,pm10,µg/m³,13.7
7426,21608,Macquarie Park-7426,2020-05-27T15:00:00+10:00,-33.765278,151.117806,pm10,µg/m³,12.4
7426,21608,Macquarie Park-7426,2020-05-27T17:00:00+10:00,-33.765278,151.117806,pm10,µg/m³,14.9
7426,21608,Macquarie Park-7426,2020-05-27T18:00:00+10:00,-33.765278,151.117806,pm10,µg/m³,11.5
7426,21608,Macquarie Park-7426,2020-05-27T19:00:00+10:00,-33.765278,151.117806,pm10,µg/m³,12.2
7426,21608,Macquarie Park-7426,2020-05-27T20:00:00+10:00,-33.765278,151.117806,pm10,µg/m³,14.0
7426,21608,Macquarie Park-7426,2020-05-27T21:00:00+10:00,-33.765278,151.117806,pm10,µg/m³,12.3
7426,21608,Macquarie Park-7426,2020-05-27T22:00:00+10:00,-33.765278,151.117806,pm10,µg/m³,10.9
7426,21608,Macquarie Park-7426,2020-05-27T23:00:00+10:00,-33.765278,151.117806,pm10,µg/m³,11.3
7426,21609,Macquarie Park-7426,2020-05-27T01:00:00+10:00,-33.765278,151.117806,pm25,µg/m³,5.0
7426,21609,Macquarie Park-7426,2020-05-27T04:00:00+10:00,-33.765278,151.117806,pm25,µg/m³,1.7
7426,21609,Macquarie Park-7426,2020-05-27T05:00:00+10:00,-33.765278,151.117806,pm25,µg/m³,0.0
7426,21609,Macquarie Park-7426,2020-05-27T06:00:00+10:00,-33.765278,151.117806,pm25,µg/m³,6.5
7426,21609,Macquarie Park-7426,2020-05-27T08:00:00+10:00,-33.765278,151.117806,pm25,µg/m³,3.3
7426,21609,Macquarie Park-7426,2020-05-27T09:00:00+10:00,-33.765278,151.117806,pm25,µg/m³,1.9
7426,21609,Macquarie Park-7426,2020-05-27T13:00:00+10:00,-33.765278,151.117806,pm25,µg/m³,2.9
7426,21609,Macquarie Park-7426,2020-05-27T15:00:00+10:00,-33.765278,151.117806,pm25,µg/m³,5.3
7426,21609,Macquarie Park-7426,2020-05-27T17:00:00+10:00,-33.765278,151.117806,pm25,µg/m³,0.6
7426,21609,Macquarie Park-7426,2020-05-27T18:00:00+10:00,-33.765278,151.117806,pm25,µg/m³,6.9
7426,21609,Macquarie Park-7426,2020-05-27T19:00:00+10:00,-33.765278,151.117806,pm25,µg/m³,4.7
7426,21609,Macquarie Park-7426,2020-05-27T20:00:00+10:00,-33.765278,151.117806,pm25,µg/m³,10.0
7426,21609,Macquarie Park-7426,2020-05-27T21:00:00+10:00,-33.765278,151.117806,pm25,µg/m³,12.7
7426,21609,Macquarie Park-7426,2020-05-27T22:00:00+10:00,-33.765278,151.117806,pm25,µg/m³,9.3
7426,21609,Macquarie Park-7426,2020-05-27T23:00:00+10:00,-33.765278,151.117806,pm25,µg/m³,13.1
7426,25234,Macquarie Park-7426,2020-05-27T01:00:00+10:00,-33.765278,151.117806,no2,ppm,0.007
7426,25234,Macquarie Park-7426,2020-05-27T04:00:00+10:00,-33.765278,151.117806,no2,ppm,0.004
7426,25234,Macquarie Park-7426,2020-05-27T05:00:00+10:00,-33.765278,151.117806,no2,ppm,0.004
7426,25234,Macquarie Park-7426,2020-05-27T06:00:00+10:00,-33.765278,151.117806,no2,ppm,0.006
7426,25234,Macquarie Park-7426,2020-05-27T08:00:00+10:00,-33.765278,151.117806,no2,ppm,0.01
7426,25234,Macquarie Park-7426,2020-05-27T09:00:00+10:00,-33.765278,151.117806,no2,ppm,0.014
7426,25234,Macquarie Park-7426,2020-05-27T13:00:00+10:00,-33.765278,151.117806,no2,ppm,0.006
7426,25234,Macquarie Park-7426,2020-05-27T15:00:00+10:00,-33.765278,151.117806,no2,ppm,0.006
7426,25234,Macquarie Park-7426,2020-05-27T17:00:00+10:00,-33.765278,151.117806,no2,ppm,0.008
7426,25234,Macquarie Park-7426,2020-05-27T18:00:00+10:00,-33.765278,151.117806,no2,ppm,0.01
7426,25234,Macquarie Park-7426,2020-05-27T19:00:00+10:00,-33.765278,151.117806,no2,ppm,0.009
7426,25234,Macquarie Park-7426,2020-05-27T20:00:00+10:00,-33.765278,151.117806,no2,ppm,0.009
7426,25234,Macquarie Park-7426,2020-05-27T21:00:00+10:00,-33.765278,151.117806,no2,ppm,0.007
7426,25234,Macquarie Park-7426,2020-05-27T22:00:00+10:00,-33.765278,151.117806,no2,ppm,0.006
7426,25234,Macquarie Park-7426,2020-05-27T23:00:00+10:00,-33.765278,151.117806,no2,ppm,0.006
7426,28467,Macquarie Park-7426,2020-05-27T01:00:00+10:00,-33.765278,151.117806,co,ppm,0.3
7426,28467,Macquarie Park-7426,2020-05-27T04:00:00+10:00,-33.765278,151.117806,co,ppm,0.3
7426,28467,Macquarie Park-7426,2020-05-27T05:00:00+10:00,-33.765278,151.117806,co,ppm,0.3
7426,28467,Macquarie Park-7426,2020-05-27T06:00:00+10:00,-33.765278,151.117806,co,ppm,0.3
7426,28467,Macquarie Park-7426,2020-05-27T08:00:00+10:00,-33.765278,151.117806,co,ppm,0.3
7426,28467,Macquarie Park-7426,2020-05-27T09:00:00+10:00,-33.765278,151.117806,co,ppm,0.3
7426,28467,Macquarie Park-7426,2020-05-27T13:00:00+10:00,-33.765278,151.117806,co,ppm,0.3
7426,28467,Macquarie Park-7426,2020-05-27T15:00:00+10:00,-33.765278,151.117806,co,ppm,0.3
7426,28467,Macquarie Park-7426,2020-05-27T17:00:00+10:00,-33.765278,151.117806,co,ppm,0.3
7426,28467,Macquarie Park-7426,2020-05-27T18:00:00+10:00,-33.765278,151.117806,co,ppm,0.3
7426,28467,Macquarie Park-7426,2020-05-27T19:00:00+10:00,-33.765278,151.117806,co,ppm,0.3
7426,28467,Macquarie Park-7426,2020-05-27T20:00:00+10:00,-33.765278,151.117806,co,ppm,0.3
7426,28467,Macquarie Park-7426,2020-05-27T21:00:00+10:00,-33.765278,151.117806,co,ppm,0.3
7426,28467,Macquarie Park-7426,2020-05-27T22:00:00+10:00,-33.765278,151.117806,co,ppm,0.4
7426,28467,Macquarie Park-7426,2020-05-27T23:00:00+10:00,-33.765278,151.117806,co,ppm,0.4
7426,25237,Macquarie Park-7426,2020-05-27T01:00:00+10:00,-33.765278,151.117806,so2,ppm,0.0
7426,25237,Macquarie Park-7426,2020-05-27T04:00:00+10:00,-33.765278,151.117806,so2,ppm,0.0
7426,25237,Macquarie Park-7426,2020-05-27T05:00:00+10:00,-33.765278,151.117806,so2,ppm,0.0
7426,25237,Macquarie Park-7426,2020-05-27T06:00:00+10:00,-33.765278,151.117806,so2,ppm,0.0
7426,25237,Macquarie Park-7426,2020-05-27T08:00:00+10:00,-33.765278,151.117806,so2,ppm,0.0
7426,25237,Macquarie Park-7426,2020-05-27T09:00:00+10:00,-33.765278,151.117806,so2,ppm,0.0
7426,25237,Macquarie Park-7426,2020-05-27T13:00:00+10:00,-33.765278,151.117806,so2,ppm,0.0
7426,25237,Macquarie Park-7426,2020-05-27T15:00:00+10:00,-33.765278,151.117806,so2,ppm,0.0
7426,25237,Macquarie Park-7426,2020-05-27T17:00:00+10:00,-33.765278,151.117806,so2,ppm,0.0
7426,25237,Macquarie Park-7426,2020-05-27T18:00:00+10:00,-33.765278,151.117806,so2,ppm,0.0
7426,25237,Macquarie Park-7426,2020-05-27T19:00:00+10:00,-33.765278,151.117806,so2,ppm,0.0
7426,25237,Macquarie Park-7426,2020-05-27T20:00:00+10:00,-33.765278,151.117806,so2,ppm,0.0
7426,25237,Macquarie Park-7426,2020-05-27T21:00:00+10:00,-33.765278,151.117806,so2,ppm,0.0
7426,25237,Macquarie Park-7426,2020-05-27T22:00:00+10:00,-33.765278,151.117806,so2,ppm,0.0
7426,25237,Macquarie Park-7426,2020-05-27T23:00:00+10:00,-33.765278,151.117806,so2,ppm,0.0
7426,25235,Macquarie Park-7426,2020-05-27T01:00:00+10:00,-33.765278,151.117806,o3,ppm,0.007
7426,25235,Macquarie Park-7426,2020-05-27T04:00:00+10:00,-33.765278,151.117806,o3,ppm,0.01
7426,25235,Macquarie Park-7426,2020-05-27T05:00:00+10:00,-33.765278,151.117806,o3,ppm,0.01
7426,25235,Macquarie Park-7426,2020-05-27T06:00:00+10:00,-33.765278,151.117806,o3,ppm,0.009
7426,25235,Macquarie Park-7426,2020-05-27T08:00:00+10:00,-33.765278,151.117806,o3,ppm,0.003
7426,25235,Macquarie Park-7426,2020-05-27T09:00:00+10:00,-33.765278,151.117806,o3,ppm,0.006
7426,25235,Macquarie Park-7426,2020-05-27T13:00:00+10:00,-33.765278,151.117806,o3,ppm,0.02
7426,25235,Macquarie Park-7426,2020-05-27T15:00:00+10:00,-33.765278,151.117806,o3,ppm,0.023
7426,25235,Macquarie Park-7426,2020-05-27T17:00:00+10:00,-33.765278,151.117806,o3,ppm,0.014
7426,25235,Macquarie Park-7426,2020-05-27T18:00:00+10:00,-33.765278,151.117806,o3,ppm,0.002
7426,25235,Macquarie Park-7426,2020-05-27T19:00:00+10:00,-33.765278,151.117806,o3,ppm,0.001
7426,25235,Macquarie Park-7426,2020-05-27T20:00:00+10:00,-33.765278,151.117806,o3,ppm,0.001
7426,25235,Macquarie Park-7426,2020-05-27T21:00:00+10:00,-33.765278,151.117806,o3,ppm,0.001
7426,25235,Macquarie Park-7426,2020-05-27T22:00:00+10:00,-33.765278,151.117806,o3,ppm,0.001
7426,25235,Macquarie Park-7426,2020-05-27T23:00:00+10:00,-33.765278,151.117806,o3,ppm,0.001
7426,21608,Macquarie Park-7426,2020-05-28T02:00:00+10:00,-33.765278,151.117806,pm10,µg/m³,15.0
7426,21608,Macquarie Park-7426,2020-05-28T03:00:00+10:00,-33.765278,151.117806,pm10,µg/m³,15.0
7426,21608,Macquarie Park-7426,2020-05-28T05:00:00+10:00,-33.765278,151.117806,pm10,µg/m³,9.6
7426,21608,Macquarie Park-7426,2020-05-28T07:00:00+10:00,-33.765278,151.117806,pm10,µg/m³,10.2
7426,21608,Macquarie Park-7426,2020-05-28T08:00:00+10:00,-33.765278,151.117806,pm10,µg/m³,15.7
7426,21608,Macquarie Park-7426,2020-05-28T09:00:00+10:00,-33.765278,151.117806,pm10,µg/m³,44.5
7426,21608,Macquarie Park-7426,2020-05-28T10:00:00+10:00,-33.765278,151.117806,pm10,µg/m³,28.0
7426,21608,Macquarie Park-7426,2020-05-28T12:00:00+10:00,-33.765278,151.117806,pm10,µg/m³,0.1
7426,21609,Macquarie Park-7426,2020-05-28T02:00:00+10:00,-33.765278,151.117806,pm25,µg/m³,14.4
7426,21609,Macquarie Park-7426,2020-05-28T03:00:00+10:00,-33.765278,151.117806,pm25,µg/m³,16.3
7426,21609,Macquarie Park-7426,2020-05-28T05:00:00+10:00,-33.765278,151.117806,pm25,µg/m³,11.3
7426,21609,Macquarie Park-7426,2020-05-28T07:00:00+10:00,-33.765278,151.117806,pm25,µg/m³,6.9
7426,21609,Macquarie Park-7426,2020-05-28T08:00:00+10:00,-33.765278,151.117806,pm25,µg/m³,9.6
7426,21609,Macquarie Park-7426,2020-05-28T09:00:00+10:00,-33.765278,151.117806,pm25,µg/m³,10.2
7426,21609,Macquarie Park-7426,2020-05-28T10:00:00+10:00,-33.765278,151.117806,pm25,µg/m³,13.6
7426,21609,Macquarie Park-7426,2020-05-28T11:00:00+10:00,-33.765278,151.117806,pm25,µg/m³,6.7
7426,21609,Macquarie Park-7426,2020-05-28T12:00:00+10:00,-33.765278,151.117806,pm25,µg/m³,1.8
7426,25234,Macquarie Park-7426,2020-05-28T03:00:00+10:00,-33.765278,151.117806,no2,ppm,0.003
7426,25234,Macquarie Park-7426,2020-05-28T05:00:00+10:00,-33.765278,151.117806,no2,ppm,0.002
7426,25234,Macquarie Park-7426,2020-05-28T07:00:00+10:00,-33.765278,151.117806,no2,ppm,0.003
7426,25234,Macquarie Park-7426,2020-05-28T08:00:00+10:00,-33.765278,151.117806,no2,ppm,0.004
7426,25234,Macquarie Park-7426,2020-05-28T09:00:00+10:00,-33.765278,151.117806,no2,ppm,0.007
7426,25234,Macquarie Park-7426,2020-05-28T10:00:00+10:00,-33.765278,151.117806,no2,ppm,0.009
7426,25234,Macquarie Park-7426,2020-05-28T11:00:00+10:00,-33.765278,151.117806,no2,ppm,0.006
7426,25234,Macquarie Park-7426,2020-05-28T12:00:00+10:00,-33.765278,151.117806,no2,ppm,0.005
7426,28467,Macquarie Park-7426,2020-05-28T02:00:00+10:00,-33.765278,151.117806,co,ppm,0.5
7426,28467,Macquarie Park-7426,2020-05-28T03:00:00+10:00,-33.765278,151.117806,co,ppm,0.6
7426,28467,Macquarie Park-7426,2020-05-28T05:00:00+10:00,-33.765278,151.117806,co,ppm,0.6
7426,28467,Macquarie Park-7426,2020-05-28T07:00:00+10:00,-33.765278,151.117806,co,ppm,0.6
7426,28467,Macquarie Park-7426,2020-05-28T08:00:00+10:00,-33.765278,151.117806,co,ppm,0.6
7426,28467,Macquarie Park-7426,2020-05-28T09:00:00+10:00,-33.765278,151.117806,co,ppm,0.5
7426,28467,Macquarie Park-7426,2020-05-28T10:00:00+10:00,-33.765278,151.117806,co,ppm,0.5
7426,28467,Macquarie Park-7426,2020-05-28T11:00:00+10:00,-33.765278,151.117806,co,ppm,0.5
7426,28467,Macquarie Park-7426,2020-05-28T12:00:00+10:00,-33.765278,151.117806,co,ppm,0.4
7426,25237,Macquarie Park-7426,2020-05-28T03:00:00+10:00,-33.765278,151.117806,so2,ppm,0.0
7426,25237,Macquarie Park-7426,2020-05-28T05:00:00+10:00,-33.765278,151.117806,so2,ppm,0.0
7426,25237,Macquarie Park-7426,2020-05-28T07:00:00+10:00,-33.765278,151.117806,so2,ppm,0.0
7426,25237,Macquarie Park-7426,2020-05-28T08:00:00+10:00,-33.765278,151.117806,so2,ppm,0.0
7426,25237,Macquarie Park-7426,2020-05-28T09:00:00+10:00,-33.765278,151.117806,so2,ppm,0.0
7426,25237,Macquarie Park-7426,2020-05-28T10:00:00+10:00,-33.765278,151.117806,so2,ppm,0.0
7426,25237,Macquarie Park-7426,2020-05-28T11:00:00+10:00,-33.765278,151.117806,so2,ppm,0.0
7426,25237,Macquarie Park-7426,2020-05-28T12:00:00+10:00,-33.765278,151.117806,so2,ppm,0.0
7426,25235,Macquarie Park-7426,2020-05-28T02:00:00+10:00,-33.765278,151.117806,o3,ppm,0.001
7426,25235,Macquarie Park-7426,2020-05-28T03:00:00+10:00,-33.765278,151.117806,o3,ppm,0.0
7426,25235,Macquarie Park-7426,2020-05-28T05:00:00+10:00,-33.765278,151.117806,o3,ppm,0.0
7426,25235,Macquarie Park-7426,2020-05-28T07:00:00+10:00,-33.765278,151.117806,o3,ppm,0.0
7426,25235,Macquarie Park-7426,2020-05-28T08:00:00+10:00,-33.765278,151.117806,o3,ppm,0.001
7426,25235,Macquarie Park-7426,2020-05-28T09:00:00+10:00,-33.765278,151.117806,o3,ppm,0.002
7426,25235,Macquarie Park-7426,2020-05-28T10:00:00+10:00,-33.765278,151.117806,o3,ppm,0.006
7426,25235,Macquarie Park-7426,2020-05-28T11:00:00+10:00,-33.765278,151.117806,o3,ppm,0.012
7426,25235,Macquarie Park-7426,2020-05-28T12:00:00+10:00,-33.765278,151.117806,o3,ppm,0.019
7426,21608,Macquarie Park-7426,2020-05-29T01:00:00+10:00,-33.765278,151.117806,pm10,µg/m³,11.4
7426,21608,Macquarie Park-7426,2020-05-29T02:00:00+10:00,-33.765278,151.117806,pm10,µg/m³,11.1
7426,21608,Macquarie Park-7426,2020-05-29T03:00:00+10:00,-33.765278,151.117806,pm10,µg/m³,8.5
7426,21608,Macquarie Park-7426,2020-05-29T04:00:00+10:00,-33.765278,151.117806,pm10,µg/m³,11.8
7426,21608,Macquarie Park-7426,2020-05-29T06:00:00+10:00,-33.765278,151.117806,pm10,µg/m³,10.9
7426,21608,Macquarie Park-7426,2020-05-29T09:00:00+10:00,-33.765278,151.117806,pm10,µg/m³,30.6
7426,21608,Macquarie Park-7426,2020-05-29T11:00:00+10:00,-33.765278,151.117806,pm10,µg/m³,7.5
7426,21608,Macquarie Park-7426,2020-05-29T12:00:00+10:00,-33.765278,151.117806,pm10,µg/m³,21.4
7426,21608,Macquarie Park-7426,2020-05-29T13:00:00+10:00,-33.765278,151.117806,pm10,µg/m³,25.1
7426,21608,Macquarie Park-7426,2020-05-29T14:00:00+10:00,-33.765278,151.117806,pm10,µg/m³,12.1
7426,21608,Macquarie Park-7426,2020-05-29T15:00:00+10:00,-33.765278,151.117806,pm10,µg/m³,10.4
7426,21608,Macquarie Park-7426,2020-05-29T16:00:00+10:00,-33.765278,151.117806,pm10,µg/m³,13.2
7426,21608,Macquarie Park-7426,2020-05-29T17:00:00+10:00,-33.765278,151.117806,pm10,µg/m³,12.8
7426,21608,Macquarie Park-7426,2020-05-29T18:00:00+10:00,-33.765278,151.117806,pm10,µg/m³,7.4
7426,21608,Macquarie Park-7426,2020-05-29T19:00:00+10:00,-33.765278,151.117806,pm10,µg/m³,5.5
7426,21608,Macquarie Park-7426,2020-05-29T20:00:00+10:00,-33.765278,151.117806,pm10,µg/m³,16.2
7426,21608,Macquarie Park-7426,2020-05-29T21:00:00+10:00,-33.765278,151.117806,pm10,µg/m³,15.8
7426,21608,Macquarie Park-7426,2020-05-29T23:00:00+10:00,-33.765278,151.117806,pm10,µg/m³,18.4
7426,21609,Macquarie Park-7426,2020-05-29T01:00:00+10:00,-33.765278,151.117806,pm25,µg/m³,15.4
7426,21609,Macquarie Park-7426,2020-05-29T02:00:00+10:00,-33.765278,151.117806,pm25,µg/m³,15.6
7426,21609,Macquarie Park-7426,2020-05-29T03:00:00+10:00,-33.765278,151.117806,pm25,µg/m³,13.1
7426,21609,Macquarie Park-7426,2020-05-29T04:00:00+10:00,-33.765278,151.117806,pm25,µg/m³,9.4
7426,21609,Macquarie Park-7426,2020-05-29T06:00:00+10:00,-33.765278,151.117806,pm25,µg/m³,8.4
7426,21609,Macquarie Park-7426,2020-05-29T09:00:00+10:00,-33.765278,151.117806,pm25,µg/m³,5.8
7426,21609,Macquarie Park-7426,2020-05-29T11:00:00+10:00,-33.765278,151.117806,pm25,µg/m³,5.8
7426,21609,Macquarie Park-7426,2020-05-29T12:00:00+10:00,-33.765278,151.117806,pm25,µg/m³,4.0
7426,21609,Macquarie Park-7426,2020-05-29T13:00:00+10:00,-33.765278,151.117806,pm25,µg/m³,4.6
7426,21609,Macquarie Park-7426,2020-05-29T14:00:00+10:00,-33.765278,151.117806,pm25,µg/m³,6.4
7426,21609,Macquarie Park-7426,2020-05-29T15:00:00+10:00,-33.765278,151.117806,pm25,µg/m³,3.7
7426,21609,Macquarie Park-7426,2020-05-29T16:00:00+10:00,-33.765278,151.117806,pm25,µg/m³,3.6
7426,21609,Macquarie Park-7426,2020-05-29T17:00:00+10:00,-33.765278,151.117806,pm25,µg/m³,6.4
7426,21609,Macquarie Park-7426,2020-05-29T18:00:00+10:00,-33.765278,151.117806,pm25,µg/m³,2.4
7426,21609,Macquarie Park-7426,2020-05-29T19:00:00+10:00,-33.765278,151.117806,pm25,µg/m³,9.9
7426,21609,Macquarie Park-7426,2020-05-29T20:00:00+10:00,-33.765278,151.117806,pm25,µg/m³,11.8
7426,21609,Macquarie Park-7426,2020-05-29T21:00:00+10:00,-33.765278,151.117806,pm25,µg/m³,20.6
7426,21609,Macquarie Park-7426,2020-05-29T23:00:00+10:00,-33.765278,151.117806,pm25,µg/m³,19.2
7426,25234,Macquarie Park-7426,2020-05-29T01:00:00+10:00,-33.765278,151.117806,no2,ppm,0.005
7426,25234,Macquarie Park-7426,2020-05-29T03:00:00+10:00,-33.765278,151.117806,no2,ppm,0.005
7426,25234,Macquarie Park-7426,2020-05-29T04:00:00+10:00,-33.765278,151.117806,no2,ppm,0.005
7426,25234,Macquarie Park-7426,2020-05-29T06:00:00+10:00,-33.765278,151.117806,no2,ppm,0.006
7426,25234,Macquarie Park-7426,2020-05-29T09:00:00+10:00,-33.765278,151.117806,no2,ppm,0.014
7426,25234,Macquarie Park-7426,2020-05-29T11:00:00+10:00,-33.765278,151.117806,no2,ppm,0.017
7426,25234,Macquarie Park-7426,2020-05-29T12:00:00+10:00,-33.765278,151.117806,no2,ppm,0.018
7426,25234,Macquarie Park-7426,2020-05-29T13:00:00+10:00,-33.765278,151.117806,no2,ppm,0.017
7426,25234,Macquarie Park-7426,2020-05-29T14:00:00+10:00,-33.765278,151.117806,no2,ppm,0.011
7426,25234,Macquarie Park-7426,2020-05-29T15:00:00+10:00,-33.765278,151.117806,no2,ppm,0.005
7426,25234,Macquarie Park-7426,2020-05-29T16:00:00+10:00,-33.765278,151.117806,no2,ppm,0.007
7426,25234,Macquarie Park-7426,2020-05-29T17:00:00+10:00,-33.765278,151.117806,no2,ppm,0.009
7426,25234,Macquarie Park-7426,2020-05-29T18:00:00+10:00,-33.765278,151.117806,no2,ppm,0.014
7426,25234,Macquarie Park-7426,2020-05-29T19:00:00+10:00,-33.765278,151.117806,no2,ppm,0.01
7426,25234,Macquarie Park-7426,2020-05-29T20:00:00+10:00,-33.765278,151.117806,no2,ppm,0.009
7426,25234,Macquarie Park-7426,2020-05-29T21:00:00+10:00,-33.765278,151.117806,no2,ppm,0.007
7426,25234,Macquarie Park-7426,2020-05-29T23:00:00+10:00,-33.765278,151.117806,no2,ppm,0.006
7426,28467,Macquarie Park-7426,2020-05-29T01:00:00+10:00,-33.765278,151.117806,co,ppm,0.5
7426,28467,Macquarie Park-7426,2020-05-29T02:00:00+10:00,-33.765278,151.117806,co,ppm,0.5
7426,28467,Macquarie Park-7426,2020-05-29T03:00:00+10:00,-33.765278,151.117806,co,ppm,0.5
7426,28467,Macquarie Park-7426,2020-05-29T04:00:00+10:00,-33.765278,151.117806,co,ppm,0.5
7426,28467,Macquarie Park-7426,2020-05-29T06:00:00+10:00,-33.765278,151.117806,co,ppm,0.4
7426,28467,Macquarie Park-7426,2020-05-29T09:00:00+10:00,-33.765278,151.117806,co,ppm,0.3
7426,28467,Macquarie Park-7426,2020-05-29T11:00:00+10:00,-33.765278,151.117806,co,ppm,0.3
7426,28467,Macquarie Park-7426,2020-05-29T12:00:00+10:00,-33.765278,151.117806,co,ppm,0.3
7426,28467,Macquarie Park-7426,2020-05-29T13:00:00+10:00,-33.765278,151.117806,co,ppm,0.3
7426,28467,Macquarie Park-7426,2020-05-29T14:00:00+10:00,-33.765278,151.117806,co,ppm,0.3
7426,28467,Macquarie Park-7426,2020-05-29T15:00:00+10:00,-33.765278,151.117806,co,ppm,0.3
7426,28467,Macquarie Park-7426,2020-05-29T16:00:00+10:00,-33.765278,151.117806,co,ppm,0.3
7426,28467,Macquarie Park-7426,2020-05-29T17:00:00+10:00,-33.765278,151.117806,co,ppm,0.3
7426,28467,Macquarie Park-7426,2020-05-29T18:00:00+10:00,-33.765278,151.117806,co,ppm,0.3
7426,28467,Macquarie Park-7426,2020-05-29T19:00:00+10:00,-33.765278,151.117806,co,ppm,0.3
7426,28467,Macquarie Park-7426,2020-05-29T20:00:00+10:00,-33.765278,151.117806,co,ppm,0.4
7426,28467,Macquarie Park-7426,2020-05-29T21:00:00+10:00,-33.765278,151.117806,co,ppm,0.4
7426,28467,Macquarie Park-7426,2020-05-29T23:00:00+10:00,-33.765278,151.117806,co,ppm,0.5
7426,25237,Macquarie Park-7426,2020-05-29T01:00:00+10:00,-33.765278,151.117806,so2,ppm,0.0
7426,25237,Macquarie Park-7426,2020-05-29T03:00:00+10:00,-33.765278,151.117806,so2,ppm,0.0
7426,25237,Macquarie Park-7426,2020-05-29T04:00:00+10:00,-33.765278,151.117806,so2,ppm,0.0
7426,25237,Macquarie Park-7426,2020-05-29T06:00:00+10:00,-33.765278,151.117806,so2,ppm,0.0
7426,25237,Macquarie Park-7426,2020-05-29T09:00:00+10:00,-33.765278,151.117806,so2,ppm,0.0
7426,25237,Macquarie Park-7426,2020-05-29T11:00:00+10:00,-33.765278,151.117806,so2,ppm,0.0
7426,25237,Macquarie Park-7426,2020-05-29T12:00:00+10:00,-33.765278,151.117806,so2,ppm,0.0
7426,25237,Macquarie Park-7426,2020-05-29T13:00:00+10:00,-33.765278,151.117806,so2,ppm,0.0
7426,25237,Macquarie Park-7426,2020-05-29T14:00:00+10:00,-33.765278,151.117806,so2,ppm,0.0
7426,25237,Macquarie Park-7426,2020-05-29T15:00:00+10:00,-33.765278,151.117806,so2,ppm,0.0
7426,25237,Macquarie Park-7426,2020-05-29T16:00:00+10:00,-33.765278,151.117806,so2,ppm,0.0
7426,25237,Macquarie Park-7426,2020-05-29T17:00:00+10:00,-33.765278,151.117806,so2,ppm,0.0
7426,25237,Macquarie Park-7426,2020-05-29T18:00:00+10:00,-33.765278,151.117806,so2,ppm,0.0
7426,25237,Macquarie Park-7426,2020-05-29T19:00:00+10:00,-33.765278,151.117806,so2,ppm,0.0
7426,25237,Macquarie Park-7426,2020-05-29T20:00:00+10:00,-33.765278,151.117806,so2,ppm,0.0
7426,25237,Macquarie Park-7426,2020-05-29T21:00:00+10:00,-33.765278,151.117806,so2,ppm,0.0
7426,25237,Macquarie Park-7426,2020-05-29T23:00:00+10:00,-33.765278,151.117806,so2,ppm,0.0
7426,25235,Macquarie Park-7426,2020-05-29T01:00:00+10:00,-33.765278,151.117806,o3,ppm,0.0
7426,25235,Macquarie Park-7426,2020-05-29T02:00:00+10:00,-33.765278,151.117806,o3,ppm,0.0
7426,25235,Macquarie Park-7426,2020-05-29T03:00:00+10:00,-33.765278,151.117806,o3,ppm,0.0
7426,25235,Macquarie Park-7426,2020-05-29T04:00:00+10:00,-33.765278,151.117806,o3,ppm,0.001
7426,25235,Macquarie Park-7426,2020-05-29T06:00:00+10:00,-33.765278,151.117806,o3,ppm,0.001
7426,25235,Macquarie Park-7426,2020-05-29T09:00:00+10:00,-33.765278,151.117806,o3,ppm,0.002
7426,25235,Macquarie Park-7426,2020-05-29T11:00:00+10:00,-33.765278,151.117806,o3,ppm,0.004
7426,25235,Macquarie Park-7426,2020-05-29T12:00:00+10:00,-33.765278,151.117806,o3,ppm,0.003
7426,25235,Macquarie Park-7426,2020-05-29T13:00:00+10:00,-33.765278,151.117806,o3,ppm,0.004
7426,25235,Macquarie Park-7426,2020-05-29T14:00:00+10:00,-33.765278,151.117806,o3,ppm,0.012
7426,25235,Macquarie Park-7426,2020-05-29T15:00:00+10:00,-33.765278,151.117806,o3,ppm,0.014
7426,25235,Macquarie Park-7426,2020-05-29T16:00:00+10:00,-33.765278,151.117806,o3,ppm,0.009
7426,25235,Macquarie Park-7426,2020-05-29T17:00:00+10:00,-33.765278,151.117806,o3,ppm,0.003
7426,25235,Macquarie Park-7426,2020-05-29T18:00:00+10:00,-33.765278,151.117806,o3,ppm,0.0
7426,25235,Macquarie Park-7426,2020-05-29T19:00:00+10:00,-33.765278,151.117806,o3,ppm,0.0
7426,25235,Macquarie Park-7426,2020-05-29T20:00:00+10:00,-33.765278,151.117806,o3,ppm,0.0
7426,25235,Macquarie Park-7426,2020-05-29T21:00:00+10:00,-33.765278,151.117806,o3,ppm,0.0
7426,25235,Macquarie Park-7426,2020-05-29T23:00:00+10:00,-33.765278,151.117806,o3,ppm,0.0
7426,21608,Macquarie Park-7426,2020-05-31T12:00:00+10:00,-33.765278,151.117806,pm10,µg/m³,11.0
7426,21608,Macquarie Park-7426,2020-05-31T14:00:00+10:00,-33.765278,151.117806,pm10,µg/m³,0.0
7426,21608,Macquarie Park-7426,2020-05-31T15:00:00+10:00,-33.765278,151.117806,pm10,µg/m³,1.6
7426,21608,Macquarie Park-7426,2020-05-31T16:00:00+10:00,-33.765278,151.117806,pm10,µg/m³,4.6
7426,21608,Macquarie Park-7426,2020-05-31T17:00:00+10:00,-33.765278,151.117806,pm10,µg/m³,16.1
7426,21608,Macquarie Park-7426,2020-05-31T18:00:00+10:00,-33.765278,151.117806,pm10,µg/m³,20.0
7426,21608,Macquarie Park-7426,2020-05-31T19:00:00+10:00,-33.765278,151.117806,pm10,µg/m³,16.2
7426,21608,Macquarie Park-7426,2020-05-31T20:00:00+10:00,-33.765278,151.117806,pm10,µg/m³,13.8
7426,21608,Macquarie Park-7426,2020-05-31T21:00:00+10:00,-33.765278,151.117806,pm10,µg/m³,11.3
7426,21608,Macquarie Park-7426,2020-05-31T22:00:00+10:00,-33.765278,151.117806,pm10,µg/m³,13.8
7426,21608,Macquarie Park-7426,2020-05-31T23:00:00+10:00,-33.765278,151.117806,pm10,µg/m³,14.3
7426,21609,Macquarie Park-7426,2020-05-31T12:00:00+10:00,-33.765278,151.117806,pm25,µg/m³,8.7
7426,21609,Macquarie Park-7426,2020-05-31T14:00:00+10:00,-33.765278,151.117806,pm25,µg/m³,1.4
7426,21609,Macquarie Park-7426,2020-05-31T15:00:00+10:00,-33.765278,151.117806,pm25,µg/m³,1.1
7426,21609,Macquarie Park-7426,2020-05-31T16:00:00+10:00,-33.765278,151.117806,pm25,µg/m³,4.8
7426,21609,Macquarie Park-7426,2020-05-31T17:00:00+10:00,-33.765278,151.117806,pm25,µg/m³,6.5
7426,21609,Macquarie Park-7426,2020-05-31T18:00:00+10:00,-33.765278,151.117806,pm25,µg/m³,6.2
7426,21609,Macquarie Park-7426,2020-05-31T19:00:00+10:00,-33.765278,151.117806,pm25,µg/m³,10.4
7426,21609,Macquarie Park-7426,2020-05-31T20:00:00+10:00,-33.765278,151.117806,pm25,µg/m³,6.5
7426,21609,Macquarie Park-7426,2020-05-31T21:00:00+10:00,-33.765278,151.117806,pm25,µg/m³,8.9
7426,21609,Macquarie Park-7426,2020-05-31T22:00:00+10:00,-33.765278,151.117806,pm25,µg/m³,12.9
7426,21609,Macquarie Park-7426,2020-05-31T23:00:00+10:00,-33.765278,151.117806,pm25,µg/m³,13.7
7426,25234,Macquarie Park-7426,2020-05-31T12:00:00+10:00,-33.765278,151.117806,no2,ppm,0.006
7426,25234,Macquarie Park-7426,2020-05-31T14:00:00+10:00,-33.765278,151.117806,no2,ppm,0.001
7426,25234,Macquarie Park-7426,2020-05-31T15:00:00+10:00,-33.765278,151.117806,no2,ppm,0.0
7426,25234,Macquarie Park-7426,2020-05-31T16:00:00+10:00,-33.765278,151.117806,no2,ppm,0.001
7426,25234,Macquarie Park-7426,2020-05-31T17:00:00+10:00,-33.765278,151.117806,no2,ppm,0.002
7426,25234,Macquarie Park-7426,2020-05-31T18:00:00+10:00,-33.765278,151.117806,no2,ppm,0.004
7426,25234,Macquarie Park-7426,2020-05-31T19:00:00+10:00,-33.765278,151.117806,no2,ppm,0.006
7426,25234,Macquarie Park-7426,2020-05-31T20:00:00+10:00,-33.765278,151.117806,no2,ppm,0.007
7426,25234,Macquarie Park-7426,2020-05-31T21:00:00+10:00,-33.765278,151.117806,no2,ppm,0.008
7426,25234,Macquarie Park-7426,2020-05-31T22:00:00+10:00,-33.765278,151.117806,no2,ppm,0.006
7426,25234,Macquarie Park-7426,2020-05-31T23:00:00+10:00,-33.765278,151.117806,no2,ppm,0.006
7426,28467,Macquarie Park-7426,2020-05-31T12:00:00+10:00,-33.765278,151.117806,co,ppm,0.4
7426,28467,Macquarie Park-7426,2020-05-31T14:00:00+10:00,-33.765278,151.117806,co,ppm,0.2
7426,28467,Macquarie Park-7426,2020-05-31T15:00:00+10:00,-33.765278,151.117806,co,ppm,0.2
7426,28467,Macquarie Park-7426,2020-05-31T16:00:00+10:00,-33.765278,151.117806,co,ppm,0.2
7426,28467,Macquarie Park-7426,2020-05-31T17:00:00+10:00,-33.765278,151.117806,co,ppm,0.2
7426,28467,Macquarie Park-7426,2020-05-31T18:00:00+10:00,-33.765278,151.117806,co,ppm,0.2
7426,28467,Macquarie Park-7426,2020-05-31T19:00:00+10:00,-33.765278,151.117806,co,ppm,0.2
7426,28467,Macquarie Park-7426,2020-05-31T20:00:00+10:00,-33.765278,151.117806,co,ppm,0.2
7426,28467,Macquarie Park-7426,2020-05-31T21:00:00+10:00,-33.765278,151.117806,co,ppm,0.3
7426,28467,Macquarie Park-7426,2020-05-31T22:00:00+10:00,-33.765278,151.117806,co,ppm,0.3
7426,28467,Macquarie Park-7426,2020-05-31T23:00:00+10:00,-33.765278,151.117806,co,ppm,0.3
7426,25237,Macquarie Park-7426,2020-05-31T12:00:00+10:00,-33.765278,151.117806,so2,ppm,0.0
7426,25237,Macquarie Park-7426,2020-05-31T14:00:00+10:00,-33.765278,151.117806,so2,ppm,0.0
7426,25237,Macquarie Park-7426,2020-05-31T15:00:00+10:00,-33.765278,151.117806,so2,ppm,0.0
7426,25237,Macquarie Park-7426,2020-05-31T16:00:00+10:00,-33.765278,151.117806,so2,ppm,0.0
7426,25237,Macquarie Park-7426,2020-05-31T17:00:00+10:00,-33.765278,151.117806,so2,ppm,0.0
7426,25237,Macquarie Park-7426,2020-05-31T18:00:00+10:00,-33.765278,151.117806,so2,ppm,0.0
7426,25237,Macquarie Park-7426,2020-05-31T19:00:00+10:00,-33.765278,151.117806,so2,ppm,0.0
7426,25237,Macquarie Park-7426,2020-05-31T20:00:00+10:00,-33.765278,151.117806,so2,ppm,0.0
7426,25237,Macquarie Park-7426,2020-05-31T21:00:00+10:00,-33.765278,151.117806,so2,ppm,0.0
7426,25237,Macquarie Park-7426,2020-05-31T22:00:00+10:00,-33.765278,151.117806,so2,ppm,0.0
7426,25237,Macquarie Park-7426,2020-05-31T23:00:00+10:00,-33.765278,151.117806,so2,ppm,0.0
7426,25235,Macquarie Park-7426,2020-05-31T12:00:00+10:00,-33.765278,151.117806,o3,ppm,0.003
7426,25235,Macquarie Park-7426,2020-05-31T14:00:00+10:00,-33.765278,151.117806,o3,ppm,0.022
7426,25235,Macquarie Park-7426,2020-05-31T15:00:00+10:00,-33.765278,151.117806,o3,ppm,0.024
7426,25235,Macquarie Park-7426,2020-05-31T16:00:00+10:00,-33.765278,151.117806,o3,ppm,0.024
7426,25235,Macquarie Park-7426,2020-05-31T17:00:00+10:00,-33.765278,151.117806,o3,ppm,0.019
7426,25235,Macquarie Park-7426,2020-05-31T18:00:00+10:00,-33.765278,151.117806,o3,ppm,0.008
7426,25235,Macquarie Park-7426,2020-05-31T19:00:00+10:00,-33.765278,151.117806,o3,ppm,0.007
7426,25235,Macquarie Park-7426,2020-05-31T20:00:00+10:00,-33.765278,151.117806,o3,ppm,0.007
7426,25235,Macquarie Park-7426,2020-05-31T21:00:00+10:00,-33.765278,151.117806,o3,ppm,0.001
7426,25235,Macquarie Park-7426,2020-05-31T22:00:00+10:00,-33.765278,151.117806,o3,ppm,0.001
7426,25235,Macquarie Park-7426,2020-05-31T23:00:00+10:00,-33.765278,151.117806,o3,ppm,0.002
